{"config": {"DATASET": "fmnist", "CLIENT_FRAC": 0.2, "POISON_FRAC": 0.4, "CREATE_DATASET": false, "CLASS_RATIO": 10, "MODEL": "basic_cnn0", "LEARNING_RATE": 0.001, "BATCH_SIZE": 32, "LOCAL_EPOCHS": 3, "OPTIMIZER": "adam", "FED_ROUNDS": 60, "TEST_EVERY": 1, "RANDOM": true, "COS_DEFENCE": true, "SEL_METHOD": 1, "COLLAB_MODE": true, "COLLAB_ALL": false, "CONSIDER_LAYERS": "l1", "GRAD_AGG": true, "FEATURE_FINDING_ALGO": "auror_plus", "GRAD_COLLECTION_START": 0, "GRAD_COLLECT_FOR": -1, "CLUSTER_SEP": 2.0, "ALPHA": 0.5, "BETA": 0.5, "GAMMA": 0.5, "TRUST_INC": 2, "TRUST_CUT_METHOD": 0, "HONEST_PARDON_FACTOR": 0.8, "LOG_LEVEL": "INFO", "JSON_RESULTS": true}, "mean_poison_class_acc": 45.45799999999999, "mean_attack_srate": 10.159999999999998, "total_accuracies": [19.79, 30.37, 44.4, 46.43, 48.3, 52.31, 60.71, 57.8, 60.55, 60.17, 54.02, 65.36, 68.0, 68.94, 71.67, 71.74, 72.55, 73.26, 73.69, 76.73, 74.98, 74.83, 77.02, 75.27, 76.3, 79.67, 77.1, 75.64, 78.54, 78.36, 77.96, 80.4, 77.91, 81.58, 82.29, 82.26, 82.3, 82.43, 82.34, 81.79, 82.69, 83.08, 84.05, 84.45, 84.19, 84.64, 84.68, 84.7, 85.31, 85.04, 85.45, 85.08, 85.22, 85.52, 85.88, 85.92, 86.02, 86.02, 86.25, 86.06], "class_accuracies": [[98.1, 0.0, 0.0, 0.0, 0.0, 0.0, 0.0, 0.0, 0.0, 99.8], [85.7, 64.4, 0.0, 0.0, 0.0, 53.8, 0.0, 0.0, 0.0, 99.8], [67.8, 91.4, 0.0, 62.8, 46.1, 78.8, 0.0, 0.0, 0.0, 97.1], [68.6, 70.7, 0.0, 82.1, 63.3, 84.5, 0.0, 0.0, 0.1, 95.0], [54.3, 49.5, 0.0, 94.0, 64.8, 25.8, 0.1, 79.2, 17.2, 98.1], [71.3, 94.1, 0.0, 14.2, 81.0, 79.2, 0.7, 35.1, 51.7, 95.8], [70.4, 94.5, 0.0, 47.5, 80.5, 59.2, 4.7, 75.6, 78.1, 96.6], [56.8, 95.5, 0.0, 16.2, 85.7, 65.3, 6.6, 80.1, 77.8, 94.0], [73.9, 95.8, 0.1, 23.1, 81.3, 73.5, 8.3, 75.7, 81.0, 92.8], [67.9, 96.2, 0.0, 12.7, 45.1, 62.6, 56.7, 81.6, 84.3, 94.6], [39.2, 94.5, 0.1, 50.1, 56.8, 18.4, 37.3, 85.9, 61.7, 96.2], [71.7, 90.7, 0.0, 65.0, 69.8, 50.9, 35.6, 88.4, 88.5, 93.0], [73.8, 75.3, 0.0, 88.7, 72.7, 70.1, 31.9, 82.4, 90.1, 95.0], [76.3, 92.9, 0.1, 75.1, 82.3, 71.2, 19.5, 88.8, 90.4, 92.8], [76.3, 92.8, 0.0, 77.3, 63.7, 82.8, 53.2, 86.9, 91.0, 92.7], [79.8, 93.2, 0.0, 84.7, 82.1, 88.4, 20.6, 82.3, 92.3, 94.0], [76.2, 93.4, 0.0, 83.3, 78.5, 80.4, 38.9, 90.0, 91.5, 93.3], [77.4, 94.4, 0.0, 84.2, 67.3, 85.0, 48.7, 88.2, 93.1, 94.3], [76.6, 93.3, 0.0, 88.2, 77.9, 90.4, 37.3, 86.9, 92.9, 93.4], [78.5, 93.9, 36.9, 83.4, 81.5, 90.4, 28.0, 86.1, 93.9, 94.7], [78.2, 94.2, 8.2, 87.8, 78.5, 89.6, 36.6, 88.8, 94.4, 93.5], [77.9, 94.7, 0.0, 83.1, 77.5, 90.8, 50.5, 87.3, 91.9, 94.6], [81.6, 94.9, 33.3, 88.2, 82.5, 89.3, 23.6, 86.7, 94.2, 95.9], [80.5, 94.8, 2.0, 87.9, 81.2, 92.3, 38.5, 87.1, 93.5, 94.9], [79.3, 94.6, 19.9, 88.1, 86.6, 90.5, 25.1, 88.2, 95.4, 95.3], [79.5, 95.3, 56.9, 87.9, 74.2, 91.6, 33.5, 89.0, 94.3, 94.5], [83.7, 95.2, 14.6, 87.3, 80.6, 92.1, 39.0, 88.2, 94.9, 95.4], [84.4, 95.0, 0.0, 85.3, 77.7, 93.6, 42.8, 86.0, 94.6, 97.0], [79.8, 95.5, 26.1, 89.5, 82.1, 94.9, 38.9, 89.6, 94.5, 94.5], [85.7, 95.3, 22.1, 87.5, 83.4, 94.9, 35.9, 86.4, 95.8, 96.6], [79.8, 95.2, 9.9, 87.7, 77.2, 93.9, 54.5, 88.9, 96.2, 96.3], [80.7, 95.4, 38.5, 86.6, 79.2, 94.7, 49.6, 87.7, 94.9, 96.7], [83.4, 95.5, 18.2, 87.9, 87.2, 93.8, 31.6, 88.2, 96.2, 97.1], [84.5, 95.6, 77.0, 87.2, 73.8, 94.0, 22.0, 89.0, 95.8, 96.9], [79.6, 95.6, 63.3, 88.5, 79.9, 94.1, 40.2, 89.0, 95.7, 97.0], [85.5, 95.5, 65.1, 86.0, 87.4, 94.4, 26.0, 89.1, 96.4, 97.2], [85.3, 95.6, 54.4, 88.6, 77.9, 93.7, 44.2, 91.8, 95.2, 96.3], [83.7, 96.3, 78.0, 88.3, 76.1, 94.0, 23.5, 92.0, 96.5, 95.9], [79.8, 96.0, 58.9, 85.3, 90.7, 94.1, 36.1, 89.0, 96.1, 97.4], [83.9, 96.0, 86.4, 87.1, 63.4, 94.4, 22.8, 91.5, 96.4, 96.0], [78.4, 96.0, 50.9, 87.4, 86.7, 93.8, 49.0, 91.6, 96.4, 96.7], [82.0, 95.8, 64.4, 85.1, 90.4, 96.5, 33.9, 89.8, 96.2, 96.7], [79.6, 96.1, 66.3, 87.3, 78.5, 94.1, 52.9, 94.1, 96.2, 95.4], [81.3, 96.6, 73.4, 86.1, 81.4, 94.7, 46.2, 91.6, 96.9, 96.3], [83.4, 96.6, 65.2, 86.3, 84.7, 95.9, 46.7, 89.4, 96.7, 97.0], [85.7, 96.7, 78.5, 84.6, 81.9, 95.3, 39.7, 91.6, 96.3, 96.1], [79.9, 96.5, 66.9, 85.6, 82.9, 94.6, 56.4, 91.6, 95.9, 96.5], [86.1, 96.6, 82.9, 87.8, 74.5, 95.9, 39.8, 91.3, 96.1, 96.0], [82.3, 96.1, 72.6, 88.0, 82.1, 94.2, 51.3, 93.8, 96.8, 95.9], [82.7, 96.2, 83.3, 87.0, 77.3, 94.2, 43.0, 94.5, 96.8, 95.4], [83.6, 96.4, 75.8, 88.4, 76.9, 95.6, 53.7, 91.6, 96.4, 96.1], [84.2, 96.6, 87.0, 86.0, 73.1, 95.1, 43.6, 92.6, 96.8, 95.8], [84.7, 96.4, 70.9, 87.5, 88.5, 95.5, 44.3, 91.2, 96.9, 96.3], [82.6, 96.8, 74.0, 88.2, 78.3, 95.6, 56.5, 90.0, 96.4, 96.8], [84.0, 96.8, 80.4, 86.8, 84.6, 94.7, 45.7, 92.8, 96.7, 96.3], [79.2, 96.3, 84.6, 88.1, 77.3, 96.5, 51.8, 92.6, 97.1, 95.7], [81.0, 96.0, 83.2, 86.9, 82.7, 95.8, 50.2, 91.3, 96.4, 96.7], [76.0, 96.7, 81.0, 89.0, 77.0, 95.6, 60.0, 91.7, 96.5, 96.7], [78.1, 97.0, 76.0, 88.5, 82.2, 95.1, 57.9, 94.2, 97.6, 95.9], [76.4, 96.9, 85.7, 89.3, 71.4, 96.3, 57.6, 94.8, 97.1, 95.1]],