{"config": {"DATASET": "fmnist", "TOTAL_CLIENTS": 100, "CLIENT_FRAC": 0.2, "POISON_FRAC": 0.1, "CREATE_DATASET": false, "RANDOM_DATA": true, "CLASS_RATIO": 10, "MODEL": "basic_cnn0", "LEARNING_RATE": 0.001, "BATCH_SIZE": 32, "LOCAL_EPOCHS": 10, "OPTIMIZER": "adam", "FED_ROUNDS": 30, "TEST_EVERY": 1, "RANDOM_PROCESS": false, "COS_DEFENCE": false, "SEL_METHOD": 1, "REDUCE_LR": 1, "COLLAB_MODE": true, "COLLAB_ALL": true, "CONSIDER_LAYERS": "l1", "GRAD_AGG": true, "FEATURE_FINDING_ALGO": "auror", "GRAD_COLLECTION_START": 0, "GRAD_COLLECT_FOR": -1, "CLUSTER_SEP": 0.005, "ALPHA": 0.8, "BETA": 0.8, "GAMMA": 0.1, "TRUST_INC": 2, "TRUST_CUT_METHOD": 2, "HONEST_PARDON_FACTOR": 0.08, "TRUST_MODIFY_STRATEGY": 1, "LOG_LEVEL": "INFO", "JSON_RESULTS": true}, "mean_poison_class_acc": 70.31200000000001, "mean_attack_srate": 9.636000000000001, "total_accuracies": [37.94, 67.88, 75.47, 78.49, 79.82, 80.47, 81.19, 82.39, 83.52, 84.25, 82.92, 85.12, 85.83, 85.91, 85.88, 85.5, 86.25, 86.6, 86.89, 86.59, 87.23, 87.49, 87.51, 87.67, 87.78, 87.84, 87.97, 87.61, 88.02, 88.24], "class_accuracies": [[10.0, 71.9, 20.0, 81.4, 38.6, 98.5, 25.9, 1.8, 16.6, 14.7], [64.2, 93.6, 2.1, 83.1, 83.8, 62.6, 24.9, 94.1, 82.4, 88.0], [71.9, 95.0, 40.5, 79.8, 81.3, 79.9, 34.4, 94.4, 87.2, 90.3], [77.8, 93.5, 67.9, 84.0, 78.4, 93.6, 19.2, 85.2, 92.3, 93.0], [76.5, 94.4, 50.3, 86.4, 85.8, 90.2, 34.2, 92.6, 94.3, 93.5], [79.1, 95.2, 56.4, 84.4, 86.9, 89.7, 31.0, 92.9, 94.8, 94.3], [81.4, 95.9, 52.2, 88.3, 86.1, 94.8, 33.5, 90.7, 94.2, 94.8], [79.1, 95.0, 69.0, 84.9, 87.2, 93.9, 30.9, 93.8, 95.5, 94.6], [82.2, 95.8, 69.1, 86.4, 82.2, 94.1, 40.7, 92.5, 96.3, 95.9], [82.6, 95.5, 75.8, 88.1, 83.2, 93.4, 37.6, 94.7, 96.4, 95.2], [83.0, 96.4, 44.8, 87.0, 88.6, 94.0, 50.0, 93.4, 95.8, 96.2], [78.8, 96.1, 68.4, 89.3, 83.1, 95.8, 55.7, 91.9, 96.2, 95.9], [76.0, 96.5, 79.7, 86.9, 79.9, 95.8, 58.5, 94.5, 95.6, 94.9], [82.8, 96.3, 73.8, 88.9, 84.5, 94.8, 50.6, 95.3, 96.4, 95.7], [78.7, 96.4, 69.7, 88.0, 88.8, 95.1, 54.4, 94.7, 96.6, 96.4], [80.5, 96.5, 57.1, 89.7, 82.8, 95.5, 65.5, 95.7, 96.8, 94.9], [77.3, 96.2, 73.6, 89.9, 85.2, 95.3, 58.4, 93.4, 96.7, 96.5], [80.7, 96.5, 71.1, 88.4, 86.6, 95.5, 60.6, 93.8, 96.2, 96.6], [80.9, 97.0, 74.0, 86.8, 86.8, 96.0, 60.5, 93.1, 96.7, 97.1], [79.5, 97.0, 66.7, 89.2, 87.9, 95.3, 61.9, 95.2, 97.0, 96.2], [85.3, 96.8, 72.6, 88.4, 87.2, 95.7, 58.2, 94.3, 96.8, 97.0], [88.1, 97.1, 74.1, 88.5, 87.4, 96.7, 54.1, 95.6, 97.1, 96.2], [78.8, 97.1, 77.3, 86.9, 81.4, 95.7, 69.2, 96.4, 96.5, 95.8], [89.0, 96.8, 76.2, 89.9, 86.4, 96.3, 53.4, 96.0, 96.7, 96.0], [83.1, 97.0, 72.5, 90.4, 87.2, 95.9, 62.1, 95.2, 97.7, 96.7], [83.1, 97.0, 75.8, 89.2, 89.4, 97.6, 58.1, 94.4, 97.4, 96.4], [90.6, 96.8, 79.0, 88.7, 85.8, 96.1, 52.9, 97.5, 96.8, 95.5], [76.0, 96.8, 78.4, 89.1, 74.5, 96.6, 75.5, 95.5, 97.0, 96.7], [86.0, 97.3, 73.6, 90.5, 84.5, 95.9, 63.0, 95.2, 97.4, 96.8], [79.1, 96.6, 76.9, 90.4, 83.5, 96.8, 69.4, 96.4, 97.2, 96.1]], "class_f1scores": [[0.17953321364452424, 0.835075493612079, 0.24798512089274644, 0.5419440745672437, 0.46338535414165666, 0.365966932937024, 0.23904014766958928, 0.03536345776031434, 0.2847341337907376, 0.2563208369659982], [0.7093922651933702, 0.9154034229828851, 0.04019138755980862, 0.7096498719043552, 0.5624161073825503, 0.7304550758459744, 0.27272727272727265, 0.7998300042498937, 0.87940234791889, 0.8751864743908504], [0.7400926402470406, 0.9313725490196078, 0.5012376237623761, 0.7471910112359551, 0.661513425549227, 0.8600645855758882, 0.37209302325581395, 0.8531405332128333, 0.9126111983254841, 0.9139676113360323], [0.7416587225929456, 0.9531090723751275, 0.6366619784341304, 0.7905882352941176, 0.697508896797153, 0.9056603773584906, 0.26909600560616675, 0.8747433264887063, 0.9346835443037975, 0.9221616261774914], [0.7500000000000001, 0.9598373157092018, 0.6202219482120839, 0.8022284122562674, 0.6844834463502193, 0.9232343909928352, 0.4059347181008902, 0.9003403014098201, 0.943943943943944, 0.9275793650793651], [0.7562141491395794, 0.9621020717534108, 0.6497695852534561, 0.8166424770198354, 0.6872281534203243, 0.9261744966442953, 0.39490445859872614, 0.9006301502666021, 0.9475262368815592, 0.930898321816387], [0.7586206896551725, 0.9647887323943661, 0.6373626373626374, 0.8221601489757914, 0.7045826513911622, 0.9409429280397023, 0.4148606811145511, 0.9138539042821159, 0.9438877755511021, 0.9362962962962963], [0.773972602739726, 0.9654471544715447, 0.6934673366834171, 0.8282926829268293, 0.7153404429860541, 0.9513677811550152, 0.414765100671141, 0.9245933957614589, 0.9526184538653366, 0.9403578528827038], [0.7780407004259347, 0.9681657402728651, 0.7175493250259606, 0.8458149779735683, 0.7358997314234558, 0.9485887096774194, 0.49124924562462285, 0.9254627313656829, 0.9497041420118344, 0.9415807560137457], [0.781456953642384, 0.968068930562595, 0.7402343749999999, 0.849566055930569, 0.7519204699502936, 0.9550102249488754, 0.4829800899165061, 0.9307125307125308, 0.9577744659711872, 0.9439762022806146], [0.7904761904761904, 0.9732458354366482, 0.5981308411214953, 0.8521057786483839, 0.7139403706688154, 0.9567430025445293, 0.5310674455655869, 0.9298158287705327, 0.9584792396198099, 0.9426751592356688], [0.7887887887887889, 0.9711975745325921, 0.7434782608695653, 0.8537284894837476, 0.7648412333179935, 0.9570429570429569, 0.5869336143308747, 0.9268784669692386, 0.9586447433981066, 0.945759368836292], [0.7912545549193127, 0.9742554265522463, 0.7604961832061069, 0.8565795958600296, 0.7749757516973812, 0.9618473895582329, 0.6132075471698113, 0.9351806036615536, 0.9598393574297188, 0.9499499499499499], [0.7953890489913545, 0.9732187973724103, 0.7635799275737195, 0.8585224529212941, 0.7762976573265963, 0.9624365482233502, 0.5822784810126583, 0.9393790044356826, 0.9592039800995025, 0.9517652909000498], [0.7997967479674797, 0.974721941354904, 0.7535135135135135, 0.8627450980392156, 0.7638709677419354, 0.9640141915864165, 0.5981308411214954, 0.9408842523596621, 0.9607160616608652, 0.9530400395452299], [0.801792828685259, 0.9747474747474748, 0.6954933008526186, 0.8708737864077669, 0.7691593125870878, 0.9656218402426693, 0.6185080264400379, 0.9373163565132222, 0.9569945625308948, 0.9509018036072143], [0.7969072164948454, 0.9741772151898734, 0.7780126849894292, 0.8648388648388649, 0.7805771873568484, 0.9631126831733198, 0.6157090142329995, 0.9344672336168084, 0.9569520039584364, 0.9484029484029484], [0.8041853512705531, 0.9737638748738648, 0.7707317073170731, 0.8683693516699411, 0.7826479891549932, 0.968068930562595, 0.637223974763407, 0.9365951073389914, 0.9600798403193613, 0.9493857493857494], [0.8102153229844767, 0.9763462506290891, 0.7805907172995782, 0.8723618090452261, 0.7841011743450768, 0.9667673716012085, 0.6375131717597471, 0.9380352644836272, 0.9631474103585658, 0.95242766061795], [0.8066971080669711, 0.9753645047762696, 0.754524886877828, 0.8672824501701508, 0.7792553191489361, 0.9660415610745057, 0.6417833074131675, 0.9411764705882352, 0.9627791563275433, 0.9529470034670628], [0.8205868205868205, 0.9787664307381194, 0.7814854682454252, 0.8791645947289907, 0.7848784878487849, 0.9681335356600911, 0.6336418072945018, 0.9406483790523691, 0.9660678642714571, 0.9561360275998028], [0.8210624417520971, 0.9753892516323456, 0.7862068965517242, 0.8827930174563591, 0.7884528642309426, 0.9723479135243841, 0.6247113163972288, 0.9470034670629024, 0.9647292598112269, 0.9605591612581128], [0.8132094943240454, 0.9783375314861461, 0.7969072164948454, 0.8755667506297229, 0.7929858743302484, 0.9705882352941176, 0.6593616007622678, 0.9460255152109912, 0.9679037111334001, 0.9599198396793587], [0.8206546795758414, 0.9777777777777779, 0.7937500000000001, 0.8831041257367386, 0.7944827586206896, 0.9717457114026236, 0.6223776223776224, 0.9472126295017266, 0.968937875751503, 0.96048024012006], [0.8219584569732937, 0.978315683308119, 0.7833603457590491, 0.8841075794621028, 0.7967108268615805, 0.9691763516927742, 0.6585365853658537, 0.9472636815920397, 0.9697270471464019, 