{"config": {"DATASET": "fmnist", "CLIENT_FRAC": 0.2, "POISON_FRAC": 0.6, "CREATE_DATASET": true, "CLASS_RATIO": 10, "MODEL": "basic_cnn0", "LEARNING_RATE": 0.001, "BATCH_SIZE": 32, "LOCAL_EPOCHS": 3, "OPTIMIZER": "adam", "FED_ROUNDS": 60, "TEST_EVERY": 1, "RANDOM": true, "COS_DEFENCE": true, "SEL_METHOD": 1, "COLLAB_MODE": true, "COLLAB_ALL": false, "CONSIDER_LAYERS": "l1", "GRAD_AGG": true, "FEATURE_FINDING_ALGO": "auror_plus", "GRAD_COLLECTION_START": 0, "GRAD_COLLECT_FOR": -1, "CLUSTER_SEP": 2.0, "ALPHA": 0.5, "BETA": 0.5, "GAMMA": 0.5, "TRUST_INC": 2, "TRUST_CUT_METHOD": 0, "HONEST_PARDON_FACTOR": 0.8, "LOG_LEVEL": "INFO", "JSON_RESULTS": true}, "mean_poison_class_acc": 7.331999999999999, "mean_attack_srate": 10.524000000000001, "total_accuracies": [17.18, 17.42, 38.77, 51.17, 52.65, 55.27, 65.14, 67.3, 69.04, 70.78, 71.4, 72.8, 73.05, 73.34, 73.72, 73.4, 73.67, 73.94, 74.17, 75.03, 74.89, 74.87, 74.13, 74.58, 75.32, 75.02, 74.61, 75.36, 75.82, 76.11, 76.61, 76.62, 76.96, 79.93, 75.74, 76.96, 77.49, 77.57, 77.27, 77.28, 78.8, 79.3, 79.18, 77.4, 78.75, 78.08, 78.59, 78.23, 78.17, 80.44, 77.79, 83.66, 78.9, 82.22, 82.86, 79.04, 81.81, 79.21, 82.41, 81.87], "class_accuracies": [[0.0, 0.0, 0.0, 0.0, 0.0, 76.8, 0.0, 0.0, 0.0, 95.0], [0.0, 4.0, 0.0, 54.2, 5.2, 10.8, 0.0, 0.0, 0.0, 100.0], [27.3, 50.9, 0.0, 77.2, 79.2, 53.7, 0.1, 0.9, 0.0, 98.4], [56.6, 88.4, 0.0, 75.8, 72.5, 25.5, 14.9, 82.0, 0.0, 96.0], [60.3, 90.5, 0.0, 79.8, 67.4, 45.0, 0.0, 74.9, 12.7, 95.9], [72.6, 91.2, 0.0, 74.7, 65.1, 28.7, 2.4, 92.1, 34.1, 91.8], [77.1, 91.1, 0.0, 82.1, 81.4, 63.0, 7.6, 84.2, 76.6, 88.3], [80.8, 94.4, 0.0, 70.8, 87.4, 59.2, 11.4, 89.2, 88.2, 91.6], [85.0, 93.1, 0.0, 77.0, 87.7, 70.4, 7.7, 87.5, 90.5, 91.5], [80.6, 94.2, 0.0, 79.2, 88.2, 84.0, 16.4, 85.1, 90.7, 89.4], [83.3, 94.9, 0.0, 80.0, 88.0, 78.2, 16.4, 87.3, 93.3, 92.6], [80.5, 94.0, 0.0, 78.8, 80.1, 78.4, 42.2, 88.1, 93.1, 92.8], [80.2, 94.5, 0.0, 82.4, 84.5, 80.8, 34.5, 89.2, 92.1, 92.3], [82.8, 94.8, 0.0, 82.7, 84.0, 82.9, 31.4, 87.0, 94.5, 93.3], [81.5, 95.6, 0.0, 83.3, 86.3, 87.9, 28.6, 86.6, 95.1, 92.3], [87.1, 95.4, 0.0, 80.3, 90.8, 84.7, 19.0, 86.5, 95.5, 94.7], [83.4, 95.8, 0.0, 85.5, 88.6, 86.0, 19.5, 89.6, 95.9, 92.4], [82.3, 95.8, 0.0, 85.7, 90.9, 90.4, 19.8, 84.7, 95.1, 94.7], [81.4, 95.7, 0.0, 87.5, 86.6, 91.0, 23.9, 84.8, 95.4, 95.4], [81.2, 95.8, 0.0, 86.1, 84.0, 90.2, 35.6, 86.9, 95.4, 95.1], [81.1, 95.5, 0.0, 85.7, 90.1, 91.6, 29.1, 87.7, 94.4, 93.7], [87.5, 95.7, 0.0, 86.3, 87.8, 91.3, 21.4, 87.2, 96.1, 95.4], [80.3, 96.2, 0.0, 80.0, 96.1, 92.1, 18.1, 86.8, 95.8, 95.9], [85.8, 95.4, 0.0, 87.9, 90.8, 92.6, 15.5, 86.2, 95.6, 96.0], [76.4, 95.7, 0.0, 85.1, 91.3, 93.3, 33.1, 86.7, 95.6, 96.0], [83.9, 95.3, 0.0, 88.5, 90.8, 93.1, 19.9, 86.7, 95.9, 96.1], [84.5, 95.8, 0.0, 86.9, 90.5, 92.9, 17.3, 86.6, 95.6, 96.0], [82.1, 95.8, 0.0, 88.5, 89.7, 94.3, 26.4, 84.3, 95.5, 97.0], [84.3, 95.9, 0.0, 89.5, 88.4, 94.1, 25.5, 89.2, 95.9, 95.4], [86.0, 96.3, 0.0, 87.3, 91.2, 94.5, 26.1, 89.5, 95.2, 95.0], [85.4, 96.2, 0.4, 87.8, 88.8, 93.7, 33.5, 87.8, 95.9, 96.6], [85.9, 96.0, 0.0, 88.2, 88.4, 93.6, 33.1, 88.5, 96.1, 96.4], [81.5, 95.6, 0.4, 90.0, 87.2, 93.5, 38.2, 92.4, 96.2, 94.6], [82.5, 95.9, 26.4, 84.3, 84.8, 94.6, 48.9, 92.2, 95.4, 94.3], [87.8, 95.6, 0.1, 85.6, 94.6, 94.4, 18.3, 87.8, 96.2, 97.0], [83.4, 95.9, 0.0, 89.2, 90.4, 93.6, 34.9, 89.9, 96.1, 96.2], [83.4, 96.0, 0.0, 86.5, 87.0, 95.0, 44.5, 90.2, 96.4, 95.9], [85.4, 95.9, 7.5, 85.8, 93.7, 94.8, 29.6, 91.1, 96.3, 95.6], [86.1, 96.0, 0.0, 89.6, 89.5, 94.0, 33.2, 92.4, 96.2, 95.7], [86.4, 96.0, 0.0, 83.5, 93.7, 93.8, 35.0, 92.7, 96.0, 95.7], [84.6, 96.0, 10.0, 87.6, 78.4, 94.4, 53.5, 91.5, 96.0, 96.0], [85.2, 96.3, 13.4, 86.5, 82.2, 94.6, 51.1, 92.3, 95.9, 95.5], [84.2, 95.9, 12.3, 88.5, 85.7, 94.3, 46.6, 92.5, 96.3, 95.5], [84.2, 95.5, 0.0, 91.2, 88.8, 93.7, 35.8, 92.0, 96.7, 96.1], [86.8, 95.8, 6.3, 87.8, 76.7, 95.4, 55.7, 90.8, 96.1, 96.1], [84.4, 95.9, 0.0, 89.8, 83.4, 94.7, 48.4, 92.4, 96.2, 95.6], [83.4, 96.2, 0.3, 88.5, 82.1, 95.5, 55.9, 91.2, 96.8, 96.0], [78.9, 95.9, 0.0, 91.1, 77.0, 94.3, 60.2, 93.7, 95.9, 95.3], [83.1, 95.8, 7.3, 87.7, 63.0, 94.8, 66.3, 92.2, 95.7, 95.8], [83.3, 96.3, 22.7, 87.0, 74.3, 94.9, 60.3, 94.2, 96.7, 94.7], [85.9, 96.2, 0.0, 87.4, 88.7, 95.0, 39.8, 92.6, 96.5, 95.8], [86.5, 96.2, 59.5, 87.4, 82.6, 94.3, 46.7, 91.0, 96.1, 96.3], [84.0, 96.5, 2.9, 87.5, 79.4, 95.2, 58.7, 93.1, 96.2, 95.5], [84.3, 96.4, 44.9, 88.8, 75.5, 94.6, 52.3, 93.2, 96.7, 95.5], [80.9, 96.3, 45.9, 86.6, 82.0, 95.1, 58.0, 91.3, 96.4, 96.1], [83.4, 96.1, 1.8, 89.0, 83.4, 95.1, 56.1, 92.9, 96.8, 95.8], [80.0, 96.1, 31.4, 90.5, 80.8, 94.8, 59.2, 92.9, 96.7, 95.7], [81.6, 96.8, 2.5, 90.1, 79.1, 95.1, 60.5, 94.2, 96.9, 95.3], [82.4, 96.6, 39.9, 90.0, 77.7, 95.1, 57.0, 92.9, 96.8, 95.7], [81.3, 96.9, 30.7, 89.9, 79.2, 95.0, 60.0, 94.6, 96.2, 94.9]],