{"config": {"DATASET": "fmnist", "CLIENT_FRAC": 0.2, "POISON_FRAC": 0.6, "CREATE_DATASET": false, "CLASS_RATIO": 10, "MODEL": "basic_cnn0", "LEARNING_RATE": 0.001, "BATCH_SIZE": 32, "LOCAL_EPOCHS": 3, "OPTIMIZER": "adam", "FED_ROUNDS": 60, "TEST_EVERY": 1, "RANDOM": true, "COS_DEFENCE": false, "SEL_METHOD": 1, "COLLAB_MODE": true, "COLLAB_ALL": false, "CONSIDER_LAYERS": "l1", "GRAD_AGG": true, "FEATURE_FINDING_ALGO": "auror_plus", "GRAD_COLLECTION_START": 0, "GRAD_COLLECT_FOR": -1, "CLUSTER_SEP": 2.0, "ALPHA": 0.5, "BETA": 0.5, "GAMMA": 0.5, "TRUST_INC": 2, "TRUST_CUT_METHOD": 0, "HONEST_PARDON_FACTOR": 0.8, "LOG_LEVEL": "DEBUG", "JSON_RESULTS": true}, "mean_poison_class_acc": 3.9419999999999997, "mean_attack_srate": 10.751999999999999, "total_accuracies": [21.33, 35.72, 45.9, 56.0, 62.14, 66.89, 69.85, 71.42, 72.13, 72.49, 72.95, 74.27, 73.84, 74.14, 74.12, 74.16, 75.0, 75.84, 76.19, 75.75, 77.45, 76.52, 76.38, 76.89, 76.17, 75.58, 76.98, 76.73, 77.81, 78.64, 77.85, 77.34, 78.19, 78.3, 78.07, 78.52, 78.36, 78.49, 78.33, 83.33, 78.81, 81.4, 79.15, 79.08, 81.11, 79.3, 79.1, 79.32, 80.19, 79.64, 79.55, 78.45, 80.42, 79.4, 79.29, 79.66, 79.85, 79.65, 79.73, 79.72], "class_accuracies": [[0.6, 32.6, 0.0, 0.0, 80.4, 99.7, 0.0, 0.0, 0.0, 0.0], [18.3, 96.7, 0.0, 0.0, 81.9, 61.3, 0.0, 0.6, 0.3, 98.1], [59.1, 95.0, 0.0, 39.4, 81.8, 87.6, 3.1, 1.1, 13.6, 78.3], [72.0, 96.0, 0.0, 21.7, 82.2, 46.5, 3.7, 85.0, 60.9, 92.0], [80.3, 96.1, 0.0, 40.4, 84.3, 47.5, 12.1, 90.9, 83.4, 86.4], [75.7, 93.1, 0.0, 86.3, 80.8, 48.1, 15.3, 90.3, 86.3, 93.0], [82.9, 95.1, 0.0, 74.4, 84.3, 72.2, 20.1, 88.2, 88.2, 93.1], [84.3, 95.8, 0.0, 77.5, 86.5, 89.3, 13.3, 82.1, 93.1, 92.3], [81.1, 96.0, 0.0, 83.1, 78.9, 93.7, 28.5, 75.9, 91.9, 92.2], [81.6, 96.0, 0.0, 81.3, 85.0, 81.7, 21.5, 89.9, 94.2, 93.7], [81.2, 95.9, 0.0, 81.8, 87.5, 90.3, 20.1, 84.6, 94.1, 94.0], [78.5, 95.9, 0.0, 82.7, 78.9, 89.2, 41.7, 88.1, 93.8, 93.9], [83.4, 95.1, 0.0, 86.9, 81.4, 89.5, 25.0, 90.8, 93.8, 92.5], [82.1, 95.8, 0.0, 83.3, 87.4, 90.9, 25.4, 87.0, 94.5, 95.0], [84.2, 96.0, 0.0, 85.1, 87.6, 91.6, 18.8, 88.1, 94.9, 94.9], [83.0, 96.5, 0.0, 85.7, 86.5, 94.2, 19.2, 88.2, 94.4, 93.9], [84.3, 96.9, 0.0, 84.4, 87.4, 92.0, 26.0, 90.0, 94.4, 94.6], [82.1, 96.2, 0.0, 85.8, 67.4, 93.1, 53.9, 91.4, 94.8, 93.7], [85.0, 96.6, 0.0, 84.5, 78.5, 93.6, 43.9, 91.7, 94.6, 93.5], [83.6, 95.8, 0.0, 87.8, 84.9, 93.8, 31.6, 90.3, 95.3, 94.4], [91.3, 96.0, 11.7, 82.0, 82.2, 94.0, 37.3, 92.1, 94.6, 93.3], [87.4, 95.8, 3.7, 85.7, 87.7, 95.0, 29.9, 91.8, 94.7, 93.5], [80.1, 96.0, 0.0, 87.5, 83.8, 94.9, 40.2, 91.8, 95.6, 93.9], [83.5, 96.0, 0.0, 90.6, 83.5, 95.2, 38.6, 90.5, 95.4, 95.6], [86.0, 96.4, 0.2, 86.0, 89.6, 95.2, 26.1, 92.1, 96.1, 94.0], [81.6, 94.9, 0.0, 89.6, 88.7, 94.6, 23.7, 94.2, 94.9, 93.6], [89.0, 96.6, 1.6, 84.8, 90.9, 94.9, 29.2, 92.9, 95.0, 94.9], [86.5, 96.5, 0.0, 87.8, 90.4, 94.2, 27.9, 93.7, 95.1, 95.2], [76.8, 96.0, 0.0, 85.4, 77.8, 95.1, 63.4, 93.4, 95.3, 94.9], [81.9, 95.5, 18.8, 90.9, 64.7, 95.9, 55.3, 93.8, 95.2, 94.4], [83.9, 96.6, 0.6, 86.4, 88.7, 95.8, 43.2, 91.0, 96.0, 96.3], [87.2, 95.7, 0.0, 89.9, 86.8, 95.2, 33.6, 93.7, 96.1, 95.2], [85.8, 95.3, 0.7, 89.3, 86.6, 95.6, 44.6, 94.5, 95.0, 94.5], [84.5, 96.4, 0.0, 88.3, 83.4, 96.2, 51.8, 90.5, 95.4, 96.5], [87.2, 97.0, 0.3, 87.3, 76.4, 96.1, 53.4, 92.4, 95.2, 95.4], [82.8, 95.8, 0.0, 89.1, 83.3, 95.6, 54.7, 94.8, 94.7, 94.4], [88.4, 96.3, 0.0, 88.2, 87.5, 94.9, 42.4, 94.9, 95.7, 95.3], [82.9, 96.4, 0.0, 87.9, 75.9, 94.9, 61.7, 94.5, 95.6, 95.1], [84.4, 96.1, 0.0, 88.6, 89.9, 94.4, 43.4, 93.4, 97.0, 96.1], [85.3, 96.1, 68.3, 85.0, 66.0, 95.1, 51.8, 94.0, 96.1, 95.6], [81.8, 95.7, 0.1, 89.7, 78.7, 95.6, 60.3, 95.0, 96.1, 95.1], [79.6, 96.1, 29.4, 86.9, 79.0, 95.2, 62.4, 94.8, 95.3, 95.3], [84.6, 96.6, 0.0, 90.1, 86.4, 96.3, 52.0, 94.7, 95.8, 95.0], [85.5, 96.2, 0.0, 89.3, 77.9, 95.5, 61.5, 93.3, 95.7, 95.9], [86.6, 95.5, 27.5, 89.2, 79.2, 95.6, 53.2, 93.1, 95.3, 95.9], [87.1, 96.4, 0.0, 89.2, 85.4, 95.1, 53.3, 96.6, 95.9, 94.0], [84.8, 96.3, 0.0, 90.2, 84.9, 95.9, 51.9, 94.9, 96.6, 95.5], [86.5, 95.9, 1.4, 88.9, 79.4, 94.4, 59.6, 96.2, 95.8, 95.1], [82.7, 96.2, 11.1, 85.7, 79.7, 95.3, 64.0, 96.2, 96.0, 95.0], [84.1, 96.9, 3.8, 87.7, 81.4, 94.9, 60.9, 94.4, 96.4, 95.9], [87.7, 95.8, 2.3, 91.4, 86.8, 95.7, 49.4, 95.6, 95.9, 94.9], [84.1, 96.4, 0.0, 89.1, 80.9, 95.8, 51.1, 95.1, 96.5, 95.5], [85.7, 97.2, 11.5, 87.9, 83.4, 95.1, 56.0, 95.8, 96.2, 95.4], [88.9, 96.6, 0.0, 87.2, 81.6, 96.7, 56.6, 95.2, 96.3, 94.9], [82.0, 96.5, 0.0, 90.1, 79.9, 96.4, 60.9, 95.9, 96.3, 94.9], [84.2, 96.8, 0.0, 89.4, 84.1, 95.9, 58.5, 96.4, 96.4, 94.9], [86.0, 96.9, 2.6, 86.4, 80.3, 96.8, 61.7, 95.8, 97.4, 94.6], [84.6, 97.2, 0.0, 88.5, 82.1, 95.8, 60.3, 96.5, 96.4, 95.1], [85.0, 97.0, 1.5, 87.9, 78.1, 96.7, 64.8, 95.6, 96.0, 94.7], [85.5, 96.4, 0.0, 91.1, 84.8, 96.7, 55.6, 94.8, 96.8, 95.5]],