{"config": {"DATASET": "mnist", "TOTAL_CLIENTS": 100, "CLIENT_FRAC": 0.1, "POISON_FRAC": 0.1, "CREATE_DATASET": true, "RANDOM_DATA": true, "CLASS_RATIO": 10, "MODEL": "nnet", "LEARNING_RATE": 0.001, "BATCH_SIZE": 32, "LOCAL_EPOCHS": 10, "OPTIMIZER": "adam", "FED_ROUNDS": 30, "TEST_EVERY": 1, "RANDOM_PROCESS": false, "COS_DEFENCE": false, "SEL_METHOD": 1, "REDUCE_LR": 1, "COLLAB_MODE": true, "COLLAB_ALL": true, "CONSIDER_LAYERS": "l1", "GRAD_AGG": true, "FEATURE_FINDING_ALGO": "auror", "GRAD_COLLECTION_START": 0, "GRAD_COLLECT_FOR": -1, "CLUSTER_SEP": 0.005, "ALPHA": 0.8, "BETA": 0.8, "GAMMA": 0.1, "TRUST_INC": 2, "TRUST_CUT_METHOD": 1, "HONEST_PARDON_FACTOR": 0.7, "LOG_LEVEL": "INFO", "JSON_RESULTS": true}, "mean_poison_class_acc": 82.2625968992248, "mean_attack_srate": 3.12984496124031, "total_accuracies": [50.46, 74.58, 85.85, 87.16, 88.29, 89.44, 89.9, 90.05, 87.76, 89.75, 89.51, 92.64, 92.34, 93.54, 91.47, 93.72, 93.54, 94.65, 94.01, 94.28, 94.7, 94.18, 94.66, 94.26, 94.43, 87.4, 95.15, 94.87, 93.67, 95.61], "class_accuracies": [[98.9795918367347, 99.47136563876651, 0.0, 22.178217821782177, 44.39918533604888, 25.44843049327354, 44.1544885177453, 80.35019455252919, 49.17864476386037, 32.90386521308226], [96.63265306122449, 97.88546255506608, 35.85271317829457, 87.12871287128714, 90.93686354378819, 75.67264573991031, 88.93528183716076, 83.46303501945525, 54.92813141683778, 33.3994053518335], [96.0204081632653, 97.5330396475771, 78.68217054263566, 84.85148514851485, 89.91853360488798, 81.50224215246637, 91.12734864300626, 87.06225680933852, 72.48459958932239, 77.70069375619426], [95.61224489795919, 96.74008810572687, 75.67829457364341, 87.02970297029702, 90.42769857433808, 78.02690582959642, 95.51148225469728, 87.84046692607004, 81.41683778234086, 81.86323092170466], [97.04081632653062, 96.29955947136564, 74.32170542635659, 87.22772277227723, 93.78818737270876, 82.28699551569507, 93.0062630480167, 89.59143968871595, 85.42094455852155, 83.05252725470763], [96.83673469387755, 98.14977973568281, 79.65116279069767, 89.10891089108911, 92.36252545824847, 84.08071748878923, 94.98956158663883, 90.46692607003891, 80.39014373716633, 87.1159563924678], [97.14285714285714, 97.79735682819383, 86.14341085271317, 88.91089108910892, 96.63951120162933, 84.52914798206278, 94.1544885177453, 89.59143968871595, 81.41683778234086, 81.46679881070366], [97.95918367346938, 97.3568281938326, 77.71317829457364, 90.79207920792079, 93.78818737270876, 86.99551569506727, 92.17118997912317, 91.34241245136187, 81.41683778234086, 90.08919722497522], [97.65306122448979, 97.44493392070484, 53.19767441860465, 89.5049504950495, 95.82484725050917, 88.78923766816143, 91.9624217118998, 89.88326848249027, 83.67556468172485, 89.89098116947473], [98.16326530612245, 97.70925110132158, 62.98449612403101, 91.2871287128713, 94.70468431771894, 87.66816143497758, 94.78079331941545, 93.8715953307393, 85.52361396303901, 90.58473736372646], [97.75510204081633, 97.62114537444934, 63.75968992248062, 93.06930693069307, 93.58452138492872, 91.3677130044843, 92.69311064718163, 89.10505836575875, 82.34086242299794, 93.85530227948463], [98.26530612244898, 97.62114537444934, 89.53488372093024, 89.8019801980198, 95.92668024439918, 90.91928251121077, 94.258872651357, 92.8988326848249, 87.57700205338809, 88.9990089197225], [97.85714285714286, 97.97356828193833, 80.32945736434108, 92.47524752475248, 96.33401221995926, 89.79820627802691, 95.61586638830897, 93.67704280155642, 88.29568788501027, 90.58473736372646], [98.16326530612245, 98.14977973568281, 90.21317829457364, 92.17821782178218, 95.62118126272912, 91.3677130044843, 96.03340292275574, 93.28793774319067, 89.42505133470226, 90.38652130822597], [98.46938775510205, 98.06167400881057, 68.12015503875969, 94.25742574257426, 96.74134419551935, 91.59192825112108, 94.78079331941545, 92.8988326848249, 88.91170431211499, 90.98116947472745], [98.57142857142857, 97.79735682819383, 86.43410852713178, 94.05940594059406, 94.90835030549898, 93.72197309417041, 94.36325678496868, 94.26070038910505, 90.96509240246407, 91.87314172447968], [97.95918367346938, 98.50220264317181, 86.9186046511628, 93.56435643564356, 96.02851323828921, 91.59192825112108, 96.24217118997912, 92.31517509727627, 89.52772073921972, 92.26957383548067], [98.06122448979592, 98.06167400881057, 94.0891472868217, 93.86138613861387, 95.51934826883911, 92.60089686098655, 95.82463465553236, 92.50972762645914, 92.71047227926078, 92.76511397423191], [98.46938775510205, 98.06167400881057, 85.94961240310077, 94.35643564356435, 96.23217922606925, 94.17040358744394, 94.88517745302714, 92.31517509727627, 92.60780287474333, 92.9633300297324], [98.46938775510205, 97.70925110132158, 86.9186046511628, 94.75247524752476, 95.82484725050917, 92.60089686098655, 95.72025052192066, 93.96887159533074, 93.53182751540041, 93.06243805748265], [98.87755102040816, 98.14977973568281, 93.8953488372093, 92.37623762376238, 95.41751527494908, 93.27354260089686, 95.4070981210856, 91.82879377431907, 95.07186858316221, 92.36868186323092], [98.57142857142857, 97.88546255506608, 84.59302325581395, 95.74257425742574, 96.33401221995926, 91.92825112107623, 94.67640918580376, 94.3579766536965, 93.01848049281314, 94.35084241823587], [98.16326530612245, 98.06167400881057, 86.24031007751938, 94.15841584158416, 96.63951120162933, 94.28251121076234, 96.13778705636743, 95.42801556420234, 94.6611909650924, 92.76511397423191], [98.26530612244898, 98.23788546255507, 85.46511627906976, 95.64356435643565, 96.94501018329939, 91.81614349775785, 95.92901878914405, 93.57976653696498, 93.32648870636551, 93.06243805748265], [98.46938775510205, 98.59030837004406, 85.36821705426357, 94.95049504950495, 95.62118126272912, 94.73094170403587, 95.61586638830897, 94.64980544747081, 91.68377823408625, 94.44995044598612], [98.46938775510205, 98.50220264317181, 21.899224806201552, 95.04950495049505, 95.62118126272912, 93.16143497757848, 93.21503131524008, 95.3307392996109, 90.24640657084188, 94.05351833498513], [97.95918367346938, 98.06167400881057, 94.37984496124031, 95.04950495049505, 95.72301425661914, 91.59192825112108, 96.34655532359082, 93.77431906614785, 94.45585215605749, 93.55797819623389], [98.57142857142857, 98.50220264317181, 88.95348837209302, 95.24752475247524, 96.43584521384929, 94.05829596412556, 95.51148225469728, 94.74708171206225, 93.94250513347022, 92.46778989098117], [98.9795918367347, 98.8546255506608, 77.71317829457364, 93.86138613861387, 95.72301425661914, 94.84304932735427, 94.88517745302714, 95.03891050583658, 92.81314168377824, 94.05351833498513], [98.46938775510205, 98.32599118942731, 94.47674418604652, 95.04950495049505, 96.13034623217922, 94.05829596412556, 94.88517745302714, 95.71984435797665, 94.76386036960986, 93.75619425173439]],