{"config": {"DATASET": "mnist", "TOTAL_CLIENTS": 100, "CLIENT_FRAC": 0.2, "POISON_FRAC": 0.1, "CREATE_DATASET": false, "RANDOM_DATA": true, "CLASS_RATIO": 10, "MODEL": "nnet", "LEARNING_RATE": 0.001, "BATCH_SIZE": 32, "LOCAL_EPOCHS": 10, "OPTIMIZER": "adam", "FED_ROUNDS": 30, "TEST_EVERY": 1, "RANDOM_PROCESS": false, "COS_DEFENCE": true, "SEL_METHOD": 1, "REDUCE_LR": 1, "COLLAB_MODE": true, "COLLAB_ALL": true, "CONSIDER_LAYERS": "l1", "GRAD_AGG": true, "FEATURE_FINDING_ALGO": "none", "GRAD_COLLECTION_START": 0, "GRAD_COLLECT_FOR": -1, "CLUSTER_SEP": 0.02, "ALPHA": 0.8, "BETA": 0.8, "GAMMA": 0.1, "TRUST_INC": 2, "TRUST_CUT_METHOD": 0, "HONEST_PARDON_FACTOR": 0.8, "TRUST_MODIFY_STRATEGY": 1, "LOG_LEVEL": "INFO", "JSON_RESULTS": true}, "mean_poison_class_acc": 80.06589147286822, "mean_attack_srate": 3.2015503875968996, "total_accuracies": [50.1, 71.15, 81.88, 86.52, 88.43, 88.92, 90.17, 89.28, 91.68, 89.8, 91.08, 92.9, 89.86, 93.32, 91.18, 92.72, 93.85, 92.57, 94.38, 89.97, 94.01, 94.34, 94.85, 95.04, 92.23, 94.57, 94.55, 95.09, 94.08, 94.77], "class_accuracies": [[99.38775510204081, 93.83259911894272, 1.3565891472868217, 57.42574257425743, 66.90427698574338, 21.63677130044843, 28.079331941544886, 48.34630350194553, 31.62217659137577, 44.89593657086224], [96.73469387755102, 98.6784140969163, 45.93023255813954, 92.57425742574257, 75.86558044806517, 65.02242152466367, 82.4634655532359, 86.67315175097276, 35.318275154004105, 28.543111992071356], [95.91836734693878, 98.50220264317181, 54.457364341085274, 89.60396039603961, 85.23421588594705, 72.86995515695067, 89.35281837160751, 92.12062256809338, 72.48459958932239, 66.10505450941527], [97.14285714285714, 97.3568281938326, 74.51550387596899, 86.73267326732673, 85.13238289205702, 86.99551569506727, 90.7098121085595, 90.1750972762646, 73.81930184804928, 81.56590683845391], [97.55102040816327, 97.3568281938326, 76.25968992248062, 89.5049504950495, 92.36252545824847, 83.29596412556054, 91.64926931106471, 91.73151750972762, 81.62217659137578, 81.76412289395441], [97.44897959183673, 97.97356828193833, 78.58527131782945, 89.5049504950495, 87.06720977596741, 82.51121076233184, 92.48434237995825, 91.82879377431907, 81.93018480492813, 88.30525272547077], [97.95918367346938, 97.97356828193833, 82.07364341085271, 91.48514851485149, 90.52953156822811, 85.08968609865471, 94.1544885177453, 90.1750972762646, 81.21149897330595, 89.79187314172448], [98.06122448979592, 97.88546255506608, 72.28682170542636, 88.91089108910892, 91.44602851323829, 91.03139013452915, 90.81419624217119, 91.43968871595331, 81.41683778234086, 89.09811694747275], [97.55102040816327, 97.5330396475771, 86.14341085271317, 89.8019801980198, 90.32586558044807, 89.46188340807174, 93.42379958246346, 90.75875486381322, 88.50102669404518, 92.56689791873141], [98.6734693877551, 99.11894273127753, 65.31007751937985, 92.27722772277228, 90.32586558044807, 88.90134529147981, 92.79749478079331, 92.31517509727627, 85.21560574948666, 92.56689791873141], [97.75510204081633, 99.03083700440529, 75.09689922480621, 93.46534653465346, 92.66802443991854, 89.23766816143498, 94.258872651357, 93.3852140077821, 82.95687885010267, 92.17046580773042], [98.06122448979592, 97.97356828193833, 86.43410852713178, 91.58415841584159, 94.29735234215886, 90.35874439461884, 95.4070981210856, 91.73151750972762, 90.34907597535934, 92.26957383548067], [98.87755102040816, 99.03083700440529, 57.65503875968992, 93.46534653465346, 94.70468431771894, 90.69506726457399, 91.7536534446764, 92.80155642023347, 86.24229979466119, 93.3597621407334], [98.57142857142857, 98.59030837004406, 87.20930232558139, 92.97029702970298, 94.29735234215886, 93.04932735426009, 94.05010438413362, 91.82879377431907, 89.83572895277207, 92.36868186323092], [98.36734693877551, 98.32599118942731, 67.15116279069767, 93.66336633663366, 95.31568228105907, 92.04035874439462, 92.58872651356994, 93.28793774319067, 87.67967145790554, 93.3597621407334], [97.75510204081633, 98.41409691629956, 78.39147286821705, 92.97029702970298, 94.29735234215886, 92.26457399103138, 95.51148225469728, 93.48249027237354, 90.96509240246407, 92.9633300297324], [97.95918367346938, 98.50220264317181, 89.34108527131782, 92.17821782178218, 94.19551934826885, 94.05829596412556, 95.4070981210856, 92.70428015564202, 89.63039014373716, 94.15262636273538], [98.57142857142857, 98.76651982378854, 75.48449612403101, 95.54455445544555, 93.48268839103869, 91.59192825112108, 94.78079331941545, 93.3852140077821, 89.21971252566735, 94.54905847373637], [98.06122448979592, 98.59030837004406, 92.15116279069767, 93.76237623762377, 95.82484725050917, 91.70403587443946, 96.03340292275574, 93.19066147859922, 91.47843942505133, 92.36868186323092], [98.6734693877551, 98.41409691629956, 50.3875968992248, 94.15841584158416, 94.60285132382892, 93.83408071748879, 93.42379958246346, 92.99610894941634, 89.42505133470226, 94.54905847373637], [98.57142857142857, 98.6784140969163, 85.75581395348837, 94.25742574257426, 94.5010183299389, 93.27354260089686, 95.72025052192066, 93.96887159533074, 91.06776180698152, 93.95441030723488], [98.57142857142857, 98.6784140969163, 87.6937984496124, 94.95049504950495, 95.62118126272912, 92.152466367713, 96.65970772442589, 93.3852140077821, 91.47843942505133, 93.75619425173439], [98.26530612244898, 98.94273127753304, 92.44186046511628, 95.14851485148515, 96.13034623217922, 92.82511210762331, 96.5553235908142, 93.77431906614785, 91.58110882956879, 92.26957383548067], [98.46938775510205, 98.50220264317181, 91.37596899224806, 94.85148514851485, 95.11201629327903, 93.27354260089686, 95.92901878914405, 93.8715953307393, 94.55852156057495, 94.05351833498513], [98.36734693877551, 98.76651982378854, 66.08527131782945, 96.63366336633663, 95.010183299389, 91.3677130044843, 95.72025052192066, 94.55252918287938, 91.17043121149898, 94.64816650148661], [98.6734693877551, 98.6784140969163, 87.3062015503876, 93.36633663366337, 96.33401221995926, 94.28251121076234, 95.61586638830897, 94.3579766536965, 92.81314168377824, 94.05351833498513], [98.6734693877551, 98.50220264317181, 86.62790697674419, 95.34653465346534, 95.62118126272912, 92.9372197309417, 95.92901878914405, 93.96887159533074, 93.63449691991786, 93.95441030723488], [98.06122448979592, 98.94273127753304, 91.27906976744185, 95.54455445544555, 95.82484725050917, 93.72197309417041, 96.76409185803757, 93.57976653696498, 92.29979466119096, 94.44995044598612], [97.95918367346938, 98.8546255506608, 81.2984496124031, 93.96039603960396, 96.74134419551935, 94.05829596412556, 96.03340292275574, 95.13618677042801, 92.40246406570841, 94.25173439048562], [98.6734693877551, 98.8546255506608, 88.0813953488372, 94.35643564356435, 94.29735234215886, 94.05829596412556, 96.24217118997912, 94.8443579766537, 93.42915811088295, 94.54905847373637]],