{"config": {"DATASET": "mnist", "TOTAL_CLIENTS": 100, "CLIENT_FRAC": 0.2, "POISON_FRAC": 0.1, "CREATE_DATASET": true, "RANDOM_DATA": true, "CLASS_RATIO": 10, "MODEL": "nnet", "LEARNING_RATE": 0.001, "BATCH_SIZE": 32, "LOCAL_EPOCHS": 10, "OPTIMIZER": "adam", "FED_ROUNDS": 30, "TEST_EVERY": 1, "RANDOM_PROCESS": false, "COS_DEFENCE": false, "SEL_METHOD": 1, "REDUCE_LR": 1, "COLLAB_MODE": true, "COLLAB_ALL": true, "CONSIDER_LAYERS": "l1", "GRAD_AGG": true, "FEATURE_FINDING_ALGO": "auror", "GRAD_COLLECTION_START": 0, "GRAD_COLLECT_FOR": -1, "CLUSTER_SEP": 0.005, "ALPHA": 0.8, "BETA": 0.8, "GAMMA": 0.1, "TRUST_INC": 2, "TRUST_CUT_METHOD": 1, "HONEST_PARDON_FACTOR": 0.7, "LOG_LEVEL": "INFO", "JSON_RESULTS": true}, "mean_poison_class_acc": 81.85658914728683, "mean_attack_srate": 3.0077519379844966, "total_accuracies": [52.86, 73.54, 82.28, 86.72, 86.62, 89.34, 88.64, 88.86, 91.39, 91.48, 92.98, 92.07, 92.24, 93.47, 93.39, 93.2, 94.4, 94.23, 92.68, 90.26, 94.68, 92.49, 95.08, 94.44, 94.11, 94.57, 94.47, 95.1, 95.34, 95.24], "class_accuracies": [[97.44897959183673, 99.55947136563877, 1.3565891472868217, 59.504950495049506, 76.68024439918534, 26.793721973094172, 20.25052192066806, 80.73929961089495, 58.521560574948666, 0.0], [97.95918367346938, 98.32599118942731, 48.54651162790697, 79.10891089108911, 91.64969450101833, 79.14798206278027, 86.53444676409185, 85.21400778210116, 47.63860369609856, 20.118929633300297], [96.73469387755102, 98.41409691629956, 63.565891472868216, 83.16831683168317, 93.78818737270876, 77.46636771300449, 94.1544885177453, 90.36964980544747, 75.46201232032854, 48.46382556987116], [97.14285714285714, 97.79735682819383, 76.35658914728683, 84.95049504950495, 92.87169042769857, 84.86547085201794, 92.69311064718163, 89.39688715953308, 75.46201232032854, 74.62834489593656], [97.44897959183673, 98.23788546255507, 60.56201550387597, 89.70297029702971, 95.82484725050917, 82.0627802690583, 92.69311064718163, 90.95330739299611, 77.31006160164272, 80.47571853320119], [97.95918367346938, 96.47577092511013, 78.87596899224806, 88.51485148514851, 95.31568228105907, 82.39910313901345, 93.1106471816284, 91.147859922179, 85.42094455852155, 83.15163528245787], [97.95918367346938, 98.32599118942731, 68.8953488372093, 91.78217821782178, 95.21384928716904, 86.7713004484305, 92.27557411273486, 90.36964980544747, 79.56878850102669, 84.53914767096134], [98.26530612244898, 97.62114537444934, 66.86046511627907, 91.08910891089108, 96.74134419551935, 85.98654708520179, 92.17118997912317, 91.43968871595331, 81.51950718685832, 86.32309217046581], [97.65306122448979, 97.44493392070484, 80.71705426356588, 88.91089108910892, 95.010183299389, 88.78923766816143, 95.09394572025052, 90.6614785992218, 88.91170431211499, 90.28741328047572], [98.26530612244898, 97.62114537444934, 78.39147286821705, 93.06930693069307, 96.13034623217922, 87.21973094170404, 94.98956158663883, 91.82879377431907, 87.26899383983573, 89.39544103072349], [97.85714285714286, 97.97356828193833, 91.95736434108527, 92.37623762376238, 95.82484725050917, 89.23766816143498, 96.03340292275574, 91.34241245136187, 87.37166324435319, 88.9990089197225], [97.65306122448979, 98.23788546255507, 79.55426356589147, 93.96039603960396, 96.5376782077393, 89.46188340807174, 95.92901878914405, 92.31517509727627, 87.37166324435319, 89.197224975223], [97.95918367346938, 98.41409691629956, 78.87596899224806, 93.06930693069307, 96.13034623217922, 90.24663677130044, 96.5553235908142, 94.26070038910505, 86.85831622176592, 89.59365708622398], [98.06122448979592, 98.41409691629956, 86.62790697674419, 93.96039603960396, 95.21384928716904, 90.35874439461884, 95.92901878914405, 93.96887159533074, 89.93839835728953, 91.57581764122894], [98.26530612244898, 97.97356828193833, 84.59302325581395, 94.45544554455445, 96.63951120162933, 92.48878923766816, 95.92901878914405, 93.77431906614785, 89.42505133470226, 90.08919722497522], [98.06122448979592, 98.32599118942731, 81.1046511627907, 92.97029702970298, 94.80651731160896, 93.04932735426009, 95.19832985386222, 95.23346303501945, 90.4517453798768, 92.56689791873141], [97.85714285714286, 97.97356828193833, 91.66666666666667, 95.64356435643565, 95.51934826883911, 89.46188340807174, 97.07724425887265, 93.77431906614785, 92.29979466119096, 91.97224975222993], [98.36734693877551, 98.41409691629956, 89.92248062015504, 93.96039603960396, 95.11201629327903, 92.60089686098655, 95.30271398747391, 93.19066147859922, 90.34907597535934, 94.54905847373637], [97.95918367346938, 98.76651982378854, 75.0, 92.67326732673267, 96.43584521384929, 93.04932735426009, 96.34655532359082, 94.06614785992218, 90.24640657084188, 92.26957383548067], [97.85714285714286, 98.76651982378854, 50.3875968992248, 93.96039603960396, 95.82484725050917, 92.48878923766816, 96.34655532359082, 94.55252918287938, 90.34907597535934, 92.76511397423191], [98.57142857142857, 98.59030837004406, 90.69767441860465, 94.45544554455445, 96.33401221995926, 93.04932735426009, 96.13778705636743, 94.55252918287938, 91.58110882956879, 92.36868186323092], [98.57142857142857, 98.76651982378854, 69.86434108527132, 94.25742574257426, 95.41751527494908, 94.28251121076234, 94.88517745302714, 93.96887159533074, 90.96509240246407, 94.15262636273538], [98.06122448979592, 98.76651982378854, 92.63565891472868, 94.25742574257426, 96.13034623217922, 94.05829596412556, 96.5553235908142, 94.74708171206225, 92.29979466119096, 92.86422200198216], [98.77551020408163, 98.76651982378854, 85.75581395348837, 95.54455445544555, 96.23217922606925, 93.72197309417041, 96.24217118997912, 94.45525291828794, 91.27310061601642, 93.3597621407334], [98.57142857142857, 98.59030837004406, 81.2015503875969, 95.14851485148515, 96.23217922606925, 94.5067264573991, 95.82463465553236, 94.06614785992218, 92.71047227926078, 94.25173439048562], [98.26530612244898, 98.59030837004406, 86.33720930232558, 94.55445544554455, 96.43584521384929, 95.96412556053812, 95.82463465553236, 94.74708171206225, 91.78644763860369, 93.1615460852329], [98.77551020408163, 98.50220264317181, 84.59302325581395, 95.84158415841584, 96.84317718940937, 94.39461883408072, 95.82463465553236, 95.52529182879377, 92.71047227926078, 91.57581764122894], [98.46938775510205, 98.50220264317181, 89.53488372093024, 96.23762376237623, 96.13034623217922, 92.04035874439462, 97.39039665970772, 95.03891050583658, 93.63449691991786, 93.55797819623389], [98.57142857142857, 98.6784140969163, 92.92635658914729, 95.44554455445545, 97.04684317718942, 92.60089686098655, 96.86847599164926, 93.8715953307393, 94.35318275154005, 92.56689791873141], [98.26530612244898, 98.6784140969163, 89.43798449612403, 95.54455445544555, 96.23217922606925, 93.04932735426009, 96.86847599164926, 95.71984435797665, 94.14784394250513, 94.05351833498513]],