{"config": {"DATASET": "mnist", "TOTAL_CLIENTS": 100, "CLIENT_FRAC": 0.1, "POISON_FRAC": 0.4, "CREATE_DATASET": false, "RANDOM_DATA": true, "CLASS_RATIO": 10, "MODEL": "nnet", "LEARNING_RATE": 0.001, "BATCH_SIZE": 32, "LOCAL_EPOCHS": 10, "OPTIMIZER": "adam", "FED_ROUNDS": 30, "TEST_EVERY": 1, "RANDOM_PROCESS": false, "COS_DEFENCE": true, "SEL_METHOD": 1, "REDUCE_LR": 1, "COLLAB_MODE": true, "COLLAB_ALL": true, "CONSIDER_LAYERS": "l1", "GRAD_AGG": true, "FEATURE_FINDING_ALGO": "auror", "GRAD_COLLECTION_START": 0, "GRAD_COLLECT_FOR": -1, "CLUSTER_SEP": 0.005, "ALPHA": 0.8, "BETA": 0.8, "GAMMA": 0.1, "TRUST_INC": 2, "TRUST_CUT_METHOD": 1, "HONEST_PARDON_FACTOR": 0.7, "LOG_LEVEL": "INFO", "JSON_RESULTS": true}, "mean_poison_class_acc": 70.61046511627907, "mean_attack_srate": 3.6773255813953485, "total_accuracies": [33.57, 69.64, 76.25, 80.33, 79.87, 84.87, 88.11, 89.55, 90.32, 87.99, 91.46, 83.33, 92.44, 91.66, 92.37, 92.53, 91.26, 92.26, 93.01, 93.71, 89.32, 93.79, 94.44, 93.38, 86.5, 94.1, 94.85, 90.55, 93.65, 94.19], "class_accuracies": [[99.38775510204081, 73.21585903083701, 0.0, 26.03960396039604, 21.69042769857434, 2.690582959641256, 9.812108559498956, 0.2918287937743191, 0.7186858316221766, 93.95441030723488], [97.14285714285714, 98.6784140969163, 0.0, 92.57425742574257, 88.4928716904277, 51.00896860986547, 79.0187891440501, 86.08949416342412, 58.110882956878854, 42.1209117938553], [96.73469387755102, 97.79735682819383, 0.0, 91.08910891089108, 78.92057026476579, 74.77578475336323, 87.2651356993737, 88.32684824902724, 66.0164271047228, 81.07036669970267], [96.63265306122449, 97.09251101321586, 13.75968992248062, 90.4950495049505, 88.18737270875764, 76.00896860986548, 93.73695198329854, 88.715953307393, 76.59137577002053, 82.06144697720515], [96.42857142857143, 96.82819383259911, 0.09689922480620156, 87.62376237623762, 89.0020366598778, 83.18385650224215, 91.64926931106471, 89.00778210116732, 84.29158110882958, 81.9623389494549], [97.04081632653062, 98.32599118942731, 42.73255813953488, 89.60396039603961, 89.40936863543789, 84.75336322869956, 93.1106471816284, 89.78599221789884, 78.95277207392198, 84.83647175421208], [97.24489795918367, 98.23788546255507, 70.73643410852713, 89.5049504950495, 95.31568228105907, 85.42600896860986, 92.58872651356994, 88.715953307393, 81.72484599589322, 80.87215064420218], [97.55102040816327, 96.91629955947137, 78.77906976744185, 90.0, 92.4643584521385, 88.34080717488789, 92.48434237995825, 89.6887159533074, 81.21149897330595, 87.41328047571854], [97.34693877551021, 97.62114537444934, 78.00387596899225, 88.81188118811882, 92.76985743380855, 88.00448430493273, 94.88517745302714, 90.85603112840467, 85.31827515400411, 88.9990089197225], [98.26530612244898, 97.97356828193833, 51.45348837209303, 90.6930693069307, 93.38085539714868, 87.66816143497758, 95.72025052192066, 92.41245136186771, 84.08624229979466, 88.40436075322101], [97.85714285714286, 98.14977973568281, 84.01162790697674, 92.37623762376238, 90.63136456211812, 86.65919282511211, 94.05010438413362, 90.07782101167315, 86.13963039014374, 93.55797819623389], [97.65306122448979, 98.32599118942731, 2.3255813953488373, 92.47524752475248, 94.09368635437882, 89.91031390134529, 93.63256784968685, 93.19066147859922, 82.4435318275154, 90.98116947472745], [98.16326530612245, 97.26872246696036, 86.43410852713178, 91.48514851485149, 94.80651731160896, 89.23766816143498, 94.78079331941545, 91.82879377431907, 89.93839835728953, 89.89098116947473], [98.46938775510205, 98.8546255506608, 80.62015503875969, 94.85148514851485, 92.36252545824847, 90.02242152466367, 95.4070981210856, 92.21789883268482, 80.9034907597536, 92.07135777998018], [97.75510204081633, 98.50220264317181, 83.72093023255815, 92.57425742574257, 95.010183299389, 91.70403587443946, 93.94572025052192, 91.147859922179, 86.03696098562628, 92.76511397423191], [98.57142857142857, 98.50220264317181, 81.97674418604652, 90.89108910891089, 94.39918533604887, 93.16143497757848, 94.98956158663883, 91.43968871595331, 88.19301848049281, 92.9633300297324], [98.57142857142857, 98.6784140969163, 65.69767441860465, 93.56435643564356, 93.27902240325865, 91.81614349775785, 94.1544885177453, 93.77431906614785, 89.63039014373716, 93.45887016848364], [98.46938775510205, 98.41409691629956, 75.48449612403101, 94.25742574257426, 93.9918533604888, 92.26457399103138, 94.57202505219206, 91.147859922179, 90.34907597535934, 93.55797819623389], [98.36734693877551, 98.59030837004406, 80.03875968992249, 94.75247524752476, 92.66802443991854, 91.3677130044843, 95.92901878914405, 94.64980544747081, 89.63039014373716, 93.65708622398414], [98.36734693877551, 98.76651982378854, 85.65891472868218, 93.26732673267327, 93.68635437881873, 92.26457399103138, 95.92901878914405, 93.57976653696498, 91.68377823408625, 93.45887016848364], [98.16326530612245, 99.03083700440529, 41.47286821705426, 95.74257425742574, 96.33401221995926, 92.152466367713, 96.24217118997912, 93.8715953307393, 88.91170431211499, 92.17046580773042], [98.06122448979592, 99.20704845814979, 83.33333333333333, 94.35643564356435, 94.09368635437882, 92.82511210762331, 96.5553235908142, 94.74708171206225, 90.86242299794661, 93.45887016848364], [97.55102040816327, 98.23788546255507, 90.79457364341086, 95.04950495049505, 94.60285132382892, 90.69506726457399, 96.97286012526096, 93.19066147859922, 91.9917864476386, 94.64816650148661], [97.85714285714286, 99.03083700440529, 82.26744186046511, 95.04950495049505, 96.33401221995926, 93.16143497757848, 95.72025052192066, 93.8715953307393, 86.75564681724846, 93.3597621407334], [98.57142857142857, 98.6784140969163, 9.30232558139535, 95.04950495049505, 96.23217922606925, 92.9372197309417, 95.61586638830897, 94.64980544747081, 92.60780287474333, 93.45887016848364], [98.57142857142857, 98.76651982378854, 82.84883720930233, 92.47524752475248, 95.82484725050917, 93.72197309417041, 96.03340292275574, 94.64980544747081, 94.45585215605749, 93.55797819623389], [98.57142857142857, 99.03083700440529, 90.40697674418605, 94.85148514851485, 95.51934826883911, 92.37668161434978, 96.13778705636743, 93.8715953307393, 92.81314168377824, 94.35084241823587], [98.87755102040816, 98.76651982378854, 46.51162790697674, 95.94059405940594, 94.90835030549898, 93.94618834080717, 96.13778705636743, 93.8715953307393, 93.83983572895278, 93.75619425173439], [98.77551020408163, 98.8546255506608, 76.93798449612403, 94.95049504950495, 95.72301425661914, 94.05829596412556, 95.4070981210856, 94.74708171206225, 93.42915811088295, 93.65708622398414], [98.26530612244898, 98.8546255506608, 82.36434108527132, 94.45544554455445, 94.70468431771894, 92.71300448430493, 96.45093945720251, 93.96887159533074, 94.55852156057495, 95.34192269573836]],