{"config": {"DATASET": "mnist", "TOTAL_CLIENTS": 100, "CLIENT_FRAC": 0.1, "POISON_FRAC": 0.1, "CREATE_DATASET": true, "RANDOM_DATA": true, "CLASS_RATIO": 10, "MODEL": "nnet", "LEARNING_RATE": 0.001, "BATCH_SIZE": 32, "LOCAL_EPOCHS": 3, "OPTIMIZER": "adam", "FED_ROUNDS": 30, "TEST_EVERY": 1, "RANDOM_PROCESS": true, "COS_DEFENCE": true, "SEL_METHOD": 1, "REDUCE_LR": 1, "COLLAB_MODE": true, "COLLAB_ALL": true, "CONSIDER_LAYERS": "l1", "GRAD_AGG": true, "FEATURE_FINDING_ALGO": "auror", "GRAD_COLLECTION_START": 0, "GRAD_COLLECT_FOR": -1, "CLUSTER_SEP": 0.007, "ALPHA": 0.8, "BETA": 0.8, "GAMMA": 0.1, "TRUST_INC": 2, "TRUST_CUT_METHOD": 2, "HONEST_PARDON_FACTOR": 0.99, "LOG_LEVEL": "INFO", "JSON_RESULTS": true}, "mean_poison_class_acc": 81.453488372093, "mean_attack_srate": 3.066860465116279, "total_accuracies": [10.51, 18.26, 38.45, 54.83, 64.34, 65.08, 77.19, 82.05, 80.61, 83.44, 84.7, 84.5, 85.6, 86.76, 86.93, 87.63, 87.54, 88.55, 88.49, 88.95, 88.42, 89.69, 89.12, 90.36, 89.17, 89.91, 90.91, 90.19, 91.12, 91.1], "class_accuracies": [[0.0, 0.0, 3.9728682170542635, 0.09900990099009901, 0.0, 0.0, 0.0, 0.0, 0.0, 100.0], [100.0, 0.0, 21.802325581395348, 0.0, 0.0, 0.0, 62.004175365344466, 0.0, 0.0, 2.67591674925669], [97.65306122448979, 99.20704845814979, 84.49612403100775, 0.19801980198019803, 35.132382892057024, 8.856502242152466, 47.80793319415449, 0.0, 0.0, 0.5946481665014867], [98.26530612244898, 98.23788546255507, 88.75968992248062, 64.25742574257426, 4.786150712830957, 0.4484304932735426, 67.01461377870564, 47.08171206225681, 1.0266940451745379, 64.71754212091179], [96.93877551020408, 98.6784140969163, 57.751937984496124, 87.02970297029702, 87.16904276985743, 0.336322869955157, 84.75991649269311, 62.35408560311284, 59.24024640657084, 0.0], [94.59183673469387, 98.6784140969163, 80.13565891472868, 42.37623762376238, 91.85336048879837, 86.99551569506727, 84.23799582463465, 67.60700389105058, 2.6694045174537986, 0.0], [97.14285714285714, 94.8898678414097, 78.68217054263566, 72.27722772277228, 79.0224032586558, 31.838565022421523, 90.6054279749478, 70.13618677042801, 84.08624229979466, 67.39345887016849], [96.63265306122449, 97.00440528634361, 84.59302325581395, 82.67326732673267, 79.32790224032587, 66.03139013452915, 86.22129436325679, 80.83657587548637, 68.6858316221766, 74.82656095143706], [96.0204081632653, 96.2114537444934, 81.97674418604652, 88.91089108910892, 89.71486761710794, 52.130044843049326, 91.33611691022965, 81.32295719844358, 76.59137577002053, 47.67096134786918], [96.83673469387755, 96.91629955947137, 76.55038759689923, 83.96039603960396, 89.5112016293279, 63.34080717488789, 88.93528183716076, 86.67315175097276, 82.64887063655031, 65.90683845391477], [97.34693877551021, 96.29955947136564, 85.46511627906976, 85.64356435643565, 89.20570264765784, 66.03139013452915, 92.37995824634656, 88.03501945525292, 78.2340862422998, 65.31219028741329], [98.26530612244898, 97.26872246696036, 76.16279069767442, 87.52475247524752, 81.26272912423626, 77.3542600896861, 91.23173277661796, 81.71206225680933, 68.06981519507187, 84.0436075322101], [96.93877551020408, 94.44933920704845, 73.06201550387597, 85.44554455445545, 89.40936863543789, 77.46636771300449, 92.37995824634656, 84.8249027237354, 82.85420944558521, 78.09712586719525], [96.93877551020408, 96.47577092511013, 79.94186046511628, 87.82178217821782, 88.4928716904277, 73.76681614349776, 91.64926931106471, 87.15953307392996, 83.67556468172485, 79.58374628344896], [96.93877551020408, 95.77092511013215, 78.19767441860465, 87.32673267326733, 85.33604887983707, 82.39910313901345, 90.18789144050105, 84.14396887159533, 84.70225872689939, 83.25074331020812], [97.55102040816327, 95.59471365638767, 77.71317829457364, 85.84158415841584, 89.71486761710794, 77.3542600896861, 92.37995824634656, 89.00778210116732, 84.29158110882958, 85.33201189296334], [97.75510204081633, 97.00440528634361, 77.61627906976744, 83.16831683168317, 94.09368635437882, 82.95964125560538, 91.02296450939457, 85.21400778210116, 80.69815195071868, 84.83647175421208], [96.22448979591837, 96.65198237885463, 85.27131782945736, 86.83168316831683, 94.60285132382892, 81.61434977578476, 93.21503131524008, 86.96498054474708, 80.69815195071868, 82.06144697720515], [97.75510204081633, 94.97797356828194, 82.26744186046511, 91.18811881188118, 86.15071283095723, 77.57847533632287, 92.79749478079331, 88.52140077821012, 83.16221765913758, 88.800792864222], [97.44897959183673, 96.12334801762114, 81.5891472868217, 87.22772277227723, 94.19551934826885, 84.4170403587444, 93.52818371607516, 87.06225680933852, 84.08624229979466, 83.05252725470763], [97.04081632653062, 96.29955947136564, 78.68217054263566, 89.20792079207921, 83.5030549898167, 84.75336322869956, 92.79749478079331, 90.85603112840467, 78.43942505133471, 91.37760158572844], [97.24489795918367, 95.85903083700441, 86.82170542635659, 89.60396039603961, 93.27902240325865, 80.71748878923766, 95.30271398747391, 85.7976653696498, 84.49691991786447, 86.52130822596631], [97.04081632653062, 94.53744493392071, 82.55813953488372, 83.06930693069307, 94.19551934826885, 88.45291479820628, 92.90187891440502, 84.14396887159533, 85.93429158110882, 88.30525272547077], [96.53061224489795, 97.09251101321586, 86.7248062015504, 90.39603960396039, 93.17718940936864, 80.82959641255606, 92.37995824634656, 92.60700389105058, 86.75564681724846, 85.43111992071358], [97.34693877551021, 96.65198237885463, 79.26356589147287, 88.41584158415841, 90.12219959266803, 84.75336322869956, 92.90187891440502, 89.59143968871595, 80.18480492813141, 91.37760158572844], [97.24489795918367, 96.2114537444934, 79.74806201550388, 92.87128712871286, 91.34419551934828, 84.08071748878923, 92.17118997912317, 89.2023346303502, 83.5728952772074, 91.57581764122894], [97.34693877551021, 96.65198237885463, 87.8875968992248, 91.68316831683168, 93.38085539714868, 81.95067264573991, 92.27557411273486, 90.85603112840467, 87.98767967145791, 87.61149653121903], [97.55102040816327, 96.56387665198238, 79.74806201550388, 85.24752475247524, 94.90835030549898, 86.88340807174887, 94.1544885177453, 89.29961089494164, 89.01437371663245, 88.10703666997027], [97.34693877551021, 96.38766519823788, 83.91472868217055, 93.26732673267327, 92.36252545824847, 83.96860986547085, 93.52818371607516, 90.56420233463035, 88.80903490759754, 89.99008919722498], [97.24489795918367, 96.65198237885463, 86.43410852713178, 93.76237623762377, 93.89002036659878, 86.65919282511211, 92.69311064718163, 90.46692607003891, 83.88090349075975, 88.30525272547077]],