{"config": {"DATASET": "mnist", "TOTAL_CLIENTS": 100, "CLIENT_FRAC": 0.1, "POISON_FRAC": 0.1, "CREATE_DATASET": true, "CLASS_RATIO": 10, "MODEL": "nnet", "LEARNING_RATE": 0.001, "BATCH_SIZE": 32, "LOCAL_EPOCHS": 3, "OPTIMIZER": "adam", "FED_ROUNDS": 30, "TEST_EVERY": 1, "RANDOM": true, "COS_DEFENCE": false, "SEL_METHOD": 1, "REDUCE_LR": 1, "COLLAB_MODE": true, "COLLAB_ALL": true, "CONSIDER_LAYERS": "l1", "GRAD_AGG": true, "FEATURE_FINDING_ALGO": "auror", "GRAD_COLLECTION_START": 0, "GRAD_COLLECT_FOR": -1, "CLUSTER_SEP": 2.0, "ALPHA": 0.7, "BETA": 0.7, "GAMMA": 0.1, "TRUST_INC": 2, "TRUST_CUT_METHOD": 2, "HONEST_PARDON_FACTOR": 0.99, "LOG_LEVEL": "INFO", "JSON_RESULTS": true}, "mean_poison_class_acc": 79.92248062015503, "mean_attack_srate": 3.008720930232558, "total_accuracies": [21.23, 42.96, 41.95, 60.85, 69.75, 73.19, 76.67, 80.37, 77.24, 81.84, 84.85, 85.01, 85.68, 86.97, 85.8, 87.1, 87.24, 88.37, 88.96, 88.7, 89.71, 89.63, 89.51, 90.69, 90.75, 90.6, 91.16, 91.53, 91.78, 91.86], "class_accuracies": [[27.755102040816325, 99.64757709251101, 0.0, 0.0, 0.0, 80.15695067264573, 0.0, 0.48638132295719844, 0.0, 0.0], [95.20408163265306, 99.55947136563877, 46.41472868217054, 27.128712871287128, 0.0, 14.910313901345292, 0.0, 84.63035019455253, 48.97330595482546, 0.0], [97.24489795918367, 99.38325991189427, 71.99612403100775, 10.891089108910892, 3.258655804480652, 5.044843049327354, 18.058455114822547, 75.19455252918289, 24.229979466119097, 0.19821605550049554], [95.3061224489796, 99.55947136563877, 53.39147286821706, 69.10891089108911, 10.692464358452138, 39.125560538116595, 43.63256784968685, 79.1828793774319, 40.34907597535934, 68.6818632309217], [97.24489795918367, 98.94273127753304, 50.775193798449614, 78.01980198019803, 89.0020366598778, 23.99103139013453, 63.987473903966595, 71.10894941634241, 79.7741273100616, 37.462834489593654], [97.04081632653062, 98.76651982378854, 71.70542635658914, 88.51485148514851, 77.39307535641548, 28.923766816143498, 72.75574112734864, 76.65369649805447, 37.26899383983573, 74.03369672943508], [96.12244897959184, 98.76651982378854, 59.20542635658915, 87.72277227722772, 84.31771894093686, 35.65022421524664, 83.50730688935282, 77.62645914396887, 69.81519507186859, 67.69078295341923], [93.87755102040816, 98.23788546255507, 67.63565891472868, 80.29702970297029, 87.37270875763747, 77.91479820627802, 85.59498956158664, 88.42412451361868, 66.0164271047228, 56.29335976214073], [97.04081632653062, 97.70925110132158, 62.5, 77.42574257425743, 97.75967413441956, 55.38116591928251, 86.1169102296451, 86.18677042801556, 78.2340862422998, 30.723488602576808], [96.22448979591837, 98.32599118942731, 72.86821705426357, 83.16831683168317, 63.44195519348269, 67.48878923766816, 91.12734864300626, 79.37743190661479, 71.45790554414785, 91.47670961347869], [95.71428571428571, 98.06167400881057, 82.65503875968992, 78.81188118811882, 94.09368635437882, 76.68161434977578, 89.14405010438414, 84.72762645914396, 77.92607802874743, 68.6818632309217], [94.08163265306122, 97.26872246696036, 75.7751937984496, 80.5940594059406, 87.67820773930754, 69.28251121076234, 95.4070981210856, 80.6420233463035, 82.75154004106776, 84.34093161546085], [93.77551020408163, 98.32599118942731, 76.55038759689923, 77.42574257425743, 84.0122199592668, 88.45291479820628, 89.97912317327766, 86.7704280155642, 75.77002053388091, 84.73736372646184], [95.91836734693878, 98.32599118942731, 87.1124031007752, 83.46534653465346, 81.26272912423626, 75.22421524663677, 91.54488517745303, 85.3112840466926, 78.74743326488706, 90.08919722497522], [95.61224489795919, 96.82819383259911, 62.1124031007752, 86.93069306930693, 91.24236252545825, 78.58744394618834, 91.54488517745303, 88.03501945525292, 81.00616016427105, 84.93557978196233], [96.12244897959184, 96.74008810572687, 71.89922480620154, 84.35643564356435, 86.45621181262729, 84.52914798206278, 91.8580375782881, 89.10505836575875, 80.18480492813141, 88.800792864222], [96.83673469387755, 96.47577092511013, 70.63953488372093, 83.36633663366337, 89.5112016293279, 80.38116591928251, 91.12734864300626, 88.42412451361868, 85.42094455852155, 89.09811694747275], [96.3265306122449, 97.88546255506608, 82.36434108527132, 87.72277227722772, 87.78004073319755, 80.60538116591928, 92.58872651356994, 86.18677042801556, 79.87679671457906, 90.58473736372646], [97.04081632653062, 97.18061674008811, 80.13565891472868, 92.27722772277228, 91.0386965376782, 80.04484304932735, 92.90187891440502, 90.6614785992218, 79.67145790554414, 86.9177403369673], [96.83673469387755, 96.91629955947137, 82.07364341085271, 88.51485148514851, 96.5376782077393, 83.18385650224215, 91.12734864300626, 88.61867704280155, 83.88090349075975, 78.1962338949455], [96.73469387755102, 97.26872246696036, 81.0077519379845, 91.2871287128713, 93.48268839103869, 84.08071748878923, 94.36325678496868, 89.2023346303502, 84.39425051334702, 84.2418235877106], [97.44897959183673, 97.5330396475771, 79.26356589147287, 91.88118811881188, 92.56619144602851, 80.82959641255606, 93.0062630480167, 90.85603112840467, 82.85420944558521, 88.50346878097126], [97.65306122448979, 97.5330396475771, 74.4186046511628, 88.7128712871287, 94.19551934826885, 83.5201793721973, 93.94572025052192, 89.2023346303502, 86.44763860369609, 88.60257680872151], [97.65306122448979, 97.09251101321586, 84.01162790697674, 90.4950495049505, 93.58452138492872, 85.98654708520179, 93.52818371607516, 89.6887159533074, 85.93429158110882, 88.00792864222002], [96.63265306122449, 97.70925110132158, 82.75193798449612, 90.1980198019802, 91.24236252545825, 87.89237668161435, 94.1544885177453, 89.59143968871595, 86.34496919917865, 90.18830525272547], [96.63265306122449, 97.44493392070484, 81.2984496124031, 88.81188118811882, 92.87169042769857, 86.7713004484305, 93.21503131524008, 90.07782101167315, 87.06365503080082, 90.98116947472745], [96.12244897959184, 97.26872246696036, 87.6937984496124, 89.00990099009901, 93.78818737270876, 86.88340807174887, 96.65970772442589, 88.81322957198444, 89.52772073921972, 85.13379583746284], [96.83673469387755, 97.62114537444934, 84.01162790697674, 93.16831683168317, 93.58452138492872, 87.5560538116592, 94.258872651357, 90.85603112840467, 87.26899383983573, 89.29633300297324], [97.04081632653062, 97.18061674008811, 87.98449612403101, 92.07920792079207, 93.78818737270876, 89.79820627802691, 95.72025052192066, 92.21789883268482, 85.21560574948666, 86.12487611496532], [97.44897959183673, 97.3568281938326, 84.68992248062015, 92.37623762376238, 93.78818737270876, 90.69506726457399, 94.05010438413362, 92.80155642023347, 88.09034907597535, 86.81863230921705]],