{"config": {"DATASET": "mnist", "TOTAL_CLIENTS": 100, "CLIENT_FRAC": 0.2, "POISON_FRAC": 0.2, "CREATE_DATASET": false, "RANDOM_DATA": false, "CLASS_RATIO": 10, "MODEL": "nnet", "LEARNING_RATE": 0.01, "BATCH_SIZE": 32, "LOCAL_EPOCHS": 10, "OPTIMIZER": "adam", "FED_ROUNDS": 30, "TEST_EVERY": 1, "RANDOM_PROCESS": false, "COS_DEFENCE": true, "SEL_METHOD": 1, "REDUCE_LR": 1, "COLLAB_MODE": true, "COLLAB_ALL": true, "CONSIDER_LAYERS": "l1", "GRAD_AGG": true, "FEATURE_FINDING_ALGO": "auror", "GRAD_COLLECTION_START": 0, "GRAD_COLLECT_FOR": 20, "CLUSTER_SEP": 0.01, "ALPHA": 0.6, "BETA": 0.8, "GAMMA": 0.1, "TRUST_INC": 2, "TRUST_MODIFY_STRATEGY": 1, "HONEST_PARDON_FACTOR": 1.0, "RESET_AXIS": false, "TRUST_SAMPLING": true, "TRUST_NORMALIZATION": false, "LOG_LEVEL": "ERROR", "JSON_RESULTS": true, "GEN_PLOTS": true, "SAVE_HTML_PLOTS": false}, "mean_poison_class_acc": 0.0, "avg_accs": [10.09, 11.35, 10.28, 8.92, 10.09, 10.09, 8.92, 10.09, 10.09, 10.09, 10.09, 10.09, 10.09, 10.09, 10.09, 10.09, 10.09, 10.09, 10.09, 10.09, 10.09, 10.09, 10.09, 10.09, 10.09, 10.09, 10.09, 10.09, 10.09, 10.09], "avg_precisions": [90.928081, 89.938225, 90.776784, 91.875664, 90.928081, 90.928081, 91.875664, 90.928081, 90.928081, 90.928081, 90.928081, 90.928081, 90.928081, 90.928081, 90.928081, 90.928081, 90.928081, 90.928081, 90.928081, 90.928081, 90.928081, 90.928081, 90.928081, 90.928081, 90.928081, 90.928081, 90.928081, 90.928081, 90.928081, 90.928081], "avg_recalls": [10.09, 11.35, 10.280000000000001, 8.92, 10.09, 10.09, 8.92, 10.09, 10.09, 10.09, 10.09, 10.09, 10.09, 10.09, 10.09, 10.09, 10.09, 10.09, 10.09, 10.09, 10.09, 10.09, 10.09, 10.09, 10.09, 10.09, 10.09, 10.09, 10.09, 10.09], "avg_f1_scores": [1.849543101099101, 2.3138302649303997, 1.9165469713456655, 1.4610062431142126, 1.849543101099101, 1.849543101099101, 1.4610062431142126, 1.849543101099101, 1.849543101099101, 1.849543101099101, 1.849543101099101, 1.849543101099101, 1.849543101099101, 1.849543101099101, 1.849543101099101, 1.849543101099101, 1.849543101099101, 1.849543101099101, 1.849543101099101, 1.849543101099101, 1.849543101099101, 1.849543101099101, 1.849543101099101, 1.849543101099101, 1.849543101099101, 1.849543101099101, 1.849543101099101, 1.849543101099101, 1.849543101099101, 1.849543101099101], "poison_class_accs": [0.0, 0.0, 0.0, 0.0, 0.0, 0.0, 0.0, 0.0, 0.0, 0.0, 0.0, 0.0, 0.0, 0.0, 0.0, 0.0, 0.0, 0.0, 0.0, 0.0, 0.0, 0.0, 0.0, 0.0, 0.0, 0.0, 0.0, 0.0, 0.0, 0.0], "poison_class_precisions": [100.0, 100.0, 100.0, 100.0, 100.0, 100.0, 100.0, 100.0, 100.0, 100.0, 100.0, 100.0, 100.0, 100.0, 100.0, 100.0, 100.0, 100.0, 100.0, 100.0, 100.0, 100.0, 100.0, 100.0, 100.0, 100.0, 100.0, 100.0, 100.0, 100.0], "poison_class_recalls": [0.0, 0.0, 0.0, 0.0, 0.0, 0.0, 0.0, 0.0, 0.0, 0.0, 0.0, 0.0, 0.0, 0.0, 0.0, 0.0, 0.0, 0.0, 0.0, 0.0, 0.0, 0.0, 0.0, 0.0, 0.0, 0.0, 0.0, 0.0, 0.0, 0.0], "poison_class_f1_scores": [0.0, 0.0, 0.0, 0.0, 0.0, 0.0, 0.0, 0.0, 0.0, 0.0, 0.0, 0.0, 0.0, 0.0, 0.0, 0.0, 0.0, 0.0, 0.0, 0.0, 0.0, 0.0, 0.0, 0.0, 0.0, 0.0, 0.0, 0.0, 0.0, 0.0], "all_class_metric_vals": [{"cls_accs": [0.0, 0.0, 0.0, 0.0, 0.0, 0.0, 0.0, 0.0, 0.0, 100.0], "cls_precisions": [1.0, 1.0, 1.0, 1.0, 1.0, 1.0, 1.0, 1.0, 1.0, 0.1009], "cls_recalls": [0.0, 0.0, 0.0, 0.0, 0.0, 0.0, 0.0, 0.0, 0.0, 1.0], "cls_f1_scores": [0.0, 0.0, 0.0, 0.0, 0.0, 0.0, 0.0, 0.0, 0.0, 0.18330456898900901]}, {"cls_accs": [0.0, 100.0, 0.0, 0.0, 0.0, 0.0, 0.0, 0.0, 0.0, 0.0], "cls_precisions": [1.0, 0.1135, 1.0, 1.0, 1.0, 1.0, 1.0, 1.0, 1.0, 1.0], "cls_recalls": [0.0, 1.0, 0.0, 0.0, 0.0, 0.0, 0.0, 0.0, 0.0, 0.0], "cls_f1_scores": [0.0, 0.203861697350696, 0.0, 0.0, 0.0, 0.0, 0.0, 0.0, 0.0, 0.0]}, {"cls_accs": [0.0, 0.0, 0.0, 0.0, 0.0, 0.0, 0.0, 100.0, 0.0, 0.0], "cls_precisions": [1.0, 1.0, 1.0, 1.0, 1.0, 1.0, 1.0, 0.1028, 1.0, 1.0], "cls_recalls": [0.0, 0.0, 0.0, 0.0, 0.0, 0.0, 0.0, 1.0, 0.0, 0.0], "cls_f1_scores": [0.0, 0.0, 0.0, 0.0, 0.0, 0.0, 0.0, 0.18643453028654336, 0.0, 0.0]}, {"cls_accs": [0.0, 0.0, 0.0, 0.0, 0.0, 100.0, 0.0, 0.0, 0.0, 0.0], "cls_precisions": [1.0, 1.0, 1.0, 1.0, 1.0, 0.0892, 1.0, 1.0, 1.0, 1.0], "cls_recalls": [0.0, 0.0, 0.0, 0.0, 0.0, 1.0, 0.0, 0.0, 0.0, 0.0], "cls_f1_scores": [0.0, 0.0, 0.0, 0.0, 0.0, 0.1637899375688579, 0.0, 0.0, 0.0, 0.0]}, {"cls_accs": [0.0, 0.0, 0.0, 0.0, 0.0, 0.0, 0.0, 0.0, 0.0, 100.0], "cls_precisions": [1.0, 1.0, 1.0, 1.0, 1.0, 1.0, 1.0, 1.0, 1.0, 0.1009], "cls_recalls": [0.0, 0.0, 0.0, 0.0, 0.0, 0.0, 0.0, 0.0, 0.0, 1.0], "cls_f1_scores": [0.0, 0.0, 0.0, 0.0, 0.0, 0.0, 0.0, 0.0, 0.0, 0.18330456898900901]}, {"cls_accs": [0.0, 0.0, 0.0, 0.0, 0.0, 0.0, 0.0, 0.0, 0.0, 100.0], "cls_precisions": [1.0, 1.0, 1.0, 1.0, 1.0, 1.0, 1.0, 1.0, 1.0, 0.1009], "cls_recalls": [0.0, 0.0, 0.0, 0.0, 0.0, 0.0, 0.0, 0.0, 0.0, 1.0], "cls_f1_scores": [0.0, 0.0, 0.0, 0.0, 0.0, 0.0, 0.0, 0.0, 0.0, 0.18330456898900901]}, {"cls_accs": [0.0, 0.0, 0.0, 0.0, 0.0, 100.0, 0.0, 0.0, 0.0, 0.0], "cls_precisions": [1.0, 1.0, 1.0, 1.0, 1.0, 0.0892, 1.0, 1.0, 1.0, 1.0], "cls_recalls": [0.0, 0.0, 0.0, 0.0, 0.0, 1.0, 0.0, 0.0, 0.0, 0.0], "cls_f1_scores": [0.0, 0.0, 0.0, 0.0, 0.0, 0.1637899375688579, 0.0, 0.0, 0.0, 0.0]}, {"cls_accs": [0.0, 0.0, 0.0, 0.0, 0.0, 0.0, 0.0, 0.0, 0.0, 100.0], "cls_precisions": [1.0, 1.0, 1.0, 1.0, 1.0, 1.0, 1.0, 1.0, 1.0, 0.1009], "cls_recalls": [0.0, 0.0, 0.0, 0.0, 0.0, 0.0, 0.0, 0.0, 0.0, 1.0], "cls_f1_scores": [0.0, 0.0, 0.0, 0.0, 0.0, 0.0, 0.0, 0.0, 0.0, 0.18330456898900901]}, {"cls_accs": [0.0, 0.0, 0.0, 0.0, 0.0, 0.0, 0.0, 0.0, 0.0, 100.0], "cls_precisions": [1.0, 1.0, 1.0, 1.0, 1.0, 1.0, 1.0, 1.0, 1.0, 0.1009], "cls_recalls": [0.0, 0.0, 0.0, 0.0, 0.0, 0.0, 0.0, 0.0, 0.0, 1.0], "cls_f1_scores": [0.0, 0.0, 0.0, 0.0, 0.0, 0.0, 0.0, 0.0, 0.0, 0.18330456898900901]}, {"cls_accs": [0.0, 0.0, 0.0, 0.0, 0.0, 0.0, 0.0, 0.0, 0.0, 100.0], "cls_precisions": [1.0, 1.0, 1.0, 1.0, 1.0, 1.0, 1.0, 1.0, 1.0, 0.1009], "cls_recalls": [0.0, 0.0, 0.0, 0.0, 0.0, 0.0, 0.0, 0.0, 0.0, 1.0], "cls_f1_scores": [0.0, 0.0, 0.0, 0.0, 0.0, 0.0, 0.0, 0.0, 0.0, 0.18330456898900901]}, {"cls_accs": [0.0, 0.0, 0.0, 0.0, 0.0, 0.0, 0.0, 0.0, 0.0, 100.0], "cls_precisions": [1.0, 1.0, 1.0, 1.0, 1.0, 1.0, 1.0, 1.0, 1.0, 0.1009], "cls_recalls": [0.0, 0.0, 0.0, 0.0, 0.0, 0.0, 0.0, 0.0, 0.0, 1.0], "cls_f1_scores": [0.0, 0.0, 0.0, 0.0, 0.0, 0.0, 0.0, 0.0, 0.0, 0.18330456898900901]}, {"cls_accs": [0.0, 0.0, 0.0, 0.0, 0.0, 0.0, 0.0, 0.0, 0.0, 100.0], "cls_precisions": [1.0, 1.0, 1.0, 1.0, 1.0, 1.0, 1.0, 1.0, 1.0, 0.1009], "cls_recalls": [0.0, 0.0, 0.0, 0.0, 0.0, 0.0, 0.0, 0.0, 0.0, 1.0], "cls_f1_scores": [0.0, 0.0, 0.0, 0.0, 0.0, 0.0, 0.0, 0.0, 0.0, 0.18330456898900901]}, {"cls_accs": [0.0, 0.0, 0.0, 0.0, 0.0, 0.0, 0.0, 0.0, 0.0, 100.0], "cls_precisions": [1.0, 1.0, 1.0, 1.0, 1.0, 1.0, 1.0, 1.0, 1.0, 0.1009], "cls_recalls": [0.0, 0.0, 0.0, 0.0, 0.0, 0.0, 0.0, 0.0, 0.0, 1.0], "cls_f1_scores": [0.0, 0.0, 0.0, 0.0, 0.0, 0.0, 0.0, 0.0, 0.0, 0.18330456898900901]}, {"cls_accs": [0.0, 0.0, 0.0, 0.0, 0.0, 0.0, 0.0, 0.0, 0.0, 100.0], "cls_precisions": [1.0, 1.0, 1.0, 1.0, 1.0, 1.0, 1.0, 1.0, 1.0, 0.1009], "cls_recalls": [0.0, 0.0, 0.0, 0.0, 0.0, 0.0, 0.0, 0.0, 0.0, 1.0], "cls_f1_scores": [0.0, 0.0, 0.0, 0.0, 0.0, 0.0, 0.0, 0.0, 0.0, 0.18330456898900901]}, {"cls_accs": [0.0, 0.0, 0.0, 0.0, 0.0, 0.0, 0.0, 0.0, 0.0, 100.0], "cls_precisions": [1.0, 1.0, 1.0, 1.0, 1.0, 1.0, 1.0, 1.0, 1.0, 0.1009], "cls_recalls": [0.0, 0.0, 0.0, 0.0, 0.0, 0.0, 0.0, 0.0, 0.0, 1.0], "cls_f1_scores": [0.0, 0.0, 0.0, 0.0, 0.0, 0.0, 0.0, 0.0, 0.0, 0.18330456898900901]}, {"cls_accs": [0.0, 0.0, 0.0, 0.0, 0.0, 0.0, 0.0, 0.0, 0.0, 100.0], "cls_precisions": [1.0, 1.0, 1.0, 1.0, 1.0, 1.0, 1.0, 1.0, 1.0, 0.1009], "cls_recalls": [0.0, 0.0, 0.0, 0.0, 0.0, 0.0, 0.0, 0.0, 0.0, 1.0], "cls_f1_scores": [0.0, 0.0, 0.0, 0.0, 0.0, 0.0, 0.0, 0.0, 0.0, 0.18330456898900901]}, {"cls_accs": [0.0, 0.0, 0.0, 0.0, 0.0, 0.0, 0.0, 0.0, 0.0, 100.0], "cls_precisions": [1.0, 1.0, 1.0, 1.0, 1.0, 1.0, 1.0, 1.0, 1.0, 0.1009], "cls_recalls": [0.0, 0.0, 0.0, 0.0, 0.0, 0.0, 0.0, 0.0, 0.0, 1.0],