{"config": {"DATASET": "mnist", "TOTAL_CLIENTS": 100, "CLIENT_FRAC": 0.1, "POISON_FRAC": 0.4, "CREATE_DATASET": false, "RANDOM_DATA": true, "CLASS_RATIO": 10, "MODEL": "nnet", "LEARNING_RATE": 0.001, "BATCH_SIZE": 32, "LOCAL_EPOCHS": 10, "OPTIMIZER": "adam", "FED_ROUNDS": 30, "TEST_EVERY": 1, "RANDOM_PROCESS": false, "COS_DEFENCE": true, "SEL_METHOD": 1, "REDUCE_LR": 1, "COLLAB_MODE": true, "COLLAB_ALL": true, "CONSIDER_LAYERS": "l1", "GRAD_AGG": true, "FEATURE_FINDING_ALGO": "auror", "GRAD_COLLECTION_START": 0, "GRAD_COLLECT_FOR": -1, "CLUSTER_SEP": 0.005, "ALPHA": 0.8, "BETA": 0.8, "GAMMA": 0.1, "TRUST_INC": 2, "TRUST_CUT_METHOD": 1, "HONEST_PARDON_FACTOR": 0.8, "LOG_LEVEL": "INFO", "JSON_RESULTS": true}, "mean_poison_class_acc": 55.55232558139535, "mean_attack_srate": 4.0310077519379846, "total_accuracies": [38.62, 69.51, 79.52, 78.91, 87.87, 82.42, 84.04, 90.52, 88.85, 89.76, 91.46, 90.88, 91.81, 84.4, 92.89, 90.61, 94.03, 94.12, 89.42, 85.33, 90.66, 88.15, 94.46, 85.4, 94.58, 86.46, 94.48, 92.3, 94.52, 86.08], "class_accuracies": [[99.28571428571429, 90.9251101321586, 0.0, 34.257425742574256, 51.12016293279022, 1.4573991031390134, 8.768267223382045, 0.0, 0.1026694045174538, 90.28741328047572], [97.04081632653062, 98.8546255506608, 0.0, 90.99009900990099, 89.40936863543789, 56.61434977578475, 80.1670146137787, 83.75486381322958, 54.92813141683778, 40.83250743310208], [95.40816326530613, 98.23788546255507, 26.162790697674417, 90.1980198019802, 87.16904276985743, 73.99103139013452, 88.83089770354906, 85.60311284046692, 71.56057494866529, 77.00693756194252], [95.91836734693878, 97.26872246696036, 0.9689922480620154, 91.38613861386139, 86.76171079429736, 75.11210762331838, 93.73695198329854, 87.84046692607004, 75.97535934291581, 84.34093161546085], [95.91836734693878, 96.82819383259911, 75.7751937984496, 87.82178217821782, 90.93686354378819, 84.64125560538116, 92.90187891440502, 89.59143968871595, 83.26488706365502, 80.17839444995045], [96.3265306122449, 98.6784140969163, 16.86046511627907, 90.79207920792079, 89.30753564154786, 85.08968609865471, 93.0062630480167, 90.27237354085604, 77.31006160164272, 87.1159563924678], [97.24489795918367, 98.32599118942731, 29.36046511627907, 88.21782178217822, 95.92668024439918, 87.89237668161435, 93.63256784968685, 89.49416342412451, 80.59548254620123, 80.57482656095144], [96.93877551020408, 97.88546255506608, 87.20930232558139, 89.70297029702971, 93.9918533604888, 87.89237668161435, 93.21503131524008, 89.88326848249027, 82.03285420944559, 85.43111992071358], [97.75510204081633, 97.79735682819383, 62.5968992248062, 89.4059405940594, 94.90835030549898, 88.00448430493273, 94.1544885177453, 90.46692607003891, 84.59958932238193, 88.70168483647176], [98.06122448979592, 97.88546255506608, 64.24418604651163, 92.47524752475248, 94.80651731160896, 85.76233183856502, 95.82463465553236, 92.80155642023347, 87.06365503080082, 88.30525272547077], [97.95918367346938, 97.79735682819383, 79.94186046511628, 90.29702970297029, 92.26069246435846, 88.11659192825113, 95.92901878914405, 91.43968871595331, 87.57700205338809, 92.66600594648166], [97.75510204081633, 98.32599118942731, 70.73643410852713, 92.97029702970298, 94.90835030549898, 90.47085201793722, 94.258872651357, 91.43968871595331, 86.44763860369609, 91.2784935579782], [98.36734693877551, 97.97356828193833, 78.48837209302326, 90.89108910891089, 95.62118126272912, 91.59192825112108, 96.45093945720251, 93.77431906614785, 88.29568788501027, 86.52130822596631], [97.95918367346938, 98.14977973568281, 5.717054263565892, 96.03960396039604, 93.48268839103869, 88.78923766816143, 94.258872651357, 90.6614785992218, 86.85831622176592, 93.75619425173439], [97.85714285714286, 98.76651982378854, 84.88372093023256, 92.97029702970298, 95.72301425661914, 92.48878923766816, 95.09394572025052, 93.67704280155642, 88.60369609856262, 88.40436075322101], [97.65306122448979, 98.76651982378854, 58.52713178294574, 93.06930693069307, 95.11201629327903, 91.70403587443946, 96.45093945720251, 92.8988326848249, 88.91170431211499, 93.3597621407334], [97.65306122448979, 98.50220264317181, 87.98449612403101, 93.36633663366337, 94.09368635437882, 92.04035874439462, 95.09394572025052, 94.55252918287938, 93.22381930184805, 93.26065411298315], [97.75510204081633, 98.94273127753304, 93.8953488372093, 93.66336633663366, 95.010183299389, 91.3677130044843, 95.61586638830897, 92.21789883268482, 88.09034907597535, 93.75619425173439], [98.36734693877551, 97.97356828193833, 42.92635658914729, 95.24752475247524, 93.27902240325865, 93.38565022421524, 95.82463465553236, 94.55252918287938, 89.63039014373716, 94.05351833498513], [97.55102040816327, 99.11894273127753, 2.2286821705426356, 95.64356435643565, 94.60285132382892, 92.71300448430493, 95.4070981210856, 92.70428015564202, 91.47843942505133, 94.05351833498513], [98.06122448979592, 99.11894273127753, 52.906976744186046, 94.25742574257426, 94.80651731160896, 92.26457399103138, 96.5553235908142, 94.06614785992218, 91.06776180698152, 94.05351833498513], [96.93877551020408, 99.03083700440529, 26.550387596899224, 96.53465346534654, 95.41751527494908, 93.38565022421524, 95.72025052192066, 95.42801556420234, 90.24640657084188, 93.65708622398414], [97.95918367346938, 99.03083700440529, 87.98449612403101, 94.25742574257426, 95.010183299389, 93.16143497757848, 97.07724425887265, 94.55252918287938, 91.37577002053388, 93.75619425173439], [98.06122448979592, 98.41409691629956, 0.9689922480620154, 93.66336633663366, 95.010183299389, 92.82511210762331, 96.86847599164926, 93.67704280155642, 92.71047227926078, 94.25173439048562], [98.16326530612245, 98.59030837004406, 89.63178294573643, 93.56435643564356, 96.33401221995926, 93.72197309417041, 96.13778705636743, 95.3307392996109, 93.1211498973306, 90.8820614469772], [97.85714285714286, 98.94273127753304, 7.364341085271318, 94.55445544554455, 95.21384928716904, 94.61883408071749, 95.09394572025052, 95.3307392996109, 93.53182751540041, 94.35084241823587], [97.85714285714286, 99.03083700440529, 88.66279069767442, 94.55445544554455, 96.02851323828921, 94.17040358744394, 95.92901878914405, 94.64980544747081, 90.86242299794661, 92.66600594648166], [98.46938775510205, 99.03083700440529, 64.05038759689923, 95.54455445544555, 95.62118126272912, 94.84304932735427, 95.61586638830897, 93.48249027237354, 93.42915811088295, 93.45887016848364], [98.06122448979592, 99.03083700440529, 86.53100775193798, 93.86138613861387, 92.4643584521385, 94.17040358744394, 96.5553235908142, 94.16342412451363, 94.55852156057495, 95.54013875123886], [97.55102040816327, 98.94273127753304, 1.065891472868217, 94.25742574257426, 96.02851323828921, 94.95515695067265, 97.07724425887265, 95.52529182879377, 93.73716632443532, 94.25173439048562]],