{"config": {"DATASET": "mnist", "CLIENT_FRAC": 0.2, "POISON_FRAC": 0.0, "CREATE_DATASET": false, "CLASS_RATIO": 10, "MODEL": "nnet", "LEARNING_RATE": 0.001, "BATCH_SIZE": 32, "LOCAL_EPOCHS": 3, "OPTIMIZER": "adam", "FED_ROUNDS": 30, "TEST_EVERY": 1, "RANDOM": true, "COS_DEFENCE": false, "SEL_METHOD": 1, "COLLAB_MODE": true, "COLLAB_ALL": false, "CONSIDER_LAYERS": "l1", "GRAD_AGG": true, "FEATURE_FINDING_ALGO": "auror_plus", "GRAD_COLLECTION_START": 0, "GRAD_COLLECT_FOR": -1, "CLUSTER_SEP": 2.0, "ALPHA": 0.5, "BETA": 0.5, "GAMMA": 0.5, "TRUST_INC": 2, "TRUST_CUT_METHOD": 1, "HONEST_PARDON_FACTOR": 0.99, "LOG_LEVEL": "INFO", "JSON_RESULTS": true}, "mean_poison_class_acc": 85.37596899224808, "mean_attack_srate": 3.0038759689922485, "total_accuracies": [17.3, 31.97, 42.47, 54.84, 68.21, 76.18, 78.24, 82.16, 84.22, 84.91, 85.96, 87.01, 87.23, 87.38, 88.18, 88.65, 89.34, 89.11, 89.71, 89.86, 90.05, 90.39, 90.81, 91.02, 91.51, 91.33, 91.49, 92.02, 92.04, 92.03], "class_accuracies": [[62.6530612244898, 0.3524229074889868, 0.0, 0.0, 0.0, 13.004484304932735, 0.0, 0.0, 0.0, 98.71159563924678], [99.08163265306122, 99.47136563876651, 11.143410852713178, 0.39603960396039606, 34.82688391038697, 9.417040358744394, 1.2526096033402923, 0.0, 0.0, 53.5183349851338], [98.57142857142857, 99.47136563876651, 68.8953488372093, 27.623762376237625, 66.08961303462321, 26.00896860986547, 1.3569937369519833, 12.45136186770428, 0.0, 13.875123885034688], [98.46938775510205, 98.23788546255507, 68.4108527131783, 57.12871287128713, 95.010183299389, 31.95067264573991, 10.12526096033403, 51.945525291828794, 27.926078028747433, 0.0], [94.59183673469387, 97.5330396475771, 74.8062015503876, 90.39603960396039, 88.90020366598777, 55.26905829596413, 70.56367432150313, 57.490272373540854, 10.677618069815194, 36.174430128840434], [96.73469387755102, 96.29955947136564, 82.65503875968992, 83.76237623762377, 79.42973523421588, 62.33183856502242, 82.77661795407099, 71.59533073929961, 35.1129363449692, 66.50148662041626], [93.9795918367347, 96.47577092511013, 81.1046511627907, 87.62376237623762, 90.73319755600815, 68.60986547085201, 83.40292275574113, 75.0, 57.39219712525667, 44.99504459861249], [95.40816326530613, 97.09251101321586, 85.94961240310077, 82.27722772277228, 73.11608961303462, 79.7085201793722, 84.55114822546973, 85.01945525291829, 59.3429158110883, 76.31318136769079], [94.48979591836735, 96.82819383259911, 81.1046511627907, 84.55445544554455, 82.99389002036659, 79.03587443946188, 90.18789144050105, 82.29571984435798, 73.61396303901438, 75.22299306243806], [95.71428571428571, 95.68281938325991, 81.87984496124031, 88.01980198019803, 86.76171079429736, 74.2152466367713, 88.4133611691023, 85.3112840466926, 77.1047227926078, 73.73637264618434], [95.10204081632654, 96.2114537444934, 82.07364341085271, 84.65346534653466, 84.41955193482688, 84.08071748878923, 88.83089770354906, 86.67315175097276, 75.05133470225873, 81.07036669970267], [95.71428571428571, 97.3568281938326, 84.88372093023256, 84.55445544554455, 85.64154786150714, 82.95964125560538, 91.02296450939457, 87.06225680933852, 77.41273100616016, 81.86323092170466], [95.51020408163265, 97.09251101321586, 82.55813953488372, 87.82178217821782, 86.0488798370672, 80.82959641255606, 92.79749478079331, 86.7704280155642, 78.02874743326488, 83.15163528245787], [96.0204081632653, 97.3568281938326, 82.36434108527132, 84.25742574257426, 86.9653767820774, 86.32286995515695, 91.8580375782881, 88.42412451361868, 75.564681724846, 83.44895936570862], [97.14285714285714, 96.82819383259911, 86.14341085271317, 82.77227722772277, 91.95519348268839, 81.05381165919283, 92.90187891440502, 86.67315175097276, 85.72895277207392, 79.28642220019822], [96.42857142857143, 96.91629955947137, 83.33333333333333, 86.63366336633663, 85.5397148676171, 84.86547085201794, 91.54488517745303, 89.10505836575875, 84.08624229979466, 86.81863230921705], [96.83673469387755, 96.91629955947137, 87.40310077519379, 89.00990099009901, 88.28920570264766, 82.73542600896862, 91.7536534446764, 89.88326848249027, 82.95687885010267, 86.02576808721507], [97.14285714285714, 97.18061674008811, 84.88372093023256, 89.4059405940594, 90.93686354378819, 85.08968609865471, 92.06680584551148, 88.32684824902724, 78.64476386036961, 86.12487611496532], [97.65306122448979, 96.47577092511013, 85.36821705426357, 89.60396039603961, 91.34419551934828, 81.95067264573991, 92.58872651356994, 88.52140077821012, 86.03696098562628, 86.22398414271557], [97.14285714285714, 97.09251101321586, 85.27131782945736, 89.4059405940594, 89.71486761710794, 84.4170403587444, 92.58872651356994, 89.59143968871595, 83.47022587268994, 88.60257680872151], [97.04081632653062, 96.82819383259911, 84.49612403100775, 86.73267326732673, 93.48268839103869, 86.99551569506727, 92.58872651356994, 89.2023346303502, 85.52361396303901, 86.81863230921705], [97.34693877551021, 97.62114537444934, 86.9186046511628, 90.0990099009901, 91.5478615071283, 86.32286995515695, 92.58872651356994, 90.07782101167315, 81.21149897330595, 88.89990089197225], [97.24489795918367, 97.79735682819383, 86.43410852713178, 88.11881188118812, 92.9735234215886, 86.65919282511211, 93.42379958246346, 89.6887159533074, 85.42094455852155, 89.29633300297324], [97.24489795918367, 96.82819383259911, 87.01550387596899, 88.81188118811882, 92.76985743380855, 84.86547085201794, 93.31941544885177, 90.6614785992218, 88.19301848049281, 89.39544103072349], [97.55102040816327, 96.91629955947137, 87.5, 91.58415841584159, 93.68635437881873, 86.09865470852019, 93.52818371607516, 90.56420233463035, 87.67967145790554, 88.9990089197225], [97.85714285714286, 96.82819383259911, 87.6937984496124, 90.29702970297029, 94.39918533604887, 85.20179372197309, 93.63256784968685, 91.24513618677042, 87.16632443531827, 87.90882061446978], [97.04081632653062, 97.26872246696036, 88.2751937984496, 88.81188118811882, 92.56619144602851, 88.34080717488789, 93.42379958246346, 90.36964980544747, 85.52361396303901, 92.36868186323092], [97.55102040816327, 97.88546255506608, 88.66279069767442, 93.06930693069307, 93.68635437881873, 87.21973094170404, 93.73695198329854, 92.31517509727627, 85.1129363449692, 89.79187314172448], [97.55102040816327, 98.06167400881057, 89.34108527131782, 91.68316831683168, 93.78818737270876, 88.78923766816143, 93.73695198329854, 92.8988326848249, 83.67556468172485, 89.79187314172448], [97.44897959183673, 97.18061674008811, 91.08527131782945, 87.52475247524752, 95.11201629327903, 90.02242152466367, 94.46764091858037, 90.46692607003891, 87.782340862423, 88.60257680872151]],