{"config": {"DATASET": "mnist", "TOTAL_CLIENTS": 100, "CLIENT_FRAC": 0.1, "POISON_FRAC": 0.2, "CREATE_DATASET": false, "RANDOM_DATA": true, "CLASS_RATIO": 10, "MODEL": "nnet", "LEARNING_RATE": 0.001, "BATCH_SIZE": 32, "LOCAL_EPOCHS": 10, "OPTIMIZER": "adam", "FED_ROUNDS": 30, "TEST_EVERY": 1, "RANDOM_PROCESS": false, "COS_DEFENCE": true, "SEL_METHOD": 1, "REDUCE_LR": 1, "COLLAB_MODE": true, "COLLAB_ALL": true, "CONSIDER_LAYERS": "l1", "GRAD_AGG": true, "FEATURE_FINDING_ALGO": "auror", "GRAD_COLLECTION_START": 0, "GRAD_COLLECT_FOR": -1, "CLUSTER_SEP": 0.005, "ALPHA": 0.8, "BETA": 0.8, "GAMMA": 0.1, "TRUST_INC": 2, "TRUST_CUT_METHOD": 1, "HONEST_PARDON_FACTOR": 0.8, "LOG_LEVEL": "INFO", "JSON_RESULTS": true}, "mean_poison_class_acc": 83.22189922480621, "mean_attack_srate": 3.0959302325581395, "total_accuracies": [37.49, 72.88, 84.58, 86.74, 88.4, 88.0, 89.44, 90.94, 91.32, 91.56, 91.89, 92.55, 92.83, 92.55, 93.02, 92.41, 94.09, 93.67, 90.11, 93.63, 93.55, 92.13, 94.5, 94.42, 94.64, 94.44, 94.54, 95.2, 94.65, 95.11], "class_accuracies": [[99.59183673469387, 85.37444933920705, 0.0, 40.0, 34.11405295315682, 0.8968609865470852, 14.091858037578287, 0.19455252918287938, 0.0, 91.17938553022795], [96.73469387755102, 98.8546255506608, 52.13178294573643, 90.4950495049505, 90.32586558044807, 51.79372197309417, 85.49060542797494, 82.68482490272373, 54.82546201232033, 21.20911793855302], [96.0204081632653, 98.14977973568281, 81.2015503875969, 87.22772277227723, 89.30753564154786, 68.27354260089686, 90.7098121085595, 87.2568093385214, 75.87268993839835, 68.6818632309217], [95.51020408163265, 97.26872246696036, 73.74031007751938, 90.0, 90.93686354378819, 74.2152466367713, 94.46764091858037, 88.03501945525292, 79.56878850102669, 81.66501486620416], [96.12244897959184, 96.65198237885463, 79.16666666666667, 85.84158415841584, 93.17718940936864, 84.08071748878923, 94.1544885177453, 88.61867704280155, 85.93429158110882, 79.48463825569871], [97.04081632653062, 98.32599118942731, 66.66666666666667, 89.60396039603961, 91.14052953156823, 84.08071748878923, 94.05010438413362, 89.98054474708171, 80.39014373716633, 87.80971258671953], [96.83673469387755, 98.23788546255507, 82.36434108527132, 87.32673267326733, 97.04684317718942, 88.00448430493273, 94.67640918580376, 89.00778210116732, 81.51950718685832, 78.69177403369673], [97.14285714285714, 97.62114537444934, 87.01550387596899, 89.60396039603961, 93.89002036659878, 89.91031390134529, 93.63256784968685, 89.98054474708171, 83.05954825462013, 86.81863230921705], [97.34693877551021, 97.70925110132158, 84.20542635658914, 88.91089108910892, 94.5010183299389, 89.34977578475336, 95.30271398747391, 89.98054474708171, 86.75564681724846, 88.60257680872151], [98.26530612244898, 97.88546255506608, 80.71705426356588, 90.5940594059406, 94.5010183299389, 86.09865470852019, 96.34655532359082, 92.12062256809338, 87.57700205338809, 90.68384539147671], [97.14285714285714, 98.6784140969163, 85.46511627906976, 91.18811881188118, 93.58452138492872, 86.88340807174887, 96.03340292275574, 89.98054474708171, 85.93429158110882, 92.9633300297324], [97.75510204081633, 98.59030837004406, 88.56589147286822, 91.48514851485149, 96.13034623217922, 91.92825112107623, 95.09394572025052, 90.36964980544747, 87.37166324435319, 87.71060455896928], [98.36734693877551, 98.23788546255507, 83.91472868217055, 92.47524752475248, 95.72301425661914, 91.14349775784753, 96.24217118997912, 93.48249027237354, 89.01437371663245, 89.29633300297324], [98.57142857142857, 98.6784140969163, 82.84883720930233, 93.96039603960396, 94.39918533604887, 91.4798206278027, 95.30271398747391, 91.24513618677042, 85.31827515400411, 93.1615460852329], [97.85714285714286, 98.59030837004406, 84.10852713178295, 93.86138613861387, 95.92668024439918, 92.26457399103138, 94.36325678496868, 92.12062256809338, 88.70636550308008, 91.97224975222993], [98.26530612244898, 98.8546255506608, 75.3875968992248, 92.47524752475248, 94.90835030549898, 93.49775784753363, 95.51148225469728, 92.31517509727627, 90.04106776180699, 92.86422200198216], [98.36734693877551, 98.59030837004406, 88.66279069767442, 92.27722772277228, 94.09368635437882, 94.05829596412556, 96.13778705636743, 92.60700389105058, 92.50513347022587, 93.3597621407334], [98.36734693877551, 98.23788546255507, 86.53100775193798, 94.35643564356435, 94.39918533604887, 91.3677130044843, 95.4070981210856, 91.63424124513618, 92.50513347022587, 93.45887016848364], [98.36734693877551, 98.06167400881057, 50.1937984496124, 94.55445544554455, 94.60285132382892, 91.25560538116592, 96.65970772442589, 92.02334630350195, 92.50513347022587, 93.65708622398414], [97.95918367346938, 98.6784140969163, 84.20542635658914, 93.46534653465346, 94.70468431771894, 93.83408071748879, 95.92901878914405, 92.60700389105058, 92.71047227926078, 92.07135777998018], [98.06122448979592, 98.94273127753304, 82.55813953488372, 94.75247524752476, 95.62118126272912, 93.72197309417041, 95.82463465553236, 93.09338521400778, 89.63039014373716, 93.06243805748265], [98.36734693877551, 98.76651982378854, 64.24418604651163, 94.75247524752476, 94.90835030549898, 93.16143497757848, 95.82463465553236, 94.55252918287938, 93.22381930184805, 93.85530227948463], [97.75510204081633, 98.76651982378854, 90.98837209302326, 93.56435643564356, 95.72301425661914, 93.38565022421524, 97.07724425887265, 91.53696498054475, 91.78644763860369, 94.05351833498513], [98.26530612244898, 98.94273127753304, 88.2751937984496, 93.46534653465346, 96.43584521384929, 94.28251121076234, 95.72025052192066, 92.60700389105058, 91.9917864476386, 93.95441030723488], [97.85714285714286, 98.59030837004406, 87.59689922480621, 94.35643564356435, 97.04684317718942, 93.27354260089686, 96.65970772442589, 92.8988326848249, 95.27720739219713, 92.66600594648166], [98.26530612244898, 98.76651982378854, 86.24031007751938, 93.46534653465346, 96.13034623217922, 94.28251121076234, 96.24217118997912, 93.3852140077821, 93.83983572895278, 93.65708622398414], [98.16326530612245, 98.94273127753304, 89.05038759689923, 94.25742574257426, 95.21384928716904, 93.72197309417041, 95.51148225469728, 92.41245136186771, 93.53182751540041, 94.25173439048562], [98.57142857142857, 99.03083700440529, 90.79457364341086, 96.33663366336634, 95.72301425661914, 94.5067264573991, 95.92901878914405, 93.8715953307393, 94.25051334702259, 92.66600594648166], [98.57142857142857, 99.11894273127753, 86.33720930232558, 94.15841584158416, 95.82484725050917, 95.96412556053812, 95.82463465553236, 93.3852140077821, 93.83983572895278, 93.45887016848364], [98.46938775510205, 99.03083700440529, 88.46899224806202, 94.45544554455445, 95.72301425661914, 94.28251121076234, 96.76409185803757, 93.77431906614785, 94.86652977412732, 95.04459861248762]],