{"config": {"DATASET": "mnist", "TOTAL_CLIENTS": 100, "CLIENT_FRAC": 0.2, "POISON_FRAC": 0.1, "CREATE_DATASET": false, "RANDOM_DATA": true, "CLASS_RATIO": 10, "MODEL": "nnet", "LEARNING_RATE": 0.001, "BATCH_SIZE": 32, "LOCAL_EPOCHS": 10, "OPTIMIZER": "adam", "FED_ROUNDS": 30, "TEST_EVERY": 1, "RANDOM_PROCESS": false, "COS_DEFENCE": true, "SEL_METHOD": 1, "REDUCE_LR": 1, "COLLAB_MODE": true, "COLLAB_ALL": true, "CONSIDER_LAYERS": "l1", "GRAD_AGG": true, "FEATURE_FINDING_ALGO": "auror", "GRAD_COLLECTION_START": 0, "GRAD_COLLECT_FOR": -1, "CLUSTER_SEP": 0.002, "ALPHA": 0.8, "BETA": 0.8, "GAMMA": 0.1, "TRUST_INC": 2, "TRUST_CUT_METHOD": 1, "HONEST_PARDON_FACTOR": 0.7, "LOG_LEVEL": "INFO", "JSON_RESULTS": true}, "mean_poison_class_acc": 85.58139534883722, "mean_attack_srate": 3.0852713178294566, "total_accuracies": [47.31, 69.5, 82.29, 85.42, 88.75, 89.64, 90.28, 90.28, 91.6, 91.88, 91.78, 92.92, 93.26, 93.33, 93.02, 92.31, 93.47, 93.53, 94.29, 93.77, 93.67, 93.7, 94.58, 94.02, 94.82, 94.88, 94.06, 95.02, 95.1, 94.4], "class_accuracies": [[99.28571428571429, 89.86784140969164, 0.0, 62.57425742574257, 70.26476578411405, 21.524663677130047, 21.29436325678497, 34.24124513618677, 15.297741273100616, 51.43706640237859], [97.34693877551021, 98.59030837004406, 31.3953488372093, 92.17821782178218, 81.67006109979633, 65.91928251121077, 81.83716075156576, 89.00778210116732, 28.234086242299796, 25.569871159563924], [96.22448979591837, 98.41409691629956, 74.8062015503876, 90.29702970297029, 86.15071283095723, 61.88340807174888, 90.39665970772442, 92.21789883268482, 74.53798767967146, 54.21209117938553], [97.14285714285714, 97.5330396475771, 65.11627906976744, 89.8019801980198, 84.92871690427698, 85.42600896860986, 90.29227557411274, 91.43968871595331, 70.43121149897331, 80.97125867195243], [97.75510204081633, 97.26872246696036, 79.74806201550388, 89.60396039603961, 90.93686354378819, 84.19282511210763, 92.06680584551148, 92.12062256809338, 81.10882956878851, 81.46679881070366], [97.04081632653062, 97.88546255506608, 84.59302325581395, 90.0990099009901, 90.63136456211812, 82.28699551569507, 91.9624217118998, 91.24513618677042, 81.00616016427105, 87.90882061446978], [97.75510204081633, 97.70925110132158, 81.5891472868217, 91.38613861386139, 92.4643584521385, 85.20179372197309, 93.1106471816284, 89.98054474708171, 82.23819301848049, 90.18830525272547], [97.34693877551021, 98.23788546255507, 78.10077519379846, 89.8019801980198, 94.60285132382892, 87.89237668161435, 94.05010438413362, 90.36964980544747, 82.64887063655031, 88.9990089197225], [97.65306122448979, 97.88546255506608, 85.36821705426357, 91.08910891089108, 90.42769857433808, 88.67713004484305, 93.21503131524008, 90.85603112840467, 87.16632443531827, 92.76511397423191], [97.34693877551021, 98.94273127753304, 83.33333333333333, 92.87128712871286, 92.36252545824847, 87.89237668161435, 94.36325678496868, 91.53696498054475, 85.93429158110882, 93.1615460852329], [97.14285714285714, 98.8546255506608, 80.13565891472868, 92.57425742574257, 93.89002036659878, 87.4439461883408, 95.4070981210856, 92.70428015564202, 85.62628336755647, 93.06243805748265], [97.65306122448979, 98.50220264317181, 85.94961240310077, 92.17821782178218, 93.9918533604888, 89.79820627802691, 95.51148225469728, 91.82879377431907, 90.14373716632444, 92.9633300297324], [98.06122448979592, 98.76651982378854, 88.0813953488372, 92.57425742574257, 94.39918533604887, 89.91031390134529, 95.51148225469728, 92.50972762645914, 89.3223819301848, 92.66600594648166], [98.26530612244898, 98.8546255506608, 86.43410852713178, 93.36633663366337, 93.9918533604888, 91.03139013452915, 94.78079331941545, 92.02334630350195, 90.86242299794661, 93.06243805748265], [97.75510204081633, 98.8546255506608, 82.55813953488372, 93.06930693069307, 94.90835030549898, 92.04035874439462, 94.88517745302714, 92.02334630350195, 90.24640657084188, 93.45887016848364], [97.65306122448979, 98.76651982378854, 74.51550387596899, 94.75247524752476, 92.76985743380855, 91.25560538116592, 96.24217118997912, 92.50972762645914, 89.83572895277207, 94.54905847373637], [97.85714285714286, 98.8546255506608, 85.36821705426357, 92.27722772277228, 93.9918533604888, 93.60986547085201, 94.1544885177453, 93.28793774319067, 90.34907597535934, 94.54905847373637], [98.06122448979592, 98.6784140969163, 84.20542635658914, 95.64356435643565, 94.09368635437882, 90.13452914798206, 96.24217118997912, 93.77431906614785, 89.83572895277207, 93.95441030723488], [97.85714285714286, 98.59030837004406, 92.44186046511628, 92.57425742574257, 94.60285132382892, 91.81614349775785, 95.82463465553236, 92.8988326848249, 91.68377823408625, 93.95441030723488], [98.26530612244898, 98.8546255506608, 85.17441860465117, 93.56435643564356, 94.70468431771894, 91.81614349775785, 95.82463465553236, 92.99610894941634, 92.40246406570841, 93.65708622398414], [98.36734693877551, 98.76651982378854, 83.13953488372093, 95.44554455445545, 93.9918533604888, 91.25560538116592, 95.51148225469728, 94.06614785992218, 91.88911704312115, 93.75619425173439], [98.26530612244898, 98.76651982378854, 82.65503875968992, 94.85148514851485, 94.19551934826885, 92.37668161434978, 96.5553235908142, 93.8715953307393, 90.96509240246407, 94.15262636273538], [97.95918367346938, 98.76651982378854, 91.95736434108527, 94.45544554455445, 96.43584521384929, 93.49775784753363, 96.34655532359082, 93.19066147859922, 90.4517453798768, 92.26957383548067], [98.06122448979592, 98.6784140969163, 83.91472868217055, 95.74257425742574, 95.010183299389, 93.16143497757848, 95.19832985386222, 93.3852140077821, 92.60780287474333, 94.15262636273538], [97.95918367346938, 98.8546255506608, 93.21705426356588, 95.84158415841584, 93.48268839103869, 90.69506726457399, 96.65970772442589, 94.06614785992218, 92.81314168377824, 93.75619425173439], [98.36734693877551, 98.8546255506608, 92.73255813953489, 94.05940594059406, 95.41751527494908, 93.60986547085201, 96.34655532359082, 92.70428015564202, 91.88911704312115, 94.35084241823587], [98.36734693877551, 98.50220264317181, 83.13953488372093, 95.84158415841584, 95.21384928716904, 93.38565022421524, 96.13778705636743, 93.28793774319067, 91.88911704312115, 94.64816650148661], [98.26530612244898, 98.6784140969163, 93.9922480620155, 95.34653465346534, 94.29735234215886, 91.81614349775785, 96.97286012526096, 93.19066147859922, 91.58110882956879, 95.34192269573836], [98.46938775510205, 98.76651982378854, 92.53875968992249, 95.34653465346534, 95.31568228105907, 93.38565022421524, 94.78079331941545, 94.64980544747081, 92.50513347022587, 94.64816650148661], [98.57142857142857, 98.8546255506608, 84.39922480620154, 94.95049504950495, 95.010183299389, 93.94618834080717, 95.72025052192066, 94.64980544747081, 92.91581108829568, 94.74727452923686]],