{"config": {"DATASET": "mnist", "TOTAL_CLIENTS": 100, "CLIENT_FRAC": 0.1, "POISON_FRAC": 0.0, "CREATE_DATASET": true, "RANDOM_DATA": true, "CLASS_RATIO": 10, "MODEL": "nnet", "LEARNING_RATE": 0.001, "BATCH_SIZE": 32, "LOCAL_EPOCHS": 10, "OPTIMIZER": "adam", "FED_ROUNDS": 30, "TEST_EVERY": 1, "RANDOM_PROCESS": true, "COS_DEFENCE": true, "SEL_METHOD": 1, "REDUCE_LR": 1, "COLLAB_MODE": true, "COLLAB_ALL": true, "CONSIDER_LAYERS": "l1", "GRAD_AGG": true, "FEATURE_FINDING_ALGO": "auror", "GRAD_COLLECTION_START": 0, "GRAD_COLLECT_FOR": -1, "CLUSTER_SEP": 0.005, "ALPHA": 0.8, "BETA": 0.8, "GAMMA": 0.1, "TRUST_INC": 2, "TRUST_CUT_METHOD": 1, "HONEST_PARDON_FACTOR": 0.7, "LOG_LEVEL": "INFO", "JSON_RESULTS": true}, "mean_poison_class_acc": 92.46124031007753, "mean_attack_srate": 2.9505813953488373, "total_accuracies": [46.86, 63.43, 82.72, 86.52, 88.25, 89.54, 90.2, 90.83, 91.91, 91.98, 92.62, 92.72, 93.37, 93.68, 93.52, 94.01, 94.32, 94.25, 94.42, 94.39, 94.57, 94.41, 94.39, 94.75, 95.0, 94.72, 95.05, 95.0, 95.15, 95.28], "class_accuracies": [[98.46938775510205, 87.7533039647577, 4.554263565891473, 71.2871287128713, 0.0, 46.860986547085204, 67.11899791231733, 87.2568093385214, 0.0, 0.0], [99.18367346938776, 98.8546255506608, 66.66666666666667, 80.6930693069307, 20.468431771894092, 46.860986547085204, 62.421711899791234, 88.91050583657588, 6.365503080082136, 54.80673934588702], [96.3265306122449, 98.32599118942731, 82.84883720930233, 80.5940594059406, 93.07535641547861, 80.4932735426009, 83.08977035490605, 87.35408560311284, 66.11909650924025, 56.78889990089197], [95.61224489795919, 97.26872246696036, 85.65891472868218, 88.51485148514851, 89.81670061099797, 74.2152466367713, 92.79749478079331, 89.2023346303502, 73.81930184804928, 75.7185332011893], [97.95918367346938, 97.79735682819383, 84.10852713178295, 88.91089108910892, 92.15885947046843, 83.29596412556054, 93.52818371607516, 86.96498054474708, 75.35934291581108, 80.97125867195243], [97.55102040816327, 97.5330396475771, 84.68992248062015, 88.61386138613861, 90.93686354378819, 83.74439461883408, 95.19832985386222, 90.6614785992218, 79.97946611909651, 85.13379583746284], [98.26530612244898, 96.82819383259911, 87.5, 87.42574257425743, 92.26069246435846, 86.32286995515695, 92.69311064718163, 90.85603112840467, 81.41683778234086, 87.31417244796829], [96.93877551020408, 97.5330396475771, 85.65891472868218, 87.32673267326733, 91.95519348268839, 91.81614349775785, 92.90187891440502, 91.34241245136187, 86.03696098562628, 86.32309217046581], [97.95918367346938, 96.91629955947137, 89.34108527131782, 88.81188118811882, 94.19551934826885, 90.02242152466367, 94.88517745302714, 90.85603112840467, 87.67967145790554, 87.90882061446978], [98.46938775510205, 97.09251101321586, 92.73255813953489, 88.61386138613861, 94.09368635437882, 86.99551569506727, 94.1544885177453, 91.53696498054475, 86.24229979466119, 88.800792864222], [97.34693877551021, 98.41409691629956, 91.95736434108527, 93.26732673267327, 93.07535641547861, 87.5560538116592, 96.45093945720251, 91.53696498054475, 86.24229979466119, 89.197224975223], [98.26530612244898, 97.97356828193833, 90.21317829457364, 94.95049504950495, 90.73319755600815, 89.23766816143498, 94.67640918580376, 91.63424124513618, 86.652977412731, 91.87314172447968], [97.75510204081633, 97.79735682819383, 90.40697674418605, 91.58415841584159, 93.68635437881873, 92.82511210762331, 96.5553235908142, 92.8988326848249, 89.42505133470226, 90.38652130822597], [97.85714285714286, 97.79735682819383, 90.40697674418605, 92.77227722772277, 93.27902240325865, 91.81614349775785, 96.13778705636743, 93.77431906614785, 90.34907597535934, 92.07135777998018], [98.06122448979592, 97.79735682819383, 90.98837209302326, 91.68316831683168, 96.84317718940937, 92.71300448430493, 95.72025052192066, 93.19066147859922, 87.57700205338809, 90.18830525272547], [98.06122448979592, 98.41409691629956, 92.15116279069767, 94.35643564356435, 93.89002036659878, 91.92825112107623, 96.97286012526096, 94.26070038910505, 86.24229979466119, 93.06243805748265], [97.95918367346938, 98.14977973568281, 94.57364341085271, 93.26732673267327, 94.09368635437882, 92.71300448430493, 95.82463465553236, 92.80155642023347, 90.96509240246407, 92.26957383548067], [98.46938775510205, 97.88546255506608, 91.56976744186046, 94.15841584158416, 94.29735234215886, 92.82511210762331, 96.03340292275574, 93.67704280155642, 90.24640657084188, 92.86422200198216], [98.16326530612245, 97.97356828193833, 90.89147286821705, 93.56435643564356, 94.60285132382892, 93.38565022421524, 95.30271398747391, 94.55252918287938, 92.60780287474333, 92.76511397423191], [97.75510204081633, 98.94273127753304, 91.27906976744185, 93.26732673267327, 93.07535641547861, 94.5067264573991, 95.4070981210856, 95.13618677042801, 91.68377823408625, 92.36868186323092], [97.85714285714286, 98.50220264317181, 93.6046511627907, 95.64356435643565, 94.70468431771894, 92.26457399103138, 97.28601252609603, 93.67704280155642, 90.4517453798768, 91.0802775024777], [98.36734693877551, 98.59030837004406, 92.05426356589147, 92.17821782178218, 95.41751527494908, 95.2914798206278, 94.88517745302714, 94.64980544747081, 91.47843942505133, 90.8820614469772], [98.36734693877551, 98.76651982378854, 90.98837209302326, 92.57425742574257, 94.70468431771894, 96.30044843049328, 95.61586638830897, 94.55252918287938, 89.93839835728953, 91.87314172447968], [98.57142857142857, 99.11894273127753, 94.37984496124031, 94.35643564356435, 93.68635437881873, 93.72197309417041, 96.5553235908142, 94.74708171206225, 89.52772073921972, 92.17046580773042], [98.6734693877551, 97.79735682819383, 95.63953488372093, 94.55445544554455, 93.17718940936864, 94.5067264573991, 95.72025052192066, 93.96887159533074, 91.78644763860369, 93.75619425173439], [98.36734693877551, 99.11894273127753, 92.53875968992249, 95.34653465346534, 94.5010183299389, 93.04932735426009, 95.4070981210856, 94.45525291828794, 91.47843942505133, 92.26957383548067], [98.6734693877551, 98.6784140969163, 94.18604651162791, 94.85148514851485, 94.09368635437882, 93.94618834080717, 96.13778705636743, 93.77431906614785, 91.47843942505133, 94.15262636273538], [98.26530612244898, 98.76651982378854, 93.02325581395348, 95.34653465346534, 95.41751527494908, 93.72197309417041, 96.97286012526096, 93.77431906614785, 91.37577002053388, 92.86422200198216], [98.36734693877551, 98.76651982378854, 94.28294573643412, 92.77227722772277, 94.09368635437882, 95.73991031390135, 96.86847599164926, 95.3307392996109, 92.81314168377824, 92.17046580773042], [98.16326530612245, 98.50220264317181, 94.0891472868217, 92.47524752475248, 96.74134419551935, 94.05829596412556, 97.59916492693111, 95.52529182879377, 93.32648870636551, 91.97224975222993]],