{"config": {"DATASET": "mnist", "TOTAL_CLIENTS": 100, "CLIENT_FRAC": 0.1, "POISON_FRAC": 0.1, "CREATE_DATASET": false, "RANDOM_DATA": true, "CLASS_RATIO": 10, "MODEL": "nnet", "LEARNING_RATE": 0.001, "BATCH_SIZE": 32, "LOCAL_EPOCHS": 10, "OPTIMIZER": "adam", "FED_ROUNDS": 30, "TEST_EVERY": 1, "RANDOM_PROCESS": false, "COS_DEFENCE": true, "SEL_METHOD": 1, "REDUCE_LR": 1, "COLLAB_MODE": true, "COLLAB_ALL": true, "CONSIDER_LAYERS": "l1", "GRAD_AGG": true, "FEATURE_FINDING_ALGO": "auror", "GRAD_COLLECTION_START": 0, "GRAD_COLLECT_FOR": -1, "CLUSTER_SEP": 0.005, "ALPHA": 0.8, "BETA": 0.8, "GAMMA": 0.1, "TRUST_INC": 2, "TRUST_CUT_METHOD": 1, "HONEST_PARDON_FACTOR": 0.8, "LOG_LEVEL": "INFO", "JSON_RESULTS": true}, "mean_poison_class_acc": 88.08139534883722, "mean_attack_srate": 3.0813953488372094, "total_accuracies": [39.89, 77.57, 84.95, 84.61, 88.54, 89.57, 89.83, 88.51, 90.49, 88.4, 92.24, 92.26, 92.84, 92.39, 92.89, 92.16, 93.82, 94.18, 94.12, 94.37, 94.17, 93.94, 94.15, 94.53, 94.04, 95.0, 92.51, 94.97, 94.91, 95.33], "class_accuracies": [[99.28571428571429, 94.62555066079295, 0.0, 37.02970297029703, 49.59266802443992, 5.044843049327354, 13.569937369519833, 0.0, 0.1026694045174538, 89.69276511397423], [96.42857142857143, 98.6784140969163, 65.31007751937985, 90.29702970297029, 89.40936863543789, 53.026905829596416, 86.22129436325679, 82.97665369649805, 65.50308008213553, 43.409316154608526], [96.3265306122449, 97.79735682819383, 80.62015503875969, 87.22772277227723, 87.16904276985743, 73.65470852017937, 90.39665970772442, 86.86770428015564, 75.66735112936345, 71.25867195242814], [96.42857142857143, 96.82819383259911, 53.39147286821706, 89.3069306930693, 83.5030549898167, 76.12107623318386, 94.05010438413362, 87.54863813229572, 79.7741273100616, 87.90882061446978], [96.3265306122449, 96.38766519823788, 78.97286821705427, 87.42574257425743, 91.5478615071283, 83.18385650224215, 93.31941544885177, 88.81322957198444, 85.72895277207392, 82.75520317145688], [96.3265306122449, 98.50220264317181, 83.72093023255815, 89.5049504950495, 88.28920570264766, 85.20179372197309, 93.94572025052192, 91.05058365758755, 80.69815195071868, 87.01684836471755], [96.22448979591837, 98.32599118942731, 87.79069767441861, 86.13861386138613, 96.02851323828921, 87.10762331838565, 94.57202505219206, 88.2295719844358, 81.51950718685832, 81.36769078295342], [97.75510204081633, 97.18061674008811, 67.24806201550388, 90.6930693069307, 91.64969450101833, 89.46188340807174, 92.06680584551148, 89.59143968871595, 79.26078028747433, 89.89098116947473], [97.44897959183673, 97.62114537444934, 74.90310077519379, 90.5940594059406, 93.89002036659878, 89.79820627802691, 94.1544885177453, 90.75875486381322, 83.67556468172485, 91.67492566897918], [98.06122448979592, 97.18061674008811, 54.06976744186046, 93.06930693069307, 94.80651731160896, 85.87443946188341, 95.72025052192066, 92.12062256809338, 84.08624229979466, 88.9990089197225], [97.95918367346938, 98.23788546255507, 85.36821705426357, 90.6930693069307, 93.68635437881873, 89.91031390134529, 94.36325678496868, 92.02334630350195, 88.29568788501027, 91.17938553022795], [97.04081632653062, 97.79735682819383, 91.08527131782945, 92.17821782178218, 96.02851323828921, 89.34977578475336, 95.19832985386222, 87.54863813229572, 89.42505133470226, 86.32309217046581], [97.75510204081633, 98.23788546255507, 89.34108527131782, 93.96039603960396, 95.92668024439918, 88.90134529147981, 95.72025052192066, 91.43968871595331, 87.57700205338809, 88.70168483647176], [98.16326530612245, 98.50220264317181, 81.78294573643412, 94.15841584158416, 94.19551934826885, 90.02242152466367, 95.51148225469728, 91.43968871595331, 86.34496919917865, 93.1615460852329], [98.16326530612245, 98.50220264317181, 86.24031007751938, 91.88118811881188, 96.5376782077393, 93.49775784753363, 94.05010438413362, 92.70428015564202, 87.67967145790554, 89.29633300297324], [97.95918367346938, 98.6784140969163, 78.77906976744185, 94.25742574257426, 93.07535641547861, 92.152466367713, 96.03340292275574, 92.41245136186771, 83.88090349075975, 93.95441030723488], [97.55102040816327, 98.32599118942731, 91.27906976744185, 93.36633663366337, 93.68635437881873, 91.3677130044843, 95.72025052192066, 90.85603112840467, 92.19712525667352, 93.26065411298315], [97.75510204081633, 98.50220264317181, 92.44186046511628, 93.76237623762377, 93.9918533604888, 91.81614349775785, 95.72025052192066, 92.41245136186771, 90.75975359342915, 93.95441030723488], [97.85714285714286, 98.59030837004406, 91.18217054263566, 94.15841584158416, 93.48268839103869, 93.04932735426009, 95.30271398747391, 93.3852140077821, 90.65708418891171, 92.9633300297324], [97.95918367346938, 98.59030837004406, 91.56976744186046, 94.05940594059406, 94.60285132382892, 91.25560538116592, 95.82463465553236, 94.45525291828794, 92.19712525667352, 92.46778989098117], [98.16326530612245, 99.03083700440529, 88.95348837209302, 94.75247524752476, 93.9918533604888, 92.71300448430493, 96.5553235908142, 92.21789883268482, 90.55441478439425, 94.25173439048562], [97.34693877551021, 98.59030837004406, 87.5, 95.14851485148515, 94.60285132382892, 91.70403587443946, 96.24217118997912, 93.48249027237354, 90.24640657084188, 93.95441030723488], [97.75510204081633, 98.59030837004406, 89.05038759689923, 94.55445544554455, 94.29735234215886, 92.26457399103138, 96.5553235908142, 92.31517509727627, 90.14373716632444, 95.44103072348861], [98.26530612244898, 98.6784140969163, 89.43798449612403, 93.06930693069307, 94.80651731160896, 92.9372197309417, 96.5553235908142, 93.96887159533074, 92.81314168377824, 94.35084241823587], [97.75510204081633, 98.50220264317181, 86.04651162790698, 96.13861386138613, 97.25050916496944, 92.48878923766816, 96.34655532359082, 92.99610894941634, 90.24640657084188, 92.26957383548067], [97.95918367346938, 98.76651982378854, 92.34496124031008, 95.04950495049505, 94.5010183299389, 93.04932735426009, 96.5553235908142, 94.64980544747081, 93.83983572895278, 92.76511397423191], [98.57142857142857, 98.94273127753304, 69.67054263565892, 96.33663366336634, 95.31568228105907, 93.27354260089686, 96.34655532359082, 92.70428015564202, 90.04106776180699, 94.05351833498513], [98.26530612244898, 98.8546255506608, 94.28294573643412, 93.16831683168317, 95.51934826883911, 93.83408071748879, 96.45093945720251, 93.09338521400778, 93.94250513347022, 91.87314172447968], [98.46938775510205, 98.94273127753304, 91.18217054263566, 93.56435643564356, 94.80651731160896, 94.05829596412556, 96.34655532359082, 92.60700389105058, 93.94250513347022, 94.84638255698711], [97.55102040816327, 98.8546255506608, 94.0891472868217, 94.85148514851485, 96.23217922606925, 93.60986547085201, 97.07724425887265, 93.67704280155642, 93.53182751540041, 93.3597621407334]],