{"config": {"DATASET": "mnist", "TOTAL_CLIENTS": 100, "CLIENT_FRAC": 0.1, "POISON_FRAC": 0.1, "CREATE_DATASET": true, "RANDOM_DATA": true, "CLASS_RATIO": 10, "MODEL": "nnet", "LEARNING_RATE": 0.001, "BATCH_SIZE": 32, "LOCAL_EPOCHS": 10, "OPTIMIZER": "adam", "FED_ROUNDS": 30, "TEST_EVERY": 1, "RANDOM_PROCESS": true, "COS_DEFENCE": false, "SEL_METHOD": 1, "REDUCE_LR": 1, "COLLAB_MODE": true, "COLLAB_ALL": true, "CONSIDER_LAYERS": "l1", "GRAD_AGG": true, "FEATURE_FINDING_ALGO": "auror", "GRAD_COLLECTION_START": 0, "GRAD_COLLECT_FOR": -1, "CLUSTER_SEP": 0.0001, "ALPHA": 0.8, "BETA": 0.8, "GAMMA": 0.1, "TRUST_INC": 2, "TRUST_CUT_METHOD": 2, "HONEST_PARDON_FACTOR": 0.99, "LOG_LEVEL": "INFO", "JSON_RESULTS": true}, "mean_poison_class_acc": 86.43410852713177, "mean_attack_srate": 3.2315891472868215, "total_accuracies": [46.17, 71.87, 84.5, 87.24, 87.51, 89.62, 89.75, 90.39, 91.93, 92.32, 92.88, 93.55, 92.62, 93.41, 93.85, 94.06, 94.36, 93.97, 94.51, 93.71, 91.36, 94.71, 94.3, 93.95, 95.01, 94.54, 93.85, 94.5, 94.08, 95.32], "class_accuracies": [[96.73469387755102, 98.6784140969163, 56.97674418604651, 43.76237623762376, 91.34419551934828, 52.3542600896861, 15.24008350730689, 0.0, 0.9240246406570842, 0.0], [95.91836734693878, 98.59030837004406, 51.93798449612403, 66.13861386138613, 89.30753564154786, 83.74439461883408, 88.3089770354906, 77.52918287937743, 45.17453798767967, 21.506442021803768], [96.3265306122449, 98.06167400881057, 70.63953488372093, 83.76237623762377, 85.64154786150714, 72.08520179372198, 92.37995824634656, 87.7431906614786, 76.59137577002053, 79.38553022794846], [94.08163265306122, 96.65198237885463, 83.43023255813954, 89.20792079207921, 88.39103869653768, 76.00896860986548, 94.36325678496868, 88.13229571984436, 78.43942505133471, 81.56590683845391], [96.22448979591837, 97.5330396475771, 69.67054263565892, 91.2871287128713, 92.87169042769857, 82.95964125560538, 92.79749478079331, 85.50583657587549, 80.9034907597536, 84.4400396432111], [97.44897959183673, 96.91629955947137, 83.23643410852713, 90.0990099009901, 91.44602851323829, 86.21076233183857, 90.81419624217119, 92.02334630350195, 79.7741273100616, 87.01684836471755], [97.34693877551021, 97.09251101321586, 77.42248062015504, 89.70297029702971, 94.60285132382892, 86.21076233183857, 94.98956158663883, 91.05058365758755, 81.72484599589322, 86.62041625371656], [96.83673469387755, 97.62114537444934, 77.13178294573643, 94.85148514851485, 94.60285132382892, 84.19282511210763, 94.88517745302714, 89.88326848249027, 84.80492813141684, 88.10703666997027], [96.93877551020408, 96.29955947136564, 84.49612403100775, 92.97029702970298, 94.09368635437882, 86.99551569506727, 93.31941544885177, 91.147859922179, 91.47843942505133, 90.8820614469772], [96.93877551020408, 97.26872246696036, 85.56201550387597, 92.57425742574257, 94.39918533604887, 91.14349775784753, 94.67640918580376, 91.24513618677042, 89.52772073921972, 89.49454905847374], [97.04081632653062, 97.88546255506608, 90.11627906976744, 91.08910891089108, 94.90835030549898, 93.04932735426009, 94.05010438413362, 90.95330739299611, 88.80903490759754, 90.48562933597621], [97.14285714285714, 97.79735682819383, 90.79457364341086, 92.37623762376238, 93.89002036659878, 91.70403587443946, 95.09394572025052, 92.31517509727627, 91.27310061601642, 92.56689791873141], [98.36734693877551, 97.3568281938326, 80.13565891472868, 92.97029702970298, 95.31568228105907, 91.3677130044843, 93.52818371607516, 94.64980544747081, 91.47843942505133, 90.78295341922696], [97.44897959183673, 98.06167400881057, 89.34108527131782, 92.77227722772277, 95.010183299389, 92.04035874439462, 95.4070981210856, 92.80155642023347, 89.63039014373716, 91.0802775024777], [97.75510204081633, 97.97356828193833, 89.34108527131782, 94.15841584158416, 95.72301425661914, 90.5829596412556, 96.5553235908142, 93.28793774319067, 90.14373716632444, 92.36868186323092], [97.75510204081633, 98.14977973568281, 93.7984496124031, 91.88118811881188, 95.010183299389, 92.37668161434978, 95.92901878914405, 91.24513618677042, 90.24640657084188, 93.65708622398414], [97.75510204081633, 97.88546255506608, 93.02325581395348, 91.58415841584159, 95.72301425661914, 92.71300448430493, 95.51148225469728, 92.80155642023347, 93.32648870636551, 92.86422200198216], [98.06122448979592, 98.94273127753304, 85.56201550387597, 94.65346534653466, 94.80651731160896, 93.27354260089686, 95.72025052192066, 91.53696498054475, 92.19712525667352, 94.64816650148661], [97.44897959183673, 98.76651982378854, 92.44186046511628, 95.04950495049505, 95.82484725050917, 92.04035874439462, 96.76409185803757, 91.82879377431907, 92.09445585215606, 92.26957383548067], [97.55102040816327, 98.41409691629956, 85.07751937984496, 93.66336633663366, 91.64969450101833, 93.04932735426009, 95.51148225469728, 92.70428015564202, 94.04517453798768, 95.14370664023787], [97.85714285714286, 99.03083700440529, 64.34108527131782, 92.27722772277228, 92.76985743380855, 96.52466367713005, 94.98956158663883, 91.73151750972762, 89.83572895277207, 94.84638255698711], [97.85714285714286, 98.50220264317181, 93.02325581395348, 92.27722772277228, 94.29735234215886, 93.94618834080717, 96.24217118997912, 91.147859922179, 94.25051334702259, 95.24281466798811], [96.93877551020408, 98.6784140969163, 87.20930232558139, 94.35643564356435, 95.62118126272912, 93.94618834080717, 96.13778705636743, 92.80155642023347, 91.78644763860369, 95.24281466798811], [98.57142857142857, 98.8546255506608, 80.32945736434108, 95.04950495049505, 95.21384928716904, 95.4035874439462, 95.72025052192066, 93.96887159533074, 92.09445585215606, 94.35084241823587], [97.85714285714286, 98.6784140969163, 90.60077519379846, 94.05940594059406, 96.23217922606925, 93.72197309417041, 96.5553235908142, 93.67704280155642, 93.83983572895278, 94.54905847373637], [98.36734693877551, 98.8546255506608, 88.0813953488372, 95.04950495049505, 94.70468431771894, 94.28251121076234, 96.13778705636743, 93.19066147859922, 91.27310061601642, 95.14370664023787], [97.65306122448979, 98.94273127753304, 80.62015503875969, 94.25742574257426, 96.23217922606925, 95.73991031390135, 95.61586638830897, 93.57976653696498, 91.47843942505133, 94.44995044598612], [98.26530612244898, 98.8546255506608, 82.84883720930233, 95.54455445544555, 95.82484725050917, 94.17040358744394, 96.5553235908142, 95.13618677042801, 93.22381930184805, 94.44995044598612], [99.08163265306122, 98.50220264317181, 81.2015503875969, 94.15841584158416, 96.33401221995926, 94.17040358744394, 94.258872651357, 93.77431906614785, 94.35318275154005, 94.94549058473736], [98.26530612244898, 98.6784140969163, 90.79457364341086, 94.75247524752476, 94.5010183299389, 93.83408071748879, 96.45093945720251, 94.64980544747081, 95.68788501026694, 95.24281466798811]],