{"config": {"DATASET": "mnist", "TOTAL_CLIENTS": 100, "CLIENT_FRAC": 0.2, "POISON_FRAC": 0.5, "CREATE_DATASET": true, "RANDOM_DATA": true, "CLASS_RATIO": 10, "MODEL": "nnet", "LEARNING_RATE": 0.001, "BATCH_SIZE": 32, "LOCAL_EPOCHS": 10, "OPTIMIZER": "adam", "FED_ROUNDS": 30, "TEST_EVERY": 1, "RANDOM_PROCESS": false, "COS_DEFENCE": false, "SEL_METHOD": 1, "REDUCE_LR": 1, "COLLAB_MODE": true, "COLLAB_ALL": true, "CONSIDER_LAYERS": "l1", "GRAD_AGG": true, "FEATURE_FINDING_ALGO": "auror", "GRAD_COLLECTION_START": 0, "GRAD_COLLECT_FOR": -1, "CLUSTER_SEP": 0.002, "ALPHA": 0.8, "BETA": 0.8, "GAMMA": 0.1, "TRUST_INC": 2, "TRUST_CUT_METHOD": 1, "HONEST_PARDON_FACTOR": 0.7, "LOG_LEVEL": "INFO", "JSON_RESULTS": true}, "mean_poison_class_acc": 48.77131782945737, "mean_attack_srate": 4.143410852713178, "total_accuracies": [47.32, 63.36, 76.39, 82.19, 82.42, 88.5, 87.61, 86.54, 88.53, 91.11, 88.97, 91.82, 89.43, 84.51, 92.44, 84.73, 93.11, 87.75, 93.52, 84.99, 93.35, 85.37, 92.96, 87.24, 92.78, 90.08, 93.66, 85.48, 94.73, 85.79], "class_accuracies": [[97.14285714285714, 96.82819383259911, 0.0, 27.623762376237625, 88.18737270875764, 26.569506726457398, 16.910229645093946, 89.2023346303502, 22.587268993839835, 0.0], [96.93877551020408, 98.8546255506608, 0.0, 77.92079207920793, 90.42769857433808, 87.10762331838565, 70.9812108559499, 86.18677042801556, 21.765913757700204, 3.3696729435084243], [96.22448979591837, 98.6784140969163, 1.4534883720930232, 84.75247524752476, 93.38085539714868, 77.13004484304933, 92.90187891440502, 90.56420233463035, 67.96714579055441, 61.14965312190287], [96.73469387755102, 98.14977973568281, 32.07364341085271, 86.03960396039604, 92.4643584521385, 86.32286995515695, 91.44050104384134, 88.81322957198444, 73.71663244353182, 76.51139742319128], [96.83673469387755, 98.14977973568281, 24.8062015503876, 89.5049504950495, 95.31568228105907, 82.0627802690583, 93.73695198329854, 89.88326848249027, 76.79671457905545, 77.40336967294351], [97.34693877551021, 96.82819383259911, 70.73643410852713, 88.01980198019803, 95.11201629327903, 85.08968609865471, 94.57202505219206, 89.98054474708171, 84.90759753593429, 81.9623389494549], [97.24489795918367, 98.94273127753304, 61.24031007751938, 90.89108910891089, 94.60285132382892, 88.78923766816143, 94.46764091858037, 89.6887159533074, 77.41273100616016, 82.55698711595639], [97.65306122448979, 97.88546255506608, 41.56976744186046, 91.2871287128713, 96.02851323828921, 88.2286995515695, 94.258872651357, 89.98054474708171, 83.16221765913758, 85.92666005946482], [97.04081632653062, 97.3568281938326, 56.298449612403104, 88.61386138613861, 93.38085539714868, 89.91031390134529, 95.82463465553236, 89.98054474708171, 89.11704312114989, 88.30525272547077], [97.55102040816327, 97.62114537444934, 78.00387596899225, 93.06930693069307, 95.31568228105907, 88.11659192825113, 95.4070981210856, 90.85603112840467, 88.19301848049281, 86.52130822596631], [97.55102040816327, 97.97356828193833, 53.58527131782946, 93.06930693069307, 96.02851323828921, 88.90134529147981, 95.82463465553236, 92.41245136186771, 86.55030800821355, 88.10703666997027], [97.75510204081633, 98.06167400881057, 77.81007751937985, 94.45544554455445, 96.23217922606925, 89.57399103139014, 96.24217118997912, 91.63424124513618, 89.11704312114989, 87.01684836471755], [97.85714285714286, 98.50220264317181, 53.10077519379845, 93.66336633663366, 94.70468431771894, 89.34977578475336, 96.86847599164926, 92.80155642023347, 87.26899383983573, 90.48562933597621], [97.55102040816327, 98.41409691629956, 1.2596899224806202, 94.85148514851485, 94.90835030549898, 89.68609865470852, 96.86847599164926, 92.80155642023347, 90.14373716632444, 90.68384539147671], [97.95918367346938, 98.14977973568281, 75.48449612403101, 94.35643564356435, 96.5376782077393, 92.60089686098655, 96.45093945720251, 93.09338521400778, 90.04106776180699, 89.79187314172448], [97.44897959183673, 98.6784140969163, 0.0, 92.87128712871286, 94.5010183299389, 92.37668161434978, 96.76409185803757, 94.74708171206225, 89.83572895277207, 92.36868186323092], [97.85714285714286, 98.32599118942731, 80.81395348837209, 95.44554455445545, 95.72301425661914, 90.69506726457399, 97.39039665970772, 93.57976653696498, 91.06776180698152, 89.89098116947473], [97.85714285714286, 98.23788546255507, 29.166666666666668, 92.47524752475248, 95.72301425661914, 92.82511210762331, 96.03340292275574, 92.8988326848249, 90.4517453798768, 93.3597621407334], [98.06122448979592, 98.50220264317181, 82.55813953488372, 93.26732673267327, 95.51934826883911, 92.82511210762331, 96.97286012526096, 93.3852140077821, 91.47843942505133, 92.46778989098117], [97.65306122448979, 98.50220264317181, 0.0, 92.97029702970298, 96.13034623217922, 92.48878923766816, 97.07724425887265, 93.48249027237354, 91.47843942505133, 92.56689791873141], [98.77551020408163, 98.50220264317181, 79.94186046511628, 94.15841584158416, 96.74134419551935, 93.38565022421524, 96.34655532359082, 93.96887159533074, 90.55441478439425, 91.0802775024777], [98.06122448979592, 98.94273127753304, 0.3875968992248062, 94.55445544554455, 95.41751527494908, 93.16143497757848, 96.24217118997912, 94.16342412451363, 91.37577002053388, 93.75619425173439], [97.95918367346938, 98.8546255506608, 73.06201550387597, 94.45544554455445, 96.13034623217922, 93.49775784753363, 96.97286012526096, 94.55252918287938, 92.29979466119096, 91.97224975222993], [98.57142857142857, 98.6784140969163, 17.344961240310077, 95.34653465346534, 96.23217922606925, 93.27354260089686, 96.86847599164926, 94.3579766536965, 91.88911704312115, 91.77403369672943], [98.06122448979592, 98.23788546255507, 71.12403100775194, 95.44554455445545, 95.92668024439918, 92.82511210762331, 96.76409185803757, 93.67704280155642, 92.71047227926078, 93.26065411298315], [97.55102040816327, 98.41409691629956, 45.542635658914726, 94.45544554455445, 96.43584521384929, 95.51569506726457, 96.24217118997912, 93.8715953307393, 91.68377823408625, 92.36868186323092], [98.46938775510205, 98.6784140969163, 80.32945736434108, 95.54455445544555, 96.74134419551935, 92.9372197309417, 96.65970772442589, 94.94163424124514, 90.86242299794661, 91.2784935579782], [97.75510204081633, 98.32599118942731, 0.0, 95.74257425742574, 94.90835030549898, 91.25560538116592, 97.80793319415449, 94.64980544747081, 93.1211498973306, 93.55797819623389], [98.36734693877551, 98.32599118942731, 89.72868217054264, 95.54455445544555, 95.72301425661914, 91.59192825112108, 97.28601252609603, 93.96887159533074, 93.22381930184805, 93.06243805748265], [98.26530612244898, 98.06167400881057, 0.1937984496124031, 95.54455445544555, 96.43584521384929, 92.9372197309417, 97.28601252609603, 94.8443579766537, 93.73716632443532, 93.1615460852329]],