{"config": {"DATASET": "mnist", "TOTAL_CLIENTS": 100, "CLIENT_FRAC": 0.1, "POISON_FRAC": 0.1, "CREATE_DATASET": true, "RANDOM_DATA": true, "CLASS_RATIO": 10, "MODEL": "nnet", "LEARNING_RATE": 0.001, "BATCH_SIZE": 32, "LOCAL_EPOCHS": 10, "OPTIMIZER": "adam", "FED_ROUNDS": 30, "TEST_EVERY": 1, "RANDOM_PROCESS": true, "COS_DEFENCE": true, "SEL_METHOD": 1, "REDUCE_LR": 1, "COLLAB_MODE": true, "COLLAB_ALL": true, "CONSIDER_LAYERS": "l1", "GRAD_AGG": true, "FEATURE_FINDING_ALGO": "auror", "GRAD_COLLECTION_START": 0, "GRAD_COLLECT_FOR": -1, "CLUSTER_SEP": 0.002, "ALPHA": 0.8, "BETA": 0.8, "GAMMA": 0.1, "TRUST_INC": 2, "TRUST_CUT_METHOD": 2, "HONEST_PARDON_FACTOR": 0.99, "LOG_LEVEL": "INFO", "JSON_RESULTS": true}, "mean_poison_class_acc": 87.90213178294576, "mean_attack_srate": 2.9893410852713176, "total_accuracies": [38.09, 66.49, 83.45, 86.1, 85.49, 88.98, 88.99, 90.03, 91.11, 90.94, 92.46, 92.35, 92.2, 93.08, 93.27, 94.16, 93.49, 94.22, 94.04, 93.82, 93.69, 94.84, 94.59, 94.45, 95.18, 95.04, 95.28, 92.13, 94.81, 95.0], "class_accuracies": [[69.6938775510204, 0.0, 93.7015503875969, 66.23762376237623, 92.76985743380855, 56.502242152466366, 1.5657620041753653, 1.264591439688716, 4.825462012320329, 0.0], [99.48979591836735, 77.18061674008811, 84.98062015503876, 67.62376237623762, 82.4847250509165, 29.59641255605381, 84.8643006263048, 66.53696498054475, 57.90554414784394, 10.20812685827552], [97.55102040816327, 95.06607929515418, 68.31395348837209, 82.37623762376238, 78.41140529531569, 75.33632286995515, 90.50104384133611, 88.715953307393, 77.72073921971253, 78.79088206144698], [97.14285714285714, 94.97797356828194, 76.25968992248062, 87.52475247524752, 87.78004073319755, 77.46636771300449, 93.1106471816284, 84.72762645914396, 84.70225872689939, 76.1149653121903], [97.95918367346938, 96.74008810572687, 63.75968992248062, 79.20792079207921, 92.87169042769857, 87.66816143497758, 91.9624217118998, 87.15953307392996, 81.82751540041068, 75.81764122893955], [98.06122448979592, 96.91629955947137, 83.72093023255815, 87.42574257425743, 90.52953156822811, 83.74439461883408, 92.58872651356994, 90.85603112840467, 79.87679671457906, 84.73736372646184], [97.65306122448979, 98.50220264317181, 71.60852713178295, 91.58415841584159, 94.60285132382892, 86.43497757847534, 92.79749478079331, 90.07782101167315, 81.72484599589322, 84.14271555996035], [97.85714285714286, 97.3568281938326, 76.35658914728683, 90.4950495049505, 92.56619144602851, 83.74439461883408, 92.48434237995825, 92.99610894941634, 87.26899383983573, 88.10703666997027], [96.83673469387755, 96.91629955947137, 81.68604651162791, 91.78217821782178, 93.9918533604888, 85.87443946188341, 94.67640918580376, 91.82879377431907, 88.39835728952772, 88.30525272547077], [98.46938775510205, 97.97356828193833, 77.03488372093024, 90.39603960396039, 94.70468431771894, 89.01345291479821, 94.57202505219206, 92.31517509727627, 87.37166324435319, 87.1159563924678], [97.34693877551021, 98.32599118942731, 88.17829457364341, 93.56435643564356, 92.66802443991854, 86.65919282511211, 95.92901878914405, 90.07782101167315, 88.60369609856262, 92.17046580773042], [97.85714285714286, 98.41409691629956, 84.20542635658914, 94.85148514851485, 94.80651731160896, 89.46188340807174, 94.67640918580376, 92.50972762645914, 87.67967145790554, 88.30525272547077], [98.16326530612245, 98.6784140969163, 85.07751937984496, 86.83168316831683, 95.62118126272912, 91.59192825112108, 95.51148225469728, 92.31517509727627, 89.21971252566735, 88.60257680872151], [98.46938775510205, 98.32599118942731, 85.65891472868218, 94.05940594059406, 94.90835030549898, 91.81614349775785, 95.4070981210856, 91.53696498054475, 91.06776180698152, 89.197224975223], [98.26530612244898, 98.59030837004406, 84.68992248062015, 94.05940594059406, 95.11201629327903, 91.4798206278027, 94.88517745302714, 94.26070038910505, 90.34907597535934, 90.48562933597621], [98.06122448979592, 98.32599118942731, 94.37984496124031, 91.88118811881188, 93.78818737270876, 93.60986547085201, 95.51148225469728, 92.99610894941634, 90.55441478439425, 91.97224975222993], [98.16326530612245, 98.94273127753304, 87.5, 92.47524752475248, 95.41751527494908, 93.27354260089686, 94.36325678496868, 92.60700389105058, 89.21971252566735, 92.46778989098117], [98.36734693877551, 98.59030837004406, 90.01937984496124, 94.65346534653466, 94.90835030549898, 91.14349775784753, 96.76409185803757, 92.60700389105058, 92.60780287474333, 91.97224975222993], [98.46938775510205, 98.50220264317181, 87.79069767441861, 94.75247524752476, 93.68635437881873, 91.4798206278027, 96.34655532359082, 94.55252918287938, 92.40246406570841, 91.87314172447968], [98.77551020408163, 98.8546255506608, 87.59689922480621, 91.48514851485149, 97.04684317718942, 93.04932735426009, 95.19832985386222, 94.26070038910505, 91.9917864476386, 89.59365708622398], [98.57142857142857, 98.41409691629956, 82.75193798449612, 93.96039603960396, 94.90835030549898, 93.94618834080717, 94.98956158663883, 95.13618677042801, 93.83983572895278, 90.28741328047572], [98.46938775510205, 98.32599118942731, 93.21705426356588, 94.65346534653466, 95.31568228105907, 93.49775784753363, 94.36325678496868, 94.94163424124514, 93.73716632443532, 91.37760158572844], [98.57142857142857, 98.14977973568281, 90.31007751937985, 94.45544554455445, 93.78818737270876, 94.28251121076234, 94.78079331941545, 93.96887159533074, 94.14784394250513, 93.1615460852329], [97.85714285714286, 98.41409691629956, 89.53488372093024, 94.35643564356435, 94.70468431771894, 94.5067264573991, 97.28601252609603, 92.02334630350195, 93.22381930184805, 92.46778989098117], [98.36734693877551, 98.59030837004406, 94.67054263565892, 95.04950495049505, 95.82484725050917, 94.39461883408072, 95.92901878914405, 94.16342412451363, 92.60780287474333, 91.77403369672943], [98.06122448979592, 98.50220264317181, 93.02325581395348, 95.04950495049505, 94.90835030549898, 93.27354260089686, 96.65970772442589, 93.8715953307393, 93.83983572895278, 92.76511397423191], [98.57142857142857, 98.06167400881057, 93.5077519379845, 94.55445544554455, 95.010183299389, 94.84304932735427, 95.30271398747391, 94.74708171206225, 94.55852156057495, 93.3597621407334], [98.6734693877551, 98.41409691629956, 65.89147286821705, 94.55445544554455, 94.70468431771894, 93.83408071748879, 95.82463465553236, 93.48249027237354, 92.19712525667352, 94.15262636273538], [98.36734693877551, 98.8546255506608, 88.56589147286822, 95.84158415841584, 94.80651731160896, 93.60986547085201, 95.92901878914405, 94.3579766536965, 94.04517453798768, 93.3597621407334], [98.16326530612245, 98.59030837004406, 91.47286821705427, 94.95049504950495, 94.5010183299389, 93.60986547085201, 96.5553235908142, 93.57976653696498, 94.14784394250513, 94.05351833498513]],