{"config": {"DATASET": "mnist", "CLIENT_FRAC": 0.2, "POISON_FRAC": 0.2, "CREATE_DATASET": false, "CLASS_RATIO": 10, "MODEL": "nnet", "LEARNING_RATE": 0.001, "BATCH_SIZE": 32, "LOCAL_EPOCHS": 3, "OPTIMIZER": "adam", "FED_ROUNDS": 30, "TEST_EVERY": 1, "RANDOM": true, "COS_DEFENCE": true, "SEL_METHOD": 1, "COLLAB_MODE": true, "COLLAB_ALL": false, "CONSIDER_LAYERS": "l1", "GRAD_AGG": true, "FEATURE_FINDING_ALGO": "auror_plus", "GRAD_COLLECTION_START": 0, "GRAD_COLLECT_FOR": -1, "CLUSTER_SEP": 2.0, "ALPHA": 0.5, "BETA": 0.5, "GAMMA": 0.5, "TRUST_INC": 2, "TRUST_CUT_METHOD": 1, "HONEST_PARDON_FACTOR": 0.99, "LOG_LEVEL": "INFO", "JSON_RESULTS": true}, "mean_poison_class_acc": 69.55426356589147, "mean_attack_srate": 3.0077519379844966, "total_accuracies": [12.69, 16.28, 24.91, 36.57, 42.59, 45.65, 55.95, 68.4, 76.57, 79.21, 82.3, 84.96, 85.52, 86.51, 87.12, 87.31, 88.31, 89.07, 89.85, 88.67, 88.05, 91.02, 89.38, 90.79, 91.99, 91.61, 91.41, 91.37, 92.1, 91.82], "class_accuracies": [[99.89795918367346, 19.47136563876652, 0.0, 1.4851485148514851, 0.0, 2.690582959641256, 3.1315240083507305, 0.0, 0.0, 0.0], [99.89795918367346, 24.31718061674009, 0.0, 0.0, 13.84928716904277, 1.345291479820628, 23.2776617954071, 0.19455252918287938, 0.0, 0.0], [99.89795918367346, 90.48458149779735, 0.0, 0.0, 14.358452138492872, 17.60089686098655, 19.51983298538622, 0.0, 0.0, 0.0], [99.28571428571429, 98.14977973568281, 2.5193798449612403, 47.82178217821782, 23.014256619144604, 2.4663677130044843, 65.0313152400835, 17.898832684824903, 0.0, 0.5946481665014867], [98.6734693877551, 98.06167400881057, 23.449612403100776, 29.702970297029704, 30.957230142566193, 25.22421524663677, 79.85386221294364, 0.2918287937743191, 0.0, 33.696729435084244], [91.0204081632653, 99.38325991189427, 0.0, 77.72277227722772, 59.164969450101836, 1.0089686098654709, 82.77661795407099, 27.33463035019455, 0.0, 9.514370664023787], [93.87755102040816, 99.20704845814979, 30.329457364341085, 85.24752475247524, 67.5152749490835, 21.973094170403588, 79.33194154488518, 2.821011673151751, 2.0533880903490758, 70.06937561942517], [94.18367346938776, 99.20704845814979, 58.333333333333336, 83.96039603960396, 82.89205702647658, 66.81614349775785, 84.23799582463465, 31.420233463035018, 33.26488706365503, 47.27452923686818], [95.91836734693878, 99.03083700440529, 71.51162790697674, 90.0, 81.87372708757637, 58.96860986547085, 85.80375782881002, 75.19455252918289, 40.34907597535934, 62.239841427155596], [96.0204081632653, 97.97356828193833, 75.48449612403101, 85.34653465346534, 94.80651731160896, 72.30941704035874, 90.50104384133611, 86.7704280155642, 62.936344969199176, 27.651139742319128], [97.55102040816327, 98.8546255506608, 72.57751937984496, 88.21782178217822, 89.0020366598778, 69.73094170403587, 91.23173277661796, 86.67315175097276, 60.47227926078029, 65.60951437066403], [98.26530612244898, 98.14977973568281, 75.7751937984496, 86.93069306930693, 86.9653767820774, 75.33632286995515, 91.44050104384134, 88.2295719844358, 72.8952772073922, 73.33994053518335], [98.36734693877551, 98.14977973568281, 72.28682170542636, 85.94059405940594, 89.91853360488798, 78.02690582959642, 91.02296450939457, 87.7431906614786, 79.56878850102669, 72.54707631318136], [98.26530612244898, 97.18061674008811, 73.74031007751938, 87.22772277227723, 91.5478615071283, 79.5964125560538, 91.54488517745303, 87.64591439688716, 78.13141683778234, 78.79088206144698], [98.06122448979592, 97.3568281938326, 73.35271317829458, 86.83168316831683, 92.15885947046843, 81.95067264573991, 93.52818371607516, 90.56420233463035, 78.02874743326488, 78.1962338949455], [97.95918367346938, 97.70925110132158, 70.73643410852713, 88.91089108910892, 93.9918533604888, 83.18385650224215, 91.8580375782881, 87.7431906614786, 81.62217659137578, 78.49355797819624], [98.36734693877551, 97.00440528634361, 73.25581395348837, 88.31683168316832, 90.020366598778, 86.54708520179372, 93.84133611691023, 89.10505836575875, 78.85010266940452, 87.1159563924678], [98.16326530612245, 97.44493392070484, 76.74418604651163, 87.72277227722772, 92.36252545824847, 86.65919282511211, 93.0062630480167, 89.49416342412451, 82.23819301848049, 86.12487611496532], [98.06122448979592, 97.3568281938326, 80.52325581395348, 87.62376237623762, 93.48268839103869, 86.7713004484305, 94.67640918580376, 89.2023346303502, 84.59958932238193, 85.53022794846383], [98.16326530612245, 97.44493392070484, 67.05426356589147, 91.38613861386139, 93.9918533604888, 85.53811659192826, 93.84133611691023, 90.07782101167315, 84.08624229979466, 84.63825569871159], [98.06122448979592, 97.09251101321586, 58.52713178294574, 92.97029702970298, 93.27902240325865, 84.64125560538116, 94.1544885177453, 90.6614785992218, 82.85420944558521, 87.90882061446978], [98.26530612244898, 97.26872246696036, 83.13953488372093, 89.8019801980198, 94.29735234215886, 87.78026905829596, 94.1544885177453, 88.91050583657588, 88.39835728952772, 87.61149653121903], [98.46938775510205, 97.5330396475771, 65.60077519379846, 88.81188118811882, 94.80651731160896, 89.79820627802691, 93.42379958246346, 89.49416342412451, 88.70636550308008, 87.31417244796829], [98.36734693877551, 97.62114537444934, 78.58527131782945, 91.68316831683168, 93.78818737270876, 88.78923766816143, 95.19832985386222, 90.75875486381322, 84.18891170431212, 88.40436075322101], [98.06122448979592, 97.79735682819383, 88.95348837209302, 91.98019801980197, 93.9918533604888, 87.33183856502242, 95.4070981210856, 90.27237354085604, 87.16632443531827, 88.00792864222002], [98.06122448979592, 97.79735682819383, 82.36434108527132, 92.37623762376238, 94.80651731160896, 88.90134529147981, 95.09394572025052, 91.53696498054475, 86.03696098562628, 88.50346878097126], [98.36734693877551, 97.3568281938326, 76.35658914728683, 92.37623762376238, 93.9918533604888, 89.79820627802691, 95.30271398747391, 91.43968871595331, 90.75975359342915, 88.20614469772052], [98.16326530612245, 97.09251101321586, 74.32170542635659, 92.07920792079207, 94.39918533604887, 89.79820627802691, 95.30271398747391, 91.24513618677042, 91.27310061601642, 89.99008919722498], [98.26530612244898, 97.88546255506608, 80.42635658914729, 91.88118811881188, 92.15885947046843, 90.35874439461884, 95.72025052192066, 91.24513618677042, 90.34907597535934, 92.36868186323092], [98.87755102040816, 98.06167400881057, 78.87596899224806, 93.76237623762377, 95.62118126272912, 88.90134529147981, 94.57202505219206, 92.70428015564202, 87.67967145790554, 88.60257680872151]],