{"config": {"DATASET": "mnist", "TOTAL_CLIENTS": 100, "CLIENT_FRAC": 0.2, "POISON_FRAC": 0.5, "CREATE_DATASET": false, "RANDOM_DATA": true, "CLASS_RATIO": 10, "MODEL": "nnet", "LEARNING_RATE": 0.001, "BATCH_SIZE": 32, "LOCAL_EPOCHS": 10, "OPTIMIZER": "adam", "FED_ROUNDS": 30, "TEST_EVERY": 1, "RANDOM_PROCESS": false, "COS_DEFENCE": true, "SEL_METHOD": 1, "REDUCE_LR": 1, "COLLAB_MODE": true, "COLLAB_ALL": true, "CONSIDER_LAYERS": "l1", "GRAD_AGG": true, "FEATURE_FINDING_ALGO": "auror", "GRAD_COLLECTION_START": 0, "GRAD_COLLECT_FOR": -1, "CLUSTER_SEP": 0.002, "ALPHA": 0.8, "BETA": 0.8, "GAMMA": 0.1, "TRUST_INC": 2, "TRUST_CUT_METHOD": 1, "HONEST_PARDON_FACTOR": 0.7, "LOG_LEVEL": "INFO", "JSON_RESULTS": true}, "mean_poison_class_acc": 58.62403100775194, "mean_attack_srate": 3.953488372093023, "total_accuracies": [49.38, 67.43, 75.79, 81.06, 82.61, 88.47, 87.81, 89.34, 84.76, 90.21, 86.55, 91.99, 91.26, 92.28, 93.02, 89.16, 90.97, 92.72, 84.87, 93.92, 85.17, 93.79, 90.14, 94.03, 90.62, 92.48, 94.6, 85.7, 94.6, 89.0], "class_accuracies": [[99.38775510204081, 98.8546255506608, 0.0, 46.83168316831683, 73.11608961303462, 12.780269058295964, 13.465553235908143, 61.38132295719844, 16.83778234086242, 60.75322101090188], [97.65306122448979, 98.76651982378854, 0.0, 90.1980198019802, 84.62321792260693, 73.87892376681614, 69.41544885177453, 88.91050583657588, 32.648870636550306, 36.37264618434093], [96.3265306122449, 97.88546255506608, 1.1627906976744187, 91.18811881188118, 87.27087576374745, 68.94618834080717, 88.51774530271399, 92.70428015564202, 75.46201232032854, 57.77998017839445], [97.24489795918367, 97.26872246696036, 23.643410852713178, 87.22772277227723, 87.06720977596741, 86.99551569506727, 89.4572025052192, 89.00778210116732, 75.66735112936345, 77.70069375619426], [97.55102040816327, 97.26872246696036, 23.74031007751938, 89.00990099009901, 92.87169042769857, 82.847533632287, 91.23173277661796, 91.43968871595331, 81.93018480492813, 78.69177403369673], [97.34693877551021, 97.70925110132158, 73.25581395348837, 90.99009900990099, 90.32586558044807, 84.75336322869956, 92.48434237995825, 90.27237354085604, 80.49281314168378, 86.02576808721507], [97.85714285714286, 98.06167400881057, 63.275193798449614, 89.4059405940594, 93.48268839103869, 88.67713004484305, 91.7536534446764, 90.07782101167315, 78.64476386036961, 86.52130822596631], [98.26530612244898, 97.44493392070484, 71.99612403100775, 88.61386138613861, 93.07535641547861, 86.32286995515695, 92.79749478079331, 91.73151750972762, 86.13963039014374, 86.42220019821606], [97.24489795918367, 97.5330396475771, 21.414728682170544, 90.89108910891089, 92.4643584521385, 88.56502242152466, 93.42379958246346, 90.95330739299611, 86.34496919917865, 89.99008919722498], [98.16326530612245, 98.50220264317181, 72.67441860465117, 92.77227722772277, 92.15885947046843, 87.66816143497758, 94.36325678496868, 90.95330739299611, 85.42094455852155, 88.800792864222], [97.85714285714286, 98.41409691629956, 31.2015503875969, 91.2871287128713, 94.5010183299389, 90.13452914798206, 95.19832985386222, 91.82879377431907, 86.75564681724846, 89.39544103072349], [97.95918367346938, 98.32599118942731, 81.68604651162791, 93.06930693069307, 94.80651731160896, 87.66816143497758, 95.4070981210856, 91.73151750972762, 89.42505133470226, 89.09811694747275], [98.46938775510205, 98.59030837004406, 71.60852713178295, 93.46534653465346, 93.89002036659878, 88.34080717488789, 95.92901878914405, 91.92607003891051, 89.42505133470226, 90.58473736372646], [98.16326530612245, 98.6784140969163, 78.87596899224806, 92.77227722772277, 95.010183299389, 92.82511210762331, 95.4070981210856, 91.24513618677042, 89.21971252566735, 90.48562933597621], [97.65306122448979, 98.59030837004406, 84.59302325581395, 93.96039603960396, 95.62118126272912, 90.24663677130044, 96.34655532359082, 91.63424124513618, 89.42505133470226, 91.57581764122894], [97.85714285714286, 98.59030837004406, 43.41085271317829, 94.85148514851485, 94.90835030549898, 91.3677130044843, 96.13778705636743, 92.31517509727627, 91.27310061601642, 91.77403369672943], [98.06122448979592, 98.6784140969163, 61.627906976744185, 92.27722772277228, 93.78818737270876, 93.94618834080717, 96.03340292275574, 92.99610894941634, 89.11704312114989, 93.65708622398414], [98.46938775510205, 98.76651982378854, 76.35658914728683, 95.24752475247524, 94.60285132382892, 90.5829596412556, 96.34655532359082, 93.3852140077821, 89.52772073921972, 93.55797819623389], [97.85714285714286, 98.50220264317181, 0.0, 93.36633663366337, 95.92668024439918, 91.92825112107623, 96.03340292275574, 94.16342412451363, 90.55441478439425, 92.66600594648166], [98.46938775510205, 98.76651982378854, 87.40310077519379, 93.56435643564356, 94.5010183299389, 92.152466367713, 96.5553235908142, 92.50972762645914, 91.06776180698152, 93.75619425173439], [98.46938775510205, 98.6784140969163, 2.0348837209302326, 94.55445544554455, 94.5010183299389, 91.92825112107623, 95.30271398747391, 93.28793774319067, 91.9917864476386, 93.1615460852329], [98.36734693877551, 98.8546255506608, 85.27131782945736, 94.25742574257426, 95.82484725050917, 91.4798206278027, 96.5553235908142, 93.57976653696498, 90.96509240246407, 92.26957383548067], [98.06122448979592, 99.03083700440529, 48.934108527131784, 95.64356435643565, 97.9633401221996, 92.48878923766816, 96.45093945720251, 93.3852140077821, 90.86242299794661, 89.39544103072349], [98.57142857142857, 98.50220264317181, 83.52713178294573, 94.45544554455445, 95.41751527494908, 91.92825112107623, 96.34655532359082, 93.48249027237354, 94.25051334702259, 93.55797819623389], [98.57142857142857, 98.94273127753304, 49.9031007751938, 96.93069306930693, 94.80651731160896, 91.25560538116592, 95.82463465553236, 93.77431906614785, 92.50513347022587, 94.25173439048562], [98.57142857142857, 98.94273127753304, 69.0891472868217, 94.05940594059406, 95.51934826883911, 93.38565022421524, 96.03340292275574, 92.60700389105058, 92.81314168377824, 94.05351833498513], [98.6734693877551, 98.50220264317181, 87.01550387596899, 94.75247524752476, 94.90835030549898, 93.94618834080717, 96.5553235908142, 93.77431906614785, 93.1211498973306, 94.54905847373637], [98.36734693877551, 98.6784140969163, 2.0348837209302326, 95.34653465346534, 95.92668024439918, 93.38565022421524, 96.13778705636743, 92.80155642023347, 91.68377823408625, 95.04459861248762], [98.36734693877551, 98.76651982378854, 86.82170542635659, 94.95049504950495, 96.02851323828921, 93.49775784753363, 96.65970772442589, 95.03891050583658, 90.96509240246407, 94.54905847373637], [98.46938775510205, 98.8546255506608, 31.589147286821706, 95.14851485148515, 95.82484725050917, 92.60089686098655, 95.19832985386222, 94.45525291828794, 94.14784394250513, 95.04459861248762]],