{"config": {"DATASET": "mnist", "CLIENT_FRAC": 0.2, "POISON_FRAC": 0.4, "CREATE_DATASET": false, "CLASS_RATIO": 10, "MODEL": "nnet", "LEARNING_RATE": 0.001, "BATCH_SIZE": 32, "LOCAL_EPOCHS": 3, "OPTIMIZER": "adam", "FED_ROUNDS": 30, "TEST_EVERY": 1, "RANDOM": true, "COS_DEFENCE": true, "SEL_METHOD": 1, "COLLAB_MODE": true, "CONSIDER_LAYERS": "l1", "GRAD_AGG": true, "FEATURE_FINDING_ALGO": "auror_plus", "GRAD_COLLECTION_START": 0, "GRAD_COLLECT_FOR": -1, "CLUSTER_SEP": 2.0, "ALPHA": 0.5, "BETA": 0.5, "GAMMA": 0.5, "TRUST_INC": 2, "TRUST_CUT_METHOD": 1, "HONEST_PARDON_FACTOR": 0.99, "LOG_LEVEL": "INFO", "JSON_RESULTS": true}, "mean_poison_class_acc": 64.7170542635659, "mean_attack_srate": 3.794573643410853, "total_accuracies": [13.0, 31.92, 33.56, 30.39, 30.63, 46.88, 52.39, 66.21, 78.5, 80.45, 83.64, 84.75, 85.56, 86.77, 85.6, 87.93, 87.7, 88.82, 88.58, 89.69, 90.65, 90.32, 91.03, 91.13, 88.63, 91.89, 91.9, 92.09, 90.66, 91.16], "class_accuracies": [[26.428571428571427, 0.0, 0.0, 0.49504950495049505, 0.0, 0.0, 2.922755741127349, 0.0, 0.0, 99.90089197224975], [68.36734693877551, 0.0, 0.0, 79.60396039603961, 0.0, 0.0, 69.51983298538622, 7.782101167315175, 0.0, 96.33300297324084], [89.08163265306122, 56.38766519823788, 0.0, 79.8019801980198, 0.0, 0.0, 0.20876826722338204, 4.766536964980545, 0.0, 97.7205153617443], [80.20408163265306, 66.6079295154185, 0.0, 47.722772277227726, 0.10183299389002037, 0.0, 0.10438413361169102, 1.3618677042801557, 0.0, 99.00891972249752], [89.28571428571429, 36.47577092511013, 0.0, 75.74257425742574, 0.0, 0.0, 0.0, 1.8482490272373542, 0.0, 98.1169474727453], [97.55102040816327, 99.03083700440529, 4.457364341085271, 52.67326732673267, 3.7678207739307537, 4.147982062780269, 84.65553235908142, 15.66147859922179, 9.240246406570842, 88.60257680872151], [95.10204081632654, 96.74008810572687, 0.0, 57.722772277227726, 1.120162932790224, 56.502242152466366, 51.56576200417537, 11.867704280155642, 53.49075975359343, 96.53121902874133], [97.34693877551021, 99.11894273127753, 12.887596899224807, 94.75247524752476, 64.4602851323829, 24.663677130044842, 83.8204592901879, 71.69260700389106, 25.770020533880903, 80.0792864222002], [97.44897959183673, 99.47136563876651, 56.58914728682171, 86.13861386138613, 89.5112016293279, 74.2152466367713, 84.34237995824634, 80.25291828793775, 54.31211498973306, 60.35678889990089], [96.73469387755102, 98.41409691629956, 50.968992248062015, 90.5940594059406, 89.10386965376782, 67.9372197309417, 89.5615866388309, 82.1011673151751, 68.37782340862422, 68.38453914767096], [97.65306122448979, 97.09251101321586, 67.05426356589147, 85.84158415841584, 89.91853360488798, 80.82959641255606, 91.44050104384134, 83.46303501945525, 69.81519507186859, 72.15064420218037], [97.55102040816327, 96.65198237885463, 71.41472868217055, 82.07920792079207, 91.24236252545825, 86.32286995515695, 93.0062630480167, 86.18677042801556, 73.81930184804928, 68.78097125867195], [96.63265306122449, 96.74008810572687, 65.40697674418605, 87.22772277227723, 87.9837067209776, 81.95067264573991, 92.48434237995825, 82.19844357976653, 76.38603696098562, 87.71060455896928], [97.75510204081633, 97.97356828193833, 71.99612403100775, 87.62376237623762, 94.29735234215886, 84.19282511210763, 91.23173277661796, 86.38132295719845, 75.564681724846, 79.68285431119921], [97.04081632653062, 96.82819383259911, 57.945736434108525, 84.65346534653466, 95.21384928716904, 88.34080717488789, 92.06680584551148, 85.21400778210116, 76.89938398357289, 81.9623389494549], [97.14285714285714, 98.23788546255507, 73.93410852713178, 88.41584158415841, 89.81670061099797, 85.53811659192826, 94.46764091858037, 86.86770428015564, 78.13141683778234, 85.82755203171457], [97.95918367346938, 97.18061674008811, 76.06589147286822, 87.72277227722772, 96.5376782077393, 89.23766816143498, 91.33611691022965, 88.42412451361868, 78.33675564681725, 73.83548067393458], [96.53061224489795, 97.62114537444934, 74.6124031007752, 89.00990099009901, 92.4643584521385, 89.01345291479821, 95.09394572025052, 87.15953307392996, 79.46611909650925, 86.81863230921705], [97.55102040816327, 97.62114537444934, 71.41472868217055, 88.7128712871287, 95.21384928716904, 86.7713004484305, 95.4070981210856, 87.35408560311284, 81.82751540041068, 83.54806739345887], [97.95918367346938, 97.26872246696036, 76.93798449612403, 88.11881188118812, 93.78818737270876, 91.14349775784753, 93.31941544885177, 88.81322957198444, 83.9835728952772, 85.43111992071358], [97.95918367346938, 97.70925110132158, 83.81782945736434, 91.68316831683168, 94.5010183299389, 85.08968609865471, 94.78079331941545, 88.32684824902724, 83.05954825462013, 88.50346878097126], [98.16326530612245, 97.88546255506608, 79.84496124031008, 91.08910891089108, 96.02851323828921, 88.78923766816143, 94.05010438413362, 89.29961089494164, 83.88090349075975, 83.64717542120911], [98.16326530612245, 97.5330396475771, 83.81782945736434, 90.99009900990099, 95.31568228105907, 88.78923766816143, 94.258872651357, 88.715953307393, 85.21560574948666, 86.9177403369673], [97.85714285714286, 97.97356828193833, 79.84496124031008, 91.68316831683168, 93.48268839103869, 88.00448430493273, 95.92901878914405, 90.1750972762646, 86.03696098562628, 89.69276511397423], [98.06122448979592, 98.14977973568281, 57.945736434108525, 91.38613861386139, 96.5376782077393, 89.34977578475336, 94.78079331941545, 91.53696498054475, 84.59958932238193, 84.14271555996035], [97.85714285714286, 97.88546255506608, 87.40310077519379, 90.6930693069307, 94.29735234215886, 91.81614349775785, 95.72025052192066, 89.88326848249027, 84.70225872689939, 88.20614469772052], [97.95918367346938, 97.62114537444934, 84.01162790697674, 91.58415841584159, 95.82484725050917, 90.69506726457399, 94.258872651357, 89.98054474708171, 88.09034907597535, 88.60257680872151], [97.95918367346938, 98.06167400881057, 85.75581395348837, 92.47524752475248, 95.31568228105907, 89.23766816143498, 96.65970772442589, 90.56420233463035, 86.13963039014374, 88.10703666997027], [98.16326530612245, 98.41409691629956, 71.70542635658914, 91.88118811881188, 96.5376782077393, 90.91928251121077, 96.24217118997912, 91.53696498054475, 85.52361396303901, 85.62933597621408], [97.75510204081633, 97.97356828193833, 72.09302325581395, 92.57425742574257, 95.72301425661914, 91.59192825112108, 94.98956158663883, 91.92607003891051, 87.57700205338809, 89.39544103072349]],