{"config": {"DATASET": "mnist", "CLIENT_FRAC": 0.2, "POISON_FRAC": 0.1, "CREATE_DATASET": false, "CLASS_RATIO": 10, "MODEL": "nnet", "LEARNING_RATE": 0.001, "BATCH_SIZE": 32, "LOCAL_EPOCHS": 3, "OPTIMIZER": "adam", "FED_ROUNDS": 30, "TEST_EVERY": 1, "RANDOM": true, "COS_DEFENCE": false, "SEL_METHOD": 1, "COLLAB_MODE": true, "COLLAB_ALL": false, "CONSIDER_LAYERS": "l1", "GRAD_AGG": true, "FEATURE_FINDING_ALGO": "auror_plus", "GRAD_COLLECTION_START": 0, "GRAD_COLLECT_FOR": -1, "CLUSTER_SEP": 2.0, "ALPHA": 0.5, "BETA": 0.5, "GAMMA": 0.5, "TRUST_INC": 2, "TRUST_CUT_METHOD": 1, "HONEST_PARDON_FACTOR": 0.99, "LOG_LEVEL": "INFO", "JSON_RESULTS": true}, "mean_poison_class_acc": 81.17441860465117, "mean_attack_srate": 3.1395348837209305, "total_accuracies": [29.06, 39.7, 48.8, 56.15, 65.36, 73.69, 78.27, 78.46, 81.72, 83.82, 84.0, 85.25, 86.48, 86.64, 86.8, 88.52, 88.05, 88.73, 89.29, 89.79, 90.0, 90.1, 90.67, 90.34, 91.3, 91.57, 91.07, 91.53, 92.01, 92.08], "class_accuracies": [[63.265306122448976, 32.863436123348016, 2.0348837209302326, 33.960396039603964, 50.509164969450104, 32.399103139013455, 0.0, 0.0, 0.0, 75.7185332011893], [98.26530612244898, 96.29955947136564, 22.771317829457363, 46.93069306930693, 75.45824847250509, 39.68609865470852, 11.482254697286013, 0.0, 0.0, 0.0], [92.95918367346938, 99.38325991189427, 59.10852713178294, 18.316831683168317, 64.86761710794298, 64.57399103139014, 36.84759916492693, 34.33852140077821, 0.1026694045174538, 12.487611496531219], [96.93877551020408, 99.20704845814979, 48.74031007751938, 55.148514851485146, 69.85743380855398, 35.31390134529148, 85.07306889352819, 45.13618677042802, 0.0, 19.722497522299307], [93.57142857142857, 98.23788546255507, 78.19767441860465, 85.34653465346534, 65.27494908350306, 38.56502242152467, 66.38830897703549, 69.45525291828794, 0.0, 49.554013875123886], [96.0204081632653, 97.26872246696036, 77.42248062015504, 86.23762376237623, 77.90224032586558, 35.08968609865471, 87.160751565762, 67.8988326848249, 40.554414784394254, 64.22200198216055], [95.61224489795919, 97.97356828193833, 71.89922480620154, 87.02970297029702, 74.23625254582485, 46.63677130044843, 87.2651356993737, 76.84824902723736, 67.76180698151951, 71.95242814667988], [96.53061224489795, 98.32599118942731, 70.15503875968992, 90.0990099009901, 80.34623217922606, 45.964125560538115, 91.7536534446764, 87.06225680933852, 60.677618069815196, 58.077304261645196], [96.73469387755102, 97.26872246696036, 72.18992248062015, 88.81188118811882, 68.83910386965377, 60.65022421524664, 90.81419624217119, 86.47859922178988, 70.73921971252567, 80.57482656095144], [96.63265306122449, 98.23788546255507, 80.52325581395348, 85.04950495049505, 83.19755600814663, 71.74887892376681, 91.7536534446764, 84.72762645914396, 72.07392197125257, 71.45688800792864], [94.89795918367346, 96.82819383259911, 74.12790697674419, 84.85148514851485, 70.36659877800408, 79.82062780269058, 90.81419624217119, 86.67315175097276, 74.02464065708419, 85.62933597621408], [96.73469387755102, 95.85903083700441, 73.93410852713178, 79.70297029702971, 81.46639511201629, 80.26905829596413, 90.91858037578288, 85.7976653696498, 82.4435318275154, 84.14271555996035], [96.63265306122449, 97.3568281938326, 82.07364341085271, 84.55445544554455, 83.19755600814663, 82.17488789237669, 91.44050104384134, 86.86770428015564, 76.07802874743327, 82.75520317145688], [96.53061224489795, 96.82819383259911, 77.22868217054264, 84.95049504950495, 87.78004073319755, 78.58744394618834, 91.64926931106471, 86.67315175097276, 80.9034907597536, 83.64717542120911], [96.63265306122449, 96.74008810572687, 72.67441860465117, 82.97029702970298, 84.31771894093686, 84.4170403587444, 91.8580375782881, 88.715953307393, 82.75154004106776, 86.02576808721507], [96.93877551020408, 96.38766519823788, 85.56201550387597, 86.83168316831683, 90.63136456211812, 83.85650224215247, 90.81419624217119, 89.6887159533074, 81.82751540041068, 81.36769078295342], [97.65306122448979, 97.5330396475771, 78.29457364341086, 87.12871287128714, 85.4378818737271, 84.52914798206278, 90.81419624217119, 89.10505836575875, 79.97946611909651, 88.70168483647176], [97.24489795918367, 96.91629955947137, 78.77906976744185, 90.1980198019802, 90.42769857433808, 83.07174887892377, 92.37995824634656, 89.2023346303502, 81.21149897330595, 86.62041625371656], [97.65306122448979, 96.82819383259911, 80.71705426356588, 88.41584158415841, 90.63136456211812, 83.40807174887892, 92.90187891440502, 89.39688715953308, 85.01026694045174, 86.81863230921705], [97.55102040816327, 96.65198237885463, 86.04651162790698, 86.43564356435644, 90.52953156822811, 83.07174887892377, 94.67640918580376, 90.36964980544747, 83.77823408624229, 87.51238850346878], [97.75510204081633, 96.74008810572687, 82.84883720930233, 88.01980198019803, 90.83503054989816, 84.64125560538116, 93.1106471816284, 90.6614785992218, 87.37166324435319, 87.01684836471755], [97.65306122448979, 96.91629955947137, 85.36821705426357, 88.41584158415841, 91.24236252545825, 85.65022421524664, 93.73695198329854, 89.00778210116732, 83.9835728952772, 88.00792864222002], [97.85714285714286, 96.12334801762114, 88.0813953488372, 87.02970297029702, 91.85336048879837, 85.08968609865471, 93.42379958246346, 89.6887159533074, 90.04106776180699, 86.62041625371656], [97.44897959183673, 96.91629955947137, 79.94186046511628, 89.9009900990099, 93.17718940936864, 85.65022421524664, 94.57202505219206, 89.88326848249027, 87.47433264887064, 87.71060455896928], [97.95918367346938, 96.74008810572687, 89.63178294573643, 87.62376237623762, 92.87169042769857, 87.78026905829596, 93.42379958246346, 91.63424124513618, 88.09034907597535, 86.42220019821606], [97.75510204081633, 96.65198237885463, 91.27906976744185, 88.21782178217822, 94.19551934826885, 86.99551569506727, 94.05010438413362, 89.6887159533074, 88.80903490759754, 87.21506442021804], [97.85714285714286, 96.82819383259911, 85.46511627906976, 90.39603960396039, 95.11201629327903, 88.67713004484305, 93.1106471816284, 91.147859922179, 85.72895277207392, 85.72844400396433], [97.75510204081633, 96.82819383259911, 86.82170542635659, 89.20792079207921, 92.66802443991854, 89.34977578475336, 94.67640918580376, 90.6614785992218, 87.67967145790554, 89.09811694747275], [98.26530612244898, 96.91629955947137, 90.50387596899225, 90.79207920792079, 91.85336048879837, 87.10762331838565, 94.05010438413362, 90.36964980544747, 87.98767967145791, 91.2784935579782], [97.65306122448979, 97.09251101321586, 87.79069767441861, 90.79207920792079, 95.51934826883911, 88.11659192825113, 95.61586638830897, 92.12062256809338, 88.39835728952772, 87.01684836471755]],