{"config": {"DATASET": "mnist", "TOTAL_CLIENTS": 100, "CLIENT_FRAC": 0.1, "POISON_FRAC": 0.1, "CREATE_DATASET": true, "CLASS_RATIO": 10, "MODEL": "nnet", "LEARNING_RATE": 0.001, "BATCH_SIZE": 32, "LOCAL_EPOCHS": 3, "OPTIMIZER": "adam", "FED_ROUNDS": 30, "TEST_EVERY": 1, "RANDOM": true, "COS_DEFENCE": false, "SEL_METHOD": 1, "REDUCE_LR": 1, "COLLAB_MODE": true, "COLLAB_ALL": true, "CONSIDER_LAYERS": "l1", "GRAD_AGG": true, "FEATURE_FINDING_ALGO": "auror", "GRAD_COLLECTION_START": 0, "GRAD_COLLECT_FOR": -1, "CLUSTER_SEP": 2.0, "ALPHA": 0.7, "BETA": 0.7, "GAMMA": 0.1, "TRUST_INC": 2, "TRUST_CUT_METHOD": 1, "HONEST_PARDON_FACTOR": 0.99, "LOG_LEVEL": "INFO", "JSON_RESULTS": true}, "mean_poison_class_acc": 80.15988372093025, "mean_attack_srate": 3.018410852713178, "total_accuracies": [30.22, 44.36, 48.25, 58.53, 68.97, 71.57, 76.95, 81.99, 84.43, 84.82, 84.93, 84.73, 87.03, 87.85, 88.16, 89.02, 88.68, 88.97, 88.75, 89.31, 89.23, 90.08, 90.21, 90.38, 88.61, 90.88, 90.33, 91.54, 91.33, 91.84], "class_accuracies": [[15.408163265306122, 98.06167400881057, 4.748062015503876, 95.24752475247524, 0.0, 0.0, 0.0, 72.66536964980544, 0.0, 0.0], [99.08163265306122, 94.00881057268722, 78.87596899224806, 70.0, 0.10183299389002037, 0.4484304932735426, 0.0, 0.7782101167315175, 0.0, 85.62933597621408], [99.08163265306122, 99.29515418502203, 62.3062015503876, 76.63366336633663, 69.34826883910387, 0.0, 25.156576200417536, 35.89494163424124, 0.0, 1.8830525272547076], [96.42857142857143, 99.38325991189427, 56.78294573643411, 90.79207920792079, 86.0488798370672, 0.5605381165919282, 55.21920668058455, 64.59143968871595, 3.593429158110883, 19.722497522299307], [97.04081632653062, 98.50220264317181, 74.51550387596899, 86.43564356435644, 84.62321792260693, 25.672645739910315, 89.4572025052192, 86.284046692607, 15.605749486652977, 22.794846382556987], [97.55102040816327, 98.94273127753304, 76.25968992248062, 91.68316831683168, 66.39511201629328, 35.31390134529148, 82.98538622129436, 40.95330739299611, 29.876796714579054, 88.30525272547077], [98.36734693877551, 97.97356828193833, 73.64341085271317, 90.0, 90.12219959266803, 45.17937219730942, 86.63883089770354, 89.2023346303502, 47.02258726899384, 45.29236868186323], [96.0204081632653, 96.12334801762114, 79.94186046511628, 86.93069306930693, 85.23421588594705, 67.37668161434978, 89.4572025052192, 91.43968871595331, 64.27104722792608, 59.762140733399406], [96.22448979591837, 95.68281938325991, 79.45736434108527, 84.15841584158416, 84.62321792260693, 75.7847533632287, 92.79749478079331, 89.78599221789884, 70.94455852156058, 72.74529236868186], [96.63265306122449, 94.7136563876652, 76.25968992248062, 82.47524752475248, 75.15274949083503, 77.91479820627802, 90.50104384133611, 83.17120622568093, 81.82751540041068, 88.00792864222002], [97.55102040816327, 95.85903083700441, 66.47286821705427, 80.6930693069307, 86.0488798370672, 85.08968609865471, 92.69311064718163, 87.93774319066148, 75.15400410677618, 81.26858275520317], [96.93877551020408, 96.65198237885463, 60.174418604651166, 89.20792079207921, 89.91853360488798, 74.77578475336323, 90.08350730688936, 89.00778210116732, 78.54209445585215, 80.37661050545094], [97.55102040816327, 96.12334801762114, 74.32170542635659, 85.44554455445545, 89.71486761710794, 78.02690582959642, 91.54488517745303, 90.6614785992218, 84.80492813141684, 80.67393458870168], [96.42857142857143, 95.33039647577093, 81.2984496124031, 86.53465346534654, 87.67820773930754, 84.86547085201794, 92.58872651356994, 88.81322957198444, 80.9034907597536, 83.15163528245787], [97.44897959183673, 96.91629955947137, 80.23255813953489, 85.64356435643565, 88.18737270875764, 84.86547085201794, 91.54488517745303, 90.46692607003891, 80.28747433264887, 84.83647175421208], [97.34693877551021, 96.47577092511013, 89.63178294573643, 83.56435643564356, 90.52953156822811, 82.28699551569507, 92.48434237995825, 89.59143968871595, 82.64887063655031, 84.14271555996035], [96.93877551020408, 96.65198237885463, 84.20542635658914, 88.41584158415841, 89.20570264765784, 85.31390134529148, 91.64926931106471, 92.80155642023347, 76.79671457905545, 83.44895936570862], [98.26530612244898, 95.94713656387665, 79.65116279069767, 88.61386138613861, 92.56619144602851, 80.71748878923766, 91.54488517745303, 90.1750972762646, 84.70225872689939, 86.22398414271557], [96.3265306122449, 95.77092511013215, 86.43410852713178, 79.4059405940594, 91.85336048879837, 92.60089686098655, 91.8580375782881, 89.49416342412451, 77.20739219712526, 86.22398414271557], [96.93877551020408, 96.29955947136564, 80.52325581395348, 85.24752475247524, 95.11201629327903, 88.00448430493273, 92.90187891440502, 87.64591439688716, 83.16221765913758, 86.81863230921705], [97.04081632653062, 96.29955947136564, 79.65116279069767, 90.5940594059406, 87.9837067209776, 87.33183856502242, 90.6054279749478, 91.34241245136187, 80.18480492813141, 90.28741328047572], [97.04081632653062, 96.29955947136564, 82.17054263565892, 90.1980198019802, 91.64969450101833, 87.78026905829596, 94.05010438413362, 89.29961089494164, 84.18891170431212, 87.51238850346878], [97.75510204081633, 97.09251101321586, 85.56201550387597, 87.92079207920793, 92.15885947046843, 89.57399103139014, 92.79749478079331, 91.63424124513618, 78.95277207392198, 87.80971258671953], [97.65306122448979, 96.56387665198238, 84.30232558139535, 86.73267326732673, 92.15885947046843, 89.79820627802691, 93.31941544885177, 91.24513618677042, 82.13552361396304, 89.29633300297324], [97.75510204081633, 96.47577092511013, 62.3062015503876, 92.27722772277228, 93.9918533604888, 84.4170403587444, 93.1106471816284, 90.75875486381322, 86.34496919917865, 88.30525272547077], [97.75510204081633, 97.00440528634361, 84.68992248062015, 89.20792079207921, 94.19551934826885, 88.56502242152466, 94.258872651357, 93.19066147859922, 82.95687885010267, 86.22398414271557], [98.26530612244898, 97.44493392070484, 77.71317829457364, 92.97029702970298, 93.78818737270876, 85.08968609865471, 92.79749478079331, 92.02334630350195, 82.64887063655031, 89.49454905847374], [97.85714285714286, 97.09251101321586, 89.53488372093024, 92.37623762376238, 90.93686354378819, 88.78923766816143, 93.94572025052192, 89.59143968871595, 83.05954825462013, 91.2784935579782], [97.75510204081633, 97.5330396475771, 84.98062015503876, 91.38613861386139, 95.11201629327903, 89.57399103139014, 93.0062630480167, 92.31517509727627, 84.18891170431212, 86.7195242814668], [97.44897959183673, 97.09251101321586, 89.34108527131782, 88.51485148514851, 92.26069246435846, 88.45291479820628, 92.90187891440502, 92.41245136186771, 88.50102669404518, 90.58473736372646]],