{"config": {"DATASET": "mnist", "TOTAL_CLIENTS": 100, "CLIENT_FRAC": 0.1, "POISON_FRAC": 0.1, "CREATE_DATASET": true, "RANDOM_DATA": true, "CLASS_RATIO": 10, "MODEL": "nnet", "LEARNING_RATE": 0.001, "BATCH_SIZE": 32, "LOCAL_EPOCHS": 3, "OPTIMIZER": "adam", "FED_ROUNDS": 30, "TEST_EVERY": 1, "RANDOM_PROCESS": true, "COS_DEFENCE": true, "SEL_METHOD": 1, "REDUCE_LR": 1, "COLLAB_MODE": true, "COLLAB_ALL": true, "CONSIDER_LAYERS": "f1l1", "GRAD_AGG": true, "FEATURE_FINDING_ALGO": "auror", "GRAD_COLLECTION_START": 0, "GRAD_COLLECT_FOR": -1, "CLUSTER_SEP": 0.007, "ALPHA": 0.8, "BETA": 0.8, "GAMMA": 0.1, "TRUST_INC": 2, "TRUST_CUT_METHOD": 2, "HONEST_PARDON_FACTOR": 0.99, "LOG_LEVEL": "INFO", "JSON_RESULTS": true}, "mean_poison_class_acc": 79.02616279069768, "mean_attack_srate": 3.328488372093023, "total_accuracies": [28.45, 35.19, 30.46, 44.95, 59.89, 67.47, 70.52, 76.86, 79.51, 81.35, 83.76, 85.0, 86.85, 87.94, 88.38, 86.26, 88.89, 89.91, 89.76, 90.29, 89.31, 90.95, 86.41, 91.29, 89.7, 91.79, 90.42, 91.77, 89.09, 92.49], "class_accuracies": [[77.44897959183673, 0.0, 0.0, 57.02970297029703, 0.0, 71.52466367713005, 0.0, 84.04669260700389, 0.8213552361396304, 0.0], [97.65306122448979, 99.47136563876651, 52.22868217054263, 0.39603960396039606, 1.2219959266802445, 45.73991031390135, 0.0, 0.0, 0.0, 46.58077304261645], [97.34693877551021, 99.73568281938326, 23.837209302325583, 28.415841584158414, 1.120162932790224, 45.403587443946186, 0.10438413361169102, 0.0, 0.0, 0.9910802775024777], [97.04081632653062, 99.47136563876651, 34.01162790697674, 78.41584158415841, 1.3238289205702647, 12.10762331838565, 31.83716075156576, 0.0, 1.1293634496919918, 82.75520317145688], [95.71428571428571, 98.8546255506608, 73.74031007751938, 53.56435643564357, 92.15885947046843, 69.28251121076234, 43.528183716075155, 0.0, 70.53388090349075, 0.0], [96.22448979591837, 98.32599118942731, 79.26356589147287, 78.01980198019803, 12.118126272912424, 56.502242152466366, 86.32567849686848, 0.0, 74.53798767967146, 89.79187314172448], [96.42857142857143, 98.32599118942731, 72.96511627906976, 89.8019801980198, 86.86354378818737, 65.80717488789237, 88.51774530271399, 1.9455252918287937, 60.26694045174538, 43.21110009910803], [97.24489795918367, 98.76651982378854, 64.05038759689923, 90.0, 51.93482688391039, 62.89237668161435, 89.97912317327766, 63.715953307392994, 55.74948665297741, 90.28741328047572], [95.3061224489796, 98.14977973568281, 71.02713178294573, 93.26732673267327, 43.27902240325866, 64.46188340807174, 91.12734864300626, 83.07392996108949, 61.90965092402464, 88.9990089197225], [96.0204081632653, 96.74008810572687, 73.54651162790698, 83.66336633663366, 90.83503054989816, 78.9237668161435, 92.48434237995825, 91.92607003891051, 77.92607802874743, 30.327056491575817], [97.14285714285714, 96.91629955947137, 81.0077519379845, 90.89108910891089, 57.942973523421585, 73.87892376681614, 92.27557411273486, 80.6420233463035, 72.17659137577002, 91.77403369672943], [96.83673469387755, 97.00440528634361, 63.468992248062015, 88.41584158415841, 84.41955193482688, 77.24215246636771, 89.97912317327766, 83.852140077821, 83.5728952772074, 83.84539147670961], [97.04081632653062, 93.83259911894272, 81.78294573643412, 82.77227722772277, 78.10590631364562, 79.03587443946188, 91.33611691022965, 88.32684824902724, 86.55030800821355, 88.30525272547077], [97.04081632653062, 97.00440528634361, 81.0077519379845, 83.76237623762377, 88.08553971486762, 86.43497757847534, 90.81419624217119, 89.88326848249027, 81.00616016427105, 83.34985133795837], [96.93877551020408, 94.18502202643172, 83.62403100775194, 88.61386138613861, 83.09572301425662, 78.25112107623319, 93.0062630480167, 88.81322957198444, 88.39835728952772, 87.41328047571854], [96.3265306122449, 97.3568281938326, 58.62403100775194, 90.99009900990099, 82.89205702647658, 85.20179372197309, 91.7536534446764, 88.52140077821012, 79.87679671457906, 90.38652130822597], [96.73469387755102, 97.26872246696036, 80.9108527131783, 87.82178217821782, 82.17922606924644, 82.73542600896862, 95.09394572025052, 88.32684824902724, 84.39425051334702, 92.07135777998018], [97.55102040816327, 96.47577092511013, 85.17441860465117, 89.60396039603961, 93.68635437881873, 84.97757847533633, 91.9624217118998, 90.95330739299611, 86.55030800821355, 81.16947472745292], [97.85714285714286, 96.38766519823788, 85.94961240310077, 92.57425742574257, 87.4745417515275, 81.72645739910314, 95.09394572025052, 87.2568093385214, 81.10882956878851, 90.68384539147671], [97.34693877551021, 97.3568281938326, 87.01550387596899, 89.3069306930693, 86.25254582484725, 86.54708520179372, 91.64926931106471, 90.85603112840467, 84.70225872689939, 90.58473736372646], [97.14285714285714, 98.32599118942731, 76.45348837209302, 92.87128712871286, 89.71486761710794, 84.19282511210763, 92.27557411273486, 90.27237354085604, 80.08213552361396, 90.38652130822597], [97.75510204081633, 97.5330396475771, 88.17829457364341, 90.0990099009901, 92.36252545824847, 87.4439461883408, 95.72025052192066, 91.05058365758755, 82.03285420944559, 86.32309217046581], [95.71428571428571, 97.62114537444934, 56.104651162790695, 88.51485148514851, 82.38289205702648, 87.5560538116592, 91.02296450939457, 86.67315175097276, 82.64887063655031, 95.54013875123886], [97.34693877551021, 97.18061674008811, 90.60077519379846, 87.02970297029702, 93.48268839103869, 92.82511210762331, 93.21503131524008, 89.39688715953308, 84.18891170431212, 87.21506442021804], [97.14285714285714, 97.88546255506608, 73.15891472868218, 90.89108910891089, 89.10386965376782, 87.66816143497758, 91.54488517745303, 91.43968871595331, 82.64887063655031, 94.64816650148661], [97.24489795918367, 97.88546255506608, 89.43798449612403, 88.51485148514851, 92.36252545824847, 92.82511210762331, 94.36325678496868, 91.43968871595331, 84.29158110882958, 88.9990089197225], [97.85714285714286, 97.00440528634361, 78.68217054263566, 89.70297029702971, 88.18737270875764, 86.7713004484305, 91.8580375782881, 89.59143968871595, 89.63039014373716, 94.15262636273538], [97.75510204081633, 96.38766519823788, 83.91472868217055, 88.7128712871287, 91.14052953156823, 91.3677130044843, 95.51148225469728, 92.31517509727627, 91.17043121149898, 89.29633300297324], [96.0204081632653, 97.5330396475771, 66.86046511627907, 91.18811881188118, 88.4928716904277, 87.66816143497758, 94.1544885177453, 87.15953307392996, 86.24229979466119, 95.24281466798811], [98.06122448979592, 96.82819383259911, 88.56589147286822, 90.6930693069307, 92.76985743380855, 92.71300448430493, 93.21503131524008, 92.50972762645914, 89.73305954825462, 89.49454905847374]],