{"config": {"DATASET": "mnist", "TOTAL_CLIENTS": 100, "CLIENT_FRAC": 0.1, "POISON_FRAC": 0.1, "CREATE_DATASET": true, "RANDOM_DATA": true, "CLASS_RATIO": 10, "MODEL": "nnet", "LEARNING_RATE": 0.001, "BATCH_SIZE": 32, "LOCAL_EPOCHS": 3, "OPTIMIZER": "adam", "FED_ROUNDS": 30, "TEST_EVERY": 1, "RANDOM_PROCESS": true, "COS_DEFENCE": true, "SEL_METHOD": 1, "REDUCE_LR": 1, "COLLAB_MODE": true, "COLLAB_ALL": true, "CONSIDER_LAYERS": "l1", "GRAD_AGG": true, "FEATURE_FINDING_ALGO": "auror", "GRAD_COLLECTION_START": 0, "GRAD_COLLECT_FOR": -1, "CLUSTER_SEP": 0.007, "ALPHA": 0.8, "BETA": 0.8, "GAMMA": 0.1, "TRUST_INC": 2, "TRUST_CUT_METHOD": 2, "HONEST_PARDON_FACTOR": 0.99, "LOG_LEVEL": "INFO", "JSON_RESULTS": true}, "mean_poison_class_acc": 82.81492248062014, "mean_attack_srate": 2.9748062015503876, "total_accuracies": [14.77, 44.47, 46.41, 54.71, 68.51, 72.63, 74.73, 80.4, 83.25, 83.76, 85.95, 86.01, 86.34, 86.96, 87.53, 88.0, 88.13, 89.4, 88.37, 88.85, 90.24, 89.87, 89.42, 91.01, 91.19, 91.42, 90.74, 91.62, 91.69, 92.11], "class_accuracies": [[0.8163265306122449, 0.0, 0.4844961240310077, 99.70297029702971, 0.0, 0.0, 0.0, 44.45525291828794, 0.0, 0.0], [99.59183673469387, 87.9295154185022, 81.2015503875969, 58.01980198019802, 40.835030549898164, 0.0, 0.0, 63.03501945525292, 0.0, 0.0], [97.95918367346938, 99.38325991189427, 57.46124031007752, 90.4950495049505, 44.19551934826884, 1.345291479820628, 28.70563674321503, 31.6147859922179, 0.0, 0.0], [97.75510204081633, 97.44493392070484, 82.26744186046511, 90.4950495049505, 68.0244399185336, 6.053811659192825, 10.438413361169102, 71.10894941634241, 6.160164271047228, 3.072348860257681], [95.61224489795919, 98.76651982378854, 71.80232558139535, 89.8019801980198, 59.67413441955193, 45.06726457399103, 87.2651356993737, 85.40856031128405, 23.51129363449692, 21.20911793855302], [92.85714285714286, 99.03083700440529, 55.13565891472868, 91.68316831683168, 67.61710794297352, 58.52017937219731, 86.95198329853862, 66.63424124513618, 25.256673511293634, 77.70069375619426], [97.44897959183673, 95.41850220264317, 85.85271317829458, 90.0990099009901, 86.35437881873727, 42.26457399103139, 84.65553235908142, 88.91050583657588, 44.25051334702259, 25.569871159563924], [95.81632653061224, 98.32599118942731, 78.97286821705427, 84.55445544554455, 92.36252545824847, 67.04035874439462, 89.97912317327766, 88.91050583657588, 63.65503080082136, 41.12983151635282], [97.24489795918367, 97.62114537444934, 76.74418604651163, 84.65346534653466, 87.27087576374745, 70.06726457399103, 91.64926931106471, 89.78599221789884, 69.50718685831622, 65.11397423191279], [96.22448979591837, 95.33039647577093, 73.06201550387597, 77.02970297029702, 91.75152749490834, 72.19730941704036, 92.48434237995825, 90.56420233463035, 85.01026694045174, 62.338949454905844], [95.91836734693878, 97.18061674008811, 84.39922480620154, 84.85148514851485, 89.40936863543789, 78.81165919282512, 91.44050104384134, 89.78599221789884, 70.53388090349075, 75.02477700693757], [96.3265306122449, 96.82819383259911, 72.28682170542636, 86.73267326732673, 84.21588594704684, 82.39910313901345, 94.1544885177453, 87.35408560311284, 74.64065708418892, 83.94449950445986], [96.73469387755102, 96.82819383259911, 80.52325581395348, 80.6930693069307, 85.84521384928716, 88.56502242152466, 91.02296450939457, 89.6887159533074, 67.76180698151951, 84.63825569871159], [97.65306122448979, 96.2114537444934, 78.58527131782945, 87.32673267326733, 95.51934826883911, 74.88789237668162, 90.50104384133611, 89.2023346303502, 82.75154004106776, 75.12388503468782], [96.0204081632653, 96.38766519823788, 79.74806201550388, 85.74257425742574, 93.58452138492872, 89.46188340807174, 90.50104384133611, 86.284046692607, 75.25667351129364, 81.76412289395441], [97.34693877551021, 96.56387665198238, 83.43023255813954, 88.21782178217822, 85.23421588594705, 87.4439461883408, 89.66597077244259, 90.95330739299611, 72.38193018480493, 87.41328047571854], [97.24489795918367, 97.09251101321586, 74.12790697674419, 88.21782178217822, 94.90835030549898, 83.40807174887892, 92.06680584551148, 88.42412451361868, 80.49281314168378, 84.34093161546085], [97.65306122448979, 97.18061674008811, 84.39922480620154, 88.41584158415841, 90.93686354378819, 82.39910313901345, 93.84133611691023, 90.07782101167315, 84.29158110882958, 83.44895936570862], [97.14285714285714, 97.79735682819383, 76.35658914728683, 90.0, 91.85336048879837, 89.68609865470852, 92.69311064718163, 89.39688715953308, 72.68993839835728, 85.33201189296334], [97.55102040816327, 97.26872246696036, 78.48837209302326, 90.29702970297029, 96.94501018329939, 85.31390134529148, 93.73695198329854, 88.81322957198444, 79.15811088295688, 80.0792864222002], [97.34693877551021, 97.62114537444934, 87.3062015503876, 89.60396039603961, 91.34419551934828, 85.98654708520179, 92.06680584551148, 90.36964980544747, 81.10882956878851, 88.30525272547077], [97.14285714285714, 97.44493392070484, 81.78294573643412, 91.08910891089108, 89.5112016293279, 85.65022421524664, 93.63256784968685, 91.24513618677042, 81.10882956878851, 88.89990089197225], [97.14285714285714, 97.79735682819383, 73.54651162790698, 88.81188118811882, 93.58452138492872, 88.56502242152466, 94.46764091858037, 88.91050583657588, 82.95687885010267, 88.00792864222002], [97.55102040816327, 96.91629955947137, 89.43798449612403, 92.37623762376238, 93.78818737270876, 85.20179372197309, 94.88517745302714, 89.78599221789884, 79.87679671457906, 88.9990089197225], [96.83673469387755, 97.18061674008811, 90.11627906976744, 89.5049504950495, 90.73319755600815, 90.91928251121077, 93.94572025052192, 88.2295719844358, 83.36755646817248, 90.38652130822597], [97.24489795918367, 97.18061674008811, 87.98449612403101, 91.38613861386139, 91.0386965376782, 86.32286995515695, 94.46764091858037, 91.43968871595331, 85.1129363449692, 90.8820614469772], [97.34693877551021, 97.88546255506608, 82.17054263565892, 91.08910891089108, 91.64969450101833, 92.71300448430493, 93.0062630480167, 92.8988326848249, 79.36344969199179, 88.70168483647176], [96.73469387755102, 97.70925110132158, 92.34496124031008, 89.9009900990099, 95.62118126272912, 88.45291479820628, 95.51148225469728, 89.10505836575875, 82.03285420944559, 87.80971258671953], [97.14285714285714, 97.44493392070484, 88.95348837209302, 89.00990099009901, 92.4643584521385, 94.61883408071749, 96.24217118997912, 89.78599221789884, 82.23819301848049, 88.800792864222], [96.83673469387755, 97.26872246696036, 90.31007751937985, 92.17821782178218, 94.60285132382892, 89.57399103139014, 95.51148225469728, 91.05058365758755, 83.36755646817248, 89.59365708622398]],