{"config": {"DATASET": "mnist", "TOTAL_CLIENTS": 100, "CLIENT_FRAC": 0.1, "POISON_FRAC": 0.1, "CREATE_DATASET": true, "RANDOM_DATA": true, "CLASS_RATIO": 10, "MODEL": "nnet", "LEARNING_RATE": 0.001, "BATCH_SIZE": 32, "LOCAL_EPOCHS": 3, "OPTIMIZER": "adam", "FED_ROUNDS": 30, "TEST_EVERY": 1, "RANDOM_PROCESS": true, "COS_DEFENCE": true, "SEL_METHOD": 1, "REDUCE_LR": 1, "COLLAB_MODE": true, "COLLAB_ALL": true, "CONSIDER_LAYERS": "f1l1", "GRAD_AGG": true, "FEATURE_FINDING_ALGO": "auror", "GRAD_COLLECTION_START": 0, "GRAD_COLLECT_FOR": -1, "CLUSTER_SEP": 0.001, "ALPHA": 0.8, "BETA": 0.8, "GAMMA": 0.1, "TRUST_INC": 2, "TRUST_CUT_METHOD": 2, "HONEST_PARDON_FACTOR": 0.99, "LOG_LEVEL": "INFO", "JSON_RESULTS": true}, "mean_poison_class_acc": 79.76744186046513, "mean_attack_srate": 3.1201550387596897, "total_accuracies": [12.45, 29.5, 44.79, 51.84, 59.79, 70.46, 77.39, 76.49, 79.04, 83.56, 83.11, 85.04, 82.87, 86.54, 84.92, 86.68, 87.77, 88.03, 88.59, 88.79, 87.78, 89.34, 88.97, 90.16, 89.52, 88.63, 90.83, 90.78, 90.22, 90.98], "class_accuracies": [[23.979591836734695, 0.0, 0.09689922480620156, 0.0, 0.0, 0.0, 0.0, 0.0, 0.0, 100.0], [98.57142857142857, 89.77973568281938, 0.0, 0.0, 98.26883910386965, 0.0, 0.0, 0.0, 0.0, 0.0], [98.87755102040816, 99.47136563876651, 64.43798449612403, 68.7128712871287, 89.71486761710794, 0.0, 1.6701461377870563, 10.505836575875486, 0.0, 1.6848364717542121], [94.59183673469387, 99.20704845814979, 18.7015503875969, 84.05940594059406, 57.23014256619145, 46.300448430493276, 32.045929018789145, 0.7782101167315175, 0.0, 79.18731417244797], [98.46938775510205, 98.59030837004406, 61.724806201550386, 85.84158415841584, 94.70468431771894, 6.278026905829597, 78.07933194154488, 59.824902723735406, 0.1026694045174538, 4.063429137760159], [96.53061224489795, 97.26872246696036, 68.8953488372093, 87.22772277227723, 87.9837067209776, 45.17937219730942, 74.84342379958247, 62.35408560311284, 29.363449691991786, 48.86025768087215], [95.61224489795919, 97.44493392070484, 67.63565891472868, 82.97029702970298, 80.65173116089613, 75.56053811659193, 89.14405010438414, 77.91828793774319, 50.41067761806981, 54.31119920713578], [95.71428571428571, 98.41409691629956, 55.91085271317829, 82.77227722772277, 80.14256619144602, 72.75784753363229, 86.1169102296451, 84.43579766536965, 45.07186858316222, 60.75322101090188], [94.6938775510204, 96.91629955947137, 80.62015503875969, 89.3069306930693, 89.30753564154786, 63.00448430493274, 84.65553235908142, 88.715953307393, 56.57084188911704, 42.5173439048563], [95.0, 93.74449339207048, 80.9108527131783, 76.63366336633663, 76.88391038696538, 80.26905829596413, 87.47390396659708, 89.6887159533074, 80.18480492813141, 73.33994053518335], [94.59183673469387, 96.47577092511013, 83.72093023255815, 81.98019801980197, 89.81670061099797, 78.47533632286995, 91.33611691022965, 88.13229571984436, 74.74332648870636, 50.14866204162537], [96.53061224489795, 95.24229074889868, 78.97286821705427, 85.14851485148515, 79.73523421588595, 75.22421524663677, 91.12734864300626, 85.21400778210116, 85.21560574948666, 76.21407333994054], [94.38775510204081, 96.74008810572687, 64.34108527131782, 92.67326732673267, 70.16293279022403, 71.0762331838565, 91.7536534446764, 83.75486381322958, 72.38193018480493, 88.800792864222], [96.12244897959184, 95.24229074889868, 85.36821705426357, 84.65346534653466, 86.15071283095723, 76.90582959641256, 92.69311064718163, 91.82879377431907, 80.18480492813141, 74.33102081268582], [95.10204081632654, 96.47577092511013, 68.12015503875969, 87.82178217821782, 75.35641547861508, 78.9237668161435, 92.79749478079331, 85.21400778210116, 78.2340862422998, 89.59365708622398], [97.55102040816327, 96.82819383259911, 82.55813953488372, 81.78217821782178, 76.27291242362526, 87.21973094170404, 90.50104384133611, 84.3385214007782, 77.92607802874743, 90.68384539147671], [96.42857142857143, 97.18061674008811, 86.7248062015504, 80.4950495049505, 91.24236252545825, 88.45291479820628, 92.17118997912317, 85.70038910505836, 77.61806981519507, 80.87215064420218], [95.81632653061224, 95.41850220264317, 80.9108527131783, 85.34653465346534, 81.16089613034623, 85.87443946188341, 93.0062630480167, 88.91050583657588, 82.75154004106776, 90.18830525272547], [96.12244897959184, 97.3568281938326, 84.78682170542636, 85.64356435643565, 91.95519348268839, 85.08968609865471, 94.98956158663883, 87.84046692607004, 79.26078028747433, 81.76412289395441], [97.65306122448979, 97.97356828193833, 81.4922480620155, 89.70297029702971, 91.95519348268839, 84.30493273542601, 92.17118997912317, 89.6887159533074, 78.54209445585215, 83.05252725470763], [96.12244897959184, 97.26872246696036, 75.1937984496124, 90.0, 84.21588594704684, 87.89237668161435, 89.24843423799582, 84.92217898832685, 79.67145790554414, 92.36868186323092], [97.55102040816327, 97.09251101321586, 85.36821705426357, 84.35643564356435, 95.21384928716904, 90.13452914798206, 93.52818371607516, 87.93774319066148, 81.21149897330595, 80.57482656095144], [97.95918367346938, 97.5330396475771, 76.93798449612403, 89.3069306930693, 94.19551934826885, 83.5201793721973, 92.79749478079331, 88.42412451361868, 80.69815195071868, 87.21506442021804], [98.06122448979592, 97.3568281938326, 85.17441860465117, 91.18811881188118, 93.48268839103869, 84.4170403587444, 93.42379958246346, 89.2023346303502, 82.13552361396304, 85.92666005946482], [97.24489795918367, 96.47577092511013, 80.9108527131783, 84.35643564356435, 96.02851323828921, 89.68609865470852, 90.6054279749478, 87.7431906614786, 85.72895277207392, 86.12487611496532], [96.63265306122449, 97.5330396475771, 67.05426356589147, 90.5940594059406, 92.26069246435846, 86.99551569506727, 92.17118997912317, 87.64591439688716, 83.47022587268994, 91.47670961347869], [97.24489795918367, 96.12334801762114, 84.59302325581395, 86.93069306930693, 93.9918533604888, 88.67713004484305, 94.88517745302714, 89.2023346303502, 88.09034907597535, 88.20614469772052], [96.73469387755102, 96.91629955947137, 82.07364341085271, 89.8019801980198, 94.5010183299389, 86.65919282511211, 94.57202505219206, 91.82879377431907, 86.75564681724846, 87.21506442021804], [97.24489795918367, 97.79735682819383, 78.68217054263566, 90.29702970297029, 95.11201629327903, 87.5560538116592, 94.57202505219206, 88.2295719844358, 82.4435318275154, 89.59365708622398], [97.95918367346938, 97.3568281938326, 82.36434108527132, 88.7128712871287, 92.4643584521385, 88.34080717488789, 95.51148225469728, 87.45136186770428, 86.85831622176592, 92.26957383548067]],