{"config": {"DATASET": "mnist", "TOTAL_CLIENTS": 100, "CLIENT_FRAC": 0.1, "POISON_FRAC": 0.4, "CREATE_DATASET": true, "RANDOM_DATA": true, "CLASS_RATIO": 10, "MODEL": "nnet", "LEARNING_RATE": 0.001, "BATCH_SIZE": 32, "LOCAL_EPOCHS": 10, "OPTIMIZER": "adam", "FED_ROUNDS": 30, "TEST_EVERY": 1, "RANDOM_PROCESS": false, "COS_DEFENCE": false, "SEL_METHOD": 1, "REDUCE_LR": 1, "COLLAB_MODE": true, "COLLAB_ALL": true, "CONSIDER_LAYERS": "l1", "GRAD_AGG": true, "FEATURE_FINDING_ALGO": "auror", "GRAD_COLLECTION_START": 0, "GRAD_COLLECT_FOR": -1, "CLUSTER_SEP": 0.005, "ALPHA": 0.8, "BETA": 0.8, "GAMMA": 0.1, "TRUST_INC": 2, "TRUST_CUT_METHOD": 1, "HONEST_PARDON_FACTOR": 0.8, "LOG_LEVEL": "INFO", "JSON_RESULTS": true}, "mean_poison_class_acc": 48.88081395348837, "mean_attack_srate": 4.113372093023256, "total_accuracies": [48.31, 68.53, 82.02, 85.79, 85.44, 88.19, 84.87, 82.95, 82.49, 90.87, 83.15, 90.94, 92.63, 88.94, 86.98, 93.41, 84.07, 93.1, 84.83, 86.82, 94.01, 94.33, 90.85, 93.21, 93.66, 85.47, 88.89, 85.88, 92.34, 94.09], "class_accuracies": [[99.48979591836735, 99.29515418502203, 0.0, 18.019801980198018, 34.623217922606926, 19.618834080717487, 41.127348643006265, 75.87548638132296, 40.554414784394254, 45.887016848364716], [95.81632653061224, 98.76651982378854, 0.0, 87.12871287128714, 91.14052953156823, 78.47533632286995, 88.83089770354906, 86.7704280155642, 36.4476386036961, 21.80376610505451], [97.14285714285714, 97.00440528634361, 46.89922480620155, 82.37623762376238, 93.07535641547861, 80.26905829596413, 92.79749478079331, 86.08949416342412, 77.72073921971253, 66.6005946481665], [96.12244897959184, 96.29955947136564, 61.33720930232558, 86.33663366336634, 92.87169042769857, 79.7085201793722, 94.46764091858037, 85.99221789883268, 82.13552361396304, 81.9623389494549], [97.34693877551021, 96.74008810572687, 48.64341085271318, 85.94059405940594, 94.60285132382892, 83.5201793721973, 93.1106471816284, 88.91050583657588, 85.21560574948666, 80.47571853320119], [97.44897959183673, 98.41409691629956, 67.63565891472868, 89.60396039603961, 92.05702647657841, 83.40807174887892, 94.46764091858037, 91.147859922179, 79.97946611909651, 86.7195242814668], [97.14285714285714, 98.32599118942731, 41.18217054263566, 89.8019801980198, 96.94501018329939, 86.09865470852019, 94.05010438413362, 88.2295719844358, 81.21149897330595, 76.1149653121903], [97.34693877551021, 97.3568281938326, 11.434108527131784, 90.0, 95.21384928716904, 89.46188340807174, 92.48434237995825, 90.75875486381322, 80.49281314168378, 86.52130822596631], [97.04081632653062, 97.18061674008811, 0.0, 88.41584158415841, 95.41751527494908, 88.56502242152466, 94.88517745302714, 89.98054474708171, 86.96098562628337, 88.60257680872151], [98.26530612244898, 98.32599118942731, 78.10077519379846, 90.39603960396039, 94.60285132382892, 89.46188340807174, 96.24217118997912, 94.3579766536965, 83.88090349075975, 84.53914767096134], [97.85714285714286, 97.44493392070484, 0.1937984496124031, 93.26732673267327, 90.12219959266803, 91.25560538116592, 93.0062630480167, 89.78599221789884, 87.57700205338809, 93.1615460852329], [97.75510204081633, 97.44493392070484, 72.18992248062015, 90.89108910891089, 96.43584521384929, 91.25560538116592, 95.61586638830897, 92.70428015564202, 88.50102669404518, 86.7195242814668], [97.95918367346938, 97.79735682819383, 84.20542635658914, 92.47524752475248, 96.13034623217922, 88.90134529147981, 95.92901878914405, 93.57976653696498, 88.29568788501027, 90.38652130822597], [98.06122448979592, 98.50220264317181, 46.80232558139535, 91.48514851485149, 95.41751527494908, 92.04035874439462, 96.76409185803757, 92.60700389105058, 87.37166324435319, 91.17938553022795], [97.95918367346938, 98.14977973568281, 26.84108527131783, 93.96039603960396, 96.63951120162933, 92.60089686098655, 93.42379958246346, 93.19066147859922, 87.67967145790554, 90.78295341922696], [98.46938775510205, 97.79735682819383, 87.5, 92.57425742574257, 96.13034623217922, 93.72197309417041, 94.46764091858037, 94.16342412451363, 89.42505133470226, 89.59365708622398], [97.04081632653062, 98.8546255506608, 0.0, 93.26732673267327, 96.02851323828921, 93.60986547085201, 96.97286012526096, 92.21789883268482, 85.72895277207392, 89.39544103072349], [98.16326530612245, 98.06167400881057, 81.0077519379845, 94.25742574257426, 96.02851323828921, 91.70403587443946, 96.13778705636743, 92.50972762645914, 93.22381930184805, 89.79187314172448], [97.75510204081633, 98.6784140969163, 0.0, 93.36633663366337, 95.21384928716904, 94.61883408071749, 95.51148225469728, 95.23346303501945, 90.55441478439425, 89.89098116947473], [98.36734693877551, 97.88546255506608, 16.76356589147287, 95.34653465346534, 96.33401221995926, 91.92825112107623, 95.92901878914405, 93.09338521400778, 92.50513347022587, 91.97224975222993], [98.87755102040816, 98.23788546255507, 87.3062015503876, 92.97029702970298, 95.82484725050917, 92.82511210762331, 95.82463465553236, 92.80155642023347, 94.45585215605749, 90.78295341922696], [97.65306122448979, 98.50220264317181, 89.24418604651163, 95.84158415841584, 96.74134419551935, 92.152466367713, 95.82463465553236, 93.57976653696498, 90.96509240246407, 92.26957383548067], [97.65306122448979, 98.41409691629956, 52.713178294573645, 94.75247524752476, 96.74134419551935, 92.9372197309417, 96.76409185803757, 95.42801556420234, 93.53182751540041, 90.38652130822597], [98.16326530612245, 98.8546255506608, 76.93798449612403, 96.03960396039604, 96.94501018329939, 91.70403587443946, 96.24217118997912, 94.16342412451363, 93.01848049281314, 89.89098116947473], [98.16326530612245, 98.6784140969163, 77.51937984496124, 95.14851485148515, 95.41751527494908, 94.84304932735427, 95.51148225469728, 96.10894941634241, 92.09445585215606, 93.1615460852329], [98.6734693877551, 98.6784140969163, 0.0, 94.65346534653466, 97.04684317718942, 93.60986547085201, 95.4070981210856, 95.62256809338521, 92.71047227926078, 90.78295341922696], [97.95918367346938, 98.50220264317181, 31.2984496124031, 95.74257425742574, 96.13034623217922, 92.82511210762331, 96.03340292275574, 94.3579766536965, 94.14784394250513, 93.3597621407334], [98.57142857142857, 98.76651982378854, 1.2596899224806202, 96.43564356435644, 96.63951120162933, 93.83408071748879, 95.61586638830897, 95.13618677042801, 94.04517453798768, 90.98116947472745], [98.77551020408163, 99.11894273127753, 65.60077519379846, 93.26732673267327, 95.92668024439918, 94.39461883408072, 96.5553235908142, 95.3307392996109, 92.29979466119096, 92.56689791873141], [98.57142857142857, 98.41409691629956, 80.23255813953489, 95.54455445544555, 95.31568228105907, 93.60986547085201, 95.4070981210856, 96.49805447470817, 93.63449691991786, 93.55797819623389]],