{"config": {"DATASET": "mnist", "TOTAL_CLIENTS": 100, "CLIENT_FRAC": 0.2, "POISON_FRAC": 0.1, "CREATE_DATASET": false, "RANDOM_DATA": true, "CLASS_RATIO": 10, "MODEL": "nnet", "LEARNING_RATE": 0.001, "BATCH_SIZE": 32, "LOCAL_EPOCHS": 10, "OPTIMIZER": "adam", "FED_ROUNDS": 30, "TEST_EVERY": 1, "RANDOM_PROCESS": false, "COS_DEFENCE": true, "SEL_METHOD": 1, "REDUCE_LR": 1, "COLLAB_MODE": true, "COLLAB_ALL": true, "CONSIDER_LAYERS": "l1", "GRAD_AGG": true, "FEATURE_FINDING_ALGO": "auror", "GRAD_COLLECTION_START": 0, "GRAD_COLLECT_FOR": -1, "CLUSTER_SEP": 0.02, "ALPHA": 0.8, "BETA": 0.8, "GAMMA": 0.1, "TRUST_INC": 2, "TRUST_CUT_METHOD": 1, "HONEST_PARDON_FACTOR": 0.8, "TRUST_MODIFY_STRATEGY": 1, "LOG_LEVEL": "INFO", "JSON_RESULTS": true}, "mean_poison_class_acc": 79.77519379844962, "mean_attack_srate": 3.22093023255814, "total_accuracies": [50.1, 71.15, 81.88, 86.52, 88.43, 88.92, 90.17, 89.28, 91.66, 89.78, 91.14, 93.07, 89.86, 93.27, 91.17, 92.88, 93.81, 92.47, 94.38, 89.94, 94.0, 94.38, 94.91, 94.99, 92.17, 94.57, 94.57, 95.13, 94.07, 94.77], "class_accuracies": [[99.38775510204081, 93.83259911894272, 1.3565891472868217, 57.42574257425743, 66.90427698574338, 21.63677130044843, 28.079331941544886, 48.34630350194553, 31.62217659137577, 44.89593657086224], [96.73469387755102, 98.6784140969163, 45.93023255813954, 92.57425742574257, 75.86558044806517, 65.02242152466367, 82.4634655532359, 86.67315175097276, 35.318275154004105, 28.543111992071356], [95.91836734693878, 98.50220264317181, 54.457364341085274, 89.60396039603961, 85.23421588594705, 72.86995515695067, 89.35281837160751, 92.12062256809338, 72.48459958932239, 66.10505450941527], [97.14285714285714, 97.3568281938326, 74.51550387596899, 86.73267326732673, 85.13238289205702, 86.99551569506727, 90.7098121085595, 90.1750972762646, 73.81930184804928, 81.56590683845391], [97.55102040816327, 97.3568281938326, 76.25968992248062, 89.5049504950495, 92.36252545824847, 83.29596412556054, 91.64926931106471, 91.73151750972762, 81.62217659137578, 81.76412289395441], [97.44897959183673, 97.97356828193833, 78.58527131782945, 89.5049504950495, 87.06720977596741, 82.51121076233184, 92.48434237995825, 91.82879377431907, 81.93018480492813, 88.30525272547077], [97.95918367346938, 97.97356828193833, 82.07364341085271, 91.48514851485149, 90.52953156822811, 85.08968609865471, 94.1544885177453, 90.27237354085604, 81.10882956878851, 89.79187314172448], [97.95918367346938, 97.79735682819383, 72.18992248062015, 88.7128712871287, 91.75152749490834, 91.03139013452915, 90.7098121085595, 91.73151750972762, 81.41683778234086, 89.09811694747275], [97.55102040816327, 97.62114537444934, 85.85271317829458, 89.70297029702971, 90.32586558044807, 89.57399103139014, 93.63256784968685, 90.85603112840467, 88.39835728952772, 92.36868186323092], [98.57142857142857, 99.11894273127753, 65.69767441860465, 92.47524752475248, 90.32586558044807, 88.2286995515695, 92.37995824634656, 92.41245136186771, 85.31827515400411, 92.66600594648166], [97.75510204081633, 98.8546255506608, 75.09689922480621, 93.16831683168317, 92.56619144602851, 90.47085201793722, 94.258872651357, 93.28793774319067, 83.16221765913758, 92.17046580773042], [97.95918367346938, 97.97356828193833, 86.62790697674419, 92.07920792079207, 93.9918533604888, 90.35874439461884, 95.4070981210856, 92.02334630350195, 90.75975359342915, 92.9633300297324], [98.87755102040816, 99.03083700440529, 58.62403100775194, 93.66336633663366, 94.5010183299389, 90.5829596412556, 92.06680584551148, 92.12062256809338, 85.72895277207392, 93.3597621407334], [98.57142857142857, 98.50220264317181, 86.43410852713178, 92.87128712871286, 94.39918533604887, 93.27354260089686, 94.46764091858037, 91.82879377431907, 89.73305954825462, 92.26957383548067], [98.46938775510205, 98.23788546255507, 65.98837209302326, 93.66336633663366, 95.11201629327903, 92.37668161434978, 92.58872651356994, 93.3852140077821, 88.29568788501027, 93.65708622398414], [97.75510204081633, 98.50220264317181, 78.68217054263566, 93.16831683168317, 94.80651731160896, 92.60089686098655, 95.61586638830897, 92.8988326848249, 91.17043121149898, 93.45887016848364], [98.26530612244898, 98.41409691629956, 89.05038759689923, 92.17821782178218, 93.78818737270876, 94.17040358744394, 95.30271398747391, 92.8988326848249, 89.3223819301848, 94.35084241823587], [98.57142857142857, 98.76651982378854, 75.0, 95.54455445544555, 93.58452138492872, 91.3677130044843, 94.78079331941545, 92.99610894941634, 89.21971252566735, 94.54905847373637], [98.06122448979592, 98.32599118942731, 91.86046511627907, 94.25742574257426, 96.13034623217922, 91.4798206278027, 96.13778705636743, 93.19066147859922, 91.58110882956879, 92.17046580773042], [98.77551020408163, 98.41409691629956, 49.6124031007752, 94.55445544554455, 94.80651731160896, 94.17040358744394, 93.63256784968685, 92.41245136186771, 89.21971252566735, 94.64816650148661], [98.46938775510205, 98.76651982378854, 85.36821705426357, 94.05940594059406, 94.60285132382892, 92.82511210762331, 95.92901878914405, 94.55252918287938, 91.27310061601642, 93.75619425173439], [98.57142857142857, 98.6784140969163, 87.5, 94.15841584158416, 95.21384928716904, 92.71300448430493, 96.65970772442589, 93.67704280155642, 91.9917864476386, 94.25173439048562], [98.36734693877551, 98.94273127753304, 91.95736434108527, 95.04950495049505, 96.43584521384929, 92.82511210762331, 96.86847599164926, 94.06614785992218, 91.68377823408625, 92.36868186323092], [98.46938775510205, 98.6784140969163, 90.60077519379846, 94.75247524752476, 94.90835030549898, 93.72197309417041, 95.92901878914405, 94.3579766536965, 94.14784394250513, 93.95441030723488], [98.46938775510205, 98.76651982378854, 65.21317829457364, 96.53465346534654, 95.21384928716904, 91.70403587443946, 95.92901878914405, 94.55252918287938, 90.65708418891171, 94.74727452923686], [98.57142857142857, 98.76651982378854, 86.62790697674419, 94.05940594059406, 95.72301425661914, 94.39461883408072, 95.92901878914405, 94.64980544747081, 92.60780287474333, 94.15262636273538], [98.57142857142857, 98.6784140969163, 85.85271317829458, 95.24752475247524, 95.92668024439918, 92.9372197309417, 96.5553235908142, 94.16342412451363, 93.63449691991786, 93.85530227948463], [98.06122448979592, 98.6784140969163, 91.95736434108527, 95.14851485148515, 95.72301425661914, 93.38565022421524, 96.86847599164926, 93.8715953307393, 92.09445585215606, 95.04459861248762], [98.06122448979592, 98.8546255506608, 80.9108527131783, 94.05940594059406, 96.74134419551935, 94.84304932735427, 96.13778705636743, 95.42801556420234, 91.58110882956879, 94.05351833498513], [98.46938775510205, 98.94273127753304, 87.01550387596899, 94.35643564356435, 95.21384928716904, 93.94618834080717, 96.13778705636743, 95.3307392996109, 93.53182751540041, 94.44995044598612]],