{"config": {"DATASET": "mnist", "TOTAL_CLIENTS": 100, "CLIENT_FRAC": 0.1, "POISON_FRAC": 0.2, "CREATE_DATASET": false, "RANDOM_DATA": true, "CLASS_RATIO": 10, "MODEL": "nnet", "LEARNING_RATE": 0.001, "BATCH_SIZE": 32, "LOCAL_EPOCHS": 10, "OPTIMIZER": "adam", "FED_ROUNDS": 30, "TEST_EVERY": 1, "RANDOM_PROCESS": false, "COS_DEFENCE": true, "SEL_METHOD": 1, "REDUCE_LR": 1, "COLLAB_MODE": true, "COLLAB_ALL": true, "CONSIDER_LAYERS": "l1", "GRAD_AGG": true, "FEATURE_FINDING_ALGO": "auror", "GRAD_COLLECTION_START": 0, "GRAD_COLLECT_FOR": -1, "CLUSTER_SEP": 0.005, "ALPHA": 0.8, "BETA": 0.8, "GAMMA": 0.1, "TRUST_INC": 2, "TRUST_CUT_METHOD": 1, "HONEST_PARDON_FACTOR": 0.7, "LOG_LEVEL": "INFO", "JSON_RESULTS": true}, "mean_poison_class_acc": 80.0, "mean_attack_srate": 3.1443798449612403, "total_accuracies": [42.56, 73.72, 83.03, 85.55, 85.28, 89.78, 87.67, 90.99, 91.73, 90.02, 91.75, 90.31, 92.09, 93.29, 91.73, 93.63, 93.49, 92.96, 90.38, 94.3, 94.6, 94.73, 93.71, 94.8, 93.01, 94.5, 94.12, 93.28, 89.82, 94.69], "class_accuracies": [[99.6938775510204, 96.47577092511013, 0.0, 34.45544554455446, 46.741344195519346, 3.2511210762331837, 45.407098121085596, 0.0, 2.1560574948665296, 88.40436075322101], [96.0204081632653, 98.6784140969163, 40.60077519379845, 92.27722772277228, 86.35437881873727, 55.493273542600896, 85.80375782881002, 85.11673151750973, 50.718685831622174, 42.22001982160555], [95.81632653061224, 97.88546255506608, 57.17054263565891, 89.20792079207921, 85.23421588594705, 73.31838565022422, 90.39665970772442, 85.21400778210116, 74.84599589322382, 79.28642220019822], [96.93877551020408, 96.56387665198238, 59.786821705426355, 89.20792079207921, 89.0020366598778, 76.68161434977578, 94.258872651357, 88.13229571984436, 82.4435318275154, 81.36769078295342], [96.73469387755102, 96.29955947136564, 44.86434108527132, 88.01980198019803, 92.05702647657841, 85.87443946188341, 92.06680584551148, 88.91050583657588, 86.55030800821355, 81.86323092170466], [96.83673469387755, 97.97356828193833, 83.62403100775194, 88.41584158415841, 91.34419551934828, 85.42600896860986, 94.36325678496868, 90.56420233463035, 82.34086242299794, 85.72844400396433], [97.75510204081633, 98.23788546255507, 62.3062015503876, 89.3069306930693, 96.5376782077393, 88.45291479820628, 93.31941544885177, 88.81322957198444, 80.69815195071868, 81.16947472745292], [97.24489795918367, 97.62114537444934, 89.63178294573643, 89.8019801980198, 93.48268839103869, 89.12556053811659, 92.58872651356994, 89.88326848249027, 83.67556468172485, 85.92666005946482], [96.93877551020408, 97.62114537444934, 88.2751937984496, 89.00990099009901, 95.51934826883911, 88.78923766816143, 95.30271398747391, 90.27237354085604, 87.67967145790554, 87.21506442021804], [97.95918367346938, 97.62114537444934, 65.50387596899225, 91.98019801980197, 94.80651731160896, 86.09865470852019, 96.34655532359082, 92.70428015564202, 87.47433264887064, 89.39544103072349], [97.65306122448979, 98.32599118942731, 79.84496124031008, 91.88118811881188, 93.38085539714868, 87.33183856502242, 95.09394572025052, 92.12062256809338, 88.29568788501027, 92.76511397423191], [98.16326530612245, 97.5330396475771, 64.82558139534883, 93.06930693069307, 95.51934826883911, 90.69506726457399, 96.13778705636743, 89.59143968871595, 89.3223819301848, 88.60257680872151], [98.16326530612245, 98.23788546255507, 81.0077519379845, 94.05940594059406, 96.23217922606925, 89.46188340807174, 95.92901878914405, 91.63424124513618, 88.29568788501027, 87.41328047571854], [97.65306122448979, 98.59030837004406, 89.72868217054264, 93.56435643564356, 93.68635437881873, 89.12556053811659, 96.34655532359082, 90.75875486381322, 88.70636550308008, 93.85530227948463], [97.95918367346938, 98.06167400881057, 73.44961240310077, 94.35643564356435, 96.5376782077393, 91.81614349775785, 94.67640918580376, 92.50972762645914, 88.39835728952772, 89.49454905847374], [97.95918367346938, 98.59030837004406, 86.9186046511628, 93.66336633663366, 93.9918533604888, 92.60089686098655, 95.82463465553236, 92.70428015564202, 89.63039014373716, 93.95441030723488], [98.6734693877551, 98.32599118942731, 85.27131782945736, 94.65346534653466, 94.39918533604887, 91.14349775784753, 94.05010438413362, 92.12062256809338, 91.9917864476386, 93.75619425173439], [98.46938775510205, 98.41409691629956, 80.23255813953489, 94.95049504950495, 94.80651731160896, 90.69506726457399, 95.72025052192066, 91.34241245136187, 90.34907597535934, 94.25173439048562], [98.26530612244898, 98.59030837004406, 53.48837209302326, 95.34653465346534, 95.41751527494908, 92.26457399103138, 95.4070981210856, 92.70428015564202, 90.65708418891171, 92.26957383548067], [97.95918367346938, 98.76651982378854, 89.72868217054264, 95.14851485148515, 94.60285132382892, 91.70403587443946, 96.24217118997912, 93.28793774319067, 92.71047227926078, 92.26957383548067], [98.06122448979592, 98.8546255506608, 93.6046511627907, 92.97029702970298, 95.11201629327903, 93.60986547085201, 96.03340292275574, 92.70428015564202, 91.37577002053388, 93.1615460852329], [97.55102040816327, 98.50220264317181, 93.02325581395348, 95.44554455445545, 94.90835030549898, 91.59192825112108, 96.45093945720251, 93.28793774319067, 91.78644763860369, 94.05351833498513], [98.26530612244898, 98.76651982378854, 84.39922480620154, 94.95049504950495, 96.43584521384929, 92.71300448430493, 96.5553235908142, 93.57976653696498, 88.91170431211499, 92.17046580773042], [98.6734693877551, 98.50220264317181, 92.73255813953489, 93.76237623762377, 94.70468431771894, 92.82511210762331, 94.78079331941545, 93.96887159533074, 93.32648870636551, 94.15262636273538], [98.6734693877551, 98.41409691629956, 75.67829457364341, 96.33663366336634, 97.45417515274949, 91.81614349775785, 95.4070981210856, 93.8715953307393, 91.17043121149898, 91.17938553022795], [98.46938775510205, 98.94273127753304, 86.9186046511628, 94.95049504950495, 95.72301425661914, 93.49775784753363, 96.34655532359082, 93.19066147859922, 92.60780287474333, 94.05351833498513], [98.36734693877551, 99.03083700440529, 83.23643410852713, 96.93069306930693, 96.02851323828921, 92.26457399103138, 95.82463465553236, 94.26070038910505, 90.55441478439425, 94.25173439048562], [98.57142857142857, 98.59030837004406, 74.51550387596899, 95.34653465346534, 96.43584521384929, 95.06726457399103, 94.98956158663883, 92.70428015564202, 93.73716632443532, 93.1615460852329], [98.06122448979592, 98.59030837004406, 42.53875968992248, 94.95049504950495, 95.010183299389, 92.04035874439462, 95.72025052192066, 92.99610894941634, 94.35318275154005, 94.94549058473736], [98.46938775510205, 98.94273127753304, 88.85658914728683, 95.54455445544555, 95.41751527494908, 93.27354260089686, 95.51148225469728, 94.06614785992218, 92.81314168377824, 93.55797819623389]],