{"config": {"DATASET": "mnist", "TOTAL_CLIENTS": 100, "CLIENT_FRAC": 0.1, "POISON_FRAC": 0.1, "CREATE_DATASET": false, "RANDOM_DATA": true, "CLASS_RATIO": 10, "MODEL": "nnet", "LEARNING_RATE": 0.001, "BATCH_SIZE": 32, "LOCAL_EPOCHS": 10, "OPTIMIZER": "adam", "FED_ROUNDS": 30, "TEST_EVERY": 1, "RANDOM_PROCESS": false, "COS_DEFENCE": true, "SEL_METHOD": 1, "REDUCE_LR": 1, "COLLAB_MODE": true, "COLLAB_ALL": true, "CONSIDER_LAYERS": "l1", "GRAD_AGG": true, "FEATURE_FINDING_ALGO": "auror", "GRAD_COLLECTION_START": 0, "GRAD_COLLECT_FOR": -1, "CLUSTER_SEP": 0.005, "ALPHA": 0.8, "BETA": 0.8, "GAMMA": 0.1, "TRUST_INC": 2, "TRUST_CUT_METHOD": 1, "HONEST_PARDON_FACTOR": 0.8, "LOG_LEVEL": "INFO", "JSON_RESULTS": true}, "mean_poison_class_acc": 82.51937984496122, "mean_attack_srate": 3.197674418604651, "total_accuracies": [41.71, 75.39, 84.57, 87.31, 88.33, 88.09, 88.54, 90.79, 90.02, 91.86, 92.04, 91.8, 92.01, 92.43, 92.83, 93.06, 91.59, 93.48, 93.7, 89.77, 92.33, 94.63, 93.16, 94.17, 94.9, 95.14, 93.13, 95.07, 94.5, 94.79], "class_accuracies": [[99.59183673469387, 94.27312775330397, 0.0, 45.148514851485146, 52.03665987780041, 7.623318385650224, 21.816283924843425, 0.0, 0.7186858316221766, 86.62041625371656], [95.71428571428571, 98.6784140969163, 54.36046511627907, 91.48514851485149, 85.84521384928716, 56.83856502242153, 86.95198329853862, 83.852140077821, 47.74127310061601, 48.16650148662042], [94.59183673469387, 98.14977973568281, 77.71317829457364, 88.11881188118812, 81.36456211812627, 73.31838565022422, 91.7536534446764, 87.2568093385214, 73.30595482546201, 77.40336967294351], [95.91836734693878, 96.65198237885463, 79.16666666666667, 88.21782178217822, 87.57637474541751, 76.79372197309416, 94.57202505219206, 88.42412451361868, 81.72484599589322, 82.25966303270565], [95.81632653061224, 96.74008810572687, 76.25968992248062, 87.22772277227723, 90.93686354378819, 85.08968609865471, 93.42379958246346, 89.59143968871595, 83.77823408624229, 83.64717542120911], [96.42857142857143, 98.41409691629956, 67.63565891472868, 90.1980198019802, 90.32586558044807, 85.98654708520179, 93.31941544885177, 90.1750972762646, 79.97946611909651, 87.61149653121903], [96.53061224489795, 98.50220264317181, 71.80232558139535, 88.7128712871287, 96.5376782077393, 87.78026905829596, 93.94572025052192, 88.91050583657588, 81.51950718685832, 80.67393458870168], [97.24489795918367, 97.79735682819383, 84.59302325581395, 89.70297029702971, 93.27902240325865, 90.13452914798206, 93.84133611691023, 89.78599221789884, 83.36755646817248, 87.51238850346878], [97.95918367346938, 97.5330396475771, 70.25193798449612, 89.8019801980198, 93.89002036659878, 87.66816143497758, 95.09394572025052, 89.98054474708171, 87.26899383983573, 90.48562933597621], [97.55102040816327, 98.14977973568281, 87.20930232558139, 90.29702970297029, 94.70468431771894, 86.65919282511211, 96.34655532359082, 91.43968871595331, 86.34496919917865, 88.89990089197225], [98.57142857142857, 98.50220264317181, 85.75581395348837, 91.38613861386139, 92.4643584521385, 87.21973094170404, 94.88517745302714, 91.73151750972762, 86.34496919917865, 92.46778989098117], [97.55102040816327, 97.70925110132158, 81.4922480620155, 91.88118811881188, 95.72301425661914, 87.89237668161435, 95.19832985386222, 91.147859922179, 89.83572895277207, 88.9990089197225], [97.95918367346938, 98.14977973568281, 82.07364341085271, 93.26732673267327, 96.13034623217922, 87.66816143497758, 96.97286012526096, 91.24513618677042, 88.60369609856262, 87.41328047571854], [98.57142857142857, 98.06167400881057, 85.17441860465117, 93.66336633663366, 91.85336048879837, 89.91031390134529, 94.78079331941545, 90.95330739299611, 86.34496919917865, 94.25173439048562], [98.16326530612245, 98.14977973568281, 83.91472868217055, 94.25742574257426, 95.41751527494908, 91.59192825112108, 94.57202505219206, 92.60700389105058, 87.06365503080082, 92.07135777998018], [98.46938775510205, 98.14977973568281, 84.98062015503876, 93.76237623762377, 94.90835030549898, 90.13452914798206, 95.92901878914405, 92.31517509727627, 88.60369609856262, 92.76511397423191], [98.57142857142857, 97.88546255506608, 67.34496124031008, 94.65346534653466, 93.9918533604888, 91.3677130044843, 94.78079331941545, 93.09338521400778, 90.86242299794661, 93.45887016848364], [97.95918367346938, 98.32599118942731, 87.1124031007752, 93.96039603960396, 94.5010183299389, 91.3677130044843, 95.72025052192066, 90.27237354085604, 90.04106776180699, 95.04459861248762], [98.46938775510205, 98.06167400881057, 84.10852713178295, 94.95049504950495, 94.60285132382892, 91.3677130044843, 95.92901878914405, 94.26070038910505, 91.06776180698152, 93.75619425173439], [98.06122448979592, 98.8546255506608, 47.093023255813954, 96.23762376237623, 94.09368635437882, 90.35874439461884, 94.88517745302714, 92.02334630350195, 91.47843942505133, 95.14370664023787], [98.26530612244898, 99.03083700440529, 71.99612403100775, 95.14851485148515, 92.9735234215886, 93.49775784753363, 95.30271398747391, 92.8988326848249, 89.3223819301848, 94.84638255698711], [97.55102040816327, 98.6784140969163, 93.7015503875969, 93.66336633663366, 95.72301425661914, 91.3677130044843, 96.24217118997912, 93.3852140077821, 92.60780287474333, 92.66600594648166], [97.55102040816327, 98.59030837004406, 79.26356589147287, 94.75247524752476, 94.5010183299389, 92.04035874439462, 96.65970772442589, 91.82879377431907, 90.55441478439425, 95.6392467789891], [97.75510204081633, 98.76651982378854, 87.79069767441861, 94.85148514851485, 95.31568228105907, 90.02242152466367, 96.5553235908142, 92.70428015564202, 93.01848049281314, 94.25173439048562], [97.44897959183673, 98.06167400881057, 93.31395348837209, 95.14851485148515, 96.13034623217922, 91.70403587443946, 96.5553235908142, 93.57976653696498, 94.25051334702259, 92.26957383548067], [97.85714285714286, 98.6784140969163, 93.4108527131783, 94.65346534653466, 95.82484725050917, 92.04035874439462, 96.97286012526096, 93.8715953307393, 94.35318275154005, 93.1615460852329], [98.77551020408163, 99.11894273127753, 76.16279069767442, 96.63366336633663, 93.89002036659878, 91.03139013452915, 95.61586638830897, 93.96887159533074, 90.4517453798768, 95.24281466798811], [98.26530612244898, 99.03083700440529, 91.56976744186046, 96.33663366336634, 95.51934826883911, 93.27354260089686, 96.13778705636743, 93.8715953307393, 92.91581108829568, 93.26065411298315], [97.85714285714286, 98.94273127753304, 84.98062015503876, 95.64356435643565, 95.82484725050917, 93.72197309417041, 96.34655532359082, 92.21789883268482, 94.25051334702259, 95.04459861248762], [97.44897959183673, 99.03083700440529, 89.14728682170542, 95.04950495049505, 94.19551934826885, 94.17040358744394, 96.13778705636743, 93.96887159533074, 93.01848049281314, 95.34192269573836]],