{"config": {"DATASET": "mnist", "TOTAL_CLIENTS": 100, "CLIENT_FRAC": 0.1, "POISON_FRAC": 0.1, "CREATE_DATASET": true, "RANDOM_DATA": true, "CLASS_RATIO": 10, "MODEL": "nnet", "LEARNING_RATE": 0.001, "BATCH_SIZE": 32, "LOCAL_EPOCHS": 3, "OPTIMIZER": "adam", "FED_ROUNDS": 30, "TEST_EVERY": 1, "RANDOM_PROCESS": true, "COS_DEFENCE": false, "SEL_METHOD": 1, "REDUCE_LR": 1, "COLLAB_MODE": true, "COLLAB_ALL": true, "CONSIDER_LAYERS": "l1", "GRAD_AGG": true, "FEATURE_FINDING_ALGO": "auror", "GRAD_COLLECTION_START": 0, "GRAD_COLLECT_FOR": -1, "CLUSTER_SEP": 0.01, "ALPHA": 0.8, "BETA": 0.8, "GAMMA": 0.1, "TRUST_INC": 2, "TRUST_CUT_METHOD": 2, "HONEST_PARDON_FACTOR": 0.99, "LOG_LEVEL": "INFO", "JSON_RESULTS": true}, "mean_poison_class_acc": 81.24031007751937, "mean_attack_srate": 3.1007751937984502, "total_accuracies": [14.81, 35.63, 53.13, 60.45, 66.29, 77.51, 78.59, 79.83, 80.98, 82.04, 82.37, 85.68, 85.0, 87.18, 87.18, 87.96, 88.07, 88.67, 89.25, 89.41, 88.85, 89.78, 89.83, 90.61, 91.17, 91.12, 90.88, 91.34, 90.98, 92.44], "class_accuracies": [[53.265306122448976, 0.0, 0.0, 0.0, 0.0, 0.0, 100.0, 0.0, 0.0, 0.09910802775024777], [98.16326530612245, 96.0352422907489, 47.57751937984496, 0.0, 0.0, 45.62780269058296, 51.56576200417537, 11.575875486381323, 0.0, 0.0], [97.34693877551021, 99.38325991189427, 41.37596899224806, 33.26732673267327, 32.89205702647658, 46.0762331838565, 73.38204592901879, 85.3112840466926, 0.1026694045174538, 15.163528245787909], [96.63265306122449, 96.91629955947137, 77.71317829457364, 71.08910891089108, 14.765784114052954, 31.72645739910314, 78.70563674321504, 1.3618677042801557, 36.85831622176591, 91.47670961347869], [96.93877551020408, 98.8546255506608, 63.66279069767442, 92.87128712871286, 88.79837067209776, 13.90134529147982, 88.93528183716076, 73.83268482490273, 5.749486652977413, 29.633300297324084], [95.0, 96.47577092511013, 75.48449612403101, 58.613861386138616, 88.59470468431772, 85.08968609865471, 86.43006263048017, 82.87937743190662, 63.24435318275154, 42.5173439048563], [96.73469387755102, 97.88546255506608, 72.18992248062015, 80.79207920792079, 84.92871690427698, 72.19730941704036, 92.90187891440502, 70.42801556420234, 53.696098562628336, 61.843409316154606], [97.04081632653062, 96.56387665198238, 71.51162790697674, 89.5049504950495, 68.22810590631364, 56.72645739910314, 93.31941544885177, 78.40466926070039, 59.445585215605746, 83.15163528245787], [97.65306122448979, 97.5330396475771, 73.93410852713178, 89.5049504950495, 74.64358452138492, 69.73094170403587, 87.2651356993737, 88.13229571984436, 50.0, 77.60158572844401], [96.73469387755102, 95.68281938325991, 80.23255813953489, 79.5049504950495, 96.23217922606925, 81.50224215246637, 89.77035490605428, 84.14396887159533, 72.68993839835728, 43.012884043607535], [95.20408163265306, 98.23788546255507, 59.98062015503876, 79.5049504950495, 87.57637474541751, 84.30493273542601, 89.77035490605428, 82.1011673151751, 62.936344969199176, 83.05252725470763], [96.63265306122449, 97.09251101321586, 81.5891472868217, 88.11881188118812, 86.45621181262729, 75.0, 93.21503131524008, 86.7704280155642, 69.30184804928132, 80.17839444995045], [97.24489795918367, 97.97356828193833, 70.73643410852713, 81.08910891089108, 86.15071283095723, 86.21076233183857, 91.33611691022965, 87.64591439688716, 67.24845995893224, 83.25074331020812], [96.83673469387755, 96.12334801762114, 79.94186046511628, 84.85148514851485, 86.45621181262729, 82.73542600896862, 90.91858037578288, 88.715953307393, 82.13552361396304, 81.86323092170466], [96.53061224489795, 97.26872246696036, 81.1046511627907, 88.91089108910892, 85.5397148676171, 83.96860986547085, 92.27557411273486, 89.39688715953308, 72.58726899383984, 82.65609514370664], [96.22448979591837, 97.79735682819383, 87.5, 85.14851485148515, 91.64969450101833, 85.08968609865471, 91.9624217118998, 87.64591439688716, 75.46201232032854, 79.68285431119921], [96.42857142857143, 98.14977973568281, 78.58527131782945, 86.13861386138613, 87.88187372708758, 86.7713004484305, 92.69311064718163, 86.08949416342412, 81.00616016427105, 86.02576808721507], [96.93877551020408, 97.09251101321586, 86.04651162790698, 89.9009900990099, 91.85336048879837, 87.4439461883408, 90.81419624217119, 87.45136186770428, 77.51540041067761, 80.57482656095144], [96.3265306122449, 96.29955947136564, 84.78682170542636, 83.36633663366337, 87.16904276985743, 88.34080717488789, 93.21503131524008, 87.7431906614786, 86.85831622176592, 87.80971258671953], [97.55102040816327, 97.3568281938326, 84.98062015503876, 88.61386138613861, 83.80855397148676, 83.96860986547085, 92.48434237995825, 87.06225680933852, 84.49691991786447, 92.36868186323092], [97.75510204081633, 96.74008810572687, 74.4186046511628, 85.24752475247524, 94.29735234215886, 90.13452914798206, 90.50104384133611, 88.81322957198444, 86.652977412731, 83.84539147670961], [96.93877551020408, 97.70925110132158, 79.84496124031008, 86.53465346534654, 93.58452138492872, 88.11659192825113, 94.57202505219206, 89.10505836575875, 86.55030800821355, 84.34093161546085], [97.85714285714286, 97.44493392070484, 76.16279069767442, 87.82178217821782, 89.91853360488798, 89.12556053811659, 94.88517745302714, 88.715953307393, 85.01026694045174, 90.98116947472745], [96.73469387755102, 97.26872246696036, 88.37209302325581, 87.62376237623762, 91.44602851323829, 91.92825112107623, 92.48434237995825, 88.13229571984436, 82.34086242299794, 89.197224975223], [97.55102040816327, 97.18061674008811, 88.37209302325581, 89.5049504950495, 93.58452138492872, 89.91031390134529, 95.09394572025052, 91.147859922179, 83.36755646817248, 85.33201189296334], [97.44897959183673, 97.70925110132158, 88.46899224806202, 92.57425742574257, 87.78004073319755, 88.00448430493273, 93.31941544885177, 90.36964980544747, 83.5728952772074, 90.78295341922696], [97.75510204081633, 98.06167400881057, 82.84883720930233, 89.10891089108911, 94.5010183299389, 91.70403587443946, 95.92901878914405, 89.98054474708171, 83.5728952772074, 85.0346878097126], [97.55102040816327, 97.26872246696036, 81.3953488372093, 91.18811881188118, 90.83503054989816, 90.69506726457399, 92.90187891440502, 91.05058365758755, 88.39835728952772, 91.67492566897918], [97.75510204081633, 97.09251101321586, 78.10077519379846, 90.89108910891089, 95.41751527494908, 92.152466367713, 93.84133611691023, 90.85603112840467, 87.67967145790554, 86.02576808721507], [97.85714285714286, 96.74008810572687, 91.56976744186046, 91.68316831683168, 92.56619144602851, 88.78923766816143, 96.03340292275574, 89.10505836575875, 89.63039014373716, 89.79187314172448]],