{"config": {"DATASET": "mnist", "TOTAL_CLIENTS": 100, "CLIENT_FRAC": 0.1, "POISON_FRAC": 0.1, "CREATE_DATASET": true, "RANDOM_DATA": true, "CLASS_RATIO": 10, "MODEL": "nnet", "LEARNING_RATE": 0.001, "BATCH_SIZE": 32, "LOCAL_EPOCHS": 10, "OPTIMIZER": "adam", "FED_ROUNDS": 30, "TEST_EVERY": 1, "RANDOM_PROCESS": false, "COS_DEFENCE": false, "SEL_METHOD": 1, "REDUCE_LR": 1, "COLLAB_MODE": true, "COLLAB_ALL": true, "CONSIDER_LAYERS": "l1", "GRAD_AGG": true, "FEATURE_FINDING_ALGO": "auror", "GRAD_COLLECTION_START": 0, "GRAD_COLLECT_FOR": -1, "CLUSTER_SEP": 0.002, "ALPHA": 0.8, "BETA": 0.8, "GAMMA": 0.1, "TRUST_INC": 2, "TRUST_CUT_METHOD": 1, "HONEST_PARDON_FACTOR": 0.7, "LOG_LEVEL": "INFO", "JSON_RESULTS": true}, "mean_poison_class_acc": 86.58430232558139, "mean_attack_srate": 3.0474806201550386, "total_accuracies": [40.41, 73.68, 83.26, 86.68, 87.61, 89.72, 89.57, 91.03, 90.9, 92.38, 91.96, 92.97, 92.87, 92.36, 90.91, 94.09, 93.67, 93.34, 93.42, 94.71, 94.28, 95.08, 94.32, 94.74, 92.5, 95.11, 94.78, 94.66, 95.0, 95.43], "class_accuracies": [[98.9795918367347, 99.8237885462555, 0.0, 25.247524752475247, 3.1568228105906315, 21.41255605381166, 16.075156576200417, 85.99221789883268, 38.09034907597536, 5.153617443012884], [96.93877551020408, 97.97356828193833, 35.56201550387597, 80.1980198019802, 94.29735234215886, 76.90582959641256, 88.4133611691023, 84.8249027237354, 60.369609856262834, 20.81268582755203], [95.91836734693878, 97.5330396475771, 51.84108527131783, 82.37623762376238, 86.35437881873727, 81.05381165919283, 91.64926931106471, 85.11673151750973, 76.79671457905545, 83.25074331020812], [96.22448979591837, 96.2114537444934, 69.18604651162791, 88.11881188118812, 91.34419551934828, 79.03587443946188, 93.84133611691023, 87.45136186770428, 80.18480492813141, 84.0436075322101], [96.42857142857143, 96.47577092511013, 68.21705426356588, 86.03960396039604, 93.58452138492872, 81.83856502242152, 93.63256784968685, 87.7431906614786, 87.06365503080082, 84.4400396432111], [96.73469387755102, 97.88546255506608, 85.46511627906976, 88.51485148514851, 92.87169042769857, 84.19282511210763, 94.98956158663883, 90.75875486381322, 78.33675564681725, 86.02576808721507], [97.04081632653062, 98.23788546255507, 84.01162790697674, 87.92079207920793, 96.94501018329939, 84.30493273542601, 94.67640918580376, 89.2023346303502, 80.59548254620123, 81.56590683845391], [97.44897959183673, 97.18061674008811, 89.92248062015504, 90.29702970297029, 94.29735234215886, 88.45291479820628, 93.21503131524008, 90.75875486381322, 79.97946611909651, 87.71060455896928], [97.55102040816327, 97.3568281938326, 80.23255813953489, 89.10891089108911, 94.90835030549898, 88.00448430493273, 94.78079331941545, 91.53696498054475, 85.1129363449692, 89.79187314172448], [97.85714285714286, 97.26872246696036, 89.24418604651163, 90.39603960396039, 94.29735234215886, 87.89237668161435, 96.45093945720251, 92.12062256809338, 86.96098562628337, 90.48562933597621], [97.75510204081633, 97.88546255506608, 89.24418604651163, 91.68316831683168, 87.06720977596741, 91.25560538116592, 95.30271398747391, 88.715953307393, 85.21560574948666, 94.74727452923686], [97.75510204081633, 97.79735682819383, 92.92635658914729, 91.78217821782178, 95.51934826883911, 90.5829596412556, 95.61586638830897, 90.46692607003891, 86.85831622176592, 89.69276511397423], [98.06122448979592, 97.62114537444934, 86.9186046511628, 93.36633663366337, 96.23217922606925, 86.88340807174887, 95.72025052192066, 94.55252918287938, 87.37166324435319, 90.98116947472745], [98.06122448979592, 98.50220264317181, 80.62015503875969, 95.24752475247524, 96.02851323828921, 87.5560538116592, 96.86847599164926, 93.48249027237354, 85.31827515400411, 91.0802775024777], [98.26530612244898, 98.41409691629956, 66.66666666666667, 94.05940594059406, 97.25050916496944, 92.04035874439462, 94.98956158663883, 93.09338521400778, 82.23819301848049, 92.07135777998018], [98.06122448979592, 97.70925110132158, 91.56976744186046, 93.16831683168317, 93.89002036659878, 94.05829596412556, 94.98956158663883, 94.26070038910505, 89.52772073921972, 93.26065411298315], [97.85714285714286, 98.8546255506608, 86.04651162790698, 93.46534653465346, 96.13034623217922, 93.94618834080717, 96.76409185803757, 92.21789883268482, 87.98767967145791, 93.1615460852329], [98.36734693877551, 97.70925110132158, 81.1046511627907, 95.14851485148515, 93.9918533604888, 93.16143497757848, 95.09394572025052, 93.28793774319067, 91.58110882956879, 93.85530227948463], [98.16326530612245, 98.14977973568281, 81.1046511627907, 94.05940594059406, 94.39918533604887, 94.5067264573991, 95.4070981210856, 92.80155642023347, 91.37577002053388, 94.25173439048562], [98.06122448979592, 97.79735682819383, 93.4108527131783, 94.45544554455445, 95.72301425661914, 93.60986547085201, 96.5553235908142, 92.80155642023347, 91.9917864476386, 92.36868186323092], [98.57142857142857, 97.88546255506608, 88.37209302325581, 94.55445544554455, 93.9918533604888, 93.49775784753363, 95.51148225469728, 92.80155642023347, 93.42915811088295, 93.95441030723488], [97.34693877551021, 98.14977973568281, 94.57364341085271, 95.54455445544555, 96.43584521384929, 93.16143497757848, 95.82463465553236, 94.26070038910505, 90.96509240246407, 93.95441030723488], [97.75510204081633, 97.97356828193833, 84.98062015503876, 94.45544554455445, 96.63951120162933, 95.17937219730942, 96.03340292275574, 94.94163424124514, 91.88911704312115, 93.3597621407334], [98.46938775510205, 98.14977973568281, 89.05038759689923, 96.33663366336634, 94.80651731160896, 93.83408071748879, 96.13778705636743, 94.45525291828794, 92.19712525667352, 93.65708622398414], [98.26530612244898, 98.76651982378854, 69.57364341085271, 95.64356435643565, 95.51934826883911, 95.17937219730942, 95.4070981210856, 95.52529182879377, 86.75564681724846, 94.54905847373637], [98.36734693877551, 98.41409691629956, 91.18217054263566, 95.64356435643565, 95.92668024439918, 93.49775784753363, 96.45093945720251, 95.71984435797665, 92.40246406570841, 93.06243805748265], [98.06122448979592, 98.06167400881057, 89.34108527131782, 96.53465346534654, 95.31568228105907, 92.26457399103138, 96.34655532359082, 93.67704280155642, 93.32648870636551, 94.44995044598612], [98.26530612244898, 98.41409691629956, 87.6937984496124, 96.23762376237623, 95.72301425661914, 93.38565022421524, 96.13778705636743, 94.06614785992218, 93.1211498973306, 93.26065411298315], [98.36734693877551, 98.6784140969163, 92.34496124031008, 93.86138613861387, 95.010183299389, 94.61883408071749, 95.72025052192066, 95.13618677042801, 91.88911704312115, 93.95441030723488], [98.46938775510205, 97.97356828193833, 94.96124031007751, 94.65346534653466, 94.80651731160896, 93.38565022421524, 95.61586638830897, 95.62256809338521, 93.42915811088295, 94.84638255698711]],