{"config": {"DATASET": "mnist", "CLIENT_FRAC": 0.2, "POISON_FRAC": 0.0, "CREATE_DATASET": false, "CLASS_RATIO": 10, "MODEL": "nnet", "LEARNING_RATE": 0.001, "BATCH_SIZE": 32, "LOCAL_EPOCHS": 3, "OPTIMIZER": "adam", "FED_ROUNDS": 30, "TEST_EVERY": 1, "RANDOM": true, "COS_DEFENCE": false, "SEL_METHOD": 1, "COLLAB_MODE": true, "COLLAB_ALL": false, "CONSIDER_LAYERS": "l1", "GRAD_AGG": true, "FEATURE_FINDING_ALGO": "auror_plus", "GRAD_COLLECTION_START": 0, "GRAD_COLLECT_FOR": -1, "CLUSTER_SEP": 2.0, "ALPHA": 0.5, "BETA": 0.5, "GAMMA": 0.5, "TRUST_INC": 2, "TRUST_CUT_METHOD": 1, "HONEST_PARDON_FACTOR": 0.99, "LOG_LEVEL": "INFO", "JSON_RESULTS": true}, "mean_poison_class_acc": 84.8062015503876, "mean_attack_srate": 2.9999999999999996, "total_accuracies": [22.61, 47.83, 50.07, 61.71, 66.96, 76.85, 81.16, 82.63, 83.73, 84.85, 85.76, 86.71, 86.85, 87.67, 88.35, 88.67, 88.87, 89.25, 89.57, 89.82, 90.34, 90.59, 90.84, 91.0, 91.36, 91.14, 91.78, 91.97, 91.93, 92.25], "class_accuracies": [[69.59183673469387, 0.0, 4.166666666666667, 96.13861386138613, 0.0, 0.7847533632286996, 54.17536534446764, 3.7937743190661477, 0.0, 0.0], [97.34693877551021, 96.74008810572687, 77.51937984496124, 58.118811881188115, 2.74949083503055, 53.587443946188344, 7.306889352818372, 0.0, 0.0, 76.21407333994054], [98.6734693877551, 98.14977973568281, 56.58914728682171, 89.10891089108911, 54.378818737270876, 0.336322869955157, 30.062630480167016, 11.284046692607005, 7.700205338809035, 42.22001982160555], [97.14285714285714, 98.6784140969163, 74.12790697674419, 90.0990099009901, 75.56008146639512, 6.390134529147982, 76.61795407098121, 53.11284046692607, 3.9014373716632442, 30.426164519326065], [98.26530612244898, 98.32599118942731, 76.55038759689923, 91.2871287128713, 90.93686354378819, 25.7847533632287, 78.07933194154488, 55.252918287937746, 30.184804928131417, 17.046580773042617], [96.63265306122449, 97.70925110132158, 74.12790697674419, 88.11881188118812, 76.68024439918534, 60.65022421524664, 87.99582463465553, 62.45136186770428, 52.772073921971256, 67.49256689791873], [96.0204081632653, 97.44493392070484, 77.51937984496124, 84.45544554455445, 80.85539714867618, 64.79820627802691, 91.23173277661796, 84.24124513618678, 64.57905544147845, 66.89791873141725], [93.87755102040816, 97.79735682819383, 78.48837209302326, 85.84158415841584, 72.30142566191446, 75.7847533632287, 89.87473903966597, 82.00389105058366, 67.04312114989733, 80.57482656095144], [96.22448979591837, 97.62114537444934, 80.42635658914729, 84.35643564356435, 70.061099796334, 71.63677130044843, 92.90187891440502, 82.68482490272373, 73.51129363449692, 84.93557978196233], [95.3061224489796, 97.00440528634361, 79.55426356589147, 81.88118811881188, 84.62321792260693, 83.96860986547085, 92.06680584551148, 88.81322957198444, 70.63655030800821, 73.2408325074331], [96.0204081632653, 97.5330396475771, 81.1046511627907, 84.95049504950495, 79.0224032586558, 79.48430493273543, 90.7098121085595, 85.70038910505836, 76.18069815195072, 84.83647175421208], [96.0204081632653, 96.74008810572687, 81.68604651162791, 82.77227722772277, 86.86354378818737, 83.96860986547085, 91.7536534446764, 85.21400778210116, 81.3141683778234, 79.68285431119921], [96.22448979591837, 97.3568281938326, 83.23643410852713, 85.44554455445545, 81.56822810590631, 79.37219730941705, 92.79749478079331, 85.70038910505836, 79.46611909650925, 85.43111992071358], [96.12244897959184, 97.18061674008811, 85.46511627906976, 86.33663366336634, 89.30753564154786, 82.51121076233184, 92.90187891440502, 87.54863813229572, 77.72073921971253, 80.0792864222002], [96.53061224489795, 96.56387665198238, 84.20542635658914, 84.15841584158416, 87.67820773930754, 82.39910313901345, 92.58872651356994, 87.15953307392996, 85.01026694045174, 85.92666005946482], [97.44897959183673, 97.26872246696036, 85.65891472868218, 85.84158415841584, 89.71486761710794, 80.04484304932735, 93.84133611691023, 88.91050583657588, 82.95687885010267, 83.34985133795837], [96.42857142857143, 97.44493392070484, 83.81782945736434, 84.85148514851485, 90.42769857433808, 82.847533632287, 92.69311064718163, 89.00778210116732, 83.9835728952772, 85.82755203171457], [96.42857142857143, 97.09251101321586, 87.98449612403101, 83.06930693069307, 91.75152749490834, 84.97757847533633, 94.78079331941545, 87.06225680933852, 83.5728952772074, 84.73736372646184], [97.14285714285714, 97.09251101321586, 85.46511627906976, 86.13861386138613, 88.28920570264766, 84.64125560538116, 92.58872651356994, 89.39688715953308, 85.1129363449692, 88.60257680872151], [97.55102040816327, 97.09251101321586, 84.39922480620154, 87.02970297029702, 92.9735234215886, 85.76233183856502, 92.79749478079331, 88.03501945525292, 85.01026694045174, 86.62041625371656], [96.83673469387755, 97.09251101321586, 88.95348837209302, 87.32673267326733, 92.87169042769857, 86.99551569506727, 94.78079331941545, 89.10505836575875, 83.26488706365502, 85.23290386521309], [97.44897959183673, 97.3568281938326, 87.1124031007752, 91.08910891089108, 92.15885947046843, 84.75336322869956, 92.90187891440502, 89.78599221789884, 85.52361396303901, 86.52130822596631], [97.24489795918367, 97.18061674008811, 87.79069767441861, 87.32673267326733, 92.15885947046843, 88.67713004484305, 94.46764091858037, 90.95330739299611, 84.70225872689939, 87.1159563924678], [97.04081632653062, 97.26872246696036, 88.0813953488372, 89.70297029702971, 93.27902240325865, 88.34080717488789, 94.1544885177453, 90.36964980544747, 83.9835728952772, 86.9177403369673], [97.75510204081633, 97.09251101321586, 91.37596899224806, 87.52475247524752, 94.5010183299389, 89.46188340807174, 94.1544885177453, 89.98054474708171, 84.80492813141684, 86.22398414271557], [96.93877551020408, 97.3568281938326, 84.98062015503876, 91.2871287128713, 91.14052953156823, 87.21973094170404, 94.258872651357, 90.95330739299611, 86.03696098562628, 90.28741328047572], [97.24489795918367, 97.09251101321586, 90.31007751937985, 90.0, 93.48268839103869, 88.78923766816143, 95.09394572025052, 90.27237354085604, 86.44763860369609, 88.30525272547077], [97.24489795918367, 97.62114537444934, 90.60077519379846, 89.3069306930693, 93.48268839103869, 88.78923766816143, 94.78079331941545, 91.53696498054475, 86.55030800821355, 88.89990089197225], [97.75510204081633, 96.56387665198238, 87.01550387596899, 91.48514851485149, 92.4643584521385, 88.00448430493273, 95.4070981210856, 91.147859922179, 87.98767967145791, 90.78295341922696], [98.26530612244898, 97.18061674008811, 90.79457364341086, 88.7128712871287, 93.68635437881873, 91.03139013452915, 94.36325678496868, 91.53696498054475, 88.60369609856262, 87.80971258671953]],