{"config": {"DATASET": "mnist", "TOTAL_CLIENTS": 100, "CLIENT_FRAC": 0.1, "POISON_FRAC": 0.1, "CREATE_DATASET": true, "RANDOM_DATA": true, "CLASS_RATIO": 10, "MODEL": "nnet", "LEARNING_RATE": 0.001, "BATCH_SIZE": 32, "LOCAL_EPOCHS": 3, "OPTIMIZER": "adam", "FED_ROUNDS": 30, "TEST_EVERY": 1, "RANDOM_PROCESS": true, "COS_DEFENCE": true, "SEL_METHOD": 1, "REDUCE_LR": 1, "COLLAB_MODE": true, "COLLAB_ALL": true, "CONSIDER_LAYERS": "l2", "GRAD_AGG": true, "FEATURE_FINDING_ALGO": "auror", "GRAD_COLLECTION_START": 0, "GRAD_COLLECT_FOR": -1, "CLUSTER_SEP": 0.01, "ALPHA": 0.8, "BETA": 0.8, "GAMMA": 0.1, "TRUST_INC": 2, "TRUST_CUT_METHOD": 2, "HONEST_PARDON_FACTOR": 0.99, "LOG_LEVEL": "INFO", "JSON_RESULTS": true}, "mean_poison_class_acc": 78.21705426356588, "mean_attack_srate": 3.086240310077519, "total_accuracies": [10.87, 23.63, 41.83, 46.54, 58.53, 61.96, 70.13, 77.31, 76.42, 82.74, 82.62, 84.5, 86.01, 85.88, 86.54, 87.3, 87.33, 88.2, 87.88, 88.95, 88.13, 89.61, 89.77, 88.72, 88.5, 90.39, 90.64, 90.44, 89.53, 89.13], "class_accuracies": [[0.0, 5.814977973568282, 0.0, 0.0, 0.0, 4.484304932735426, 99.89561586638831, 2.3346303501945527, 0.0, 0.0], [99.38775510204081, 99.8237885462555, 0.0, 0.0, 6.008146639511201, 19.84304932735426, 2.0876826722338206, 0.0, 0.0, 0.0], [96.63265306122449, 99.55947136563877, 35.85271317829457, 0.0, 57.23014256619145, 66.92825112107623, 60.22964509394572, 0.0, 0.0, 0.0], [99.48979591836735, 99.47136563876651, 60.75581395348837, 47.92079207920792, 90.93686354378819, 5.605381165919282, 51.774530271398746, 0.0, 0.0, 0.0], [94.08163265306122, 99.38325991189427, 45.348837209302324, 57.62376237623762, 76.88391038696538, 80.04484304932735, 82.5678496868476, 0.38910505836575876, 0.7186858316221766, 47.77006937561943], [96.63265306122449, 98.94273127753304, 73.64341085271317, 89.5049504950495, 90.12219959266803, 30.15695067264574, 79.54070981210856, 0.8754863813229572, 31.416837782340863, 22.893954410307234], [93.06122448979592, 98.8546255506608, 72.09302325581395, 76.43564356435644, 93.38085539714868, 78.36322869955157, 88.83089770354906, 54.474708171206224, 24.435318275154003, 19.62338949454906], [97.24489795918367, 98.6784140969163, 69.86434108527132, 91.68316831683168, 82.07739307535641, 52.01793721973094, 90.7098121085595, 73.15175097276264, 45.27720739219713, 67.29435084241824], [93.9795918367347, 98.14977973568281, 80.32945736434108, 76.93069306930693, 96.23217922606925, 80.60538116591928, 85.49060542797494, 71.3035019455253, 52.97741273100616, 26.66005946481665], [97.24489795918367, 97.5330396475771, 78.39147286821705, 85.44554455445545, 84.92871690427698, 78.25112107623319, 91.02296450939457, 82.1011673151751, 63.24435318275154, 67.19524281466799], [97.04081632653062, 98.76651982378854, 75.3875968992248, 84.65346534653466, 91.34419551934828, 72.98206278026906, 90.18789144050105, 76.26459143968872, 67.04312114989733, 70.16848364717542], [96.22448979591837, 97.97356828193833, 78.97286821705427, 81.68316831683168, 89.61303462321793, 84.52914798206278, 89.97912317327766, 89.2023346303502, 67.45379876796714, 67.88899900891973], [97.65306122448979, 95.24229074889868, 82.94573643410853, 80.0990099009901, 88.69653767820773, 82.17488789237669, 90.7098121085595, 86.38132295719845, 82.13552361396304, 73.0426164519326], [96.63265306122449, 96.65198237885463, 80.62015503875969, 82.77227722772277, 94.39918533604887, 86.43497757847534, 89.87473903966597, 87.84046692607004, 78.64476386036961, 64.22200198216055], [97.55102040816327, 96.74008810572687, 78.10077519379846, 78.11881188118812, 88.39103869653768, 82.51121076233184, 91.33611691022965, 82.29571984435798, 84.29158110882958, 85.13379583746284], [96.42857142857143, 98.14977973568281, 78.58527131782945, 86.53465346534654, 89.10386965376782, 84.75336322869956, 91.23173277661796, 88.91050583657588, 75.87268993839835, 82.06144697720515], [98.16326530612245, 95.15418502202643, 77.13178294573643, 84.75247524752476, 85.13238289205702, 81.50224215246637, 90.91858037578288, 84.43579766536965, 86.24229979466119, 88.89990089197225], [97.75510204081633, 97.00440528634361, 81.78294573643412, 86.53465346534654, 87.06720977596741, 82.28699551569507, 90.7098121085595, 91.63424124513618, 79.87679671457906, 85.72844400396433], [98.06122448979592, 97.09251101321586, 72.09302325581395, 87.52475247524752, 89.0020366598778, 83.5201793721973, 89.35281837160751, 87.7431906614786, 85.1129363449692, 88.30525272547077], [98.36734693877551, 95.85903083700441, 84.30232558139535, 88.61386138613861, 91.95519348268839, 79.5964125560538, 92.90187891440502, 85.70038910505836, 84.29158110882958, 86.52130822596631], [98.6734693877551, 95.33039647577093, 71.41472868217055, 89.20792079207921, 87.67820773930754, 77.80269058295964, 90.29227557411274, 90.27237354085604, 90.55441478439425, 88.800792864222], [98.26530612244898, 96.91629955947137, 84.49612403100775, 89.4059405940594, 93.07535641547861, 82.62331838565022, 91.12734864300626, 89.29961089494164, 83.16221765913758, 86.32309217046581], [98.16326530612245, 97.00440528634361, 83.23643410852713, 88.7128712871287, 91.34419551934828, 86.09865470852019, 92.37995824634656, 88.81322957198444, 82.34086242299794, 88.60257680872151], [97.75510204081633, 95.68281938325991, 74.90310077519379, 84.35643564356435, 91.85336048879837, 80.38116591928251, 92.37995824634656, 87.7431906614786, 92.40246406570841, 88.89990089197225], [98.77551020408163, 97.26872246696036, 68.4108527131783, 88.41584158415841, 93.38085539714868, 82.62331838565022, 92.37995824634656, 89.98054474708171, 85.93429158110882, 87.01684836471755], [98.16326530612245, 96.91629955947137, 83.72093023255815, 87.92079207920793, 91.0386965376782, 86.43497757847534, 92.58872651356994, 90.56420233463035, 87.782340862423, 87.90882061446978], [97.95918367346938, 96.74008810572687, 86.14341085271317, 87.52475247524752, 90.22403258655804, 85.20179372197309, 92.58872651356994, 87.64591439688716, 90.34907597535934, 91.0802775024777], [98.06122448979592, 97.00440528634361, 82.17054263565892, 89.4059405940594, 87.27087576374745, 87.78026905829596, 94.78079331941545, 90.46692607003891, 84.80492813141684, 91.87314172447968], [97.95918367346938, 96.56387665198238, 74.70930232558139, 85.94059405940594, 96.23217922606925, 87.10762331838565, 95.4070981210856, 90.07782101167315, 87.47433264887064, 83.64717542120911], [98.57142857142857, 96.82819383259911, 65.21317829457364, 91.48514851485149, 91.5478615071283, 88.56502242152466, 93.63256784968685, 90.36964980544747, 84.29158110882958, 90.68384539147671]],