{"config": {"DATASET": "mnist", "TOTAL_CLIENTS": 100, "CLIENT_FRAC": 0.1, "POISON_FRAC": 0.1, "CREATE_DATASET": true, "RANDOM_DATA": true, "CLASS_RATIO": 10, "MODEL": "nnet", "LEARNING_RATE": 0.001, "BATCH_SIZE": 32, "LOCAL_EPOCHS": 3, "OPTIMIZER": "adam", "FED_ROUNDS": 30, "TEST_EVERY": 1, "RANDOM_PROCESS": true, "COS_DEFENCE": false, "SEL_METHOD": 1, "REDUCE_LR": 1, "COLLAB_MODE": true, "COLLAB_ALL": true, "CONSIDER_LAYERS": "l1", "GRAD_AGG": true, "FEATURE_FINDING_ALGO": "auror", "GRAD_COLLECTION_START": 0, "GRAD_COLLECT_FOR": -1, "CLUSTER_SEP": 0.005, "ALPHA": 0.8, "BETA": 0.8, "GAMMA": 0.1, "TRUST_INC": 2, "TRUST_CUT_METHOD": 2, "HONEST_PARDON_FACTOR": 0.99, "LOG_LEVEL": "INFO", "JSON_RESULTS": true}, "mean_poison_class_acc": 83.19282945736435, "mean_attack_srate": 2.979651162790698, "total_accuracies": [29.08, 30.55, 39.04, 52.05, 62.38, 72.27, 76.69, 77.59, 82.28, 81.21, 84.67, 85.82, 86.27, 86.71, 87.58, 87.95, 88.78, 87.91, 89.76, 90.06, 89.49, 90.3, 90.21, 91.25, 90.33, 91.85, 91.88, 91.62, 92.47, 92.14], "class_accuracies": [[89.79591836734694, 99.38325991189427, 0.0, 9.306930693069306, 82.07739307535641, 0.0, 0.0, 0.0, 0.0, 0.0], [98.9795918367347, 99.38325991189427, 2.3255813953488373, 62.277227722772274, 22.912423625254583, 1.345291479820628, 6.993736951983299, 0.0, 0.0, 0.0], [98.6734693877551, 99.64757709251101, 21.802325581395348, 72.97029702970298, 80.85539714867618, 0.0, 0.0, 4.863813229571984, 0.0, 0.0], [97.14285714285714, 99.47136563876651, 35.36821705426357, 86.03960396039604, 78.30957230142566, 52.01793721973094, 32.150313152400834, 9.33852140077821, 0.0, 25.074331020812686], [97.75510204081633, 98.8546255506608, 72.96511627906976, 88.7128712871287, 82.89205702647658, 27.91479820627803, 59.2901878914405, 79.1828793774319, 0.3080082135523614, 6.045589692765114], [92.34693877551021, 99.03083700440529, 62.8875968992248, 66.43564356435644, 67.71894093686355, 83.29596412556054, 70.56367432150313, 79.08560311284047, 30.28747433264887, 67.98810703666997], [94.89795918367346, 97.88546255506608, 75.5813953488372, 83.16831683168317, 62.729124236252545, 77.91479820627802, 86.74321503131524, 75.19455252918289, 25.05133470225873, 84.14271555996035], [96.3265306122449, 97.88546255506608, 73.25581395348837, 90.0990099009901, 72.5050916496945, 61.99551569506726, 90.81419624217119, 85.3112840466926, 22.279260780287473, 80.17839444995045], [96.3265306122449, 95.33039647577093, 68.9922480620155, 81.08910891089108, 80.65173116089613, 76.45739910313901, 92.27557411273486, 82.19844357976653, 70.2258726899384, 77.70069375619426], [96.73469387755102, 94.80176211453744, 69.0891472868217, 72.47524752475248, 95.51934826883911, 81.39013452914799, 87.78705636743216, 83.56031128404669, 75.77002053388091, 54.509415262636274], [95.3061224489796, 95.85903083700441, 82.55813953488372, 86.13861386138613, 75.96741344195519, 77.46636771300449, 88.51774530271399, 88.03501945525292, 69.50718685831622, 84.83647175421208], [96.42857142857143, 97.70925110132158, 79.26356589147287, 81.98019801980197, 82.58655804480652, 84.97757847533633, 90.29227557411274, 86.7704280155642, 72.68993839835728, 84.0436075322101], [96.0204081632653, 97.18061674008811, 85.46511627906976, 87.22772277227723, 82.79022403258656, 76.12107623318386, 91.9624217118998, 85.7976653696498, 71.45790554414785, 86.12487611496532], [97.55102040816327, 96.0352422907489, 76.74418604651163, 83.76237623762377, 89.81670061099797, 84.30493273542601, 92.27557411273486, 83.46303501945525, 79.36344969199179, 83.05252725470763], [96.93877551020408, 97.79735682819383, 85.56201550387597, 87.02970297029702, 87.67820773930754, 83.96860986547085, 91.23173277661796, 87.15953307392996, 72.38193018480493, 84.34093161546085], [97.34693877551021, 96.91629955947137, 79.84496124031008, 87.32673267326733, 86.45621181262729, 84.4170403587444, 93.0062630480167, 84.04669260700389, 80.59548254620123, 88.50346878097126], [97.65306122448979, 95.77092511013215, 84.88372093023256, 87.72277227722772, 93.89002036659878, 83.96860986547085, 93.52818371607516, 84.53307392996109, 83.16221765913758, 81.86323092170466], [97.24489795918367, 95.85903083700441, 69.37984496124031, 88.11881188118812, 89.40936863543789, 82.62331838565022, 92.90187891440502, 87.45136186770428, 86.44763860369609, 88.9990089197225], [97.85714285714286, 97.18061674008811, 84.68992248062015, 85.84158415841584, 92.87169042769857, 85.98654708520179, 93.63256784968685, 90.46692607003891, 83.26488706365502, 84.83647175421208], [97.34693877551021, 96.82819383259911, 86.53100775193798, 89.60396039603961, 92.4643584521385, 85.42600896860986, 95.72025052192066, 87.15953307392996, 84.49691991786447, 84.14271555996035], [97.85714285714286, 96.29955947136564, 77.32558139534883, 87.92079207920793, 90.22403258655804, 86.09865470852019, 91.44050104384134, 86.38132295719845, 90.75975359342915, 90.08919722497522], [97.55102040816327, 97.18061674008811, 82.84883720930233, 89.00990099009901, 93.78818737270876, 88.56502242152466, 95.09394572025052, 86.284046692607, 87.47433264887064, 84.83647175421208], [97.34693877551021, 96.74008810572687, 80.62015503875969, 91.08910891089108, 90.73319755600815, 84.19282511210763, 95.19832985386222, 90.85603112840467, 84.08624229979466, 90.18830525272547], [98.06122448979592, 96.91629955947137, 86.33720930232558, 91.2871287128713, 93.38085539714868, 87.89237668161435, 94.78079331941545, 87.2568093385214, 87.06365503080082, 88.89990089197225], [97.34693877551021, 96.47577092511013, 74.6124031007752, 88.31683168316832, 92.87169042769857, 88.00448430493273, 93.73695198329854, 89.78599221789884, 92.29979466119096, 89.69276511397423], [97.55102040816327, 97.44493392070484, 91.37596899224806, 89.8019801980198, 93.07535641547861, 85.65022421524664, 95.30271398747391, 88.42412451361868, 87.37166324435319, 91.37760158572844], [98.06122448979592, 97.88546255506608, 88.56589147286822, 90.0, 94.09368635437882, 89.79820627802691, 94.98956158663883, 88.61867704280155, 88.39835728952772, 87.80971258671953], [97.75510204081633, 97.26872246696036, 88.56589147286822, 86.03960396039604, 95.21384928716904, 90.35874439461884, 94.57202505219206, 91.24513618677042, 90.86242299794661, 83.94449950445986], [97.85714285714286, 97.3568281938326, 91.37596899224806, 91.68316831683168, 93.38085539714868, 89.46188340807174, 93.63256784968685, 90.1750972762646, 89.3223819301848, 89.69276511397423], [98.16326530612245, 97.18061674008811, 87.3062015503876, 90.29702970297029, 95.72301425661914, 93.16143497757848, 94.57202505219206, 89.29961089494164, 89.52772073921972, 86.12487611496532]],