{"config": {"DATASET": "mnist", "TOTAL_CLIENTS": 100, "CLIENT_FRAC": 0.1, "POISON_FRAC": 0.1, "CREATE_DATASET": false, "RANDOM_DATA": true, "CLASS_RATIO": 10, "MODEL": "nnet", "LEARNING_RATE": 0.001, "BATCH_SIZE": 32, "LOCAL_EPOCHS": 10, "OPTIMIZER": "adam", "FED_ROUNDS": 30, "TEST_EVERY": 1, "RANDOM_PROCESS": false, "COS_DEFENCE": true, "SEL_METHOD": 1, "REDUCE_LR": 1, "COLLAB_MODE": true, "COLLAB_ALL": true, "CONSIDER_LAYERS": "l1", "GRAD_AGG": true, "FEATURE_FINDING_ALGO": "auror", "GRAD_COLLECTION_START": 0, "GRAD_COLLECT_FOR": -1, "CLUSTER_SEP": 0.005, "ALPHA": 0.8, "BETA": 0.8, "GAMMA": 0.1, "TRUST_INC": 2, "TRUST_CUT_METHOD": 1, "HONEST_PARDON_FACTOR": 0.7, "LOG_LEVEL": "INFO", "JSON_RESULTS": true}, "mean_poison_class_acc": 84.81589147286822, "mean_attack_srate": 3.0474806201550386, "total_accuracies": [43.41, 76.26, 81.88, 85.94, 87.98, 89.81, 89.23, 91.02, 90.49, 92.0, 92.31, 89.86, 92.71, 93.0, 92.7, 93.63, 93.92, 93.56, 93.97, 90.97, 94.07, 92.54, 94.44, 94.33, 94.51, 95.17, 93.08, 94.18, 95.18, 94.82], "class_accuracies": [[99.59183673469387, 95.41850220264317, 1.550387596899225, 45.24752475247525, 51.425661914460285, 2.690582959641256, 41.96242171189979, 0.0, 1.2320328542094456, 85.82755203171457], [95.3061224489796, 98.50220264317181, 50.775193798449614, 88.31683168316832, 83.09572301425662, 63.11659192825112, 84.8643006263048, 83.852140077821, 60.57494866529774, 50.94152626362735], [95.40816326530613, 98.23788546255507, 50.0968992248062, 87.32673267326733, 85.03054989816701, 75.89686098654708, 92.48434237995825, 85.11673151750973, 74.02464065708419, 73.83548067393458], [96.63265306122449, 96.91629955947137, 63.95348837209303, 88.51485148514851, 89.5112016293279, 77.13004484304933, 94.36325678496868, 87.84046692607004, 82.34086242299794, 80.97125867195243], [95.71428571428571, 96.29955947136564, 76.06589147286822, 86.53465346534654, 93.07535641547861, 84.64125560538116, 93.73695198329854, 87.93774319066148, 86.03696098562628, 79.18731417244797], [96.22448979591837, 98.59030837004406, 86.14341085271317, 89.5049504950495, 91.0386965376782, 83.5201793721973, 94.1544885177453, 90.75875486381322, 80.39014373716633, 86.12487611496532], [96.63265306122449, 98.41409691629956, 80.81395348837209, 86.13861386138613, 96.23217922606925, 88.11659192825113, 94.05010438413362, 88.715953307393, 80.80082135523614, 81.66501486620416], [97.04081632653062, 97.3568281938326, 90.31007751937985, 88.91089108910892, 94.5010183299389, 88.90134529147981, 93.31941544885177, 89.2023346303502, 82.95687885010267, 86.81863230921705], [97.75510204081633, 97.5330396475771, 76.74418604651163, 90.0, 94.29735234215886, 89.34977578475336, 94.67640918580376, 89.59143968871595, 84.90759753593429, 89.69276511397423], [97.75510204081633, 97.70925110132158, 87.5, 92.37623762376238, 94.80651731160896, 86.7713004484305, 96.13778705636743, 91.92607003891051, 85.72895277207392, 88.30525272547077], [98.36734693877551, 97.79735682819383, 88.85658914728683, 92.17821782178218, 94.70468431771894, 88.56502242152466, 95.4070981210856, 89.39688715953308, 88.70636550308008, 88.40436075322101], [97.55102040816327, 97.09251101321586, 76.16279069767442, 92.77227722772277, 97.04684317718942, 88.34080717488789, 95.4070981210856, 79.76653696498055, 90.65708418891171, 83.94449950445986], [97.85714285714286, 97.70925110132158, 88.56589147286822, 92.17821782178218, 96.23217922606925, 89.34977578475336, 96.34655532359082, 91.92607003891051, 89.42505133470226, 86.9177403369673], [97.95918367346938, 97.70925110132158, 88.95348837209302, 93.76237623762377, 93.07535641547861, 90.24663677130044, 95.82463465553236, 91.63424124513618, 86.75564681724846, 93.3597621407334], [98.26530612244898, 97.88546255506608, 84.49612403100775, 94.25742574257426, 95.92668024439918, 91.14349775784753, 94.36325678496868, 92.41245136186771, 87.47433264887064, 90.28741328047572], [98.16326530612245, 97.44493392070484, 90.31007751937985, 92.57425742574257, 94.09368635437882, 91.25560538116592, 95.92901878914405, 92.70428015564202, 89.42505133470226, 93.85530227948463], [97.95918367346938, 98.41409691629956, 89.92248062015504, 95.14851485148515, 93.78818737270876, 90.80717488789237, 94.88517745302714, 93.77431906614785, 90.55441478439425, 93.1615460852329], [98.36734693877551, 98.14977973568281, 86.04651162790698, 94.65346534653466, 95.010183299389, 91.59192825112108, 95.92901878914405, 90.95330739299611, 90.65708418891171, 93.85530227948463], [98.06122448979592, 98.23788546255507, 86.7248062015504, 95.04950495049505, 95.11201629327903, 91.25560538116592, 95.72025052192066, 94.45525291828794, 91.58110882956879, 92.9633300297324], [97.85714285714286, 98.8546255506608, 59.30232558139535, 95.54455445544555, 92.76985743380855, 90.35874439461884, 95.19832985386222, 94.06614785992218, 91.37577002053388, 94.44995044598612], [98.36734693877551, 98.94273127753304, 86.82170542635659, 93.96039603960396, 94.5010183299389, 92.71300448430493, 96.76409185803757, 93.19066147859922, 91.17043121149898, 93.85530227948463], [97.24489795918367, 99.03083700440529, 73.35271317829458, 94.95049504950495, 94.09368635437882, 92.26457399103138, 95.82463465553236, 94.06614785992218, 90.75975359342915, 93.65708622398414], [98.36734693877551, 98.76651982378854, 89.92248062015504, 94.25742574257426, 94.80651731160896, 93.27354260089686, 96.86847599164926, 92.8988326848249, 90.75975359342915, 94.05351833498513], [98.36734693877551, 98.76651982378854, 87.59689922480621, 93.56435643564356, 96.74134419551935, 92.60089686098655, 95.61586638830897, 92.41245136186771, 94.25051334702259, 93.06243805748265], [98.36734693877551, 98.41409691629956, 86.82170542635659, 95.24752475247524, 96.23217922606925, 93.27354260089686, 96.5553235908142, 93.57976653696498, 92.81314168377824, 93.55797819623389], [98.36734693877551, 98.76651982378854, 94.57364341085271, 93.36633663366337, 96.13034623217922, 93.60986547085201, 95.61586638830897, 94.26070038910505, 94.45585215605749, 92.07135777998018], [98.77551020408163, 99.03083700440529, 74.4186046511628, 96.33663366336634, 95.21384928716904, 92.48878923766816, 95.82463465553236, 93.77431906614785, 90.34907597535934, 94.44995044598612], [98.9795918367347, 98.50220264317181, 81.4922480620155, 96.33663366336634, 96.13034623217922, 93.60986547085201, 96.5553235908142, 93.96887159533074, 93.01848049281314, 93.1615460852329], [98.6734693877551, 98.94273127753304, 91.66666666666667, 95.04950495049505, 96.63951120162933, 93.72197309417041, 95.82463465553236, 94.16342412451363, 94.55852156057495, 92.17046580773042], [98.6734693877551, 98.94273127753304, 90.31007751937985, 94.65346534653466, 93.38085539714868, 93.60986547085201, 95.92901878914405, 94.55252918287938, 92.81314168377824, 94.84638255698711]],