{"config": {"DATASET": "mnist", "TOTAL_CLIENTS": 100, "CLIENT_FRAC": 0.2, "POISON_FRAC": 0.1, "CREATE_DATASET": true, "RANDOM_DATA": true, "CLASS_RATIO": 10, "MODEL": "nnet", "LEARNING_RATE": 0.001, "BATCH_SIZE": 32, "LOCAL_EPOCHS": 10, "OPTIMIZER": "adam", "FED_ROUNDS": 30, "TEST_EVERY": 1, "RANDOM_PROCESS": false, "COS_DEFENCE": false, "SEL_METHOD": 1, "REDUCE_LR": 1, "COLLAB_MODE": true, "COLLAB_ALL": true, "CONSIDER_LAYERS": "l1", "GRAD_AGG": true, "FEATURE_FINDING_ALGO": "auror", "GRAD_COLLECTION_START": 0, "GRAD_COLLECT_FOR": -1, "CLUSTER_SEP": 0.002, "ALPHA": 0.8, "BETA": 0.8, "GAMMA": 0.1, "TRUST_INC": 2, "TRUST_CUT_METHOD": 1, "HONEST_PARDON_FACTOR": 0.7, "LOG_LEVEL": "INFO", "JSON_RESULTS": true}, "mean_poison_class_acc": 84.63953488372094, "mean_attack_srate": 2.9806201550387597, "total_accuracies": [50.58, 71.02, 82.64, 86.58, 87.69, 89.33, 90.24, 89.74, 91.83, 92.19, 91.28, 92.24, 92.71, 93.7, 92.4, 94.58, 94.52, 94.07, 92.49, 93.83, 94.3, 95.14, 93.87, 92.63, 95.11, 94.22, 95.0, 94.17, 95.56, 95.48], "class_accuracies": [[97.34693877551021, 99.91189427312776, 3.9728682170542635, 47.62376237623762, 70.36659877800408, 26.905829596412556, 18.47599164926931, 77.82101167315174, 55.441478439425055, 0.0], [97.95918367346938, 98.8546255506608, 34.98062015503876, 74.25742574257426, 93.68635437881873, 78.81165919282512, 86.22129436325679, 87.06225680933852, 39.01437371663244, 18.334985133795836], [96.63265306122449, 98.32599118942731, 64.43798449612403, 84.45544554455445, 94.70468431771894, 78.25112107623319, 93.42379958246346, 91.43968871595331, 73.71663244353182, 49.75222993062438], [96.63265306122449, 98.14977973568281, 73.93410852713178, 86.13861386138613, 91.75152749490834, 85.76233183856502, 92.27557411273486, 89.39688715953308, 72.68993839835728, 77.998017839445], [96.83673469387755, 98.23788546255507, 70.25193798449612, 89.20792079207921, 95.11201629327903, 81.83856502242152, 93.31941544885177, 91.05058365758755, 78.64476386036961, 81.16947472745292], [97.44897959183673, 96.56387665198238, 81.4922480620155, 86.73267326732673, 95.92668024439918, 82.39910313901345, 93.42379958246346, 89.29961089494164, 87.16632443531827, 81.86323092170466], [97.75510204081633, 98.23788546255507, 82.75193798449612, 90.79207920792079, 94.19551934826885, 88.00448430493273, 92.90187891440502, 90.1750972762646, 83.16221765913758, 83.54806739345887], [97.95918367346938, 97.5330396475771, 74.8062015503876, 91.48514851485149, 96.5376782077393, 86.21076233183857, 92.69311064718163, 90.75875486381322, 83.16221765913758, 85.53022794846383], [97.44897959183673, 96.82819383259911, 87.59689922480621, 88.81188118811882, 94.5010183299389, 88.90134529147981, 95.4070981210856, 88.03501945525292, 89.93839835728953, 90.38652130822597], [98.26530612244898, 97.44493392070484, 87.01550387596899, 93.76237623762377, 95.62118126272912, 86.21076233183857, 94.36325678496868, 91.43968871595331, 88.50102669404518, 88.30525272547077], [97.95918367346938, 97.88546255506608, 76.74418604651163, 92.37623762376238, 95.82484725050917, 89.01345291479821, 95.4070981210856, 90.95330739299611, 85.93429158110882, 90.28741328047572], [97.65306122448979, 98.14977973568281, 81.68604651162791, 94.95049504950495, 95.72301425661914, 89.57399103139014, 95.19832985386222, 91.05058365758755, 88.70636550308008, 89.197224975223], [98.26530612244898, 98.41409691629956, 84.01162790697674, 92.97029702970298, 95.92668024439918, 90.80717488789237, 96.76409185803757, 93.3852140077821, 86.55030800821355, 89.49454905847374], [98.26530612244898, 98.41409691629956, 90.11627906976744, 93.86138613861387, 95.21384928716904, 88.56502242152466, 96.03340292275574, 93.09338521400778, 90.65708418891171, 91.87314172447968], [98.46938775510205, 97.97356828193833, 75.48449612403101, 94.05940594059406, 96.43584521384929, 91.59192825112108, 95.82463465553236, 93.3852140077821, 89.42505133470226, 91.2784935579782], [98.16326530612245, 98.32599118942731, 91.86046511627907, 92.47524752475248, 95.21384928716904, 92.71300448430493, 96.34655532359082, 94.16342412451363, 93.22381930184805, 92.86422200198216], [98.16326530612245, 97.97356828193833, 93.5077519379845, 95.44554455445545, 95.010183299389, 89.91031390134529, 97.28601252609603, 92.99610894941634, 91.78644763860369, 92.36868186323092], [98.46938775510205, 98.94273127753304, 88.2751937984496, 91.98019801980197, 95.010183299389, 92.60089686098655, 96.45093945720251, 93.67704280155642, 91.06776180698152, 93.75619425173439], [97.95918367346938, 98.76651982378854, 73.25581395348837, 92.87128712871286, 95.92668024439918, 91.81614349775785, 96.5553235908142, 92.80155642023347, 91.06776180698152, 93.85530227948463], [98.36734693877551, 98.8546255506608, 83.04263565891473, 93.56435643564356, 96.02851323828921, 92.152466367713, 96.5553235908142, 94.16342412451363, 92.09445585215606, 93.1615460852329], [98.6734693877551, 98.76651982378854, 85.75581395348837, 94.25742574257426, 96.13034623217922, 92.71300448430493, 96.34655532359082, 94.45525291828794, 91.88911704312115, 93.65708622398414], [98.36734693877551, 98.94273127753304, 93.5077519379845, 93.86138613861387, 95.31568228105907, 93.27354260089686, 96.03340292275574, 93.67704280155642, 93.83983572895278, 94.05351833498513], [98.26530612244898, 98.8546255506608, 81.87984496124031, 94.15841584158416, 96.5376782077393, 92.37668161434978, 96.76409185803757, 94.64980544747081, 92.19712525667352, 92.76511397423191], [98.46938775510205, 98.8546255506608, 69.67054263565892, 95.24752475247524, 96.33401221995926, 92.04035874439462, 96.13778705636743, 94.64980544747081, 92.19712525667352, 92.76511397423191], [98.16326530612245, 98.6784140969163, 90.79457364341086, 95.14851485148515, 95.82484725050917, 93.72197309417041, 96.34655532359082, 93.67704280155642, 94.25051334702259, 94.15262636273538], [98.16326530612245, 98.76651982378854, 84.01162790697674, 94.65346534653466, 96.13034623217922, 95.73991031390135, 95.82463465553236, 93.3852140077821, 91.9917864476386, 93.55797819623389], [98.77551020408163, 98.76651982378854, 90.60077519379846, 95.04950495049505, 96.94501018329939, 93.49775784753363, 96.86847599164926, 94.94163424124514, 92.81314168377824, 91.37760158572844], [98.36734693877551, 98.59030837004406, 80.9108527131783, 96.13861386138613, 96.33401221995926, 91.81614349775785, 97.59916492693111, 94.74708171206225, 93.42915811088295, 93.55797819623389], [98.6734693877551, 98.8546255506608, 95.15503875968992, 95.24752475247524, 95.72301425661914, 93.04932735426009, 97.07724425887265, 93.19066147859922, 95.17453798767967, 92.9633300297324], [98.26530612244898, 98.41409691629956, 92.05426356589147, 96.03960396039604, 95.82484725050917, 92.48878923766816, 97.59916492693111, 94.94163424124514, 94.96919917864476, 93.75619425173439]],