{"config": {"DATASET": "mnist", "CLIENT_FRAC": 0.2, "POISON_FRAC": 0.0, "CREATE_DATASET": false, "CLASS_RATIO": 10, "MODEL": "nnet", "LEARNING_RATE": 0.001, "BATCH_SIZE": 32, "LOCAL_EPOCHS": 3, "OPTIMIZER": "adam", "FED_ROUNDS": 30, "TEST_EVERY": 1, "RANDOM": true, "COS_DEFENCE": true, "SEL_METHOD": 1, "COLLAB_MODE": true, "COLLAB_ALL": false, "CONSIDER_LAYERS": "l1", "GRAD_AGG": true, "FEATURE_FINDING_ALGO": "auror_plus", "GRAD_COLLECTION_START": 0, "GRAD_COLLECT_FOR": -1, "CLUSTER_SEP": 2.0, "ALPHA": 0.5, "BETA": 0.5, "GAMMA": 0.5, "TRUST_INC": 2, "TRUST_CUT_METHOD": 1, "HONEST_PARDON_FACTOR": 0.99, "LOG_LEVEL": "INFO", "JSON_RESULTS": true}, "mean_poison_class_acc": 83.22480620155038, "mean_attack_srate": 2.6511627906976747, "total_accuracies": [21.88, 30.77, 46.54, 49.43, 54.26, 40.45, 61.3, 73.55, 79.04, 81.39, 84.63, 86.76, 87.62, 88.11, 88.81, 89.28, 89.34, 90.02, 90.45, 90.92, 90.91, 91.54, 92.1, 92.21, 92.32, 92.33, 92.66, 92.7, 93.02, 93.08], "class_accuracies": [[99.6938775510204, 98.94273127753304, 0.0, 8.415841584158416, 0.0, 0.0, 0.0, 0.0, 0.3080082135523614, 0.0], [98.36734693877551, 91.45374449339207, 0.0, 93.06930693069307, 6.924643584521385, 0.0, 0.0, 6.42023346303502, 0.0, 0.09910802775024777], [98.6734693877551, 70.04405286343612, 27.61627906976744, 93.06930693069307, 0.0, 34.52914798206278, 20.981210855949897, 71.40077821011673, 0.0, 42.02180376610505], [97.85714285714286, 95.06607929515418, 27.713178294573645, 55.04950495049505, 4.582484725050916, 68.60986547085201, 21.085594989561585, 51.264591439688715, 8.726899383983573, 58.67195242814668], [99.6938775510204, 98.59030837004406, 7.751937984496124, 73.26732673267327, 37.983706720977594, 1.345291479820628, 38.413361169102295, 73.63813229571984, 54.72279260780287, 46.28344895936571], [87.95918367346938, 90.9251101321586, 29.166666666666668, 35.34653465346535, 99.69450101832994, 25.672645739910315, 28.39248434237996, 0.0, 1.3347022587268993, 0.0], [98.16326530612245, 98.94273127753304, 62.5968992248062, 62.87128712871287, 80.14256619144602, 67.37668161434978, 69.72860125260961, 23.054474708171206, 10.369609856262834, 36.66997026759167], [96.3265306122449, 99.38325991189427, 71.60852713178295, 84.05940594059406, 89.81670061099797, 47.6457399103139, 80.48016701461378, 68.8715953307393, 29.055441478439427, 62.0416253716551], [95.0, 98.76651982378854, 79.16666666666667, 86.03960396039604, 93.68635437881873, 65.02242152466367, 87.47390396659708, 85.11673151750973, 54.41478439425051, 41.922695738354804], [95.3061224489796, 96.82819383259911, 81.97674418604652, 83.76237623762377, 95.51934826883911, 75.67264573991031, 89.4572025052192, 86.08949416342412, 63.75770020533881, 43.409316154608526], [93.77551020408163, 97.09251101321586, 81.2984496124031, 82.67326732673267, 87.06720977596741, 84.08071748878923, 92.58872651356994, 87.93774319066148, 59.13757700205339, 78.88999008919723], [95.40816326530613, 96.82819383259911, 86.14341085271317, 83.16831683168317, 90.63136456211812, 81.83856502242152, 90.6054279749478, 85.01945525291829, 75.35934291581108, 80.97125867195243], [96.42857142857143, 96.38766519823788, 84.78682170542636, 84.25742574257426, 90.93686354378819, 84.19282511210763, 92.37995824634656, 86.67315175097276, 76.28336755646818, 82.65609514370664], [95.91836734693878, 96.82819383259911, 86.04651162790698, 84.45544554455445, 92.15885947046843, 86.88340807174887, 91.9624217118998, 84.3385214007782, 78.2340862422998, 83.34985133795837], [97.65306122448979, 97.3568281938326, 85.56201550387597, 85.34653465346534, 93.27902240325865, 87.5560538116592, 91.8580375782881, 88.715953307393, 78.43942505133471, 81.36769078295342], [97.34693877551021, 96.74008810572687, 87.20930232558139, 85.14851485148515, 94.70468431771894, 87.5560538116592, 93.0062630480167, 87.54863813229572, 80.80082135523614, 81.9623389494549], [96.12244897959184, 97.09251101321586, 87.01550387596899, 86.73267326732673, 93.07535641547861, 90.5829596412556, 92.17118997912317, 88.81322957198444, 76.69404517453799, 84.34093161546085], [97.24489795918367, 96.91629955947137, 86.53100775193798, 85.54455445544555, 95.21384928716904, 86.32286995515695, 94.258872651357, 88.03501945525292, 87.06365503080082, 82.3587710604559], [97.24489795918367, 96.82819383259911, 88.0813953488372, 90.0, 94.19551934826885, 87.78026905829596, 93.1106471816284, 89.88326848249027, 81.93018480492813, 84.53914767096134], [97.04081632653062, 97.44493392070484, 87.01550387596899, 88.31683168316832, 94.29735234215886, 90.02242152466367, 93.94572025052192, 90.46692607003891, 84.49691991786447, 85.53022794846383], [97.65306122448979, 97.44493392070484, 88.2751937984496, 88.11881188118812, 95.82484725050917, 90.02242152466367, 94.98956158663883, 89.10505836575875, 84.29158110882958, 82.85431119920713], [97.75510204081633, 96.74008810572687, 88.17829457364341, 90.5940594059406, 94.5010183299389, 86.7713004484305, 95.92901878914405, 89.49416342412451, 88.19301848049281, 86.52130822596631], [97.85714285714286, 97.00440528634361, 91.47286821705427, 92.07920792079207, 94.09368635437882, 87.21973094170404, 94.67640918580376, 90.1750972762646, 89.73305954825462, 85.82755203171457], [97.75510204081633, 97.09251101321586, 88.95348837209302, 92.47524752475248, 94.60285132382892, 88.67713004484305, 95.09394572025052, 89.98054474708171, 89.73305954825462, 87.1159563924678], [97.55102040816327, 97.3568281938326, 89.72868217054264, 91.88118811881188, 95.31568228105907, 90.5829596412556, 94.78079331941545, 90.1750972762646, 88.09034907597535, 87.21506442021804], [97.75510204081633, 97.18061674008811, 88.56589147286822, 92.27722772277228, 94.5010183299389, 92.26457399103138, 95.30271398747391, 89.88326848249027, 86.24229979466119, 88.9990089197225], [98.06122448979592, 97.09251101321586, 90.01937984496124, 94.65346534653466, 96.02851323828921, 87.4439461883408, 95.30271398747391, 90.6614785992218, 90.55441478439425, 86.02576808721507], [98.36734693877551, 97.97356828193833, 90.31007751937985, 92.27722772277228, 96.02851323828921, 90.69506726457399, 96.24217118997912, 91.63424124513618, 87.26899383983573, 85.62933597621408], [97.75510204081633, 98.06167400881057, 90.50387596899225, 91.58415841584159, 94.39918533604887, 91.14349775784753, 95.09394572025052, 91.43968871595331, 90.34907597535934, 89.29633300297324], [98.06122448979592, 97.3568281938326, 90.40697674418605, 93.46534653465346, 93.9918533604888, 90.69506726457399, 96.24217118997912, 91.63424124513618, 89.21971252566735, 89.197224975223]],