{"config": {"DATASET": "mnist", "TOTAL_CLIENTS": 100, "CLIENT_FRAC": 0.1, "POISON_FRAC": 0.2, "CREATE_DATASET": true, "RANDOM_DATA": true, "CLASS_RATIO": 10, "MODEL": "nnet", "LEARNING_RATE": 0.001, "BATCH_SIZE": 32, "LOCAL_EPOCHS": 10, "OPTIMIZER": "adam", "FED_ROUNDS": 30, "TEST_EVERY": 1, "RANDOM_PROCESS": false, "COS_DEFENCE": false, "SEL_METHOD": 1, "REDUCE_LR": 1, "COLLAB_MODE": true, "COLLAB_ALL": true, "CONSIDER_LAYERS": "l1", "GRAD_AGG": true, "FEATURE_FINDING_ALGO": "auror", "GRAD_COLLECTION_START": 0, "GRAD_COLLECT_FOR": -1, "CLUSTER_SEP": 0.005, "ALPHA": 0.8, "BETA": 0.8, "GAMMA": 0.1, "TRUST_INC": 2, "TRUST_CUT_METHOD": 1, "HONEST_PARDON_FACTOR": 0.7, "LOG_LEVEL": "INFO", "JSON_RESULTS": true}, "mean_poison_class_acc": 73.70155038759692, "mean_attack_srate": 3.299418604651163, "total_accuracies": [41.29, 74.0, 83.53, 86.18, 85.66, 89.63, 87.37, 91.08, 91.74, 89.86, 89.6, 87.47, 92.59, 91.59, 93.21, 93.22, 90.18, 94.1, 90.89, 93.08, 93.68, 94.7, 94.77, 93.57, 94.42, 88.78, 94.93, 95.0, 89.19, 94.9], "class_accuracies": [[99.18367346938776, 99.73568281938326, 0.09689922480620156, 24.752475247524753, 5.091649694501018, 12.556053811659194, 34.34237995824635, 87.7431906614786, 38.39835728952772, 0.6937561942517344], [97.44897959183673, 96.65198237885463, 39.43798449612403, 81.78217821782178, 93.89002036659878, 73.87892376681614, 92.48434237995825, 82.87937743190662, 67.5564681724846, 13.676907829534192], [96.42857142857143, 97.62114537444934, 53.97286821705426, 84.65346534653466, 88.39103869653768, 80.4932735426009, 91.7536534446764, 85.60311284046692, 74.84599589322382, 80.67393458870168], [96.73469387755102, 96.74008810572687, 63.75968992248062, 88.81188118811882, 92.05702647657841, 76.79372197309416, 94.88517745302714, 89.29961089494164, 81.21149897330595, 80.2775024777007], [97.04081632653062, 96.74008810572687, 49.9031007751938, 87.72277227722772, 92.15885947046843, 82.17488789237669, 92.17118997912317, 89.78599221789884, 83.36755646817248, 85.23290386521309], [97.14285714285714, 97.97356828193833, 84.30232558139535, 90.0, 91.95519348268839, 82.28699551569507, 94.57202505219206, 91.82879377431907, 78.54209445585215, 86.02576808721507], [97.24489795918367, 98.32599118942731, 62.1124031007752, 90.4950495049505, 96.94501018329939, 85.31390134529148, 93.63256784968685, 89.88326848249027, 79.05544147843942, 80.17839444995045], [97.44897959183673, 96.91629955947137, 90.98837209302326, 90.89108910891089, 94.09368635437882, 88.00448430493273, 93.31941544885177, 90.56420233463035, 80.9034907597536, 86.62041625371656], [96.93877551020408, 97.18061674008811, 91.18217054263566, 90.0990099009901, 95.31568228105907, 86.65919282511211, 96.13778705636743, 91.82879377431907, 83.16221765913758, 87.80971258671953], [97.85714285714286, 97.3568281938326, 65.40697674418605, 91.78217821782178, 95.51934826883911, 87.89237668161435, 95.61586638830897, 92.99610894941634, 84.70225872689939, 89.29633300297324], [98.06122448979592, 97.97356828193833, 66.37596899224806, 93.76237623762377, 89.61303462321793, 88.78923766816143, 93.31941544885177, 91.05058365758755, 81.72484599589322, 94.84638255698711], [97.85714285714286, 97.26872246696036, 39.24418604651163, 93.06930693069307, 96.23217922606925, 89.23766816143498, 93.1106471816284, 93.77431906614785, 86.24229979466119, 89.39544103072349], [97.85714285714286, 97.62114537444934, 82.55813953488372, 91.78217821782178, 95.92668024439918, 91.14349775784753, 94.46764091858037, 94.06614785992218, 89.21971252566735, 90.8820614469772], [98.06122448979592, 98.76651982378854, 72.57751937984496, 94.85148514851485, 95.72301425661914, 89.57399103139014, 95.92901878914405, 94.55252918287938, 85.72895277207392, 89.69276511397423], [97.85714285714286, 97.79735682819383, 86.43410852713178, 94.95049504950495, 97.14867617107943, 92.152466367713, 94.1544885177453, 93.48249027237354, 86.96098562628337, 90.68384539147671], [98.06122448979592, 97.70925110132158, 82.75193798449612, 94.95049504950495, 94.90835030549898, 92.37668161434978, 94.67640918580376, 94.06614785992218, 90.24640657084188, 92.17046580773042], [97.44897959183673, 98.6784140969163, 53.48837209302326, 94.65346534653466, 96.23217922606925, 93.04932735426009, 95.92901878914405, 93.28793774319067, 88.29568788501027, 91.37760158572844], [98.36734693877551, 97.79735682819383, 87.59689922480621, 95.24752475247524, 94.90835030549898, 91.92825112107623, 95.4070981210856, 93.19066147859922, 92.91581108829568, 93.26065411298315], [97.85714285714286, 98.32599118942731, 59.689922480620154, 94.65346534653466, 96.02851323828921, 93.94618834080717, 93.42379958246346, 92.50972762645914, 90.4517453798768, 92.56689791873141], [97.95918367346938, 97.5330396475771, 76.45348837209302, 96.13861386138613, 95.92668024439918, 92.37668161434978, 95.72025052192066, 93.57976653696498, 93.1211498973306, 92.07135777998018], [98.77551020408163, 98.14977973568281, 81.3953488372093, 94.35643564356435, 94.70468431771894, 93.04932735426009, 94.88517745302714, 93.48249027237354, 94.6611909650924, 93.26065411298315], [97.14285714285714, 98.50220264317181, 94.18604651162791, 94.95049504950495, 96.23217922606925, 91.81614349775785, 94.98956158663883, 93.57976653696498, 91.06776180698152, 93.75619425173439], [97.75510204081633, 98.23788546255507, 89.34108527131782, 94.75247524752476, 96.33401221995926, 93.38565022421524, 95.4070981210856, 96.01167315175097, 93.73716632443532, 92.36868186323092], [97.75510204081633, 98.32599118942731, 78.00387596899225, 96.43564356435644, 96.84317718940937, 91.3677130044843, 95.09394572025052, 94.45525291828794, 93.73716632443532, 93.45887016848364], [98.06122448979592, 98.23788546255507, 86.14341085271317, 95.14851485148515, 95.51934826883911, 94.61883408071749, 95.4070981210856, 95.13618677042801, 91.37577002053388, 94.35084241823587], [98.36734693877551, 98.50220264317181, 30.717054263565892, 96.23762376237623, 95.92668024439918, 93.72197309417041, 93.84133611691023, 96.01167315175097, 93.01848049281314, 92.86422200198216], [97.44897959183673, 98.14977973568281, 91.47286821705427, 95.74257425742574, 95.41751527494908, 92.152466367713, 96.13778705636743, 94.16342412451363, 94.04517453798768, 94.05351833498513], [98.16326530612245, 98.94273127753304, 89.43798449612403, 96.03960396039604, 95.72301425661914, 93.49775784753363, 95.4070981210856, 95.71984435797665, 93.63449691991786, 92.9633300297324], [98.16326530612245, 98.94273127753304, 36.627906976744185, 94.55445544554455, 95.82484725050917, 94.39461883408072, 93.94572025052192, 95.3307392996109, 91.27310061601642, 94.05351833498513], [97.85714285714286, 98.50220264317181, 89.53488372093024, 95.44554455445545, 95.010183299389, 93.94618834080717, 94.67640918580376, 95.8171206225681, 94.04517453798768, 93.75619425173439]],