{"config": {"DATASET": "mnist", "TOTAL_CLIENTS": 100, "CLIENT_FRAC": 0.2, "POISON_FRAC": 0.2, "CREATE_DATASET": true, "RANDOM_DATA": true, "CLASS_RATIO": 10, "MODEL": "nnet", "LEARNING_RATE": 0.001, "BATCH_SIZE": 32, "LOCAL_EPOCHS": 10, "OPTIMIZER": "adam", "FED_ROUNDS": 30, "TEST_EVERY": 1, "RANDOM_PROCESS": false, "COS_DEFENCE": false, "SEL_METHOD": 1, "REDUCE_LR": 1, "COLLAB_MODE": true, "COLLAB_ALL": true, "CONSIDER_LAYERS": "l1", "GRAD_AGG": true, "FEATURE_FINDING_ALGO": "auror", "GRAD_COLLECTION_START": 0, "GRAD_COLLECT_FOR": -1, "CLUSTER_SEP": 0.002, "ALPHA": 0.8, "BETA": 0.8, "GAMMA": 0.1, "TRUST_INC": 2, "TRUST_CUT_METHOD": 1, "HONEST_PARDON_FACTOR": 0.7, "LOG_LEVEL": "INFO", "JSON_RESULTS": true}, "mean_poison_class_acc": 77.0077519379845, "mean_attack_srate": 3.24031007751938, "total_accuracies": [51.47, 71.36, 82.91, 86.39, 87.44, 89.15, 90.4, 89.65, 89.97, 87.1, 92.39, 91.74, 92.87, 90.54, 92.84, 93.48, 93.58, 93.2, 93.42, 92.3, 93.23, 93.8, 93.49, 94.89, 94.65, 95.25, 94.04, 90.48, 94.32, 94.18], "class_accuracies": [[97.44897959183673, 99.38325991189427, 0.09689922480620156, 60.396039603960396, 79.53156822810591, 32.28699551569507, 12.31732776617954, 76.26459143968872, 49.48665297741273, 0.0], [97.65306122448979, 98.6784140969163, 25.58139534883721, 79.8019801980198, 90.63136456211812, 83.96860986547085, 81.10647181628393, 86.7704280155642, 41.68377823408624, 27.254707631318137], [96.3265306122449, 98.23788546255507, 65.50387596899225, 82.47524752475248, 94.29735234215886, 78.9237668161435, 94.1544885177453, 90.85603112840467, 74.84599589322382, 52.32903865213082], [96.83673469387755, 97.88546255506608, 71.41472868217055, 84.85148514851485, 91.44602851323829, 86.32286995515695, 91.33611691022965, 89.59143968871595, 73.20328542094455, 80.0792864222002], [97.04081632653062, 97.3568281938326, 70.93023255813954, 87.42574257425743, 95.41751527494908, 81.83856502242152, 93.1106471816284, 89.98054474708171, 80.80082135523614, 79.48463825569871], [97.75510204081633, 96.65198237885463, 76.25968992248062, 89.00990099009901, 94.60285132382892, 82.51121076233184, 92.48434237995825, 90.36964980544747, 84.59958932238193, 86.22398414271557], [97.55102040816327, 98.14977973568281, 86.14341085271317, 89.20792079207921, 93.58452138492872, 88.11659192825113, 93.73695198329854, 89.78599221789884, 82.95687885010267, 83.84539147670961], [98.26530612244898, 97.44493392070484, 71.31782945736434, 90.89108910891089, 95.82484725050917, 87.66816143497758, 92.27557411273486, 91.05058365758755, 83.16221765913758, 88.10703666997027], [97.55102040816327, 97.18061674008811, 68.12015503875969, 88.51485148514851, 94.5010183299389, 88.67713004484305, 94.88517745302714, 91.05058365758755, 88.60369609856262, 90.58473736372646], [97.75510204081633, 97.5330396475771, 43.21705426356589, 92.77227722772277, 96.33401221995926, 85.31390134529148, 93.84133611691023, 90.75875486381322, 86.44763860369609, 87.31417244796829], [97.95918367346938, 97.79735682819383, 87.20930232558139, 92.57425742574257, 95.82484725050917, 88.90134529147981, 94.98956158663883, 91.53696498054475, 87.37166324435319, 88.9990089197225], [97.55102040816327, 98.14977973568281, 76.25968992248062, 93.76237623762377, 96.63951120162933, 89.91031390134529, 95.4070981210856, 93.09338521400778, 87.98767967145791, 88.30525272547077], [98.06122448979592, 97.62114537444934, 83.81782945736434, 94.15841584158416, 95.62118126272912, 90.13452914798206, 96.65970772442589, 94.16342412451363, 88.80903490759754, 89.197224975223], [97.75510204081633, 97.97356828193833, 60.75581395348837, 94.35643564356435, 96.02851323828921, 89.57399103139014, 95.4070981210856, 92.99610894941634, 89.93839835728953, 90.78295341922696], [98.57142857142857, 97.3568281938326, 78.97286821705427, 96.03960396039604, 95.72301425661914, 91.03139013452915, 94.46764091858037, 94.64980544747081, 90.24640657084188, 91.0802775024777], [98.06122448979592, 97.88546255506608, 83.04263565891473, 93.06930693069307, 94.80651731160896, 92.37668161434978, 95.82463465553236, 94.64980544747081, 91.78644763860369, 93.06243805748265], [98.16326530612245, 97.70925110132158, 83.23643410852713, 96.23762376237623, 95.31568228105907, 89.91031390134529, 96.5553235908142, 93.57976653696498, 91.06776180698152, 93.55797819623389], [98.06122448979592, 98.06167400881057, 79.36046511627907, 93.76237623762377, 95.41751527494908, 92.71300448430493, 95.61586638830897, 94.06614785992218, 90.4517453798768, 94.35084241823587], [98.06122448979592, 97.79735682819383, 81.2015503875969, 93.16831683168317, 96.02851323828921, 93.27354260089686, 96.97286012526096, 94.3579766536965, 90.96509240246407, 92.36868186323092], [98.06122448979592, 97.97356828193833, 69.57364341085271, 93.46534653465346, 95.72301425661914, 93.49775784753363, 96.03340292275574, 94.45525291828794, 91.58110882956879, 92.9633300297324], [98.16326530612245, 97.79735682819383, 77.03488372093024, 94.35643564356435, 96.13034623217922, 92.82511210762331, 96.45093945720251, 94.64980544747081, 92.29979466119096, 92.66600594648166], [98.36734693877551, 98.23788546255507, 80.81395348837209, 94.55445544554455, 95.92668024439918, 94.17040358744394, 94.78079331941545, 94.45525291828794, 91.9917864476386, 94.64816650148661], [98.06122448979592, 98.6784140969163, 78.77906976744185, 94.25742574257426, 96.84317718940937, 93.38565022421524, 97.28601252609603, 94.55252918287938, 91.37577002053388, 91.67492566897918], [98.6734693877551, 98.23788546255507, 89.24418604651163, 95.84158415841584, 96.23217922606925, 92.26457399103138, 96.24217118997912, 95.03891050583658, 93.22381930184805, 93.45887016848364], [98.46938775510205, 98.14977973568281, 86.82170542635659, 95.44554455445545, 95.92668024439918, 94.17040358744394, 95.51148225469728, 93.96887159533074, 93.42915811088295, 94.44995044598612], [98.16326530612245, 98.32599118942731, 92.63565891472868, 94.75247524752476, 96.13034623217922, 95.62780269058295, 95.72025052192066, 93.96887159533074, 92.81314168377824, 94.15262636273538], [98.6734693877551, 98.14977973568281, 82.26744186046511, 95.74257425742574, 97.45417515274949, 93.60986547085201, 96.34655532359082, 95.71984435797665, 90.65708418891171, 91.67492566897918], [98.46938775510205, 97.97356828193833, 45.736434108527135, 95.94059405940594, 95.62118126272912, 92.82511210762331, 97.07724425887265, 94.45525291828794, 93.42915811088295, 94.35084241823587], [98.46938775510205, 97.97356828193833, 83.72093023255815, 95.94059405940594, 95.72301425661914, 92.37668161434978, 96.34655532359082, 94.26070038910505, 94.14784394250513, 94.05351833498513], [98.36734693877551, 97.88546255506608, 79.65116279069767, 95.64356435643565, 96.23217922606925, 93.38565022421524, 97.18162839248434, 94.94163424124514, 94.04517453798768, 94.54905847373637]],