{"config": {"DATASET": "mnist", "TOTAL_CLIENTS": 100, "CLIENT_FRAC": 0.2, "POISON_FRAC": 0.4, "CREATE_DATASET": true, "RANDOM_DATA": true, "CLASS_RATIO": 10, "MODEL": "nnet", "LEARNING_RATE": 0.001, "BATCH_SIZE": 32, "LOCAL_EPOCHS": 10, "OPTIMIZER": "adam", "FED_ROUNDS": 30, "TEST_EVERY": 1, "RANDOM_PROCESS": false, "COS_DEFENCE": false, "SEL_METHOD": 1, "REDUCE_LR": 1, "COLLAB_MODE": true, "COLLAB_ALL": true, "CONSIDER_LAYERS": "l1", "GRAD_AGG": true, "FEATURE_FINDING_ALGO": "auror", "GRAD_COLLECTION_START": 0, "GRAD_COLLECT_FOR": -1, "CLUSTER_SEP": 0.002, "ALPHA": 0.8, "BETA": 0.8, "GAMMA": 0.1, "TRUST_INC": 2, "TRUST_CUT_METHOD": 1, "HONEST_PARDON_FACTOR": 0.7, "LOG_LEVEL": "INFO", "JSON_RESULTS": true}, "mean_poison_class_acc": 62.26744186046511, "mean_attack_srate": 3.666666666666666, "total_accuracies": [45.05, 59.69, 74.59, 83.01, 83.86, 84.55, 82.72, 89.17, 91.19, 89.77, 90.4, 89.56, 92.82, 90.17, 92.59, 93.06, 91.54, 88.48, 93.37, 87.98, 93.9, 93.09, 93.83, 87.44, 94.08, 94.1, 88.51, 93.97, 85.5, 94.79], "class_accuracies": [[97.24489795918367, 91.71806167400881, 0.0, 38.31683168316832, 89.71486761710794, 38.34080717488789, 2.1920668058455113, 68.96887159533074, 17.5564681724846, 0.0], [97.24489795918367, 98.8546255506608, 0.0, 78.11881188118812, 88.59470468431772, 85.08968609865471, 49.373695198329855, 81.90661478599222, 14.784394250513348, 1.6848364717542121], [96.42857142857143, 98.94273127753304, 2.616279069767442, 88.11881188118812, 93.07535641547861, 75.7847533632287, 93.21503131524008, 91.43968871595331, 60.16427104722793, 46.08523290386521], [96.73469387755102, 98.50220264317181, 44.37984496124031, 86.13861386138613, 92.87169042769857, 86.88340807174887, 91.12734864300626, 90.75875486381322, 68.89117043121149, 73.63726461843409], [97.55102040816327, 98.23788546255507, 40.01937984496124, 89.3069306930693, 95.72301425661914, 84.19282511210763, 93.21503131524008, 90.27237354085604, 75.35934291581108, 74.72745292368681], [97.85714285714286, 97.09251101321586, 36.33720930232558, 89.20792079207921, 94.39918533604887, 84.97757847533633, 93.63256784968685, 91.147859922179, 78.33675564681725, 82.85431119920713], [97.65306122448979, 98.6784140969163, 16.76356589147287, 90.39603960396039, 94.90835030549898, 90.35874439461884, 92.06680584551148, 90.1750972762646, 76.28336755646818, 81.16947472745292], [98.36734693877551, 97.62114537444934, 68.21705426356588, 91.18811881188118, 95.41751527494908, 88.56502242152466, 93.42379958246346, 91.34241245136187, 81.62217659137578, 85.62933597621408], [97.65306122448979, 97.70925110132158, 82.55813953488372, 88.91089108910892, 93.17718940936864, 90.02242152466367, 95.09394572025052, 90.36964980544747, 87.47433264887064, 88.50346878097126], [98.26530612244898, 97.62114537444934, 66.76356589147287, 93.96039603960396, 94.19551934826885, 86.99551569506727, 94.98956158663883, 91.43968871595331, 84.18891170431212, 88.89990089197225], [97.85714285714286, 98.14977973568281, 71.12403100775194, 93.26732673267327, 95.41751527494908, 90.47085201793722, 95.30271398747391, 91.63424124513618, 82.4435318275154, 88.10703666997027], [97.95918367346938, 97.88546255506608, 56.492248062015506, 94.15841584158416, 96.02851323828921, 91.25560538116592, 95.19832985386222, 92.31517509727627, 86.03696098562628, 88.70168483647176], [97.34693877551021, 98.23788546255507, 87.1124031007752, 93.66336633663366, 95.11201629327903, 91.59192825112108, 96.45093945720251, 91.63424124513618, 88.19301848049281, 88.40436075322101], [98.16326530612245, 97.79735682819383, 58.62403100775194, 95.24752475247524, 94.29735234215886, 89.23766816143498, 95.92901878914405, 93.57976653696498, 87.88501026694045, 91.0802775024777], [98.16326530612245, 97.88546255506608, 79.94186046511628, 94.15841584158416, 95.51934826883911, 92.9372197309417, 95.72025052192066, 93.8715953307393, 87.57700205338809, 89.99008919722498], [97.95918367346938, 98.23788546255507, 81.2015503875969, 93.06930693069307, 93.9918533604888, 93.83408071748879, 96.45093945720251, 95.52529182879377, 88.60369609856262, 91.57581764122894], [98.06122448979592, 97.97356828193833, 66.18217054263566, 96.03960396039604, 95.010183299389, 89.68609865470852, 96.86847599164926, 93.77431906614785, 89.63039014373716, 92.17046580773042], [97.75510204081633, 98.06167400881057, 38.17829457364341, 93.56435643564356, 94.39918533604887, 93.94618834080717, 95.61586638830897, 93.28793774319067, 88.60369609856262, 92.66600594648166], [98.06122448979592, 98.14977973568281, 81.87984496124031, 93.46534653465346, 95.41751527494908, 93.04932735426009, 96.13778705636743, 93.19066147859922, 91.9917864476386, 92.26957383548067], [98.16326530612245, 98.50220264317181, 29.069767441860463, 93.56435643564356, 95.51934826883911, 93.83408071748879, 96.24217118997912, 94.45525291828794, 89.93839835728953, 92.07135777998018], [98.36734693877551, 98.41409691629956, 85.17441860465117, 93.86138613861387, 95.92668024439918, 93.94618834080717, 96.34655532359082, 93.67704280155642, 91.27310061601642, 91.87314172447968], [98.26530612244898, 98.32599118942731, 76.84108527131782, 94.15841584158416, 94.80651731160896, 94.61883408071749, 95.51148225469728, 94.64980544747081, 91.06776180698152, 92.76511397423191], [97.85714285714286, 98.6784140969163, 82.55813953488372, 93.56435643564356, 96.5376782077393, 94.5067264573991, 97.07724425887265, 95.23346303501945, 91.58110882956879, 90.68384539147671], [98.57142857142857, 98.41409691629956, 21.027131782945737, 95.64356435643565, 95.31568228105907, 93.27354260089686, 96.76409185803757, 94.45525291828794, 90.34907597535934, 92.36868186323092], [98.06122448979592, 98.41409691629956, 84.59302325581395, 95.04950495049505, 95.82484725050917, 93.94618834080717, 96.03340292275574, 94.45525291828794, 91.88911704312115, 92.36868186323092], [98.16326530612245, 98.32599118942731, 85.17441860465117, 94.55445544554455, 96.33401221995926, 95.51569506726457, 95.72025052192066, 93.77431906614785, 90.96509240246407, 92.46778989098117], [98.77551020408163, 98.14977973568281, 29.844961240310077, 96.03960396039604, 96.5376782077393, 93.72197309417041, 96.65970772442589, 95.3307392996109, 90.4517453798768, 91.17938553022795], [97.95918367346938, 98.41409691629956, 82.55813953488372, 95.84158415841584, 94.80651731160896, 91.92825112107623, 97.59916492693111, 94.94163424124514, 93.1211498973306, 92.26957383548067], [98.36734693877551, 98.41409691629956, 0.872093023255814, 95.04950495049505, 95.010183299389, 92.82511210762331, 97.39039665970772, 93.8715953307393, 92.50513347022587, 93.1615460852329], [97.95918367346938, 98.32599118942731, 87.59689922480621, 96.33663366336634, 95.92668024439918, 92.60089686098655, 97.18162839248434, 95.91439688715953, 94.35318275154005, 91.37760158572844]],