{"config": {"DATASET": "mnist", "TOTAL_CLIENTS": 100, "CLIENT_FRAC": 0.1, "POISON_FRAC": 0.1, "CREATE_DATASET": true, "CLASS_RATIO": 10, "MODEL": "nnet", "LEARNING_RATE": 0.001, "BATCH_SIZE": 32, "LOCAL_EPOCHS": 3, "OPTIMIZER": "adam", "FED_ROUNDS": 30, "TEST_EVERY": 1, "RANDOM": true, "COS_DEFENCE": true, "SEL_METHOD": 1, "REDUCE_LR": 1, "COLLAB_MODE": true, "COLLAB_ALL": true, "CONSIDER_LAYERS": "l1", "GRAD_AGG": true, "FEATURE_FINDING_ALGO": "auror_plus", "GRAD_COLLECTION_START": 0, "GRAD_COLLECT_FOR": -1, "CLUSTER_SEP": 0.5, "ALPHA": 0.7, "BETA": 0.7, "GAMMA": 0.1, "TRUST_INC": 2, "TRUST_CUT_METHOD": 2, "HONEST_PARDON_FACTOR": 0.99, "LOG_LEVEL": "INFO", "JSON_RESULTS": true}, "mean_poison_class_acc": 83.66279069767441, "mean_attack_srate": 3.1201550387596897, "total_accuracies": [30.3, 31.83, 56.68, 55.58, 70.99, 71.87, 73.36, 80.39, 82.0, 84.29, 84.76, 85.46, 86.27, 86.72, 86.41, 88.2, 88.87, 89.07, 89.54, 89.2, 90.36, 90.52, 90.05, 90.86, 91.55, 90.88, 91.89, 90.96, 92.34, 92.34], "class_accuracies": [[24.489795918367346, 17.797356828193834, 77.81007751937985, 65.64356435643565, 99.08350305498982, 1.2331838565022422, 0.0, 0.0, 0.0, 13.676907829534192], [97.95918367346938, 99.91189427312776, 0.0, 49.20792079207921, 36.76171079429735, 0.0, 24.008350730688935, 0.0, 0.1026694045174538, 0.0], [96.53061224489795, 99.47136563876651, 25.387596899224807, 76.83168316831683, 77.4949083503055, 13.228699551569507, 76.7223382045929, 52.14007782101167, 41.58110882956879, 0.0], [98.36734693877551, 99.11894273127753, 40.310077519379846, 58.31683168316832, 49.389002036659875, 28.699551569506728, 61.89979123173278, 5.739299610894942, 18.788501026694046, 88.00792864222002], [97.04081632653062, 98.6784140969163, 44.47674418604651, 86.43564356435644, 86.15071283095723, 35.31390134529148, 84.02922755741128, 75.58365758754864, 62.73100616016427, 33.89494549058474], [97.24489795918367, 98.06167400881057, 43.31395348837209, 90.1980198019802, 54.378818737270876, 34.75336322869955, 90.7098121085595, 71.20622568093385, 46.20123203285421, 86.02576808721507], [97.55102040816327, 97.26872246696036, 45.93023255813954, 78.7128712871287, 85.5397148676171, 49.88789237668161, 90.18789144050105, 90.85603112840467, 73.61396303901438, 20.515361744301288], [94.79591836734694, 95.68281938325991, 76.35658914728683, 76.73267326732673, 83.09572301425662, 79.82062780269058, 90.39665970772442, 79.47470817120623, 68.89117043121149, 57.383548067393455], [98.06122448979592, 97.79735682819383, 78.87596899224806, 81.78217821782178, 86.45621181262729, 65.69506726457399, 87.78705636743216, 84.63035019455253, 69.81519507186859, 65.70862239841428], [97.14285714285714, 96.29955947136564, 79.65116279069767, 82.87128712871286, 80.95723014256619, 74.32735426008969, 89.66597077244259, 81.71206225680933, 76.38603696098562, 81.66501486620416], [97.65306122448979, 97.70925110132158, 77.22868217054264, 80.99009900990099, 87.37270875763747, 78.25112107623319, 91.64926931106471, 87.93774319066148, 72.99794661190965, 73.93458870168483], [95.40816326530613, 95.06607929515418, 82.75193798449612, 80.0990099009901, 86.86354378818737, 84.30493273542601, 93.21503131524008, 85.40856031128405, 74.64065708418892, 75.9167492566898], [97.14285714285714, 95.41850220264317, 81.68604651162791, 77.92079207920793, 80.85539714867618, 81.61434977578476, 91.44050104384134, 83.17120622568093, 85.83162217659138, 86.52130822596631], [97.04081632653062, 96.2114537444934, 78.77906976744185, 78.41584158415841, 94.60285132382892, 78.47533632286995, 91.9624217118998, 85.40856031128405, 85.93429158110882, 79.18731417244797], [97.24489795918367, 97.00440528634361, 72.28682170542636, 79.70297029702971, 82.4847250509165, 85.20179372197309, 92.79749478079331, 83.17120622568093, 82.13552361396304, 91.37760158572844], [97.44897959183673, 97.09251101321586, 89.63178294573643, 83.76237623762377, 87.9837067209776, 81.50224215246637, 90.91858037578288, 84.43579766536965, 79.05544147843942, 88.40436075322101], [97.14285714285714, 96.56387665198238, 83.04263565891473, 85.04950495049505, 91.34419551934828, 86.88340807174887, 92.37995824634656, 89.29961089494164, 80.69815195071868, 85.43111992071358], [97.44897959183673, 97.26872246696036, 82.65503875968992, 82.97029702970298, 90.83503054989816, 88.00448430493273, 91.44050104384134, 88.52140077821012, 82.75154004106776, 88.00792864222002], [97.55102040816327, 97.26872246696036, 86.33720930232558, 84.55445544554455, 91.34419551934828, 86.88340807174887, 94.05010438413362, 91.05058365758755, 80.28747433264887, 85.0346878097126], [97.65306122448979, 96.91629955947137, 80.9108527131783, 85.74257425742574, 96.13034623217922, 85.08968609865471, 93.0062630480167, 88.81322957198444, 85.42094455852155, 81.56590683845391], [97.44897959183673, 97.5330396475771, 85.94961240310077, 87.62376237623762, 89.30753564154786, 86.65919282511211, 92.69311064718163, 90.27237354085604, 86.03696098562628, 88.9990089197225], [96.93877551020408, 97.00440528634361, 86.14341085271317, 88.01980198019803, 90.52953156822811, 87.66816143497758, 93.94572025052192, 89.88326848249027, 84.49691991786447, 89.69276511397423], [96.93877551020408, 98.14977973568281, 80.62015503875969, 87.12871287128714, 94.90835030549898, 87.10762331838565, 95.19832985386222, 91.05058365758755, 85.21560574948666, 83.44895936570862], [97.65306122448979, 98.23788546255507, 82.65503875968992, 89.8019801980198, 93.58452138492872, 87.89237668161435, 94.36325678496868, 90.1750972762646, 85.72895277207392, 87.71060455896928], [97.44897959183673, 97.5330396475771, 88.66279069767442, 89.20792079207921, 90.42769857433808, 86.65919282511211, 93.84133611691023, 90.75875486381322, 88.09034907597535, 91.77403369672943], [98.06122448979592, 97.44493392070484, 81.1046511627907, 88.01980198019803, 92.76985743380855, 92.82511210762331, 92.37995824634656, 90.56420233463035, 86.85831622176592, 88.60257680872151], [96.83673469387755, 97.44493392070484, 92.34496124031008, 88.7128712871287, 92.36252545824847, 91.03139013452915, 95.82463465553236, 90.75875486381322, 86.34496919917865, 86.62041625371656], [97.55102040816327, 98.59030837004406, 78.19767441860465, 88.91089108910892, 92.66802443991854, 92.82511210762331, 93.1106471816284, 92.70428015564202, 85.1129363449692, 89.59365708622398], [97.24489795918367, 97.62114537444934, 89.82558139534883, 90.6930693069307, 92.05702647657841, 92.26457399103138, 94.67640918580376, 91.73151750972762, 87.16632443531827, 89.59365708622398], [98.06122448979592, 98.41409691629956, 92.44186046511628, 89.00990099009901, 93.17718940936864, 91.03139013452915, 96.03340292275574, 92.02334630350195, 85.62628336755647, 86.81863230921705]],