{"config": {"DATASET": "mnist", "TOTAL_CLIENTS": 100, "CLIENT_FRAC": 0.1, "POISON_FRAC": 0.0, "CREATE_DATASET": true, "RANDOM_DATA": true, "CLASS_RATIO": 10, "MODEL": "nnet", "LEARNING_RATE": 0.001, "BATCH_SIZE": 32, "LOCAL_EPOCHS": 10, "OPTIMIZER": "adam", "FED_ROUNDS": 30, "TEST_EVERY": 1, "RANDOM_PROCESS": true, "COS_DEFENCE": true, "SEL_METHOD": 1, "REDUCE_LR": 1, "COLLAB_MODE": true, "COLLAB_ALL": true, "CONSIDER_LAYERS": "l1", "GRAD_AGG": true, "FEATURE_FINDING_ALGO": "auror", "GRAD_COLLECTION_START": 0, "GRAD_COLLECT_FOR": -1, "CLUSTER_SEP": 0.005, "ALPHA": 0.8, "BETA": 0.8, "GAMMA": 0.1, "TRUST_INC": 2, "TRUST_CUT_METHOD": 1, "HONEST_PARDON_FACTOR": 0.7, "LOG_LEVEL": "INFO", "JSON_RESULTS": true}, "mean_poison_class_acc": 93.13953488372094, "mean_attack_srate": 3.008720930232558, "total_accuracies": [58.16, 76.51, 84.93, 86.33, 88.77, 89.52, 90.61, 91.2, 92.17, 92.38, 92.97, 93.26, 93.24, 93.81, 94.16, 94.38, 94.44, 94.31, 94.76, 94.56, 94.93, 94.5, 95.07, 95.27, 95.32, 95.34, 95.39, 95.46, 95.4, 95.38], "class_accuracies": [[96.83673469387755, 89.16299559471365, 60.174418604651166, 48.613861386138616, 79.42973523421588, 25.7847533632287, 77.66179540709813, 33.94941634241245, 0.0, 63.429137760158575], [94.59183673469387, 98.50220264317181, 69.37984496124031, 80.99009900990099, 84.5213849287169, 84.64125560538116, 82.98538622129436, 83.46303501945525, 25.359342915811087, 58.176412289395444], [95.3061224489796, 97.09251101321586, 82.26744186046511, 84.45544554455445, 79.22606924643584, 75.11210762331838, 92.69311064718163, 87.64591439688716, 77.72073921971253, 75.42120911793856], [96.0204081632653, 97.3568281938326, 79.65116279069767, 87.62376237623762, 83.5030549898167, 81.61434977578476, 93.73695198329854, 91.73151750972762, 76.18069815195072, 74.23191278493557], [96.83673469387755, 96.74008810572687, 85.56201550387597, 85.34653465346534, 92.15885947046843, 82.39910313901345, 91.9624217118998, 89.6887159533074, 84.39425051334702, 81.26858275520317], [96.12244897959184, 97.70925110132158, 84.10852713178295, 87.72277227722772, 86.65987780040733, 86.43497757847534, 94.67640918580376, 90.75875486381322, 79.46611909650925, 90.28741328047572], [96.83673469387755, 97.00440528634361, 85.56201550387597, 87.72277227722772, 93.48268839103869, 90.47085201793722, 94.05010438413362, 91.43968871595331, 81.93018480492813, 87.01684836471755], [97.95918367346938, 97.3568281938326, 87.8875968992248, 89.5049504950495, 95.92668024439918, 89.68609865470852, 94.98956158663883, 89.88326848249027, 84.39425051334702, 83.84539147670961], [97.44897959183673, 97.3568281938326, 89.43798449612403, 90.1980198019802, 92.87169042769857, 92.152466367713, 93.31941544885177, 92.80155642023347, 85.93429158110882, 89.59365708622398], [97.65306122448979, 98.50220264317181, 88.46899224806202, 93.86138613861387, 91.5478615071283, 90.69506726457399, 94.258872651357, 91.147859922179, 85.31827515400411, 91.47670961347869], [97.24489795918367, 98.23788546255507, 91.18217054263566, 91.18811881188118, 91.64969450101833, 92.26457399103138, 95.4070981210856, 93.09338521400778, 86.55030800821355, 92.17046580773042], [97.24489795918367, 97.88546255506608, 91.66666666666667, 91.18811881188118, 93.38085539714868, 93.60986547085201, 94.67640918580376, 92.99610894941634, 88.80903490759754, 90.68384539147671], [97.75510204081633, 97.26872246696036, 92.15116279069767, 86.43564356435644, 94.19551934826885, 92.60089686098655, 94.36325678496868, 94.16342412451363, 92.81314168377824, 90.28741328047572], [97.04081632653062, 97.62114537444934, 94.18604651162791, 92.67326732673267, 91.75152749490834, 91.03139013452915, 96.13778705636743, 92.70428015564202, 90.24640657084188, 93.95441030723488], [97.24489795918367, 98.59030837004406, 91.95736434108527, 94.75247524752476, 95.72301425661914, 90.69506726457399, 96.76409185803757, 94.64980544747081, 89.83572895277207, 90.58473736372646], [97.44897959183673, 98.59030837004406, 93.6046511627907, 93.66336633663366, 95.31568228105907, 92.71300448430493, 96.03340292275574, 93.96887159533074, 91.06776180698152, 90.78295341922696], [98.16326530612245, 98.14977973568281, 92.24806201550388, 93.36633663366337, 92.4643584521385, 92.37668161434978, 94.57202505219206, 95.3307392996109, 93.94250513347022, 93.1615460852329], [96.93877551020408, 98.41409691629956, 93.5077519379845, 92.57425742574257, 93.68635437881873, 95.4035874439462, 95.51148225469728, 92.12062256809338, 91.17043121149898, 93.45887016848364], [97.95918367346938, 98.14977973568281, 94.57364341085271, 92.77227722772277, 95.31568228105907, 92.9372197309417, 95.30271398747391, 93.77431906614785, 94.04517453798768, 92.26957383548067], [97.75510204081633, 97.88546255506608, 91.56976744186046, 91.58415841584159, 93.17718940936864, 93.49775784753363, 96.5553235908142, 96.40077821011673, 93.94250513347022, 92.86422200198216], [98.16326530612245, 98.06167400881057, 93.7984496124031, 92.97029702970298, 95.62118126272912, 92.9372197309417, 96.65970772442589, 94.16342412451363, 93.73716632443532, 92.76511397423191], [97.55102040816327, 98.76651982378854, 92.34496124031008, 93.96039603960396, 94.29735234215886, 91.14349775784753, 95.61586638830897, 94.26070038910505, 91.17043121149898, 95.04459861248762], [98.36734693877551, 98.41409691629956, 93.5077519379845, 93.86138613861387, 94.70468431771894, 94.39461883408072, 97.07724425887265, 94.26070038910505, 93.53182751540041, 92.26957383548067], [97.95918367346938, 98.06167400881057, 93.6046511627907, 94.35643564356435, 95.31568228105907, 92.9372197309417, 96.5553235908142, 96.01167315175097, 93.94250513347022, 93.45887016848364], [98.26530612244898, 98.41409691629956, 94.28294573643412, 94.15841584158416, 96.13034623217922, 94.5067264573991, 96.13778705636743, 95.13618677042801, 94.55852156057495, 91.2784935579782], [98.46938775510205, 98.06167400881057, 93.7984496124031, 94.45544554455445, 96.5376782077393, 94.17040358744394, 95.61586638830897, 94.74708171206225, 94.55852156057495, 92.66600594648166], [97.85714285714286, 98.6784140969163, 94.76744186046511, 94.85148514851485, 96.74134419551935, 92.82511210762331, 96.86847599164926, 94.3579766536965, 93.83983572895278, 92.56689791873141], [97.95918367346938, 98.41409691629956, 92.82945736434108, 94.25742574257426, 95.72301425661914, 94.5067264573991, 96.13778705636743, 96.59533073929961, 94.86652977412732, 92.9633300297324], [98.46938775510205, 98.76651982378854, 93.12015503875969, 94.05940594059406, 96.23217922606925, 94.61883408071749, 94.67640918580376, 96.01167315175097, 94.25051334702259, 93.3597621407334], [98.06122448979592, 98.8546255506608, 94.0891472868217, 93.96039603960396, 93.9918533604888, 93.27354260089686, 96.97286012526096, 94.26070038910505, 94.45585215605749, 95.34192269573836]],