{"config": {"DATASET": "mnist", "TOTAL_CLIENTS": 100, "CLIENT_FRAC": 0.2, "POISON_FRAC": 0.2, "CREATE_DATASET": false, "RANDOM_DATA": true, "CLASS_RATIO": 10, "MODEL": "nnet", "LEARNING_RATE": 0.001, "BATCH_SIZE": 32, "LOCAL_EPOCHS": 10, "OPTIMIZER": "adam", "FED_ROUNDS": 30, "TEST_EVERY": 1, "RANDOM_PROCESS": false, "COS_DEFENCE": true, "SEL_METHOD": 1, "REDUCE_LR": 1, "COLLAB_MODE": true, "COLLAB_ALL": true, "CONSIDER_LAYERS": "l1", "GRAD_AGG": true, "FEATURE_FINDING_ALGO": "auror", "GRAD_COLLECTION_START": 0, "GRAD_COLLECT_FOR": -1, "CLUSTER_SEP": 0.002, "ALPHA": 0.8, "BETA": 0.8, "GAMMA": 0.1, "TRUST_INC": 2, "TRUST_CUT_METHOD": 1, "HONEST_PARDON_FACTOR": 0.7, "LOG_LEVEL": "INFO", "JSON_RESULTS": true}, "mean_poison_class_acc": 80.62790697674419, "mean_attack_srate": 3.1550387596899223, "total_accuracies": [45.77, 68.83, 82.4, 86.39, 88.24, 89.08, 89.33, 90.56, 90.5, 91.84, 91.96, 92.34, 92.3, 92.05, 93.15, 93.79, 92.15, 93.33, 93.02, 93.92, 93.59, 92.7, 93.63, 94.01, 93.56, 93.84, 94.01, 94.81, 95.17, 89.97], "class_accuracies": [[99.48979591836735, 92.86343612334802, 0.09689922480620156, 44.95049504950495, 67.71894093686355, 17.937219730941703, 26.40918580375783, 36.284046692607006, 12.320328542094456, 51.73439048562933], [97.34693877551021, 98.59030837004406, 12.209302325581396, 91.08910891089108, 79.938900203666, 71.52466367713005, 79.64509394572025, 88.13229571984436, 36.85831622176591, 31.02081268582755], [95.40816326530613, 98.06167400881057, 63.75968992248062, 90.4950495049505, 85.64154786150714, 64.23766816143498, 90.91858037578288, 91.73151750972762, 78.64476386036961, 62.0416253716551], [96.53061224489795, 97.3568281938326, 72.28682170542636, 88.91089108910892, 82.38289205702648, 85.76233183856502, 90.7098121085595, 90.07782101167315, 75.25667351129364, 83.44895936570862], [97.65306122448979, 97.18061674008811, 74.03100775193798, 88.61386138613861, 92.56619144602851, 84.19282511210763, 92.17118997912317, 91.43968871595331, 82.23819301848049, 81.36769078295342], [96.3265306122449, 98.06167400881057, 78.68217054263566, 90.0, 91.95519348268839, 80.38116591928251, 93.63256784968685, 90.95330739299611, 81.00616016427105, 88.10703666997027], [97.34693877551021, 98.06167400881057, 75.67829457364341, 91.98019801980197, 91.75152749490834, 84.97757847533633, 93.21503131524008, 90.07782101167315, 79.36344969199179, 89.69276511397423], [97.75510204081633, 97.88546255506608, 81.78294573643412, 90.0990099009901, 93.27902240325865, 87.4439461883408, 93.52818371607516, 90.6614785992218, 83.9835728952772, 88.30525272547077], [97.34693877551021, 97.70925110132158, 75.7751937984496, 93.86138613861387, 91.0386965376782, 86.32286995515695, 94.1544885177453, 90.36964980544747, 85.21560574948666, 92.36868186323092], [97.24489795918367, 98.59030837004406, 85.65891472868218, 91.58415841584159, 93.07535641547861, 88.78923766816143, 95.51148225469728, 90.6614785992218, 85.52361396303901, 90.8820614469772], [97.14285714285714, 98.6784140969163, 85.36821705426357, 92.17821782178218, 93.48268839103869, 89.68609865470852, 94.88517745302714, 92.21789883268482, 83.77823408624229, 91.2784935579782], [97.55102040816327, 98.14977973568281, 81.87984496124031, 92.17821782178218, 94.80651731160896, 90.47085201793722, 95.30271398747391, 91.34241245136187, 90.55441478439425, 90.78295341922696], [98.16326530612245, 98.76651982378854, 81.78294573643412, 93.86138613861387, 93.27902240325865, 89.34977578475336, 95.09394572025052, 91.92607003891051, 87.88501026694045, 92.17046580773042], [97.95918367346938, 98.32599118942731, 77.13178294573643, 93.96039603960396, 94.09368635437882, 90.91928251121077, 94.67640918580376, 91.63424124513618, 90.14373716632444, 91.37760158572844], [97.55102040816327, 98.32599118942731, 87.1124031007752, 94.45544554455445, 95.11201629327903, 91.3677130044843, 94.57202505219206, 92.12062256809338, 88.91170431211499, 91.37760158572844], [97.65306122448979, 98.6784140969163, 91.08527131782945, 92.27722772277228, 94.39918533604887, 90.47085201793722, 96.34655532359082, 93.28793774319067, 91.68377823408625, 91.2784935579782], [97.85714285714286, 98.59030837004406, 76.93798449612403, 92.67326732673267, 93.38085539714868, 91.81614349775785, 94.67640918580376, 93.57976653696498, 87.16632443531827, 94.44995044598612], [97.65306122448979, 98.8546255506608, 84.88372093023256, 95.64356435643565, 93.48268839103869, 89.57399103139014, 95.82463465553236, 93.48249027237354, 89.01437371663245, 94.05351833498513], [97.65306122448979, 98.32599118942731, 79.45736434108527, 94.25742574257426, 95.31568228105907, 90.80717488789237, 94.98956158663883, 93.8715953307393, 91.47843942505133, 93.65708622398414], [98.26530612244898, 98.59030837004406, 86.7248062015504, 93.76237623762377, 93.68635437881873, 92.152466367713, 95.72025052192066, 93.48249027237354, 92.60780287474333, 93.75619425173439], [98.46938775510205, 98.76651982378854, 81.5891472868217, 94.05940594059406, 94.19551934826885, 91.59192825112108, 96.03340292275574, 94.3579766536965, 92.50513347022587, 93.95441030723488], [98.57142857142857, 98.6784140969163, 74.03100775193798, 95.04950495049505, 94.70468431771894, 90.13452914798206, 96.13778705636743, 94.3579766536965, 91.17043121149898, 93.85530227948463], [97.65306122448979, 98.8546255506608, 82.46124031007751, 96.03960396039604, 96.63951120162933, 91.4798206278027, 96.45093945720251, 93.8715953307393, 89.93839835728953, 92.46778989098117], [98.06122448979592, 98.6784140969163, 81.97674418604652, 95.04950495049505, 95.72301425661914, 93.27354260089686, 95.72025052192066, 94.74708171206225, 92.91581108829568, 93.75619425173439], [98.06122448979592, 98.76651982378854, 79.84496124031008, 96.33663366336634, 95.010183299389, 90.24663677130044, 96.34655532359082, 94.64980544747081, 92.09445585215606, 93.75619425173439], [98.26530612244898, 98.6784140969163, 81.4922480620155, 94.15841584158416, 95.82484725050917, 93.04932735426009, 95.72025052192066, 93.48249027237354, 93.32648870636551, 94.25173439048562], [98.57142857142857, 98.59030837004406, 81.3953488372093, 95.84158415841584, 95.82484725050917, 92.04035874439462, 95.92901878914405, 95.3307392996109, 92.29979466119096, 93.95441030723488], [97.95918367346938, 98.59030837004406, 89.14728682170542, 95.74257425742574, 95.51934826883911, 93.04932735426009, 96.34655532359082, 94.55252918287938, 92.09445585215606, 94.64816650148661], [97.44897959183673, 98.76651982378854, 93.02325581395348, 94.45544554455445, 95.92668024439918, 92.04035874439462, 96.65970772442589, 95.42801556420234, 93.22381930184805, 94.05351833498513], [98.57142857142857, 98.76651982378854, 40.79457364341085, 95.54455445544555, 96.23217922606925, 93.38565022421524, 94.67640918580376, 95.71984435797665, 92.91581108829568, 94.15262636273538]],