{"config": {"DATASET": "mnist", "TOTAL_CLIENTS": 100, "CLIENT_FRAC": 0.1, "POISON_FRAC": 0.1, "CREATE_DATASET": false, "RANDOM_DATA": true, "CLASS_RATIO": 10, "MODEL": "nnet", "LEARNING_RATE": 0.001, "BATCH_SIZE": 32, "LOCAL_EPOCHS": 10, "OPTIMIZER": "adam", "FED_ROUNDS": 30, "TEST_EVERY": 1, "RANDOM_PROCESS": false, "COS_DEFENCE": true, "SEL_METHOD": 1, "REDUCE_LR": 1, "COLLAB_MODE": true, "COLLAB_ALL": true, "CONSIDER_LAYERS": "l1", "GRAD_AGG": true, "FEATURE_FINDING_ALGO": "auror", "GRAD_COLLECTION_START": 0, "GRAD_COLLECT_FOR": -1, "CLUSTER_SEP": 0.005, "ALPHA": 0.8, "BETA": 0.8, "GAMMA": 0.1, "TRUST_INC": 2, "TRUST_CUT_METHOD": 1, "HONEST_PARDON_FACTOR": 0.8, "LOG_LEVEL": "INFO", "JSON_RESULTS": true}, "mean_poison_class_acc": 88.05717054263565, "mean_attack_srate": 2.9893410852713176, "total_accuracies": [43.75, 73.64, 84.11, 86.28, 87.86, 89.8, 90.07, 91.24, 91.85, 92.11, 92.24, 92.64, 92.93, 92.44, 93.29, 93.31, 94.13, 93.21, 94.06, 93.79, 94.34, 94.28, 93.89, 94.8, 94.24, 94.6, 93.76, 93.38, 94.53, 94.95], "class_accuracies": [[99.6938775510204, 97.18061674008811, 0.0, 35.64356435643565, 54.4806517311609, 3.811659192825112, 47.390396659707726, 0.0, 5.236139630390143, 85.33201189296334], [96.0204081632653, 98.6784140969163, 43.41085271317829, 90.1980198019802, 84.5213849287169, 59.30493273542601, 83.19415448851774, 86.18677042801556, 50.0, 41.12983151635282], [94.6938775510204, 98.14977973568281, 74.70930232558139, 86.63366336633663, 85.64154786150714, 72.30941704035874, 90.08350730688936, 87.15953307392996, 73.40862422997947, 75.61942517343905], [96.73469387755102, 96.74008810572687, 69.18604651162791, 87.92079207920793, 87.4745417515275, 75.7847533632287, 94.1544885177453, 89.00778210116732, 83.05954825462013, 81.16947472745292], [96.12244897959184, 96.82819383259911, 73.44961240310077, 86.43564356435644, 91.24236252545825, 85.31390134529148, 93.0062630480167, 89.10505836575875, 85.31827515400411, 81.16947472745292], [96.12244897959184, 98.32599118942731, 86.7248062015504, 87.32673267326733, 90.22403258655804, 85.53811659192826, 93.94572025052192, 90.6614785992218, 81.3141683778234, 86.42220019821606], [96.53061224489795, 98.14977973568281, 85.56201550387597, 86.93069306930693, 96.43584521384929, 89.01345291479821, 94.1544885177453, 88.715953307393, 82.64887063655031, 81.86323092170466], [97.24489795918367, 97.5330396475771, 91.08527131782945, 89.20792079207921, 93.78818737270876, 89.57399103139014, 93.31941544885177, 89.59143968871595, 83.26488706365502, 86.9177403369673], [97.04081632653062, 97.5330396475771, 89.34108527131782, 88.11881188118812, 95.010183299389, 88.78923766816143, 95.61586638830897, 90.36964980544747, 87.47433264887064, 88.50346878097126], [98.26530612244898, 98.14977973568281, 86.14341085271317, 91.18811881188118, 94.39918533604887, 89.12556053811659, 96.45093945720251, 92.31517509727627, 85.31827515400411, 88.9990089197225], [98.46938775510205, 97.97356828193833, 89.53488372093024, 90.29702970297029, 95.72301425661914, 87.5560538116592, 94.98956158663883, 91.82879377431907, 88.39835728952772, 86.7195242814668], [98.16326530612245, 98.14977973568281, 87.1124031007752, 92.87128712871286, 95.11201629327903, 88.78923766816143, 94.88517745302714, 91.24513618677042, 88.39835728952772, 90.8820614469772], [98.26530612244898, 97.79735682819383, 89.14728682170542, 93.16831683168317, 95.62118126272912, 90.47085201793722, 95.92901878914405, 91.73151750972762, 87.67967145790554, 88.89990089197225], [98.36734693877551, 98.59030837004406, 83.62403100775194, 94.15841584158416, 94.09368635437882, 89.57399103139014, 95.72025052192066, 91.53696498054475, 84.49691991786447, 93.45887016848364], [98.16326530612245, 98.41409691629956, 91.18217054263566, 94.15841584158416, 95.92668024439918, 91.03139013452915, 94.57202505219206, 92.12062256809338, 86.13963039014374, 90.38652130822597], [98.36734693877551, 98.23788546255507, 84.59302325581395, 93.76237623762377, 93.17718940936864, 92.04035874439462, 95.72025052192066, 93.57976653696498, 89.3223819301848, 93.85530227948463], [98.26530612244898, 98.14977973568281, 90.89147286821705, 94.25742574257426, 93.89002036659878, 91.70403587443946, 95.4070981210856, 92.60700389105058, 92.71047227926078, 92.86422200198216], [98.26530612244898, 98.6784140969163, 84.10852713178295, 94.45544554455445, 94.60285132382892, 91.59192825112108, 94.67640918580376, 90.75875486381322, 89.93839835728953, 94.54905847373637], [98.16326530612245, 98.59030837004406, 88.2751937984496, 94.35643564356435, 93.58452138492872, 92.48878923766816, 95.92901878914405, 93.67704280155642, 90.75975359342915, 94.25173439048562], [98.16326530612245, 98.8546255506608, 85.46511627906976, 95.24752475247524, 93.9918533604888, 91.3677130044843, 95.92901878914405, 93.8715953307393, 90.34907597535934, 94.05351833498513], [98.16326530612245, 98.94273127753304, 92.82945736434108, 92.87128712871286, 95.11201629327903, 93.04932735426009, 96.34655532359082, 91.53696498054475, 90.34907597535934, 93.65708622398414], [97.55102040816327, 98.94273127753304, 89.05038759689923, 94.45544554455445, 95.11201629327903, 92.152466367713, 95.4070981210856, 93.8715953307393, 91.78644763860369, 93.85530227948463], [97.85714285714286, 98.76651982378854, 87.40310077519379, 93.76237623762377, 95.82484725050917, 92.04035874439462, 96.97286012526096, 92.21789883268482, 90.24640657084188, 93.3597621407334], [98.36734693877551, 98.6784140969163, 93.5077519379845, 92.47524752475248, 96.13034623217922, 92.04035874439462, 96.5553235908142, 92.21789883268482, 93.53182751540041, 93.95441030723488], [98.36734693877551, 98.6784140969163, 87.8875968992248, 95.34653465346534, 96.74134419551935, 92.26457399103138, 96.5553235908142, 92.21789883268482, 92.09445585215606, 91.87314172447968], [98.36734693877551, 99.11894273127753, 89.63178294573643, 94.85148514851485, 95.51934826883911, 91.81614349775785, 96.5553235908142, 94.16342412451363, 92.40246406570841, 92.9633300297324], [98.6734693877551, 98.8546255506608, 83.62403100775194, 96.13861386138613, 95.31568228105907, 91.92825112107623, 95.30271398747391, 94.45525291828794, 89.11704312114989, 93.65708622398414], [98.57142857142857, 98.76651982378854, 79.84496124031008, 94.75247524752476, 96.23217922606925, 94.28251121076234, 94.36325678496868, 92.41245136186771, 92.29979466119096, 92.26957383548067], [98.6734693877551, 98.59030837004406, 89.92248062015504, 92.17821782178218, 93.38085539714868, 94.73094170403587, 94.98956158663883, 93.3852140077821, 93.01848049281314, 96.13478691774034], [96.93877551020408, 98.94273127753304, 93.5077519379845, 94.55445544554455, 95.92668024439918, 94.73094170403587, 97.28601252609603, 92.8988326848249, 91.58110882956879, 92.76511397423191]],