{"config": {"DATASET": "mnist", "TOTAL_CLIENTS": 100, "CLIENT_FRAC": 0.1, "POISON_FRAC": 0.1, "CREATE_DATASET": true, "RANDOM_DATA": true, "CLASS_RATIO": 10, "MODEL": "nnet", "LEARNING_RATE": 0.001, "BATCH_SIZE": 32, "LOCAL_EPOCHS": 3, "OPTIMIZER": "adam", "FED_ROUNDS": 30, "TEST_EVERY": 1, "RANDOM_PROCESS": true, "COS_DEFENCE": true, "SEL_METHOD": 1, "REDUCE_LR": 1, "COLLAB_MODE": true, "COLLAB_ALL": true, "CONSIDER_LAYERS": "l2", "GRAD_AGG": true, "FEATURE_FINDING_ALGO": "auror", "GRAD_COLLECTION_START": 0, "GRAD_COLLECT_FOR": -1, "CLUSTER_SEP": 0.005, "ALPHA": 0.8, "BETA": 0.8, "GAMMA": 0.1, "TRUST_INC": 2, "TRUST_CUT_METHOD": 2, "HONEST_PARDON_FACTOR": 0.99, "LOG_LEVEL": "INFO", "JSON_RESULTS": true}, "mean_poison_class_acc": 78.9437984496124, "mean_attack_srate": 3.2461240310077515, "total_accuracies": [17.08, 34.54, 38.29, 47.12, 60.72, 75.65, 75.83, 78.05, 81.12, 84.07, 81.3, 84.02, 85.83, 86.34, 85.4, 86.91, 87.81, 88.05, 87.1, 89.04, 89.14, 89.48, 89.31, 89.81, 89.79, 90.24, 89.69, 90.84, 91.32, 91.03], "class_accuracies": [[43.36734693877551, 100.0, 0.09689922480620156, 14.554455445544555, 0.0, 0.0, 0.0, 0.0, 0.0, 0.0], [98.36734693877551, 87.13656387665198, 0.3875968992248062, 61.386138613861384, 0.0, 9.304932735426009, 0.0, 0.0, 80.80082135523614, 0.6937561942517344], [98.06122448979592, 99.29515418502203, 22.093023255813954, 78.41584158415841, 0.0, 32.95964125560538, 0.0, 41.536964980544745, 0.0, 0.0], [99.08163265306122, 98.8546255506608, 71.51162790697674, 80.0990099009901, 23.828920570264767, 15.134529147982063, 2.5052192066805845, 59.72762645914397, 0.1026694045174538, 6.342913776015857], [98.87755102040816, 99.29515418502203, 67.73255813953489, 90.5940594059406, 70.46843177189409, 17.937219730941703, 64.09185803757829, 49.221789883268485, 1.0266940451745379, 37.661050545094156], [97.24489795918367, 97.70925110132158, 63.75968992248062, 76.73267326732673, 89.61303462321793, 65.91928251121077, 80.79331941544885, 71.69260700389106, 77.31006160164272, 33.49851337958375], [94.6938775510204, 98.94273127753304, 66.76356589147287, 82.67326732673267, 42.26069246435845, 64.01345291479821, 86.1169102296451, 85.01945525291829, 45.17453798767967, 87.51238850346878], [97.85714285714286, 98.50220264317181, 47.48062015503876, 79.00990099009901, 65.37678207739307, 70.73991031390135, 85.38622129436325, 84.92217898832685, 68.58316221765914, 80.0792864222002], [94.28571428571429, 97.97356828193833, 72.48062015503876, 76.13861386138613, 71.79226069246435, 88.78923766816143, 85.28183716075156, 82.49027237354086, 61.90965092402464, 78.69177403369673], [95.71428571428571, 94.53744493392071, 84.01162790697674, 83.86138613861387, 73.82892057026477, 78.81165919282512, 88.93528183716076, 90.07782101167315, 72.27926078028747, 76.51139742319128], [97.34693877551021, 97.09251101321586, 61.04651162790697, 87.42574257425743, 67.41344195519348, 73.20627802690584, 93.52818371607516, 81.71206225680933, 62.936344969199176, 88.89990089197225], [95.51020408163265, 96.12334801762114, 71.31782945736434, 89.8019801980198, 82.99389002036659, 75.11210762331838, 93.31941544885177, 85.89494163424125, 70.43121149897331, 77.70069375619426], [97.14285714285714, 97.18061674008811, 82.75193798449612, 89.8019801980198, 79.32790224032587, 76.5695067264574, 91.8580375782881, 85.7976653696498, 73.51129363449692, 81.9623389494549], [96.0204081632653, 95.33039647577093, 83.23643410852713, 79.4059405940594, 81.67006109979633, 87.5560538116592, 93.73695198329854, 86.86770428015564, 77.82340862422998, 81.07036669970267], [96.53061224489795, 96.38766519823788, 65.50387596899225, 88.81188118811882, 88.90020366598777, 76.79372197309416, 92.27557411273486, 88.715953307393, 80.69815195071868, 77.998017839445], [97.44897959183673, 97.00440528634361, 73.64341085271317, 87.62376237623762, 84.5213849287169, 82.51121076233184, 94.258872651357, 91.24513618677042, 75.66735112936345, 83.84539147670961], [97.24489795918367, 95.50660792951543, 78.97286821705427, 86.93069306930693, 83.5030549898167, 80.4932735426009, 92.37995824634656, 90.6614785992218, 84.59958932238193, 86.42220019821606], [97.75510204081633, 97.62114537444934, 80.62015503875969, 90.5940594059406, 87.06720977596741, 85.53811659192826, 92.37995824634656, 89.10505836575875, 74.33264887063655, 84.14271555996035], [97.34693877551021, 97.09251101321586, 69.0891472868217, 85.14851485148515, 90.52953156822811, 85.65022421524664, 93.0062630480167, 87.54863813229572, 79.56878850102669, 85.43111992071358], [97.24489795918367, 97.00440528634361, 82.94573643410853, 87.12871287128714, 87.57637474541751, 79.37219730941705, 95.30271398747391, 89.29961089494164, 84.49691991786447, 88.40436075322101], [97.24489795918367, 96.65198237885463, 81.97674418604652, 84.15841584158416, 90.93686354378819, 83.96860986547085, 94.1544885177453, 91.53696498054475, 85.31827515400411, 84.4400396432111], [97.24489795918367, 95.85903083700441, 82.75193798449612, 88.91089108910892, 88.79837067209776, 85.98654708520179, 92.58872651356994, 88.715953307393, 83.88090349075975, 89.197224975223], [97.85714285714286, 96.65198237885463, 80.42635658914729, 90.1980198019802, 88.69653767820773, 85.65022421524664, 93.42379958246346, 92.60700389105058, 79.67145790554414, 86.81863230921705], [97.85714285714286, 96.65198237885463, 81.78294573643412, 87.62376237623762, 92.26069246435846, 88.90134529147981, 93.1106471816284, 88.61867704280155, 82.23819301848049, 88.50346878097126], [97.85714285714286, 97.00440528634361, 80.03875968992249, 88.91089108910892, 90.93686354378819, 84.30493273542601, 93.21503131524008, 89.98054474708171, 83.26488706365502, 91.2784935579782], [97.14285714285714, 96.82819383259911, 84.59302325581395, 91.38613861386139, 93.68635437881873, 89.12556053811659, 93.31941544885177, 89.59143968871595, 79.46611909650925, 86.52130822596631], [97.65306122448979, 96.91629955947137, 77.42248062015504, 85.34653465346534, 93.58452138492872, 89.46188340807174, 93.31941544885177, 88.2295719844358, 85.72895277207392, 88.9990089197225], [97.44897959183673, 95.94713656387665, 88.17829457364341, 89.70297029702971, 88.18737270875764, 90.24663677130044, 93.31941544885177, 90.46692607003891, 84.18891170431212, 90.08919722497522], [97.44897959183673, 97.09251101321586, 90.31007751937985, 87.22772277227723, 93.89002036659878, 89.68609865470852, 94.67640918580376, 90.75875486381322, 85.42094455852155, 86.02576808721507], [97.34693877551021, 96.12334801762114, 82.26744186046511, 89.10891089108911, 91.5478615071283, 85.65022421524664, 94.67640918580376, 93.28793774319067, 89.63039014373716, 89.89098116947473]],