{"config": {"DATASET": "mnist", "TOTAL_CLIENTS": 100, "CLIENT_FRAC": 0.2, "POISON_FRAC": 0.3, "CREATE_DATASET": false, "RANDOM_DATA": true, "CLASS_RATIO": 10, "MODEL": "nnet", "LEARNING_RATE": 0.001, "BATCH_SIZE": 32, "LOCAL_EPOCHS": 10, "OPTIMIZER": "adam", "FED_ROUNDS": 30, "TEST_EVERY": 1, "RANDOM_PROCESS": false, "COS_DEFENCE": true, "SEL_METHOD": 1, "REDUCE_LR": 1, "COLLAB_MODE": true, "COLLAB_ALL": true, "CONSIDER_LAYERS": "l1", "GRAD_AGG": true, "FEATURE_FINDING_ALGO": "auror", "GRAD_COLLECTION_START": 0, "GRAD_COLLECT_FOR": -1, "CLUSTER_SEP": 0.002, "ALPHA": 0.8, "BETA": 0.8, "GAMMA": 0.1, "TRUST_INC": 2, "TRUST_CUT_METHOD": 1, "HONEST_PARDON_FACTOR": 0.7, "LOG_LEVEL": "INFO", "JSON_RESULTS": true}, "mean_poison_class_acc": 77.25968992248063, "mean_attack_srate": 3.2596899224806197, "total_accuracies": [48.98, 68.2, 80.75, 84.73, 86.95, 89.43, 87.39, 90.35, 90.85, 91.6, 91.12, 90.71, 92.59, 88.4, 93.13, 93.62, 93.22, 93.75, 93.17, 93.83, 93.74, 92.13, 94.5, 92.85, 94.69, 94.14, 94.25, 91.38, 94.54, 94.9], "class_accuracies": [[99.38775510204081, 94.7136563876652, 0.0, 55.94059405940594, 82.68839103869654, 14.237668161434977, 19.728601252609604, 45.3307392996109, 21.149897330595483, 47.968285431119924], [97.44897959183673, 98.76651982378854, 0.0, 89.70297029702971, 86.35437881873727, 72.98206278026906, 76.40918580375782, 87.7431906614786, 37.26899383983573, 33.89494549058474], [96.83673469387755, 98.14977973568281, 57.55813953488372, 91.08910891089108, 87.67820773930754, 66.3677130044843, 89.5615866388309, 92.31517509727627, 72.58726899383984, 52.62636273538157], [96.83673469387755, 97.79735682819383, 57.751937984496124, 89.20792079207921, 86.65987780040733, 87.10762331838565, 89.03966597077245, 90.75875486381322, 73.30595482546201, 78.1962338949455], [97.55102040816327, 97.62114537444934, 63.95348837209303, 89.8019801980198, 93.07535641547861, 83.74439461883408, 91.9624217118998, 91.43968871595331, 80.18480492813141, 79.38553022794846], [96.73469387755102, 97.5330396475771, 81.68604651162791, 89.3069306930693, 91.64969450101833, 83.29596412556054, 93.0062630480167, 90.75875486381322, 82.34086242299794, 86.62041625371656], [97.85714285714286, 97.88546255506608, 56.298449612403104, 90.99009900990099, 92.56619144602851, 86.99551569506727, 92.17118997912317, 88.61867704280155, 79.26078028747433, 90.98116947472745], [98.06122448979592, 97.70925110132158, 78.87596899224806, 90.0, 92.87169042769857, 88.67713004484305, 92.17118997912317, 91.147859922179, 83.67556468172485, 89.59365708622398], [97.24489795918367, 97.79735682819383, 77.42248062015504, 93.46534653465346, 92.15885947046843, 86.88340807174887, 94.258872651357, 90.85603112840467, 85.21560574948666, 92.36868186323092], [97.65306122448979, 99.11894273127753, 83.13953488372093, 92.57425742574257, 94.19551934826885, 87.78026905829596, 94.36325678496868, 90.6614785992218, 85.52361396303901, 89.99008919722498], [96.12244897959184, 98.50220264317181, 74.4186046511628, 92.67326732673267, 93.89002036659878, 89.68609865470852, 95.51148225469728, 92.50972762645914, 85.52361396303901, 91.87314172447968], [97.75510204081633, 98.23788546255507, 65.40697674418605, 92.57425742574257, 95.11201629327903, 89.91031390134529, 95.61586638830897, 91.34241245136187, 89.73305954825462, 91.47670961347869], [98.36734693877551, 98.76651982378854, 80.52325581395348, 92.77227722772277, 93.9918533604888, 91.14349775784753, 95.4070981210856, 91.63424124513618, 90.04106776180699, 92.86422200198216], [98.26530612244898, 98.59030837004406, 39.53488372093023, 94.15841584158416, 95.11201629327903, 93.38565022421524, 95.4070981210856, 90.07782101167315, 90.34907597535934, 90.38652130822597], [97.34693877551021, 98.76651982378854, 83.91472868217055, 94.55445544554455, 95.51934826883911, 92.26457399103138, 95.51148225469728, 91.24513618677042, 89.73305954825462, 92.07135777998018], [97.14285714285714, 98.32599118942731, 86.62790697674419, 92.97029702970298, 93.89002036659878, 92.04035874439462, 96.5553235908142, 93.3852140077821, 91.37577002053388, 93.45887016848364], [97.44897959183673, 98.8546255506608, 81.3953488372093, 92.97029702970298, 94.90835030549898, 94.05829596412556, 95.4070981210856, 93.28793774319067, 88.91170431211499, 94.74727452923686], [97.85714285714286, 98.94273127753304, 84.49612403100775, 94.85148514851485, 95.010183299389, 92.04035874439462, 95.72025052192066, 93.8715953307393, 90.34907597535934, 93.85530227948463], [97.04081632653062, 98.94273127753304, 78.39147286821705, 94.35643564356435, 95.72301425661914, 92.60089686098655, 95.61586638830897, 93.48249027237354, 90.96509240246407, 94.35084241823587], [98.06122448979592, 99.03083700440529, 84.78682170542636, 93.96039603960396, 95.31568228105907, 92.04035874439462, 96.76409185803757, 92.80155642023347, 91.47843942505133, 93.65708622398414], [97.95918367346938, 98.94273127753304, 82.07364341085271, 94.35643564356435, 95.010183299389, 92.60089686098655, 95.92901878914405, 93.57976653696498, 92.60780287474333, 94.05351833498513], [97.95918367346938, 98.94273127753304, 66.18217054263566, 94.15841584158416, 96.23217922606925, 94.05829596412556, 95.92901878914405, 93.48249027237354, 91.17043121149898, 93.55797819623389], [97.75510204081633, 99.11894273127753, 87.98449612403101, 95.44554455445545, 96.94501018329939, 94.39461883408072, 96.76409185803757, 93.09338521400778, 90.14373716632444, 93.06243805748265], [97.85714285714286, 98.8546255506608, 70.83333333333333, 94.95049504950495, 95.62118126272912, 94.84304932735427, 95.92901878914405, 92.02334630350195, 93.1211498973306, 94.84638255698711], [97.95918367346938, 99.11894273127753, 90.50387596899225, 96.43564356435644, 95.82484725050917, 91.4798206278027, 96.5553235908142, 92.70428015564202, 92.29979466119096, 93.3597621407334], [98.06122448979592, 98.8546255506608, 84.20542635658914, 93.66336633663366, 96.23217922606925, 94.73094170403587, 96.34655532359082, 93.09338521400778, 91.68377823408625, 94.44995044598612], [98.06122448979592, 99.03083700440529, 83.04263565891473, 96.23762376237623, 95.62118126272912, 94.39461883408072, 96.45093945720251, 93.3852140077821, 92.19712525667352, 93.95441030723488], [97.14285714285714, 98.94273127753304, 56.68604651162791, 95.04950495049505, 96.74134419551935, 94.5067264573991, 96.45093945720251, 92.02334630350195, 92.40246406570841, 94.64816650148661], [97.75510204081633, 98.8546255506608, 85.94961240310077, 94.65346534653466, 95.62118126272912, 94.84304932735427, 96.13778705636743, 94.55252918287938, 92.19712525667352, 94.64816650148661], [98.16326530612245, 98.94273127753304, 87.1124031007752, 95.44554455445545, 96.74134419551935, 94.84304932735427, 95.61586638830897, 94.3579766536965, 93.53182751540041, 94.05351833498513]],