{"config": {"DATASET": "mnist", "TOTAL_CLIENTS": 100, "CLIENT_FRAC": 0.2, "POISON_FRAC": 0.1, "CREATE_DATASET": false, "RANDOM_DATA": true, "CLASS_RATIO": 10, "MODEL": "nnet", "LEARNING_RATE": 0.001, "BATCH_SIZE": 32, "LOCAL_EPOCHS": 10, "OPTIMIZER": "adam", "FED_ROUNDS": 30, "TEST_EVERY": 1, "RANDOM_PROCESS": false, "COS_DEFENCE": true, "SEL_METHOD": 1, "REDUCE_LR": 1, "COLLAB_MODE": true, "COLLAB_ALL": true, "CONSIDER_LAYERS": "l1", "GRAD_AGG": true, "FEATURE_FINDING_ALGO": "auror", "GRAD_COLLECTION_START": 0, "GRAD_COLLECT_FOR": -1, "CLUSTER_SEP": 0.002, "ALPHA": 0.8, "BETA": 0.8, "GAMMA": 0.1, "TRUST_INC": 2, "TRUST_CUT_METHOD": 1, "HONEST_PARDON_FACTOR": 0.7, "LOG_LEVEL": "INFO", "JSON_RESULTS": true}, "mean_poison_class_acc": 85.85658914728683, "mean_attack_srate": 3.0852713178294575, "total_accuracies": [50.1, 71.57, 82.13, 86.3, 88.51, 89.75, 90.41, 90.96, 90.93, 92.18, 91.99, 92.26, 93.62, 93.72, 92.78, 93.61, 93.92, 93.55, 94.21, 93.34, 94.55, 94.56, 93.8, 94.58, 94.89, 94.38, 94.89, 94.79, 95.13, 94.74], "class_accuracies": [[99.38775510204081, 91.01321585903084, 5.523255813953488, 51.28712871287129, 64.86761710794298, 21.41255605381166, 29.123173277661795, 18.579766536964982, 56.878850102669404, 57.08622398414271], [97.95918367346938, 98.50220264317181, 42.53875968992248, 91.58415841584159, 82.89205702647658, 60.762331838565025, 80.27139874739039, 89.39688715953308, 41.478439425051334, 26.461843409316156], [96.53061224489795, 98.23788546255507, 67.05426356589147, 89.60396039603961, 88.79837067209776, 64.91031390134529, 90.39665970772442, 92.31517509727627, 75.87268993839835, 54.509415262636274], [96.93877551020408, 97.79735682819383, 72.57751937984496, 88.61386138613861, 87.16904276985743, 85.53811659192826, 91.02296450939457, 90.56420233463035, 72.68993839835728, 78.88999008919723], [97.65306122448979, 97.44493392070484, 78.97286821705427, 90.0990099009901, 91.44602851323829, 82.847533632287, 91.8580375782881, 92.8988326848249, 80.9034907597536, 79.58374628344896], [97.24489795918367, 97.3568281938326, 81.87984496124031, 89.3069306930693, 90.22403258655804, 83.40807174887892, 93.52818371607516, 91.92607003891051, 83.47022587268994, 87.80971258671953], [97.75510204081633, 97.88546255506608, 83.72093023255815, 91.68316831683168, 90.73319755600815, 84.52914798206278, 94.36325678496868, 90.56420233463035, 81.93018480492813, 89.59365708622398], [97.24489795918367, 97.79735682819383, 83.04263565891473, 91.18811881188118, 91.5478615071283, 88.34080717488789, 93.73695198329854, 91.63424124513618, 84.08624229979466, 90.08919722497522], [96.42857142857143, 98.14977973568281, 78.77906976744185, 93.66336633663366, 90.42769857433808, 87.78026905829596, 93.94572025052192, 92.12062256809338, 84.70225872689939, 92.36868186323092], [97.75510204081633, 98.6784140969163, 87.01550387596899, 93.16831683168317, 92.4643584521385, 86.09865470852019, 94.57202505219206, 92.31517509727627, 87.06365503080082, 91.37760158572844], [96.73469387755102, 98.59030837004406, 81.68604651162791, 93.56435643564356, 93.07535641547861, 89.46188340807174, 94.78079331941545, 93.48249027237354, 85.52361396303901, 92.17046580773042], [97.75510204081633, 98.14977973568281, 79.65116279069767, 92.57425742574257, 95.82484725050917, 89.91031390134529, 94.46764091858037, 92.8988326848249, 89.3223819301848, 91.57581764122894], [97.75510204081633, 98.76651982378854, 90.11627906976744, 93.26732673267327, 94.5010183299389, 90.13452914798206, 95.51148225469728, 93.28793774319067, 90.4517453798768, 91.57581764122894], [97.95918367346938, 98.41409691629956, 90.11627906976744, 93.86138613861387, 94.29735234215886, 90.35874439461884, 94.67640918580376, 92.60700389105058, 91.17043121149898, 92.9633300297324], [97.14285714285714, 98.6784140969163, 80.71705426356588, 94.75247524752476, 95.82484725050917, 90.35874439461884, 95.72025052192066, 94.45525291828794, 88.19301848049281, 91.37760158572844], [97.44897959183673, 98.6784140969163, 86.62790697674419, 93.66336633663366, 94.09368635437882, 89.57399103139014, 95.92901878914405, 95.13618677042801, 91.06776180698152, 93.06243805748265], [97.95918367346938, 98.6784140969163, 89.53488372093024, 92.57425742574257, 94.29735234215886, 92.152466367713, 95.19832985386222, 94.55252918287938, 89.42505133470226, 94.15262636273538], [97.95918367346938, 98.50220264317181, 85.46511627906976, 95.94059405940594, 94.80651731160896, 87.4439461883408, 95.61586638830897, 95.03891050583658, 90.04106776180699, 93.65708622398414], [98.06122448979592, 98.32599118942731, 88.85658914728683, 93.26732673267327, 96.02851323828921, 91.03139013452915, 95.09394572025052, 94.55252918287938, 92.81314168377824, 93.45887016848364], [98.57142857142857, 98.59030837004406, 79.36046511627907, 93.46534653465346, 94.5010183299389, 91.4798206278027, 96.13778705636743, 96.01167315175097, 90.86242299794661, 94.05351833498513], [98.06122448979592, 98.6784140969163, 89.24418604651163, 95.14851485148515, 95.51934826883911, 89.79820627802691, 96.45093945720251, 95.03891050583658, 93.01848049281314, 93.75619425173439], [98.36734693877551, 98.76651982378854, 90.21317829457364, 93.66336633663366, 95.21384928716904, 92.37668161434978, 96.13778705636743, 94.94163424124514, 91.47843942505133, 93.85530227948463], [98.16326530612245, 98.59030837004406, 81.78294573643412, 96.53465346534654, 97.14867617107943, 91.92825112107623, 95.82463465553236, 95.23346303501945, 90.55441478439425, 91.87314172447968], [98.16326530612245, 98.59030837004406, 87.8875968992248, 96.13861386138613, 95.41751527494908, 91.92825112107623, 95.61586638830897, 94.45525291828794, 93.53182751540041, 93.55797819623389], [97.65306122448979, 98.59030837004406, 90.89147286821705, 96.73267326732673, 95.62118126272912, 90.24663677130044, 96.45093945720251, 95.62256809338521, 92.19712525667352, 94.05351833498513], [98.57142857142857, 98.94273127753304, 84.68992248062015, 95.44554455445545, 96.23217922606925, 92.48878923766816, 96.03340292275574, 95.42801556420234, 91.9917864476386, 93.55797819623389], [97.55102040816327, 98.59030837004406, 88.46899224806202, 96.23762376237623, 96.02851323828921, 93.60986547085201, 96.5553235908142, 94.45525291828794, 93.01848049281314, 94.05351833498513], [97.65306122448979, 98.59030837004406, 88.85658914728683, 96.23762376237623, 96.33401221995926, 91.59192825112108, 96.5553235908142, 94.94163424124514, 91.88911704312115, 94.64816650148661], [97.75510204081633, 98.76651982378854, 91.08527131782945, 94.75247524752476, 96.02851323828921, 92.48878923766816, 95.61586638830897, 96.01167315175097, 93.53182751540041, 94.64816650148661], [98.26530612244898, 98.59030837004406, 86.7248062015504, 95.04950495049505, 96.02851323828921, 92.82511210762331, 96.45093945720251, 96.10894941634241, 93.22381930184805, 93.75619425173439]],