{"config": {"DATASET": "mnist", "TOTAL_CLIENTS": 100, "CLIENT_FRAC": 0.1, "POISON_FRAC": 0.1, "CREATE_DATASET": true, "RANDOM_DATA": true, "CLASS_RATIO": 10, "MODEL": "nnet", "LEARNING_RATE": 0.001, "BATCH_SIZE": 32, "LOCAL_EPOCHS": 3, "OPTIMIZER": "adam", "FED_ROUNDS": 30, "TEST_EVERY": 1, "RANDOM_PROCESS": true, "COS_DEFENCE": true, "SEL_METHOD": 1, "REDUCE_LR": 1, "COLLAB_MODE": true, "COLLAB_ALL": true, "CONSIDER_LAYERS": "l2", "GRAD_AGG": true, "FEATURE_FINDING_ALGO": "auror", "GRAD_COLLECTION_START": 0, "GRAD_COLLECT_FOR": -1, "CLUSTER_SEP": 0.001, "ALPHA": 0.8, "BETA": 0.8, "GAMMA": 0.1, "TRUST_INC": 2, "TRUST_CUT_METHOD": 2, "HONEST_PARDON_FACTOR": 0.99, "LOG_LEVEL": "INFO", "JSON_RESULTS": true}, "mean_poison_class_acc": 83.29457364341086, "mean_attack_srate": 3.125, "total_accuracies": [32.55, 42.51, 40.57, 50.89, 68.22, 77.24, 75.04, 81.94, 82.27, 83.29, 84.84, 84.76, 84.52, 86.64, 87.29, 87.94, 88.88, 89.11, 89.08, 89.83, 89.76, 90.41, 90.62, 90.65, 89.3, 91.46, 91.59, 91.45, 92.17, 92.12], "class_accuracies": [[93.26530612244898, 97.18061674008811, 0.4844961240310077, 0.0, 71.28309572301426, 2.242152466367713, 53.54906054279749, 0.0, 0.0, 0.0], [90.40816326530613, 98.6784140969163, 19.37984496124031, 95.74257425742574, 0.0, 0.0, 34.13361169102296, 0.0, 0.0, 74.43012884043607], [96.63265306122449, 99.91189427312776, 20.73643410852713, 11.485148514851485, 13.64562118126273, 7.511210762331839, 36.012526096033405, 0.8754863813229572, 54.209445585215605, 55.79781962338949], [98.87755102040816, 99.55947136563877, 44.18604651162791, 79.5049504950495, 9.572301425661914, 18.609865470852018, 43.42379958246347, 0.6809338521400778, 24.435318275154003, 80.2775024777007], [93.57142857142857, 99.11894273127753, 78.58527131782945, 69.70297029702971, 16.90427698574338, 76.68161434977578, 85.17745302713988, 47.17898832684825, 30.698151950718685, 80.77304261645193], [97.24489795918367, 98.23788546255507, 73.15891472868218, 82.97029702970298, 64.05295315682281, 71.97309417040358, 87.05636743215031, 78.21011673151752, 49.383983572895275, 66.69970267591675], [97.04081632653062, 98.59030837004406, 66.76356589147287, 86.73267326732673, 39.71486761710794, 52.24215246636771, 91.54488517745303, 92.21789883268482, 53.285420944558524, 66.30327056491576], [96.42857142857143, 97.26872246696036, 79.06976744186046, 73.16831683168317, 68.73727087576374, 74.88789237668162, 89.87473903966597, 88.42412451361868, 78.95277207392198, 70.16848364717542], [96.0204081632653, 97.5330396475771, 70.34883720930233, 75.34653465346534, 75.050916496945, 77.3542600896861, 90.29227557411274, 84.8249027237354, 77.00205338809035, 77.10604558969277], [96.83673469387755, 96.56387665198238, 71.02713178294573, 80.29702970297029, 77.69857433808554, 72.98206278026906, 90.6054279749478, 86.08949416342412, 81.62217659137578, 77.10604558969277], [95.10204081632654, 97.00440528634361, 81.0077519379845, 80.79207920792079, 77.4949083503055, 76.68161434977578, 91.44050104384134, 85.50583657587549, 75.46201232032854, 85.62933597621408], [96.3265306122449, 95.77092511013215, 73.06201550387597, 86.13861386138613, 81.05906313645622, 67.152466367713, 92.17118997912317, 87.15953307392996, 86.652977412731, 79.58374628344896], [96.83673469387755, 95.68281938325991, 79.06976744186046, 88.41584158415841, 58.75763747454175, 74.55156950672645, 91.33611691022965, 83.26848249027238, 82.13552361396304, 92.66600594648166], [96.53061224489795, 97.00440528634361, 76.35658914728683, 86.83168316831683, 80.44806517311609, 80.38116591928251, 94.46764091858037, 84.3385214007782, 81.41683778234086, 87.21506442021804], [96.22448979591837, 96.74008810572687, 78.58527131782945, 84.75247524752476, 87.67820773930754, 82.17488789237669, 94.258872651357, 85.7976653696498, 81.41683778234086, 84.14271555996035], [96.53061224489795, 97.18061674008811, 84.20542635658914, 87.32673267326733, 82.17922606924644, 85.98654708520179, 93.1106471816284, 90.75875486381322, 76.48870636550308, 84.2418235877106], [96.53061224489795, 96.91629955947137, 89.43798449612403, 85.34653465346534, 87.27087576374745, 82.73542600896862, 94.57202505219206, 87.06225680933852, 81.51950718685832, 85.92666005946482], [97.04081632653062, 96.65198237885463, 87.01550387596899, 83.66336633663366, 89.5112016293279, 86.99551569506727, 93.31941544885177, 89.00778210116732, 81.10882956878851, 85.82755203171457], [97.04081632653062, 96.29955947136564, 80.62015503875969, 85.84158415841584, 89.5112016293279, 81.83856502242152, 93.84133611691023, 88.52140077821012, 89.42505133470226, 86.81863230921705], [96.93877551020408, 96.74008810572687, 87.98449612403101, 85.94059405940594, 89.0020366598778, 88.56502242152466, 92.90187891440502, 88.61867704280155, 83.47022587268994, 87.31417244796829], [97.34693877551021, 96.65198237885463, 85.17441860465117, 89.5049504950495, 84.41955193482688, 85.76233183856502, 93.31941544885177, 88.42412451361868, 84.18891170431212, 91.67492566897918], [97.04081632653062, 96.82819383259911, 84.49612403100775, 89.20792079207921, 89.10386965376782, 87.4439461883408, 92.90187891440502, 88.61867704280155, 88.29568788501027, 89.39544103072349], [96.73469387755102, 96.47577092511013, 87.01550387596899, 88.11881188118812, 90.12219959266803, 88.90134529147981, 93.84133611691023, 88.42412451361868, 86.44763860369609, 89.49454905847374], [96.53061224489795, 96.47577092511013, 83.13953488372093, 91.2871287128713, 90.52953156822811, 85.65022421524664, 94.57202505219206, 88.52140077821012, 88.91170431211499, 90.08919722497522], [97.65306122448979, 97.00440528634361, 69.67054263565892, 85.84158415841584, 90.42769857433808, 90.5829596412556, 94.57202505219206, 90.27237354085604, 87.06365503080082, 89.99008919722498], [97.75510204081633, 96.38766519823788, 86.62790697674419, 90.29702970297029, 93.07535641547861, 87.66816143497758, 93.73695198329854, 88.81322957198444, 90.86242299794661, 88.800792864222], [97.75510204081633, 97.3568281938326, 88.95348837209302, 92.77227722772277, 90.12219959266803, 87.33183856502242, 95.09394572025052, 88.91050583657588, 85.31827515400411, 91.2784935579782], [97.44897959183673, 96.82819383259911, 84.78682170542636, 90.6930693069307, 95.010183299389, 87.5560538116592, 94.98956158663883, 87.84046692607004, 89.52772073921972, 89.29633300297324], [98.6734693877551, 97.79735682819383, 90.69767441860465, 92.17821782178218, 91.85336048879837, 87.78026905829596, 94.98956158663883, 90.75875486381322, 85.62628336755647, 90.28741328047572], [97.55102040816327, 97.3568281938326, 87.98449612403101, 92.17821782178218, 91.64969450101833, 90.35874439461884, 94.88517745302714, 92.21789883268482, 86.24229979466119, 90.08919722497522]],