{"config": {"DATASET": "mnist", "TOTAL_CLIENTS": 100, "CLIENT_FRAC": 0.2, "POISON_FRAC": 0.1, "CREATE_DATASET": false, "RANDOM_DATA": true, "CLASS_RATIO": 10, "MODEL": "nnet", "LEARNING_RATE": 0.001, "BATCH_SIZE": 32, "LOCAL_EPOCHS": 10, "OPTIMIZER": "adam", "FED_ROUNDS": 30, "TEST_EVERY": 1, "RANDOM_PROCESS": false, "COS_DEFENCE": true, "SEL_METHOD": 1, "REDUCE_LR": 1, "COLLAB_MODE": true, "COLLAB_ALL": true, "CONSIDER_LAYERS": "l1", "GRAD_AGG": true, "FEATURE_FINDING_ALGO": "auror", "GRAD_COLLECTION_START": 0, "GRAD_COLLECT_FOR": -1, "CLUSTER_SEP": 0.005, "ALPHA": 0.8, "BETA": 0.8, "GAMMA": 0.1, "TRUST_INC": 2, "TRUST_CUT_METHOD": 1, "HONEST_PARDON_FACTOR": 0.7, "LOG_LEVEL": "INFO", "JSON_RESULTS": true}, "mean_poison_class_acc": 85.96899224806201, "mean_attack_srate": 3.0852713178294575, "total_accuracies": [52.34, 71.67, 82.63, 86.47, 88.36, 89.47, 90.0, 90.53, 90.77, 90.99, 92.21, 92.19, 92.5, 93.18, 93.78, 93.83, 94.17, 94.0, 94.03, 94.59, 94.32, 94.73, 93.69, 94.62, 93.72, 94.21, 95.23, 95.03, 94.83, 95.26], "class_accuracies": [[99.28571428571429, 95.59471365638767, 5.038759689922481, 57.82178217821782, 62.93279022403259, 23.094170403587444, 36.22129436325678, 30.058365758754864, 45.17453798767967, 61.446977205153615], [97.04081632653062, 98.6784140969163, 55.81395348837209, 92.07920792079207, 81.46639511201629, 57.62331838565022, 81.419624217119, 89.39688715953308, 39.630390143737166, 18.929633300297326], [96.22448979591837, 98.23788546255507, 72.57751937984496, 89.70297029702971, 85.33604887983707, 61.99551569506726, 90.81419624217119, 92.8988326848249, 74.53798767967146, 60.257680872150644], [96.63265306122449, 97.62114537444934, 76.25968992248062, 88.7128712871287, 82.07739307535641, 85.76233183856502, 90.50104384133611, 91.24513618677042, 72.99794661190965, 81.46679881070366], [97.85714285714286, 97.3568281938326, 78.39147286821705, 89.9009900990099, 90.52953156822811, 81.95067264573991, 91.7536534446764, 93.09338521400778, 81.3141683778234, 79.98017839444995], [96.63265306122449, 97.5330396475771, 82.75193798449612, 91.58415841584159, 88.59470468431772, 80.60538116591928, 93.63256784968685, 91.73151750972762, 81.82751540041068, 88.00792864222002], [97.85714285714286, 97.79735682819383, 82.07364341085271, 91.48514851485149, 89.40936863543789, 85.31390134529148, 92.79749478079331, 91.43968871595331, 80.28747433264887, 90.18830525272547], [97.55102040816327, 97.97356828193833, 79.45736434108527, 91.18811881188118, 90.52953156822811, 88.11659192825113, 93.94572025052192, 92.41245136186771, 82.4435318275154, 90.78295341922696], [97.95918367346938, 97.97356828193833, 76.84108527131782, 93.86138613861387, 89.81670061099797, 86.32286995515695, 93.52818371607516, 92.80155642023347, 84.90759753593429, 92.66600594648166], [97.75510204081633, 99.11894273127753, 76.35658914728683, 92.97029702970298, 91.34419551934828, 89.23766816143498, 94.258872651357, 92.12062256809338, 84.18891170431212, 91.77403369672943], [97.34693877551021, 98.8546255506608, 84.39922480620154, 92.57425742574257, 93.68635437881873, 89.12556053811659, 95.51148225469728, 93.28793774319067, 84.90759753593429, 91.47670961347869], [97.95918367346938, 98.06167400881057, 78.58527131782945, 92.37623762376238, 95.72301425661914, 90.02242152466367, 94.57202505219206, 93.19066147859922, 89.93839835728953, 91.0802775024777], [98.36734693877551, 98.6784140969163, 81.78294573643412, 92.67326732673267, 93.38085539714868, 89.34977578475336, 95.09394572025052, 93.09338521400778, 89.63039014373716, 92.26957383548067], [98.26530612244898, 98.14977973568281, 86.14341085271317, 93.66336633663366, 94.09368635437882, 90.91928251121077, 93.52818371607516, 92.80155642023347, 90.75975359342915, 92.86422200198216], [97.24489795918367, 98.14977973568281, 90.79457364341086, 93.86138613861387, 95.21384928716904, 90.24663677130044, 95.92901878914405, 93.67704280155642, 90.04106776180699, 91.87314172447968], [97.85714285714286, 98.41409691629956, 89.24418604651163, 92.97029702970298, 93.68635437881873, 90.35874439461884, 95.72025052192066, 93.3852140077821, 92.40246406570841, 93.55797819623389], [97.55102040816327, 98.6784140969163, 91.27906976744185, 92.67326732673267, 94.90835030549898, 92.48878923766816, 95.92901878914405, 93.8715953307393, 90.55441478439425, 93.1615460852329], [98.26530612244898, 98.59030837004406, 89.05038759689923, 95.94059405940594, 94.39918533604887, 89.12556053811659, 95.51148225469728, 94.45525291828794, 89.83572895277207, 93.85530227948463], [97.75510204081633, 98.59030837004406, 87.40310077519379, 94.35643564356435, 94.60285132382892, 91.03139013452915, 95.4070981210856, 94.55252918287938, 91.47843942505133, 94.44995044598612], [98.36734693877551, 98.6784140969163, 92.73255813953489, 95.34653465346534, 94.09368635437882, 91.3677130044843, 95.82463465553236, 93.77431906614785, 91.17043121149898, 93.75619425173439], [98.26530612244898, 98.6784140969163, 89.63178294573643, 94.25742574257426, 94.5010183299389, 91.25560538116592, 95.4070981210856, 95.3307392996109, 92.19712525667352, 92.9633300297324], [97.75510204081633, 98.6784140969163, 93.02325581395348, 94.75247524752476, 95.72301425661914, 90.5829596412556, 95.92901878914405, 94.45525291828794, 91.88911704312115, 93.65708622398414], [97.95918367346938, 98.6784140969163, 79.94186046511628, 95.54455445544555, 96.5376782077393, 93.27354260089686, 95.30271398747391, 95.3307392996109, 90.4517453798768, 93.65708622398414], [98.06122448979592, 98.41409691629956, 87.6937984496124, 95.34653465346534, 95.62118126272912, 92.26457399103138, 95.51148225469728, 95.62256809338521, 93.53182751540041, 93.65708622398414], [98.36734693877551, 98.76651982378854, 80.23255813953489, 96.83168316831683, 94.70468431771894, 90.80717488789237, 95.51148225469728, 95.62256809338521, 91.37577002053388, 94.44995044598612], [98.26530612244898, 98.6784140969163, 84.59302325581395, 95.34653465346534, 94.70468431771894, 93.16143497757848, 95.82463465553236, 94.74708171206225, 91.47843942505133, 94.94549058473736], [97.95918367346938, 98.76651982378854, 92.15116279069767, 96.13861386138613, 96.02851323828921, 92.60089686098655, 95.82463465553236, 94.64980544747081, 93.32648870636551, 94.25173439048562], [98.16326530612245, 98.6784140969163, 91.56976744186046, 95.84158415841584, 96.02851323828921, 93.04932735426009, 95.82463465553236, 95.23346303501945, 90.96509240246407, 94.35084241823587], [98.06122448979592, 98.76651982378854, 87.8875968992248, 95.34653465346534, 95.21384928716904, 93.04932735426009, 95.61586638830897, 96.3035019455253, 92.81314168377824, 94.74727452923686], [98.57142857142857, 98.8546255506608, 93.6046511627907, 95.44554455445545, 95.31568228105907, 91.4798206278027, 94.98956158663883, 95.8171206225681, 93.83983572895278, 93.85530227948463]],