{"config": {"DATASET": "mnist", "CLIENT_FRAC": 0.2, "POISON_FRAC": 0.1, "CREATE_DATASET": false, "CLASS_RATIO": 10, "MODEL": "nnet", "LEARNING_RATE": 0.001, "BATCH_SIZE": 32, "LOCAL_EPOCHS": 3, "OPTIMIZER": "adam", "FED_ROUNDS": 30, "TEST_EVERY": 1, "RANDOM": true, "COS_DEFENCE": true, "SEL_METHOD": 1, "COLLAB_MODE": true, "COLLAB_ALL": false, "CONSIDER_LAYERS": "l1", "GRAD_AGG": true, "FEATURE_FINDING_ALGO": "auror_plus", "GRAD_COLLECTION_START": 0, "GRAD_COLLECT_FOR": -1, "CLUSTER_SEP": 2.0, "ALPHA": 0.5, "BETA": 0.5, "GAMMA": 0.5, "TRUST_INC": 2, "TRUST_CUT_METHOD": 1, "HONEST_PARDON_FACTOR": 0.99, "LOG_LEVEL": "INFO", "JSON_RESULTS": true}, "mean_poison_class_acc": 77.19767441860465, "mean_attack_srate": 2.821705426356589, "total_accuracies": [17.17, 38.52, 51.45, 55.76, 56.28, 40.22, 70.32, 74.27, 80.98, 83.02, 85.53, 86.08, 87.77, 86.74, 89.17, 88.72, 89.99, 89.93, 90.04, 90.79, 90.87, 90.44, 91.82, 91.89, 92.23, 92.34, 92.28, 92.08, 92.11, 93.19], "class_accuracies": [[43.87755102040816, 8.898678414096917, 0.0, 6.336633663366337, 71.89409368635438, 1.1210762331838564, 9.707724425887266, 30.35019455252918, 0.0, 0.09910802775024777], [80.61224489795919, 91.45374449339207, 11.143410852713178, 10.297029702970297, 6.924643584521385, 6.838565022421525, 69.10229645093946, 97.56809338521401, 0.4106776180698152, 0.6937561942517344], [82.85714285714286, 97.97356828193833, 7.364341085271318, 40.89108910891089, 91.95519348268839, 39.46188340807175, 94.46764091858037, 41.24513618677043, 0.0, 14.66798810703667], [83.26530612244898, 97.97356828193833, 6.589147286821706, 60.0990099009901, 39.40936863543788, 30.94170403587444, 95.72025052192066, 48.83268482490272, 0.7186858316221766, 87.61149653121903], [89.28571428571429, 98.76651982378854, 20.251937984496124, 68.01980198019803, 83.5030549898167, 24.663677130044842, 92.69311064718163, 36.86770428015564, 0.8213552361396304, 41.72447968285431], [98.87755102040816, 99.73568281938326, 18.992248062015506, 1.4851485148514851, 80.34623217922606, 44.17040358744394, 41.8580375782881, 8.657587548638132, 3.7987679671457903, 0.0], [95.61224489795919, 98.76651982378854, 61.82170542635659, 77.72277227722772, 61.30346232179226, 62.10762331838565, 87.2651356993737, 90.27237354085604, 13.141683778234086, 49.85133795837463], [96.93877551020408, 99.20704845814979, 60.94961240310077, 85.64356435643565, 86.9653767820774, 61.09865470852018, 92.27557411273486, 85.7976653696498, 34.90759753593429, 34.886025768087215], [97.24489795918367, 98.76651982378854, 63.66279069767442, 83.86138613861387, 89.30753564154786, 72.6457399103139, 89.03966597077245, 86.18677042801556, 66.11909650924025, 60.654112983151634], [97.24489795918367, 98.59030837004406, 70.73643410852713, 84.75247524752476, 88.79837067209776, 71.41255605381166, 91.44050104384134, 91.63424124513618, 72.27926078028747, 60.75322101090188], [97.75510204081633, 98.06167400881057, 76.35658914728683, 84.35643564356435, 88.79837067209776, 76.68161434977578, 91.9624217118998, 88.61867704280155, 75.77002053388091, 74.92566897918731], [96.63265306122449, 98.32599118942731, 73.83720930232558, 84.95049504950495, 87.27087576374745, 81.72645739910314, 93.0062630480167, 87.15953307392996, 73.20328542094455, 83.15163528245787], [97.14285714285714, 97.88546255506608, 85.17441860465117, 83.76237623762377, 89.40936863543789, 83.40807174887892, 91.44050104384134, 87.7431906614786, 77.51540041067761, 82.65609514370664], [97.75510204081633, 97.26872246696036, 68.02325581395348, 87.32673267326733, 92.87169042769857, 84.08071748878923, 92.69311064718163, 89.59143968871595, 80.39014373716633, 76.70961347869178], [97.34693877551021, 97.70925110132158, 84.98062015503876, 86.83168316831683, 90.73319755600815, 81.27802690582959, 92.79749478079331, 89.78599221789884, 84.49691991786447, 84.14271555996035], [97.95918367346938, 97.70925110132158, 76.45348837209302, 85.54455445544555, 93.58452138492872, 82.847533632287, 95.19832985386222, 89.29961089494164, 84.08624229979466, 83.54806739345887], [97.65306122448979, 97.62114537444934, 86.82170542635659, 88.51485148514851, 88.69653767820773, 84.19282511210763, 94.46764091858037, 88.81322957198444, 83.36755646817248, 88.40436075322101], [97.95918367346938, 97.3568281938326, 81.5891472868217, 86.53465346534654, 90.32586558044807, 84.30493273542601, 93.42379958246346, 90.27237354085604, 86.96098562628337, 89.49454905847374], [97.85714285714286, 98.06167400881057, 81.4922480620155, 89.00990099009901, 93.17718940936864, 85.87443946188341, 94.1544885177453, 91.63424124513618, 81.62217659137578, 86.42220019821606], [97.85714285714286, 97.5330396475771, 83.43023255813954, 88.41584158415841, 92.87169042769857, 86.32286995515695, 94.67640918580376, 90.27237354085604, 87.57700205338809, 88.10703666997027], [97.44897959183673, 97.00440528634361, 83.62403100775194, 88.51485148514851, 92.15885947046843, 85.42600896860986, 94.05010438413362, 88.61867704280155, 89.73305954825462, 91.2784935579782], [97.95918367346938, 97.79735682819383, 77.81007751937985, 89.70297029702971, 91.5478615071283, 87.21973094170404, 95.30271398747391, 90.85603112840467, 85.21560574948666, 90.28741328047572], [97.85714285714286, 97.88546255506608, 88.2751937984496, 88.91089108910892, 94.5010183299389, 87.5560538116592, 94.67640918580376, 90.46692607003891, 88.80903490759754, 88.40436075322101], [97.14285714285714, 97.79735682819383, 87.59689922480621, 90.4950495049505, 91.75152749490834, 86.43497757847534, 95.51148225469728, 92.31517509727627, 87.782340862423, 90.98116947472745], [97.75510204081633, 98.23788546255507, 89.05038759689923, 91.08910891089108, 92.9735234215886, 89.46188340807174, 94.36325678496868, 91.53696498054475, 87.47433264887064, 89.49454905847374], [98.06122448979592, 97.97356828193833, 87.79069767441861, 89.3069306930693, 92.36252545824847, 88.34080717488789, 96.5553235908142, 91.24513618677042, 89.11704312114989, 91.87314172447968], [97.55102040816327, 98.59030837004406, 85.94961240310077, 90.89108910891089, 92.36252545824847, 89.12556053811659, 95.92901878914405, 91.34241245136187, 88.50102669404518, 91.77403369672943], [97.95918367346938, 97.97356828193833, 82.55813953488372, 90.89108910891089, 92.66802443991854, 90.02242152466367, 96.03340292275574, 90.07782101167315, 88.80903490759754, 93.3597621407334], [97.85714285714286, 98.32599118942731, 81.1046511627907, 91.08910891089108, 94.60285132382892, 90.91928251121077, 96.13778705636743, 91.73151750972762, 87.88501026694045, 91.0802775024777], [97.55102040816327, 97.88546255506608, 91.86046511627907, 90.1980198019802, 95.010183299389, 89.46188340807174, 95.72025052192066, 90.95330739299611, 91.9917864476386, 90.58473736372646]],