{"config": {"DATASET": "mnist", "CLIENT_FRAC": 0.2, "POISON_FRAC": 0.1, "CREATE_DATASET": false, "CLASS_RATIO": 10, "MODEL": "nnet", "LEARNING_RATE": 0.001, "BATCH_SIZE": 32, "LOCAL_EPOCHS": 3, "OPTIMIZER": "adam", "FED_ROUNDS": 30, "TEST_EVERY": 1, "RANDOM": true, "COS_DEFENCE": false, "SEL_METHOD": 1, "COLLAB_MODE": true, "COLLAB_ALL": false, "CONSIDER_LAYERS": "l1", "GRAD_AGG": true, "FEATURE_FINDING_ALGO": "auror_plus", "GRAD_COLLECTION_START": 0, "GRAD_COLLECT_FOR": -1, "CLUSTER_SEP": 2.0, "ALPHA": 0.5, "BETA": 0.5, "GAMMA": 0.5, "TRUST_INC": 2, "TRUST_CUT_METHOD": 1, "HONEST_PARDON_FACTOR": 0.99, "LOG_LEVEL": "INFO", "JSON_RESULTS": true}, "mean_poison_class_acc": 79.85271317829456, "mean_attack_srate": 3.027131782945737, "total_accuracies": [21.95, 37.0, 49.17, 54.36, 63.28, 72.9, 79.32, 81.61, 83.19, 84.8, 85.72, 87.1, 86.86, 87.88, 88.66, 87.7, 89.3, 89.24, 90.42, 90.28, 89.34, 90.26, 91.33, 90.45, 91.61, 91.72, 92.21, 92.01, 92.44, 92.8], "class_accuracies": [[70.3061224489796, 0.0, 49.51550387596899, 85.34653465346534, 2.3421588594704685, 10.538116591928251, 0.0, 1.556420233463035, 0.0, 0.0], [94.79591836734694, 70.7488986784141, 95.25193798449612, 27.821782178217823, 28.30957230142566, 0.672645739910314, 0.0, 12.354085603112841, 27.412731006160165, 2.576808721506442], [98.6734693877551, 98.6784140969163, 63.468992248062015, 80.29702970297029, 70.77393075356416, 48.766816143497756, 0.0, 5.836575875486381, 0.2053388090349076, 17.046580773042617], [96.42857142857143, 96.38766519823788, 80.23255813953489, 80.39603960396039, 85.23421588594705, 59.865470852017935, 2.5052192066805845, 2.431906614785992, 2.4640657084188913, 31.02081268582755], [96.63265306122449, 99.03083700440529, 62.6937984496124, 83.56435643564356, 83.29938900203666, 71.0762331838565, 77.97494780793319, 7.490272373540856, 7.700205338809035, 41.12983151635282], [95.61224489795919, 97.5330396475771, 76.93798449612403, 79.9009900990099, 87.06720977596741, 79.82062780269058, 79.43632567849687, 60.01945525291829, 30.903490759753595, 39.54410307234886], [94.89795918367346, 97.79735682819383, 77.71317829457364, 87.32673267326733, 80.75356415478615, 66.14349775784753, 88.72651356993737, 76.07003891050584, 53.38809034907597, 66.69970267591675], [97.24489795918367, 97.97356828193833, 63.75968992248062, 83.96039603960396, 73.62525458248473, 73.99103139013452, 88.4133611691023, 84.43579766536965, 68.99383983572895, 81.26858275520317], [96.3265306122449, 98.14977973568281, 75.67829457364341, 86.03960396039604, 80.95723014256619, 79.03587443946188, 89.4572025052192, 85.99221789883268, 61.49897330595483, 76.41228939544104], [96.3265306122449, 96.65198237885463, 76.74418604651163, 87.42574257425743, 84.72505091649694, 73.09417040358744, 91.54488517745303, 86.86770428015564, 76.69404517453799, 75.61942517343905], [96.0204081632653, 96.91629955947137, 77.90697674418605, 81.2871287128713, 89.20570264765784, 84.30493273542601, 90.50104384133611, 86.86770428015564, 79.87679671457906, 73.33994053518335], [97.34693877551021, 97.44493392070484, 81.0077519379845, 85.24752475247524, 85.23421588594705, 81.05381165919283, 90.39665970772442, 90.36964980544747, 81.00616016427105, 80.17839444995045], [96.63265306122449, 97.44493392070484, 80.52325581395348, 89.9009900990099, 79.32790224032587, 79.82062780269058, 91.9624217118998, 86.284046692607, 75.87268993839835, 88.800792864222], [96.73469387755102, 96.0352422907489, 83.13953488372093, 82.57425742574257, 92.15885947046843, 85.76233183856502, 93.42379958246346, 86.86770428015564, 80.69815195071868, 80.67393458870168], [96.3265306122449, 97.5330396475771, 81.1046511627907, 87.02970297029702, 89.91853360488798, 85.98654708520179, 93.84133611691023, 90.07782101167315, 79.97946611909651, 83.74628344895936], [98.06122448979592, 97.44493392070484, 68.4108527131783, 85.94059405940594, 91.24236252545825, 85.87443946188341, 91.8580375782881, 88.81322957198444, 83.05954825462013, 85.72844400396433], [97.75510204081633, 97.26872246696036, 80.81395348837209, 86.03960396039604, 91.14052953156823, 85.76233183856502, 94.05010438413362, 90.27237354085604, 83.9835728952772, 85.0346878097126], [97.44897959183673, 97.3568281938326, 77.03488372093024, 86.73267326732673, 93.27902240325865, 87.66816143497758, 92.27557411273486, 90.36964980544747, 84.08624229979466, 85.53022794846383], [98.36734693877551, 97.26872246696036, 85.56201550387597, 89.20792079207921, 92.36252545824847, 85.53811659192826, 92.58872651356994, 88.32684824902724, 85.62628336755647, 88.30525272547077], [98.26530612244898, 97.44493392070484, 81.87984496124031, 91.38613861386139, 92.26069246435846, 87.78026905829596, 92.58872651356994, 89.2023346303502, 83.9835728952772, 87.21506442021804], [97.75510204081633, 97.26872246696036, 72.18992248062015, 89.70297029702971, 91.34419551934828, 88.34080717488789, 92.90187891440502, 89.39688715953308, 83.5728952772074, 90.48562933597621], [98.26530612244898, 97.09251101321586, 77.90697674418605, 89.60396039603961, 93.38085539714868, 88.56502242152466, 92.37995824634656, 92.31517509727627, 85.93429158110882, 86.62041625371656], [97.95918367346938, 97.18061674008811, 86.82170542635659, 89.70297029702971, 94.90835030549898, 85.76233183856502, 95.09394572025052, 92.21789883268482, 86.55030800821355, 86.12487611496532], [97.95918367346938, 97.00440528634361, 73.93410852713178, 91.88118811881188, 93.17718940936864, 86.99551569506727, 93.42379958246346, 89.59143968871595, 88.39835728952772, 91.67492566897918], [98.16326530612245, 97.09251101321586, 84.98062015503876, 91.18811881188118, 95.010183299389, 87.5560538116592, 94.57202505219206, 91.147859922179, 88.70636550308008, 87.01684836471755], [98.16326530612245, 96.82819383259911, 83.91472868217055, 89.60396039603961, 93.9918533604888, 89.34977578475336, 94.1544885177453, 90.07782101167315, 90.04106776180699, 90.68384539147671], [97.85714285714286, 97.62114537444934, 88.56589147286822, 91.18811881188118, 94.90835030549898, 89.23766816143498, 94.67640918580376, 91.63424124513618, 87.26899383983573, 88.40436075322101], [97.85714285714286, 97.70925110132158, 85.17441860465117, 90.6930693069307, 94.60285132382892, 89.79820627802691, 94.78079331941545, 90.07782101167315, 88.19301848049281, 90.68384539147671], [97.95918367346938, 97.26872246696036, 85.94961240310077, 89.4059405940594, 95.41751527494908, 90.02242152466367, 95.30271398747391, 91.73151750972762, 92.09445585215606, 88.89990089197225], [97.95918367346938, 97.5330396475771, 88.66279069767442, 91.78217821782178, 94.70468431771894, 90.69506726457399, 94.258872651357, 93.48249027237354, 88.29568788501027, 89.99008919722498]],