{"config": {"DATASET": "mnist", "CLIENT_FRAC": 0.2, "POISON_FRAC": 0.2, "CREATE_DATASET": false, "CLASS_RATIO": 10, "MODEL": "nnet", "LEARNING_RATE": 0.001, "BATCH_SIZE": 32, "LOCAL_EPOCHS": 3, "OPTIMIZER": "adam", "FED_ROUNDS": 30, "TEST_EVERY": 1, "RANDOM": true, "COS_DEFENCE": true, "SEL_METHOD": 1, "COLLAB_MODE": true, "COLLAB_ALL": false, "CONSIDER_LAYERS": "l1", "GRAD_AGG": true, "FEATURE_FINDING_ALGO": "auror_plus", "GRAD_COLLECTION_START": 0, "GRAD_COLLECT_FOR": -1, "CLUSTER_SEP": 2.0, "ALPHA": 0.5, "BETA": 0.5, "GAMMA": 0.5, "TRUST_INC": 2, "TRUST_CUT_METHOD": 1, "HONEST_PARDON_FACTOR": 0.99, "LOG_LEVEL": "INFO", "JSON_RESULTS": true}, "mean_poison_class_acc": 73.17829457364341, "mean_attack_srate": 3.1511627906976742, "total_accuracies": [32.39, 33.45, 48.86, 45.22, 54.36, 55.88, 68.46, 73.84, 80.39, 83.43, 83.16, 84.86, 84.16, 87.93, 88.09, 88.6, 89.7, 88.86, 90.2, 90.11, 90.08, 90.97, 90.91, 91.66, 92.08, 92.01, 92.41, 91.78, 92.82, 93.19], "class_accuracies": [[74.28571428571429, 98.59030837004406, 0.0, 0.0, 0.0, 1.905829596412556, 93.1106471816284, 42.12062256809339, 0.0, 4.955401387512389], [98.06122448979592, 82.4669603524229, 0.872093023255814, 0.0, 0.0, 0.11210762331838565, 55.323590814196244, 87.84046692607004, 0.0, 0.49554013875123887], [92.65306122448979, 97.18061674008811, 1.8410852713178294, 1.5841584158415842, 1.3238289205702647, 78.58744394618834, 90.7098121085595, 51.36186770428016, 8.11088295687885, 64.42021803766104], [96.22448979591837, 97.5330396475771, 0.0, 23.663366336633665, 7.535641547861507, 34.75336322869955, 87.68267223382045, 10.797665369649806, 0.5133470225872689, 88.50346878097126], [89.48979591836735, 98.76651982378854, 9.108527131782946, 45.84158415841584, 0.5091649694501018, 81.05381165919283, 79.64509394572025, 45.91439688715953, 0.3080082135523614, 90.68384539147671], [94.28571428571429, 98.50220264317181, 0.872093023255814, 87.82178217821782, 46.435845213849284, 40.47085201793722, 87.57828810020877, 17.315175097276263, 2.7720739219712525, 78.1962338949455], [96.12244897959184, 99.29515418502203, 33.91472868217054, 84.25742574257426, 79.0224032586558, 35.426008968609864, 93.94572025052192, 76.26459143968872, 39.219712525667354, 41.427155599603566], [95.61224489795919, 98.32599118942731, 37.8875968992248, 87.92079207920793, 67.5152749490835, 61.65919282511211, 92.27557411273486, 79.57198443579766, 36.4476386036961, 77.50247770069376], [96.63265306122449, 96.47577092511013, 71.41472868217055, 80.79207920792079, 86.9653767820774, 76.23318385650224, 90.50104384133611, 86.67315175097276, 67.86447638603696, 48.66204162537166], [96.12244897959184, 96.12334801762114, 77.81007751937985, 82.57425742574257, 83.5030549898167, 78.02690582959642, 92.90187891440502, 87.93774319066148, 70.63655030800821, 66.89791873141725], [96.83673469387755, 97.00440528634361, 65.50387596899225, 86.23762376237623, 89.81670061099797, 79.7085201793722, 91.02296450939457, 87.64591439688716, 71.86858316221766, 64.71754212091179], [96.83673469387755, 95.77092511013215, 61.04651162790697, 86.03960396039604, 89.5112016293279, 80.94170403587444, 92.06680584551148, 88.13229571984436, 76.89938398357289, 80.57482656095144], [98.16326530612245, 97.26872246696036, 66.86046511627907, 84.55445544554455, 94.39918533604887, 84.97757847533633, 91.8580375782881, 91.147859922179, 70.63655030800821, 61.050545094152625], [97.65306122448979, 97.00440528634361, 80.52325581395348, 85.64356435643565, 90.63136456211812, 83.5201793721973, 93.0062630480167, 87.93774319066148, 77.72073921971253, 84.4400396432111], [97.44897959183673, 97.18061674008811, 81.2984496124031, 85.24752475247524, 90.12219959266803, 87.78026905829596, 91.8580375782881, 86.67315175097276, 76.07802874743327, 86.32309217046581], [97.65306122448979, 97.00440528634361, 76.93798449612403, 85.34653465346534, 92.56619144602851, 87.66816143497758, 93.42379958246346, 90.07782101167315, 81.10882956878851, 83.64717542120911], [97.44897959183673, 97.18061674008811, 84.78682170542636, 87.42574257425743, 91.75152749490834, 86.21076233183857, 93.52818371607516, 89.59143968871595, 81.00616016427105, 87.01684836471755], [97.24489795918367, 97.09251101321586, 75.0, 85.24752475247524, 95.11201629327903, 88.56502242152466, 93.52818371607516, 88.715953307393, 82.23819301848049, 85.53022794846383], [97.44897959183673, 97.5330396475771, 84.68992248062015, 87.72277227722772, 93.9918533604888, 88.45291479820628, 93.42379958246346, 90.85603112840467, 81.3141683778234, 85.72844400396433], [97.75510204081633, 97.26872246696036, 80.32945736434108, 90.4950495049505, 95.010183299389, 86.7713004484305, 94.05010438413362, 88.42412451361868, 83.05954825462013, 87.21506442021804], [97.14285714285714, 96.91629955947137, 79.65116279069767, 86.83168316831683, 95.41751527494908, 89.34977578475336, 94.36325678496868, 90.36964980544747, 83.5728952772074, 86.81863230921705], [97.65306122448979, 97.09251101321586, 81.87984496124031, 88.91089108910892, 94.09368635437882, 90.35874439461884, 94.57202505219206, 90.85603112840467, 85.62628336755647, 88.30525272547077], [97.44897959183673, 98.14977973568281, 80.52325581395348, 90.1980198019802, 94.60285132382892, 90.47085201793722, 94.258872651357, 90.75875486381322, 83.88090349075975, 88.30525272547077], [98.16326530612245, 97.62114537444934, 86.04651162790698, 89.3069306930693, 95.010183299389, 90.69506726457399, 94.98956158663883, 92.12062256809338, 85.31827515400411, 86.81863230921705], [97.44897959183673, 97.44493392070484, 89.24418604651163, 90.0, 94.80651731160896, 91.25560538116592, 94.36325678496868, 92.31517509727627, 87.06365503080082, 86.32309217046581], [97.55102040816327, 97.3568281938326, 86.7248062015504, 90.5940594059406, 95.31568228105907, 90.91928251121077, 95.19832985386222, 91.34241245136187, 85.72895277207392, 88.89990089197225], [97.85714285714286, 97.62114537444934, 85.46511627906976, 93.46534653465346, 94.80651731160896, 91.25560538116592, 95.30271398747391, 92.80155642023347, 86.96098562628337, 88.10703666997027], [97.44897959183673, 97.79735682819383, 84.30232558139535, 88.51485148514851, 94.80651731160896, 94.5067264573991, 95.09394572025052, 91.63424124513618, 85.1129363449692, 88.50346878097126], [98.06122448979592, 97.70925110132158, 87.5, 93.96039603960396, 94.90835030549898, 89.34977578475336, 96.24217118997912, 92.70428015564202, 87.782340862423, 89.29633300297324], [98.06122448979592, 97.79735682819383, 89.24418604651163, 91.98019801980197, 94.19551934826885, 92.37668161434978, 95.51148225469728, 92.21789883268482, 88.70636550308008, 91.37760158572844]],