{"config": {"DATASET": "mnist", "TOTAL_CLIENTS": 100, "CLIENT_FRAC": 0.1, "POISON_FRAC": 0.4, "CREATE_DATASET": false, "RANDOM_DATA": true, "CLASS_RATIO": 10, "MODEL": "nnet", "LEARNING_RATE": 0.001, "BATCH_SIZE": 32, "LOCAL_EPOCHS": 10, "OPTIMIZER": "adam", "FED_ROUNDS": 30, "TEST_EVERY": 1, "RANDOM_PROCESS": false, "COS_DEFENCE": true, "SEL_METHOD": 1, "REDUCE_LR": 1, "COLLAB_MODE": true, "COLLAB_ALL": true, "CONSIDER_LAYERS": "l1", "GRAD_AGG": true, "FEATURE_FINDING_ALGO": "auror", "GRAD_COLLECTION_START": 0, "GRAD_COLLECT_FOR": -1, "CLUSTER_SEP": 0.005, "ALPHA": 0.8, "BETA": 0.8, "GAMMA": 0.1, "TRUST_INC": 2, "TRUST_CUT_METHOD": 1, "HONEST_PARDON_FACTOR": 0.8, "LOG_LEVEL": "INFO", "JSON_RESULTS": true}, "mean_poison_class_acc": 59.84011627906976, "mean_attack_srate": 3.7790697674418596, "total_accuracies": [43.67, 71.84, 78.36, 81.56, 85.12, 87.78, 87.87, 90.71, 89.37, 91.28, 90.37, 92.37, 92.1, 89.9, 90.09, 91.67, 92.66, 84.75, 85.82, 94.04, 92.77, 85.86, 93.91, 85.28, 94.03, 94.3, 92.93, 92.92, 93.22, 90.15], "class_accuracies": [[99.48979591836735, 94.36123348017621, 0.0, 45.742574257425744, 70.9775967413442, 1.905829596412556, 29.331941544885176, 6.3229571984435795, 0.0, 79.18731417244797], [96.42857142857143, 98.8546255506608, 12.015503875968992, 89.9009900990099, 86.55804480651732, 58.408071748878925, 86.74321503131524, 87.93774319066148, 54.51745379876797, 44.400396432111], [96.0204081632653, 97.79735682819383, 10.465116279069768, 88.51485148514851, 85.74338085539715, 79.03587443946188, 91.9624217118998, 87.84046692607004, 72.27926078028747, 74.13280475718533], [97.14285714285714, 96.0352422907489, 20.930232558139537, 90.39603960396039, 89.61303462321793, 77.3542600896861, 94.05010438413362, 88.715953307393, 79.26078028747433, 82.25966303270565], [96.12244897959184, 96.65198237885463, 46.02713178294574, 86.43564356435644, 91.85336048879837, 84.86547085201794, 93.52818371607516, 87.93774319066148, 87.88501026694045, 80.2775024777007], [97.24489795918367, 98.23788546255507, 64.05038759689923, 90.0, 89.0020366598778, 85.08968609865471, 94.36325678496868, 90.46692607003891, 80.9034907597536, 87.71060455896928], [97.34693877551021, 98.6784140969163, 61.91860465116279, 89.00990099009901, 95.92668024439918, 89.01345291479821, 94.88517745302714, 89.49416342412451, 80.28747433264887, 82.06144697720515], [97.55102040816327, 97.79735682819383, 85.46511627906976, 89.9009900990099, 92.76985743380855, 88.78923766816143, 93.52818371607516, 90.85603112840467, 83.26488706365502, 86.32309217046581], [97.34693877551021, 97.97356828193833, 65.69767441860465, 89.70297029702971, 95.11201629327903, 88.67713004484305, 95.30271398747391, 89.39688715953308, 85.83162217659138, 88.60257680872151], [97.85714285714286, 98.06167400881057, 78.39147286821705, 92.27722772277228, 94.29735234215886, 86.99551569506727, 96.5553235908142, 92.02334630350195, 87.57700205338809, 88.10703666997027], [98.26530612244898, 97.3568281938326, 67.05426356589147, 92.07920792079207, 93.58452138492872, 86.43497757847534, 96.13778705636743, 91.34241245136187, 87.88501026694045, 93.26065411298315], [97.95918367346938, 98.59030837004406, 86.33720930232558, 92.57425742574257, 94.80651731160896, 90.80717488789237, 95.72025052192066, 91.05058365758755, 85.1129363449692, 90.08919722497522], [98.6734693877551, 97.62114537444934, 82.55813953488372, 89.70297029702971, 95.92668024439918, 88.34080717488789, 95.61586638830897, 92.41245136186771, 92.09445585215606, 87.61149653121903], [98.06122448979592, 98.50220264317181, 58.042635658914726, 95.14851485148515, 94.39918533604887, 90.69506726457399, 94.98956158663883, 92.60700389105058, 84.80492813141684, 91.87314172447968], [98.16326530612245, 98.32599118942731, 57.65503875968992, 93.06930693069307, 95.41751527494908, 91.3677130044843, 95.19832985386222, 92.21789883268482, 87.98767967145791, 91.87314172447968], [98.26530612244898, 98.6784140969163, 71.02713178294573, 90.4950495049505, 94.60285132382892, 93.60986547085201, 95.92901878914405, 92.50972762645914, 89.21971252566735, 92.56689791873141], [98.46938775510205, 98.23788546255507, 77.90697674418605, 93.36633663366337, 94.70468431771894, 90.91928251121077, 95.30271398747391, 92.80155642023347, 91.37577002053388, 93.26065411298315], [97.95918367346938, 98.6784140969163, 0.7751937984496124, 93.66336633663366, 93.58452138492872, 92.48878923766816, 96.24217118997912, 92.02334630350195, 90.34907597535934, 94.05351833498513], [97.85714285714286, 98.76651982378854, 9.108527131782946, 94.75247524752476, 93.58452138492872, 91.59192825112108, 96.65970772442589, 94.55252918287938, 90.14373716632444, 93.06243805748265], [98.16326530612245, 98.94273127753304, 88.66279069767442, 93.96039603960396, 94.09368635437882, 91.81614349775785, 96.24217118997912, 92.41245136186771, 92.91581108829568, 92.66600594648166], [98.6734693877551, 99.11894273127753, 74.6124031007752, 95.34653465346534, 95.11201629327903, 91.92825112107623, 95.61586638830897, 93.96887159533074, 90.65708418891171, 92.46778989098117], [97.04081632653062, 99.20704845814979, 7.267441860465116, 93.86138613861387, 94.29735234215886, 94.73094170403587, 96.13778705636743, 93.3852140077821, 90.86242299794661, 94.05351833498513], [97.65306122448979, 98.59030837004406, 86.62790697674419, 95.14851485148515, 94.80651731160896, 91.92825112107623, 97.18162839248434, 93.77431906614785, 89.21971252566735, 93.65708622398414], [98.36734693877551, 98.8546255506608, 0.0, 93.86138613861387, 95.21384928716904, 93.49775784753363, 96.24217118997912, 92.80155642023347, 92.09445585215606, 94.35084241823587], [98.16326530612245, 99.11894273127753, 85.46511627906976, 92.67326732673267, 95.51934826883911, 94.61883408071749, 96.65970772442589, 93.57976653696498, 94.04517453798768, 90.38652130822597], [98.36734693877551, 99.11894273127753, 86.82170542635659, 92.47524752475248, 94.60285132382892, 95.51569506726457, 96.34655532359082, 93.57976653696498, 93.83983572895278, 92.26957383548067], [98.77551020408163, 99.03083700440529, 71.22093023255815, 96.83168316831683, 94.90835030549898, 91.14349775784753, 95.4070981210856, 95.42801556420234, 93.01848049281314, 93.3597621407334], [98.77551020408163, 99.03083700440529, 69.67054263565892, 95.94059405940594, 95.41751527494908, 94.17040358744394, 96.13778705636743, 94.94163424124514, 94.35318275154005, 91.0802775024777], [98.6734693877551, 99.11894273127753, 73.54651162790698, 95.44554455445545, 95.51934826883911, 93.83408071748879, 96.13778705636743, 93.28793774319067, 93.83983572895278, 92.9633300297324], [97.95918367346938, 99.03083700440529, 42.44186046511628, 95.44554455445545, 93.9918533604888, 93.38565022421524, 96.34655532359082, 93.57976653696498, 95.37987679671458, 95.04459861248762]],