{"config": {"DATASET": "mnist", "TOTAL_CLIENTS": 100, "CLIENT_FRAC": 0.2, "POISON_FRAC": 0.2, "CREATE_DATASET": false, "RANDOM_DATA": true, "CLASS_RATIO": 10, "MODEL": "nnet", "LEARNING_RATE": 0.001, "BATCH_SIZE": 32, "LOCAL_EPOCHS": 10, "OPTIMIZER": "adam", "FED_ROUNDS": 30, "TEST_EVERY": 1, "RANDOM_PROCESS": false, "COS_DEFENCE": true, "SEL_METHOD": 1, "REDUCE_LR": 1, "COLLAB_MODE": true, "COLLAB_ALL": true, "CONSIDER_LAYERS": "l1", "GRAD_AGG": true, "FEATURE_FINDING_ALGO": "auror", "GRAD_COLLECTION_START": 0, "GRAD_COLLECT_FOR": -1, "CLUSTER_SEP": 0.002, "ALPHA": 0.8, "BETA": 0.8, "GAMMA": 0.1, "TRUST_INC": 2, "TRUST_CUT_METHOD": 1, "HONEST_PARDON_FACTOR": 0.7, "LOG_LEVEL": "INFO", "JSON_RESULTS": true}, "mean_poison_class_acc": 83.56976744186046, "mean_attack_srate": 3.0891472868217056, "total_accuracies": [51.71, 68.64, 82.94, 86.21, 87.94, 89.2, 89.2, 90.3, 91.54, 92.33, 91.76, 91.96, 92.19, 93.03, 93.34, 93.52, 92.95, 94.0, 91.96, 94.32, 93.86, 94.71, 94.48, 94.97, 94.2, 94.58, 94.91, 94.81, 94.21, 94.7], "class_accuracies": [[99.28571428571429, 90.9251101321586, 4.651162790697675, 58.81188118811881, 67.82077393075356, 26.569506726457398, 32.25469728601253, 26.750972762645915, 50.718685831622174, 53.81565906838454], [97.34693877551021, 98.41409691629956, 23.74031007751938, 93.16831683168317, 79.32790224032587, 59.865470852017935, 80.06263048016702, 88.91050583657588, 38.809034907597535, 23.290386521308225], [96.63265306122449, 98.32599118942731, 68.6046511627907, 89.5049504950495, 88.08553971486762, 65.47085201793722, 90.39665970772442, 91.73151750972762, 78.95277207392198, 58.67195242814668], [96.63265306122449, 98.14977973568281, 74.32170542635659, 88.91089108910892, 83.60488798370672, 84.97757847533633, 90.18789144050105, 91.24513618677042, 72.07392197125257, 80.47571853320119], [97.85714285714286, 97.5330396475771, 73.54651162790698, 90.0990099009901, 92.9735234215886, 81.72645739910314, 91.8580375782881, 92.50972762645914, 80.59548254620123, 79.38553022794846], [97.44897959183673, 97.79735682819383, 79.36046511627907, 90.79207920792079, 88.39103869653768, 80.94170403587444, 92.90187891440502, 91.73151750972762, 82.95687885010267, 88.00792864222002], [98.26530612244898, 97.79735682819383, 72.18992248062015, 92.17821782178218, 90.22403258655804, 84.52914798206278, 94.05010438413362, 90.95330739299611, 81.3141683778234, 89.49454905847374], [97.65306122448979, 97.70925110132158, 78.87596899224806, 89.00990099009901, 91.14052953156823, 90.69506726457399, 93.31941544885177, 90.56420233463035, 83.5728952772074, 89.99008919722498], [97.44897959183673, 97.5330396475771, 84.49612403100775, 92.27722772277228, 90.83503054989816, 89.46188340807174, 94.78079331941545, 90.46692607003891, 86.03696098562628, 91.37760158572844], [98.16326530612245, 98.14977973568281, 89.92248062015504, 92.07920792079207, 92.4643584521385, 86.7713004484305, 95.19832985386222, 91.05058365758755, 87.98767967145791, 90.38652130822597], [97.34693877551021, 98.59030837004406, 78.87596899224806, 92.87128712871286, 93.58452138492872, 89.46188340807174, 95.4070981210856, 93.67704280155642, 85.21560574948666, 91.87314172447968], [97.75510204081633, 98.23788546255507, 76.74418604651163, 93.36633663366337, 95.21384928716904, 89.57399103139014, 94.98956158663883, 91.43968871595331, 90.4517453798768, 91.47670961347869], [98.77551020408163, 98.6784140969163, 77.81007751937985, 94.05940594059406, 93.48268839103869, 89.01345291479821, 94.258872651357, 92.70428015564202, 89.63039014373716, 92.86422200198216], [98.26530612244898, 98.50220264317181, 84.39922480620154, 93.06930693069307, 93.38085539714868, 92.60089686098655, 94.46764091858037, 91.82879377431907, 90.55441478439425, 92.86422200198216], [97.75510204081633, 98.32599118942731, 86.82170542635659, 93.86138613861387, 95.72301425661914, 91.03139013452915, 94.46764091858037, 91.73151750972762, 90.86242299794661, 92.26957383548067], [97.44897959183673, 98.50220264317181, 85.56201550387597, 93.36633663366337, 94.80651731160896, 90.69506726457399, 96.13778705636743, 93.8715953307393, 91.88911704312115, 92.36868186323092], [97.85714285714286, 98.6784140969163, 81.3953488372093, 92.47524752475248, 93.68635437881873, 93.83408071748879, 94.57202505219206, 92.8988326848249, 89.3223819301848, 94.54905847373637], [97.85714285714286, 98.6784140969163, 90.11627906976744, 95.94059405940594, 93.17718940936864, 89.34977578475336, 96.24217118997912, 93.67704280155642, 90.04106776180699, 93.95441030723488], [97.95918367346938, 98.6784140969163, 66.56976744186046, 95.04950495049505, 95.82484725050917, 91.70403587443946, 95.4070981210856, 93.8715953307393, 90.24640657084188, 94.35084241823587], [98.36734693877551, 98.6784140969163, 89.63178294573643, 93.16831683168317, 93.58452138492872, 92.152466367713, 96.13778705636743, 93.96887159533074, 93.53182751540041, 93.45887016848364], [98.46938775510205, 98.76651982378854, 82.84883720930233, 93.96039603960396, 94.5010183299389, 90.91928251121077, 95.72025052192066, 95.71984435797665, 93.63449691991786, 93.55797819623389], [98.36734693877551, 98.8546255506608, 91.27906976744185, 93.56435643564356, 95.31568228105907, 91.92825112107623, 96.45093945720251, 93.57976653696498, 93.01848049281314, 94.15262636273538], [97.85714285714286, 98.8546255506608, 87.40310077519379, 94.85148514851485, 96.84317718940937, 94.05829596412556, 96.24217118997912, 93.48249027237354, 91.58110882956879, 93.3597621407334], [98.57142857142857, 98.6784140969163, 89.72868217054264, 94.85148514851485, 95.41751527494908, 93.72197309417041, 95.72025052192066, 94.45525291828794, 94.6611909650924, 93.55797819623389], [98.16326530612245, 98.8546255506608, 83.23643410852713, 96.93069306930693, 95.72301425661914, 90.02242152466367, 96.45093945720251, 95.03891050583658, 92.60780287474333, 94.35084241823587], [98.36734693877551, 98.8546255506608, 86.7248062015504, 94.95049504950495, 96.74134419551935, 93.49775784753363, 96.13778705636743, 94.55252918287938, 91.88911704312115, 93.75619425173439], [97.95918367346938, 98.6784140969163, 89.43798449612403, 94.45544554455445, 96.13034623217922, 93.72197309417041, 96.45093945720251, 94.3579766536965, 94.04517453798768, 93.55797819623389], [98.16326530612245, 98.8546255506608, 87.8875968992248, 94.95049504950495, 97.25050916496944, 92.82511210762331, 96.76409185803757, 94.45525291828794, 93.01848049281314, 93.55797819623389], [98.36734693877551, 98.76651982378854, 82.55813953488372, 94.95049504950495, 95.82484725050917, 93.49775784753363, 94.88517745302714, 95.42801556420234, 93.22381930184805, 94.35084241823587], [98.57142857142857, 98.8546255506608, 85.36821705426357, 95.44554455445545, 95.31568228105907, 92.9372197309417, 95.51148225469728, 95.52529182879377, 95.17453798767967, 93.95441030723488]],