{"config": {"DATASET": "mnist", "TOTAL_CLIENTS": 100, "CLIENT_FRAC": 0.2, "POISON_FRAC": 0.4, "CREATE_DATASET": false, "RANDOM_DATA": true, "CLASS_RATIO": 10, "MODEL": "nnet", "LEARNING_RATE": 0.001, "BATCH_SIZE": 32, "LOCAL_EPOCHS": 10, "OPTIMIZER": "adam", "FED_ROUNDS": 30, "TEST_EVERY": 1, "RANDOM_PROCESS": false, "COS_DEFENCE": true, "SEL_METHOD": 1, "REDUCE_LR": 1, "COLLAB_MODE": true, "COLLAB_ALL": true, "CONSIDER_LAYERS": "l1", "GRAD_AGG": true, "FEATURE_FINDING_ALGO": "auror", "GRAD_COLLECTION_START": 0, "GRAD_COLLECT_FOR": -1, "CLUSTER_SEP": 0.002, "ALPHA": 0.8, "BETA": 0.8, "GAMMA": 0.1, "TRUST_INC": 2, "TRUST_CUT_METHOD": 1, "HONEST_PARDON_FACTOR": 0.7, "LOG_LEVEL": "INFO", "JSON_RESULTS": true}, "mean_poison_class_acc": 73.31007751937985, "mean_attack_srate": 3.372093023255814, "total_accuracies": [47.14, 67.29, 78.11, 84.89, 87.46, 87.47, 89.4, 90.23, 90.64, 89.65, 91.36, 91.32, 90.38, 91.71, 92.64, 92.92, 93.27, 92.96, 92.29, 93.53, 90.54, 93.81, 92.69, 93.62, 94.22, 93.6, 91.18, 94.57, 94.12, 89.89], "class_accuracies": [[99.38775510204081, 95.94713656387665, 0.0, 49.603960396039604, 66.08961303462321, 17.152466367713004, 21.60751565762004, 41.05058365758755, 6.262833675564682, 65.21308225966304], [97.95918367346938, 98.76651982378854, 0.0, 90.0990099009901, 83.29938900203666, 69.84304932735427, 77.55741127348644, 88.2295719844358, 37.885010266940455, 27.55203171456888], [96.53061224489795, 98.14977973568281, 25.0968992248062, 90.79207920792079, 86.25254582484725, 67.9372197309417, 90.7098121085595, 92.31517509727627, 73.81930184804928, 57.97819623389495], [96.93877551020408, 97.26872246696036, 57.07364341085271, 88.61386138613861, 86.86354378818737, 86.7713004484305, 89.5615866388309, 87.84046692607004, 76.59137577002053, 80.97125867195243], [97.14285714285714, 97.3568281938326, 68.8953488372093, 90.1980198019802, 92.26069246435846, 81.83856502242152, 92.17118997912317, 90.6614785992218, 82.13552361396304, 80.87215064420218], [97.65306122448979, 98.06167400881057, 62.2093023255814, 90.5940594059406, 91.64969450101833, 82.17488789237669, 91.8580375782881, 89.29961089494164, 82.34086242299794, 87.90882061446978], [97.95918367346938, 97.5330396475771, 74.32170542635659, 89.5049504950495, 92.56619144602851, 87.4439461883408, 93.21503131524008, 88.42412451361868, 83.26488706365502, 89.197224975223], [97.95918367346938, 97.88546255506608, 75.3875968992248, 90.1980198019802, 93.78818737270876, 89.79820627802691, 92.58872651356994, 90.07782101167315, 84.80492813141684, 89.39544103072349], [97.85714285714286, 97.88546255506608, 76.55038759689923, 91.88118811881188, 90.63136456211812, 88.67713004484305, 93.1106471816284, 89.6887159533074, 85.93429158110882, 93.55797819623389], [98.06122448979592, 99.03083700440529, 63.17829457364341, 92.87128712871286, 91.85336048879837, 87.5560538116592, 94.36325678496868, 90.46692607003891, 86.75564681724846, 91.97224975222993], [97.14285714285714, 98.76651982378854, 76.45348837209302, 93.96039603960396, 93.68635437881873, 89.01345291479821, 96.13778705636743, 91.63424124513618, 85.01026694045174, 91.17938553022795], [97.95918367346938, 98.41409691629956, 72.48062015503876, 92.07920792079207, 94.19551934826885, 90.13452914798206, 94.67640918580376, 90.56420233463035, 90.04106776180699, 92.46778989098117], [98.6734693877551, 98.76651982378854, 61.434108527131784, 93.76237623762377, 94.09368635437882, 88.11659192825113, 94.78079331941545, 91.92607003891051, 90.14373716632444, 91.97224975222993], [98.46938775510205, 98.59030837004406, 74.12790697674419, 93.76237623762377, 94.09368635437882, 92.9372197309417, 94.258872651357, 88.52140077821012, 90.34907597535934, 92.07135777998018], [97.04081632653062, 98.76651982378854, 80.52325581395348, 93.56435643564356, 95.31568228105907, 91.14349775784753, 95.51148225469728, 90.36964980544747, 91.88911704312115, 91.97224975222993], [97.04081632653062, 98.59030837004406, 80.81395348837209, 93.76237623762377, 94.19551934826885, 92.71300448430493, 96.13778705636743, 90.75875486381322, 91.88911704312115, 93.1615460852329], [97.95918367346938, 98.6784140969163, 83.43023255813954, 92.37623762376238, 94.5010183299389, 93.60986547085201, 96.03340292275574, 91.92607003891051, 90.96509240246407, 93.06243805748265], [98.26530612244898, 98.76651982378854, 80.13565891472868, 96.23762376237623, 93.27902240325865, 89.79820627802691, 96.03340292275574, 92.80155642023347, 88.70636550308008, 94.94549058473736], [97.24489795918367, 98.76651982378854, 72.86821705426357, 94.55445544554455, 95.31568228105907, 91.59192825112108, 95.82463465553236, 92.21789883268482, 90.24640657084188, 94.15262636273538], [98.26530612244898, 98.76651982378854, 83.52713178294573, 93.16831683168317, 93.78818737270876, 92.60089686098655, 96.13778705636743, 92.70428015564202, 92.09445585215606, 93.95441030723488], [97.95918367346938, 98.59030837004406, 52.42248062015504, 94.85148514851485, 94.19551934826885, 91.4798206278027, 95.92901878914405, 93.48249027237354, 93.1211498973306, 93.95441030723488], [97.95918367346938, 98.6784140969163, 83.62403100775194, 94.05940594059406, 94.80651731160896, 92.04035874439462, 96.86847599164926, 93.09338521400778, 92.29979466119096, 94.35084241823587], [97.65306122448979, 98.8546255506608, 72.86821705426357, 94.85148514851485, 96.74134419551935, 92.48878923766816, 96.97286012526096, 92.41245136186771, 91.68377823408625, 92.46778989098117], [97.95918367346938, 98.50220264317181, 79.45736434108527, 94.15841584158416, 94.80651731160896, 93.72197309417041, 96.34655532359082, 93.28793774319067, 94.45585215605749, 93.55797819623389], [98.46938775510205, 98.6784140969163, 85.36821705426357, 96.03960396039604, 95.21384928716904, 91.03139013452915, 96.65970772442589, 93.19066147859922, 93.63449691991786, 93.45887016848364], [98.16326530612245, 98.6784140969163, 78.10077519379846, 94.55445544554455, 96.84317718940937, 92.82511210762331, 96.34655532359082, 92.80155642023347, 94.04517453798768, 93.65708622398414], [98.06122448979592, 98.59030837004406, 53.77906976744186, 95.94059405940594, 95.21384928716904, 94.28251121076234, 96.24217118997912, 93.48249027237354, 92.81314168377824, 94.25173439048562], [97.85714285714286, 98.76651982378854, 87.01550387596899, 95.14851485148515, 95.82484725050917, 93.49775784753363, 97.07724425887265, 92.70428015564202, 93.42915811088295, 94.15262636273538], [97.75510204081633, 98.6784140969163, 83.13953488372093, 93.96039603960396, 95.62118126272912, 93.49775784753363, 96.97286012526096, 93.48249027237354, 93.53182751540041, 94.44995044598612], [98.57142857142857, 98.6784140969163, 39.53488372093023, 95.44554455445545, 95.51934826883911, 93.60986547085201, 95.72025052192066, 93.48249027237354, 94.45585215605749, 95.14370664023787]],