{"config": {"DATASET": "mnist", "TOTAL_CLIENTS": 100, "CLIENT_FRAC": 0.1, "POISON_FRAC": 0.1, "CREATE_DATASET": true, "RANDOM_DATA": true, "CLASS_RATIO": 10, "MODEL": "nnet", "LEARNING_RATE": 0.001, "BATCH_SIZE": 32, "LOCAL_EPOCHS": 10, "OPTIMIZER": "adam", "FED_ROUNDS": 30, "TEST_EVERY": 1, "RANDOM_PROCESS": true, "COS_DEFENCE": true, "SEL_METHOD": 1, "REDUCE_LR": 1, "COLLAB_MODE": true, "COLLAB_ALL": true, "CONSIDER_LAYERS": "l1", "GRAD_AGG": true, "FEATURE_FINDING_ALGO": "auror", "GRAD_COLLECTION_START": 0, "GRAD_COLLECT_FOR": -1, "CLUSTER_SEP": 0.002, "ALPHA": 0.8, "BETA": 0.8, "GAMMA": 0.1, "TRUST_INC": 2, "TRUST_CUT_METHOD": 2, "HONEST_PARDON_FACTOR": 0.99, "LOG_LEVEL": "INFO", "JSON_RESULTS": true}, "mean_poison_class_acc": 82.12693798449612, "mean_attack_srate": 3.1734496124031004, "total_accuracies": [35.15, 69.33, 80.19, 86.69, 87.07, 87.34, 88.62, 90.33, 90.36, 91.38, 91.19, 90.33, 90.97, 92.59, 93.24, 87.17, 93.17, 92.55, 93.64, 93.56, 91.76, 94.46, 94.74, 94.18, 93.03, 94.43, 94.48, 94.33, 95.02, 94.18], "class_accuracies": [[99.48979591836735, 37.00440528634361, 45.251937984496124, 14.851485148514852, 0.0, 26.905829596412556, 38.62212943632568, 86.284046692607, 0.0, 0.5946481665014867], [98.77551020408163, 97.88546255506608, 55.62015503875969, 69.3069306930693, 96.43584521384929, 62.10762331838565, 81.10647181628393, 89.6887159533074, 31.930184804928132, 6.838453914767096], [97.95918367346938, 97.79735682819383, 36.724806201550386, 89.3069306930693, 81.16089613034623, 66.59192825112108, 88.3089770354906, 82.78210116731518, 70.12320328542094, 88.89990089197225], [97.95918367346938, 97.5330396475771, 75.09689922480621, 83.56435643564356, 86.65987780040733, 82.39910313901345, 91.12734864300626, 90.6614785992218, 78.74743326488706, 81.76412289395441], [98.36734693877551, 96.82819383259911, 75.48449612403101, 91.98019801980197, 85.5397148676171, 73.09417040358744, 93.21503131524008, 91.82879377431907, 74.94866529774127, 86.9177403369673], [97.95918367346938, 97.3568281938326, 61.434108527131784, 89.10891089108911, 94.39918533604887, 83.74439461883408, 91.54488517745303, 88.91050583657588, 80.69815195071868, 87.61149653121903], [98.46938775510205, 97.5330396475771, 70.05813953488372, 90.39603960396039, 94.70468431771894, 83.74439461883408, 92.69311064718163, 89.29961089494164, 81.72484599589322, 86.7195242814668], [97.14285714285714, 97.5330396475771, 82.17054263565892, 92.67326732673267, 94.29735234215886, 83.6322869955157, 94.88517745302714, 91.43968871595331, 83.47022587268994, 84.83647175421208], [96.93877551020408, 97.26872246696036, 75.87209302325581, 90.89108910891089, 92.76985743380855, 87.4439461883408, 93.21503131524008, 91.43968871595331, 87.98767967145791, 89.197224975223], [96.93877551020408, 97.26872246696036, 87.98449612403101, 93.06930693069307, 94.09368635437882, 86.88340807174887, 94.57202505219206, 89.6887159533074, 85.72895277207392, 86.62041625371656], [97.14285714285714, 96.91629955947137, 83.72093023255815, 88.51485148514851, 95.62118126272912, 91.92825112107623, 92.90187891440502, 90.95330739299611, 88.19301848049281, 85.82755203171457], [98.06122448979592, 97.70925110132158, 72.96511627906976, 92.77227722772277, 94.29735234215886, 85.65022421524664, 93.94572025052192, 89.39688715953308, 87.16632443531827, 90.68384539147671], [97.95918367346938, 97.5330396475771, 74.4186046511628, 95.34653465346534, 95.010183299389, 84.52914798206278, 94.46764091858037, 92.12062256809338, 87.57700205338809, 89.89098116947473], [97.34693877551021, 97.79735682819383, 86.04651162790698, 95.54455445544555, 95.11201629327903, 84.4170403587444, 94.67640918580376, 93.28793774319067, 88.70636550308008, 91.67492566897918], [96.93877551020408, 98.06167400881057, 92.73255813953489, 92.87128712871286, 95.41751527494908, 87.89237668161435, 97.07724425887265, 92.80155642023347, 88.91170431211499, 88.70168483647176], [98.06122448979592, 97.97356828193833, 36.24031007751938, 95.74257425742574, 96.23217922606925, 85.53811659192826, 94.05010438413362, 93.19066147859922, 88.19301848049281, 86.9177403369673], [97.95918367346938, 97.70925110132158, 84.59302325581395, 94.85148514851485, 93.68635437881873, 88.11659192825113, 96.03340292275574, 94.45525291828794, 92.81314168377824, 90.78295341922696], [97.85714285714286, 97.88546255506608, 81.5891472868217, 90.5940594059406, 95.11201629327903, 93.16143497757848, 95.72025052192066, 92.8988326848249, 91.17043121149898, 89.49454905847374], [98.16326530612245, 97.97356828193833, 86.33720930232558, 94.15841584158416, 95.21384928716904, 91.4798206278027, 95.82463465553236, 94.26070038910505, 92.60780287474333, 89.99008919722498], [98.26530612244898, 98.14977973568281, 83.13953488372093, 95.24752475247524, 94.60285132382892, 90.24663677130044, 95.72025052192066, 94.74708171206225, 91.37577002053388, 93.55797819623389], [98.26530612244898, 97.79735682819383, 66.95736434108527, 95.84158415841584, 94.19551934826885, 91.81614349775785, 94.98956158663883, 92.41245136186771, 91.88911704312115, 93.65708622398414], [97.75510204081633, 98.14977973568281, 92.44186046511628, 94.45544554455445, 94.29735234215886, 92.60089686098655, 97.39039665970772, 93.67704280155642, 91.47843942505133, 91.87314172447968], [97.75510204081633, 97.88546255506608, 93.7015503875969, 94.15841584158416, 93.78818737270876, 91.14349775784753, 96.76409185803757, 96.20622568093385, 92.19712525667352, 93.06243805748265], [97.85714285714286, 97.88546255506608, 87.40310077519379, 94.65346534653466, 95.11201629327903, 91.4798206278027, 96.65970772442589, 93.09338521400778, 93.22381930184805, 94.05351833498513], [98.06122448979592, 97.5330396475771, 76.74418604651163, 93.46534653465346, 94.19551934826885, 92.152466367713, 95.61586638830897, 93.77431906614785, 93.73716632443532, 95.04459861248762], [98.06122448979592, 98.8546255506608, 89.05038759689923, 95.34653465346534, 96.23217922606925, 92.26457399103138, 96.45093945720251, 94.94163424124514, 92.29979466119096, 90.28741328047572], [98.26530612244898, 98.14977973568281, 91.27906976744185, 94.85148514851485, 97.04684317718942, 93.27354260089686, 95.72025052192066, 94.16342412451363, 90.04106776180699, 91.57581764122894], [98.06122448979592, 98.6784140969163, 87.5, 94.35643564356435, 97.25050916496944, 91.92825112107623, 96.24217118997912, 94.06614785992218, 93.73716632443532, 91.0802775024777], [97.55102040816327, 98.14977973568281, 91.76356589147287, 93.06930693069307, 95.92668024439918, 95.2914798206278, 96.5553235908142, 94.3579766536965, 94.14784394250513, 93.26065411298315], [97.95918367346938, 98.14977973568281, 83.91472868217055, 95.34653465346534, 95.11201629327903, 91.3677130044843, 95.09394572025052, 95.23346303501945, 94.04517453798768, 95.14370664023787]],