{"config": {"DATASET": "mnist", "TOTAL_CLIENTS": 100, "CLIENT_FRAC": 0.2, "POISON_FRAC": 0.4, "CREATE_DATASET": false, "RANDOM_DATA": true, "CLASS_RATIO": 10, "MODEL": "nnet", "LEARNING_RATE": 0.001, "BATCH_SIZE": 32, "LOCAL_EPOCHS": 10, "OPTIMIZER": "adam", "FED_ROUNDS": 30, "TEST_EVERY": 1, "RANDOM_PROCESS": false, "COS_DEFENCE": true, "SEL_METHOD": 1, "REDUCE_LR": 1, "COLLAB_MODE": true, "COLLAB_ALL": true, "CONSIDER_LAYERS": "l1", "GRAD_AGG": true, "FEATURE_FINDING_ALGO": "auror", "GRAD_COLLECTION_START": 0, "GRAD_COLLECT_FOR": -1, "CLUSTER_SEP": 0.002, "ALPHA": 0.8, "BETA": 0.8, "GAMMA": 0.1, "TRUST_INC": 2, "TRUST_CUT_METHOD": 1, "HONEST_PARDON_FACTOR": 0.7, "LOG_LEVEL": "INFO", "JSON_RESULTS": true}, "mean_poison_class_acc": 56.895348837209305, "mean_attack_srate": 4.054263565891473, "total_accuracies": [49.61, 66.2, 76.68, 80.84, 86.83, 88.24, 87.77, 89.83, 90.48, 87.9, 90.07, 90.35, 85.13, 92.43, 89.43, 84.83, 92.41, 90.46, 87.92, 93.73, 87.03, 93.6, 85.68, 94.2, 87.98, 94.75, 92.53, 93.47, 87.84, 94.43], "class_accuracies": [[99.38775510204081, 96.47577092511013, 0.0, 58.81188118811881, 70.87576374745417, 12.331838565022421, 17.849686847599166, 55.83657587548638, 21.765913757700204, 53.02279484638256], [97.75510204081633, 98.6784140969163, 3.9728682170542635, 92.67326732673267, 82.68839103869654, 66.70403587443946, 78.70563674321504, 88.32684824902724, 25.05133470225873, 24.975222993062438], [96.83673469387755, 98.06167400881057, 9.689922480620154, 91.18811881188118, 86.35437881873727, 69.5067264573991, 90.7098121085595, 92.31517509727627, 72.8952772073922, 58.37462834489594], [97.04081632653062, 97.09251101321586, 22.38372093023256, 87.22772277227723, 84.82688391038697, 88.45291479820628, 89.5615866388309, 89.59143968871595, 73.51129363449692, 79.48463825569871], [97.75510204081633, 97.00440528634361, 64.14728682170542, 88.21782178217822, 92.66802443991854, 84.08071748878923, 91.7536534446764, 91.92607003891051, 82.23819301848049, 77.89890981169475], [97.34693877551021, 97.3568281938326, 70.34883720930233, 90.1980198019802, 90.020366598778, 84.86547085201794, 92.17118997912317, 90.75875486381322, 82.23819301848049, 86.22398414271557], [98.16326530612245, 96.91629955947137, 63.66279069767442, 89.5049504950495, 90.12219959266803, 88.11659192825113, 91.8580375782881, 88.715953307393, 79.87679671457906, 90.48562933597621], [97.95918367346938, 97.00440528634361, 76.84108527131782, 88.01980198019803, 93.89002036659878, 89.68609865470852, 92.79749478079331, 90.6614785992218, 83.47022587268994, 87.61149653121903], [97.85714285714286, 97.00440528634361, 77.51937984496124, 90.29702970297029, 91.0386965376782, 89.68609865470852, 92.90187891440502, 90.36964980544747, 85.93429158110882, 91.77403369672943], [97.85714285714286, 98.76651982378854, 47.77131782945737, 92.37623762376238, 92.87169042769857, 88.00448430493273, 94.67640918580376, 91.73151750972762, 85.1129363449692, 89.99008919722498], [97.85714285714286, 98.50220264317181, 65.79457364341086, 93.76237623762377, 94.19551934826885, 89.57399103139014, 94.98956158663883, 92.80155642023347, 84.18891170431212, 88.800792864222], [97.75510204081633, 97.79735682819383, 65.79457364341086, 90.79207920792079, 94.80651731160896, 90.80717488789237, 95.19832985386222, 91.34241245136187, 89.52772073921972, 89.89098116947473], [98.77551020408163, 98.32599118942731, 13.856589147286822, 93.26732673267327, 94.29735234215886, 88.67713004484305, 94.258872651357, 92.31517509727627, 89.3223819301848, 89.69276511397423], [98.26530612244898, 98.50220264317181, 83.62403100775194, 92.37623762376238, 94.5010183299389, 94.28251121076234, 93.84133611691023, 89.88326848249027, 88.91170431211499, 89.99008919722498], [97.34693877551021, 97.88546255506608, 50.58139534883721, 95.24752475247524, 94.39918533604887, 90.47085201793722, 95.51148225469728, 92.02334630350195, 89.63039014373716, 91.77403369672943], [97.95918367346938, 98.14977973568281, 4.941860465116279, 93.56435643564356, 94.39918533604887, 91.3677130044843, 96.24217118997912, 91.73151750972762, 90.4517453798768, 91.67492566897918], [97.34693877551021, 98.50220264317181, 76.45348837209302, 92.97029702970298, 93.9918533604888, 93.60986547085201, 95.61586638830897, 93.48249027237354, 90.04106776180699, 92.07135777998018], [98.36734693877551, 98.6784140969163, 56.492248062015506, 96.13861386138613, 94.09368635437882, 89.34977578475336, 95.51148225469728, 93.48249027237354, 89.01437371663245, 93.55797819623389], [97.75510204081633, 98.14977973568281, 29.748062015503876, 93.86138613861387, 95.31568228105907, 93.16143497757848, 95.72025052192066, 92.99610894941634, 90.75975359342915, 93.26065411298315], [98.46938775510205, 98.41409691629956, 84.78682170542636, 93.16831683168317, 94.19551934826885, 93.04932735426009, 96.03340292275574, 92.60700389105058, 92.40246406570841, 93.95441030723488], [98.77551020408163, 98.41409691629956, 18.12015503875969, 93.76237623762377, 95.51934826883911, 92.26457399103138, 96.24217118997912, 93.28793774319067, 92.91581108829568, 92.86422200198216], [98.06122448979592, 98.76651982378854, 80.9108527131783, 94.35643564356435, 95.11201629327903, 92.9372197309417, 96.86847599164926, 93.3852140077821, 91.9917864476386, 93.45887016848364], [97.55102040816327, 98.59030837004406, 5.135658914728682, 95.34653465346534, 95.92668024439918, 93.60986547085201, 96.65970772442589, 92.41245136186771, 90.96509240246407, 92.9633300297324], [98.36734693877551, 98.32599118942731, 86.82170542635659, 94.05940594059406, 95.21384928716904, 94.05829596412556, 95.92901878914405, 93.09338521400778, 93.01848049281314, 92.9633300297324], [97.75510204081633, 98.6784140969163, 24.8062015503876, 95.94059405940594, 95.21384928716904, 93.27354260089686, 97.07724425887265, 93.09338521400778, 91.88911704312115, 93.75619425173439], [98.06122448979592, 98.6784140969163, 91.66666666666667, 93.86138613861387, 96.84317718940937, 93.94618834080717, 95.82463465553236, 92.80155642023347, 92.71047227926078, 92.76511397423191], [98.6734693877551, 98.50220264317181, 66.18217054263566, 95.54455445544555, 95.41751527494908, 94.61883408071749, 96.5553235908142, 92.80155642023347, 93.01848049281314, 94.54905847373637], [98.16326530612245, 98.59030837004406, 76.64728682170542, 95.24752475247524, 96.02851323828921, 93.49775784753363, 97.07724425887265, 92.80155642023347, 91.78644763860369, 94.94549058473736], [98.06122448979592, 98.59030837004406, 20.833333333333332, 94.55445544554455, 95.72301425661914, 93.94618834080717, 96.24217118997912, 94.55252918287938, 92.81314168377824, 94.94549058473736], [98.57142857142857, 98.6784140969163, 83.04263565891473, 95.74257425742574, 95.41751527494908, 94.28251121076234, 96.13778705636743, 94.64980544747081, 93.42915811088295, 94.25173439048562]],