{"config": {"DATASET": "mnist", "TOTAL_CLIENTS": 100, "CLIENT_FRAC": 0.2, "POISON_FRAC": 0.3, "CREATE_DATASET": true, "RANDOM_DATA": true, "CLASS_RATIO": 10, "MODEL": "nnet", "LEARNING_RATE": 0.001, "BATCH_SIZE": 32, "LOCAL_EPOCHS": 10, "OPTIMIZER": "adam", "FED_ROUNDS": 30, "TEST_EVERY": 1, "RANDOM_PROCESS": false, "COS_DEFENCE": false, "SEL_METHOD": 1, "REDUCE_LR": 1, "COLLAB_MODE": true, "COLLAB_ALL": true, "CONSIDER_LAYERS": "l1", "GRAD_AGG": true, "FEATURE_FINDING_ALGO": "auror", "GRAD_COLLECTION_START": 0, "GRAD_COLLECT_FOR": -1, "CLUSTER_SEP": 0.002, "ALPHA": 0.8, "BETA": 0.8, "GAMMA": 0.1, "TRUST_INC": 2, "TRUST_CUT_METHOD": 1, "HONEST_PARDON_FACTOR": 0.7, "LOG_LEVEL": "INFO", "JSON_RESULTS": true}, "mean_poison_class_acc": 75.17829457364341, "mean_attack_srate": 3.1705426356589146, "total_accuracies": [48.17, 62.25, 79.97, 84.38, 86.48, 89.04, 87.77, 90.51, 91.81, 89.87, 92.21, 90.82, 92.66, 91.66, 92.1, 93.48, 91.39, 92.95, 85.21, 94.0, 92.06, 94.26, 93.21, 94.08, 94.17, 94.57, 94.36, 94.29, 93.8, 95.04], "class_accuracies": [[97.85714285714286, 99.55947136563877, 0.0, 37.722772277227726, 80.85539714867618, 47.08520179372197, 10.855949895615867, 78.59922178988327, 22.689938398357288, 0.0], [97.04081632653062, 98.8546255506608, 0.7751937984496124, 82.47524752475248, 85.03054989816701, 85.65022421524664, 72.65135699373695, 82.68482490272373, 13.347022587268993, 3.5678889990089195], [96.53061224489795, 97.79735682819383, 50.1937984496124, 85.84158415841584, 95.51934826883911, 76.12107623318386, 93.63256784968685, 91.53696498054475, 73.81930184804928, 37.85926660059465], [96.93877551020408, 98.23788546255507, 55.81395348837209, 85.94059405940594, 93.9918533604888, 86.7713004484305, 91.7536534446764, 89.10505836575875, 71.66324435318275, 73.2408325074331], [97.14285714285714, 98.14977973568281, 60.75581395348837, 89.8019801980198, 95.82484725050917, 82.847533632287, 92.79749478079331, 92.02334630350195, 78.33675564681725, 76.31318136769079], [97.65306122448979, 97.09251101321586, 73.35271317829458, 87.92079207920793, 95.010183299389, 84.52914798206278, 94.258872651357, 91.43968871595331, 83.88090349075975, 84.53914767096134], [97.65306122448979, 98.94273127753304, 64.53488372093024, 91.38613861386139, 96.33401221995926, 89.12556053811659, 93.52818371607516, 90.85603112840467, 75.05133470225873, 79.8810703666997], [98.06122448979592, 97.62114537444934, 79.45736434108527, 91.18811881188118, 96.33401221995926, 87.66816143497758, 93.73695198329854, 91.82879377431907, 83.47022587268994, 85.0346878097126], [97.44897959183673, 97.26872246696036, 84.78682170542636, 90.89108910891089, 93.89002036659878, 89.23766816143498, 95.4070981210856, 89.78599221789884, 89.52772073921972, 89.39544103072349], [98.06122448979592, 97.70925110132158, 66.27906976744185, 93.66336633663366, 96.13034623217922, 88.11659192825113, 94.1544885177453, 91.147859922179, 86.03696098562628, 87.21506442021804], [97.95918367346938, 97.70925110132158, 84.49612403100775, 92.87128712871286, 96.23217922606925, 91.03139013452915, 95.51148225469728, 91.24513618677042, 86.85831622176592, 87.80971258671953], [97.85714285714286, 98.23788546255507, 68.31395348837209, 94.15841584158416, 96.5376782077393, 90.47085201793722, 96.03340292275574, 92.21789883268482, 87.26899383983573, 87.1159563924678], [97.65306122448979, 98.50220264317181, 83.43023255813954, 93.86138613861387, 95.72301425661914, 90.69506726457399, 97.07724425887265, 93.19066147859922, 88.50102669404518, 87.51238850346878], [97.75510204081633, 98.23788546255507, 70.73643410852713, 94.85148514851485, 95.21384928716904, 90.02242152466367, 95.82463465553236, 92.21789883268482, 90.65708418891171, 90.98116947472745], [98.46938775510205, 97.79735682819383, 71.70542635658914, 94.65346534653466, 95.92668024439918, 92.37668161434978, 94.88517745302714, 95.13618677042801, 90.65708418891171, 89.49454905847374], [98.16326530612245, 98.6784140969163, 85.07751937984496, 92.87128712871286, 95.010183299389, 93.27354260089686, 95.82463465553236, 94.16342412451363, 90.14373716632444, 91.2784935579782], [98.06122448979592, 98.50220264317181, 63.275193798449614, 95.14851485148515, 95.72301425661914, 89.68609865470852, 96.65970772442589, 93.96887159533074, 91.27310061601642, 91.67492566897918], [98.46938775510205, 98.50220264317181, 77.22868217054264, 93.26732673267327, 94.60285132382892, 93.83408071748879, 95.19832985386222, 94.06614785992218, 91.17043121149898, 93.1615460852329], [97.95918367346938, 98.50220264317181, 2.3255813953488373, 92.67326732673267, 95.92668024439918, 93.60986547085201, 96.45093945720251, 93.3852140077821, 91.9917864476386, 91.77403369672943], [98.16326530612245, 98.6784140969163, 86.9186046511628, 94.25742574257426, 96.23217922606925, 93.38565022421524, 96.45093945720251, 92.99610894941634, 93.22381930184805, 89.49454905847374], [98.36734693877551, 98.41409691629956, 66.66666666666667, 94.35643564356435, 96.13034623217922, 93.27354260089686, 95.30271398747391, 94.16342412451363, 91.58110882956879, 92.66600594648166], [98.46938775510205, 98.76651982378854, 86.24031007751938, 93.76237623762377, 95.62118126272912, 94.17040358744394, 96.13778705636743, 94.45525291828794, 92.71047227926078, 92.07135777998018], [98.06122448979592, 98.76651982378854, 75.48449612403101, 94.15841584158416, 95.82484725050917, 94.05829596412556, 96.76409185803757, 94.64980544747081, 92.09445585215606, 92.36868186323092], [98.6734693877551, 98.94273127753304, 85.07751937984496, 94.75247524752476, 95.82484725050917, 93.94618834080717, 96.13778705636743, 94.26070038910505, 92.60780287474333, 90.38652130822597], [98.46938775510205, 98.6784140969163, 83.23643410852713, 95.44554455445545, 96.23217922606925, 93.27354260089686, 95.4070981210856, 93.57976653696498, 94.04517453798768, 93.1615460852329], [98.46938775510205, 98.6784140969163, 86.62790697674419, 94.65346534653466, 96.13034623217922, 95.51569506726457, 96.03340292275574, 94.26070038910505, 92.60780287474333, 92.66600594648166], [98.6734693877551, 98.76651982378854, 85.27131782945736, 95.24752475247524, 96.63951120162933, 94.84304932735427, 96.45093945720251, 95.23346303501945, 91.37577002053388, 90.98116947472745], [98.26530612244898, 98.32599118942731, 84.01162790697674, 95.84158415841584, 96.02851323828921, 92.04035874439462, 97.49478079331942, 94.45525291828794, 93.73716632443532, 92.46778989098117], [98.6734693877551, 98.23788546255507, 76.93798449612403, 96.03960396039604, 95.82484725050917, 93.27354260089686, 96.86847599164926, 94.55252918287938, 94.04517453798768, 93.65708622398414], [98.57142857142857, 98.41409691629956, 87.98449612403101, 95.24752475247524, 96.13034623217922, 93.72197309417041, 96.86847599164926, 95.71984435797665, 94.76386036960986, 92.76511397423191]],