{"config": {"DATASET": "mnist", "TOTAL_CLIENTS": 100, "CLIENT_FRAC": 0.2, "POISON_FRAC": 0.5, "CREATE_DATASET": false, "RANDOM_DATA": true, "CLASS_RATIO": 10, "MODEL": "nnet", "LEARNING_RATE": 0.001, "BATCH_SIZE": 32, "LOCAL_EPOCHS": 10, "OPTIMIZER": "adam", "FED_ROUNDS": 30, "TEST_EVERY": 1, "RANDOM_PROCESS": false, "COS_DEFENCE": true, "SEL_METHOD": 1, "REDUCE_LR": 1, "COLLAB_MODE": true, "COLLAB_ALL": true, "CONSIDER_LAYERS": "l1", "GRAD_AGG": true, "FEATURE_FINDING_ALGO": "auror", "GRAD_COLLECTION_START": 0, "GRAD_COLLECT_FOR": -1, "CLUSTER_SEP": 0.002, "ALPHA": 0.8, "BETA": 0.8, "GAMMA": 0.1, "TRUST_INC": 2, "TRUST_CUT_METHOD": 1, "HONEST_PARDON_FACTOR": 0.7, "LOG_LEVEL": "INFO", "JSON_RESULTS": true}, "mean_poison_class_acc": 54.94961240310078, "mean_attack_srate": 3.9612403100775193, "total_accuracies": [48.81, 67.87, 74.93, 78.84, 80.73, 81.36, 87.36, 83.55, 89.09, 87.63, 90.13, 91.59, 87.92, 92.44, 86.97, 93.0, 84.42, 92.67, 92.45, 93.12, 94.04, 85.99, 93.53, 92.89, 86.45, 94.37, 92.06, 94.1, 90.09, 94.36], "class_accuracies": [[99.48979591836735, 97.3568281938326, 0.0, 42.87128712871287, 82.17922606924644, 4.147982062780269, 17.014613778705638, 54.18287937743191, 26.591375770020534, 54.013875123885036], [98.26530612244898, 98.6784140969163, 0.0, 87.12871287128714, 83.29938900203666, 72.75784753363229, 68.99791231732776, 86.67315175097276, 41.7864476386037, 39.44499504459861], [96.12244897959184, 98.41409691629956, 0.0, 92.07920792079207, 86.25254582484725, 70.51569506726457, 87.68267223382045, 92.8988326848249, 69.91786447638604, 54.70763131813677], [97.24489795918367, 97.26872246696036, 6.782945736434108, 88.01980198019803, 85.23421588594705, 87.78026905829596, 87.78705636743216, 88.91050583657588, 69.30184804928132, 81.07036669970267], [97.44897959183673, 97.18061674008811, 5.038759689922481, 88.61386138613861, 92.15885947046843, 84.52914798206278, 91.23173277661796, 90.75875486381322, 80.49281314168378, 81.07036669970267], [97.55102040816327, 97.88546255506608, 4.166666666666667, 91.68316831683168, 93.89002036659878, 83.74439461883408, 92.48434237995825, 89.00778210116732, 79.15811088295688, 85.13379583746284], [97.75510204081633, 97.62114537444934, 57.46124031007752, 90.0990099009901, 95.31568228105907, 87.33183856502242, 93.42379958246346, 89.10505836575875, 80.80082135523614, 84.63825569871159], [97.14285714285714, 97.3568281938326, 13.178294573643411, 91.18811881188118, 93.89002036659878, 87.89237668161435, 93.42379958246346, 88.81322957198444, 84.80492813141684, 89.29633300297324], [96.93877551020408, 97.79735682819383, 62.1124031007752, 91.68316831683168, 92.76985743380855, 88.56502242152466, 93.52818371607516, 89.98054474708171, 87.57700205338809, 89.89098116947473], [98.16326530612245, 98.32599118942731, 44.18604651162791, 92.87128712871286, 93.27902240325865, 87.21973094170404, 94.78079331941545, 89.78599221789884, 87.16632443531827, 90.8820614469772], [97.14285714285714, 98.6784140969163, 65.89147286821705, 93.36633663366337, 94.60285132382892, 89.34977578475336, 95.61586638830897, 91.34241245136187, 85.31827515400411, 89.79187314172448], [98.16326530612245, 97.97356828193833, 75.3875968992248, 92.67326732673267, 94.80651731160896, 90.80717488789237, 94.78079331941545, 90.36964980544747, 90.14373716632444, 90.68384539147671], [98.26530612244898, 98.50220264317181, 38.565891472868216, 93.36633663366337, 95.11201629327903, 89.68609865470852, 95.09394572025052, 90.36964980544747, 90.4517453798768, 90.68384539147671], [98.9795918367347, 98.32599118942731, 81.2015503875969, 93.26732673267327, 96.33401221995926, 92.9372197309417, 94.05010438413362, 90.6614785992218, 90.55441478439425, 88.00792864222002], [98.57142857142857, 98.14977973568281, 23.15891472868217, 92.77227722772277, 94.80651731160896, 93.38565022421524, 94.67640918580376, 91.53696498054475, 91.37577002053388, 93.06243805748265], [97.95918367346938, 98.41409691629956, 80.42635658914729, 93.76237623762377, 95.010183299389, 92.26457399103138, 96.34655532359082, 92.41245136186771, 91.37577002053388, 91.87314172447968], [97.95918367346938, 98.50220264317181, 0.0, 92.87128712871286, 94.80651731160896, 94.84304932735427, 93.73695198329854, 91.147859922179, 88.70636550308008, 94.15262636273538], [98.16326530612245, 98.8546255506608, 75.96899224806202, 94.85148514851485, 95.41751527494908, 91.59192825112108, 95.82463465553236, 92.12062256809338, 90.4517453798768, 93.26065411298315], [97.95918367346938, 98.41409691629956, 71.41472868217055, 94.85148514851485, 95.51934826883911, 92.60089686098655, 96.24217118997912, 93.28793774319067, 90.86242299794661, 93.45887016848364], [98.26530612244898, 98.6784140969163, 77.32558139534883, 93.96039603960396, 94.90835030549898, 92.71300448430493, 96.34655532359082, 92.60700389105058, 92.09445585215606, 94.25173439048562], [98.46938775510205, 98.8546255506608, 85.36821705426357, 94.15841584158416, 95.010183299389, 93.04932735426009, 96.34655532359082, 93.3852140077821, 93.1211498973306, 92.36868186323092], [98.57142857142857, 98.8546255506608, 5.426356589147287, 94.45544554455445, 95.82484725050917, 93.49775784753363, 96.34655532359082, 93.77431906614785, 91.37577002053388, 94.05351833498513], [98.36734693877551, 98.8546255506608, 78.77906976744185, 94.85148514851485, 96.33401221995926, 93.38565022421524, 96.34655532359082, 93.48249027237354, 91.47843942505133, 93.3597621407334], [98.06122448979592, 98.76651982378854, 71.60852713178295, 94.65346534653466, 95.82484725050917, 95.06726457399103, 95.72025052192066, 93.96887159533074, 91.37577002053388, 94.15262636273538], [98.6734693877551, 99.03083700440529, 7.267441860465116, 95.44554455445545, 95.51934826883911, 93.60986547085201, 96.34655532359082, 92.8988326848249, 93.53182751540041, 94.44995044598612], [98.6734693877551, 99.03083700440529, 85.07751937984496, 94.55445544554455, 96.94501018329939, 94.5067264573991, 95.92901878914405, 93.3852140077821, 92.60780287474333, 92.86422200198216], [98.6734693877551, 98.94273127753304, 62.6937984496124, 95.04950495049505, 95.72301425661914, 94.95515695067265, 95.92901878914405, 93.09338521400778, 92.19712525667352, 93.95441030723488], [97.95918367346938, 99.03083700440529, 81.4922480620155, 94.95049504950495, 96.63951120162933, 94.39461883408072, 96.86847599164926, 93.57976653696498, 92.40246406570841, 93.65708622398414], [98.57142857142857, 98.59030837004406, 41.86046511627907, 94.05940594059406, 95.92668024439918, 94.95515695067265, 96.65970772442589, 94.16342412451363, 92.91581108829568, 94.54905847373637], [98.77551020408163, 98.6784140969163, 83.72093023255815, 94.75247524752476, 96.5376782077393, 94.73094170403587, 94.88517745302714, 93.57976653696498, 93.63449691991786, 94.25173439048562]],