{"config": {"DATASET": "mnist", "TOTAL_CLIENTS": 100, "CLIENT_FRAC": 0.2, "POISON_FRAC": 0.2, "CREATE_DATASET": false, "RANDOM_DATA": true, "CLASS_RATIO": 10, "MODEL": "nnet", "LEARNING_RATE": 0.001, "BATCH_SIZE": 32, "LOCAL_EPOCHS": 10, "OPTIMIZER": "adam", "FED_ROUNDS": 30, "TEST_EVERY": 1, "RANDOM_PROCESS": false, "COS_DEFENCE": true, "SEL_METHOD": 1, "REDUCE_LR": 1, "COLLAB_MODE": true, "COLLAB_ALL": true, "CONSIDER_LAYERS": "l1", "GRAD_AGG": true, "FEATURE_FINDING_ALGO": "auror", "GRAD_COLLECTION_START": 0, "GRAD_COLLECT_FOR": -1, "CLUSTER_SEP": 0.002, "ALPHA": 0.8, "BETA": 0.8, "GAMMA": 0.1, "TRUST_INC": 2, "TRUST_CUT_METHOD": 1, "HONEST_PARDON_FACTOR": 0.7, "LOG_LEVEL": "INFO", "JSON_RESULTS": true}, "mean_poison_class_acc": 81.8875968992248, "mean_attack_srate": 3.112403100775194, "total_accuracies": [48.1, 70.48, 79.63, 84.52, 87.63, 89.5, 89.93, 90.62, 89.7, 91.78, 91.62, 91.08, 92.69, 93.21, 92.64, 91.62, 93.28, 93.37, 93.48, 93.5, 94.5, 92.6, 92.58, 94.73, 94.96, 94.77, 93.49, 95.0, 94.46, 95.02], "class_accuracies": [[99.28571428571429, 94.8898678414097, 0.0, 52.277227722772274, 62.42362525458248, 22.309417040358746, 30.793319415448853, 49.31906614785992, 11.90965092402464, 49.75222993062438], [97.24489795918367, 98.76651982378854, 40.213178294573645, 91.2871287128713, 82.07739307535641, 72.42152466367713, 81.00208768267224, 88.42412451361868, 24.94866529774127, 25.470763131813676], [96.42857142857143, 98.23788546255507, 41.18217054263566, 90.89108910891089, 87.27087576374745, 70.96412556053812, 90.39665970772442, 92.70428015564202, 69.30184804928132, 57.08622398414271], [97.44897959183673, 97.70925110132158, 56.78294573643411, 88.81188118811882, 86.86354378818737, 87.10762331838565, 90.6054279749478, 91.147859922179, 70.32854209445586, 77.7998017839445], [97.55102040816327, 97.26872246696036, 68.8953488372093, 89.70297029702971, 92.87169042769857, 85.31390134529148, 91.7536534446764, 91.92607003891051, 79.97946611909651, 80.2775024777007], [97.24489795918367, 97.97356828193833, 79.84496124031008, 90.0, 91.24236252545825, 82.847533632287, 93.84133611691023, 90.1750972762646, 81.41683778234086, 88.9990089197225], [97.55102040816327, 98.14977973568281, 78.68217054263566, 90.29702970297029, 92.05702647657841, 88.2286995515695, 93.73695198329854, 89.6887159533074, 80.08213552361396, 89.99008919722498], [97.65306122448979, 97.62114537444934, 81.97674418604652, 89.5049504950495, 92.87169042769857, 88.90134529147981, 94.258872651357, 90.36964980544747, 83.47022587268994, 88.89990089197225], [97.14285714285714, 97.62114537444934, 68.12015503875969, 92.57425742574257, 90.93686354378819, 89.12556053811659, 93.73695198329854, 91.05058365758755, 84.59958932238193, 91.77403369672943], [97.75510204081633, 98.94273127753304, 82.65503875968992, 91.88118811881188, 93.38085539714868, 88.00448430493273, 94.98956158663883, 91.34241245136187, 86.85831622176592, 91.0802775024777], [96.83673469387755, 98.76651982378854, 80.32945736434108, 93.96039603960396, 93.58452138492872, 89.12556053811659, 95.61586638830897, 92.02334630350195, 83.88090349075975, 91.2784935579782], [97.55102040816327, 98.41409691629956, 70.15503875968992, 92.97029702970298, 94.80651731160896, 89.68609865470852, 95.92901878914405, 91.05058365758755, 88.91170431211499, 91.17938553022795], [98.57142857142857, 98.8546255506608, 84.01162790697674, 93.86138613861387, 93.89002036659878, 90.24663677130044, 94.67640918580376, 92.41245136186771, 88.60369609856262, 91.0802775024777], [97.75510204081633, 98.59030837004406, 87.6937984496124, 93.76237623762377, 94.29735234215886, 92.60089686098655, 94.46764091858037, 91.34241245136187, 89.73305954825462, 91.37760158572844], [97.44897959183673, 98.41409691629956, 79.84496124031008, 95.14851485148515, 95.62118126272912, 91.03139013452915, 95.19832985386222, 91.43968871595331, 90.14373716632444, 91.77403369672943], [97.34693877551021, 98.41409691629956, 67.63565891472868, 94.45544554455445, 95.31568228105907, 91.59192825112108, 96.34655532359082, 94.64980544747081, 89.01437371663245, 91.47670961347869], [97.75510204081633, 98.6784140969163, 84.68992248062015, 92.27722772277228, 93.48268839103869, 94.61883408071749, 95.30271398747391, 92.41245136186771, 89.21971252566735, 94.15262636273538], [98.26530612244898, 98.6784140969163, 84.49612403100775, 95.54455445544555, 94.09368635437882, 90.13452914798206, 95.72025052192066, 93.09338521400778, 88.91170431211499, 94.05351833498513], [97.55102040816327, 98.50220264317181, 81.68604651162791, 93.86138613861387, 95.62118126272912, 92.9372197309417, 96.03340292275574, 93.48249027237354, 90.96509240246407, 93.95441030723488], [98.36734693877551, 98.59030837004406, 81.3953488372093, 94.35643564356435, 95.21384928716904, 93.04932735426009, 96.45093945720251, 91.82879377431907, 91.17043121149898, 94.44995044598612], [98.06122448979592, 98.6784140969163, 93.21705426356588, 93.26732673267327, 94.70468431771894, 91.70403587443946, 96.5553235908142, 93.09338521400778, 92.40246406570841, 92.66600594648166], [98.26530612244898, 98.6784140969163, 73.44961240310077, 94.55445544554455, 94.90835030549898, 92.26457399103138, 96.24217118997912, 92.31517509727627, 90.55441478439425, 94.74727452923686], [97.65306122448979, 98.94273127753304, 71.60852713178295, 95.94059405940594, 96.43584521384929, 93.16143497757848, 96.24217118997912, 92.12062256809338, 90.24640657084188, 93.55797819623389], [97.75510204081633, 98.76651982378854, 89.53488372093024, 94.85148514851485, 95.62118126272912, 93.72197309417041, 96.34655532359082, 93.48249027237354, 93.63449691991786, 93.26065411298315], [98.06122448979592, 98.94273127753304, 92.44186046511628, 96.33663366336634, 95.010183299389, 91.4798206278027, 96.97286012526096, 93.48249027237354, 92.19712525667352, 93.95441030723488], [98.26530612244898, 98.76651982378854, 91.56976744186046, 94.65346534653466, 95.51934826883911, 93.27354260089686, 95.82463465553236, 92.50972762645914, 92.09445585215606, 94.74727452923686], [98.57142857142857, 98.41409691629956, 77.32558139534883, 96.23762376237623, 95.82484725050917, 92.9372197309417, 95.92901878914405, 93.77431906614785, 91.27310061601642, 94.54905847373637], [98.06122448979592, 98.76651982378854, 90.79457364341086, 95.74257425742574, 95.51934826883911, 94.17040358744394, 96.65970772442589, 93.96887159533074, 91.47843942505133, 94.44995044598612], [98.06122448979592, 98.8546255506608, 85.07751937984496, 94.85148514851485, 95.31568228105907, 93.94618834080717, 96.24217118997912, 94.16342412451363, 92.71047227926078, 95.14370664023787], [98.46938775510205, 98.8546255506608, 88.95348837209302, 96.03960396039604, 95.41751527494908, 92.71300448430493, 96.45093945720251, 94.16342412451363, 94.04517453798768, 94.64816650148661]],