{"config": {"DATASET": "mnist", "CLIENT_FRAC": 0.2, "POISON_FRAC": 0.0, "CREATE_DATASET": false, "CLASS_RATIO": 10, "MODEL": "nnet", "LEARNING_RATE": 0.001, "BATCH_SIZE": 32, "LOCAL_EPOCHS": 3, "OPTIMIZER": "adam", "FED_ROUNDS": 30, "TEST_EVERY": 1, "RANDOM": true, "COS_DEFENCE": true, "SEL_METHOD": 1, "COLLAB_MODE": true, "COLLAB_ALL": false, "CONSIDER_LAYERS": "l1", "GRAD_AGG": true, "FEATURE_FINDING_ALGO": "auror_plus", "GRAD_COLLECTION_START": 0, "GRAD_COLLECT_FOR": -1, "CLUSTER_SEP": 2.0, "ALPHA": 0.5, "BETA": 0.5, "GAMMA": 0.5, "TRUST_INC": 2, "TRUST_CUT_METHOD": 1, "HONEST_PARDON_FACTOR": 0.99, "LOG_LEVEL": "INFO", "JSON_RESULTS": true}, "mean_poison_class_acc": 83.63565891472868, "mean_attack_srate": 2.8720930232558133, "total_accuracies": [21.23, 48.73, 50.29, 51.98, 58.63, 59.46, 70.25, 79.01, 79.07, 83.78, 85.66, 85.69, 87.18, 88.09, 88.9, 89.17, 89.92, 90.14, 90.69, 90.61, 91.29, 91.4, 91.78, 92.12, 92.3, 92.64, 92.8, 93.36, 93.3, 93.31], "class_accuracies": [[80.71428571428571, 37.709251101321584, 0.09689922480620156, 88.01980198019803, 0.4073319755600815, 1.0089686098654709, 0.0, 0.09727626459143969, 0.0, 0.0], [84.28571428571429, 90.66079295154185, 45.05813953488372, 91.08910891089108, 44.70468431771894, 2.242152466367713, 24.63465553235908, 35.60311284046693, 12.525667351129364, 44.5986124876115], [93.77551020408163, 97.88546255506608, 70.63953488372093, 75.04950495049505, 17.922606924643585, 5.15695067264574, 21.085594989561585, 10.505836575875486, 29.46611909650924, 68.6818632309217], [91.73469387755102, 94.27312775330397, 88.66279069767442, 56.039603960396036, 23.625254582484725, 0.11210762331838565, 33.92484342379958, 76.84824902723736, 2.7720739219712525, 36.967294350842415], [80.0, 92.77533039647577, 73.25581395348837, 94.75247524752476, 72.09775967413442, 0.0, 59.91649269311065, 20.817120622568094, 1.6427104722792607, 79.38553022794846], [94.28571428571429, 99.20704845814979, 27.61627906976744, 70.89108910891089, 78.0040733197556, 60.2017937219731, 82.77661795407099, 54.280155642023345, 24.743326488706366, 0.0], [95.3061224489796, 99.20704845814979, 62.4031007751938, 86.23762376237623, 82.28105906313645, 34.52914798206278, 84.9686847599165, 69.74708171206225, 32.648870636550306, 48.06739345887017], [96.53061224489795, 96.47577092511013, 73.54651162790698, 84.55445544554455, 71.89409368635438, 44.39461883408072, 89.77035490605428, 81.32295719844358, 70.02053388090349, 76.01585728444005], [96.0204081632653, 97.79735682819383, 77.90697674418605, 79.8019801980198, 85.5397148676171, 78.02690582959642, 91.9624217118998, 82.29571984435798, 46.714579055441476, 52.32903865213082], [96.22448979591837, 95.41850220264317, 81.97674418604652, 83.16831683168317, 88.08553971486762, 73.54260089686099, 90.7098121085595, 84.43579766536965, 70.43121149897331, 71.55599603567889], [95.81632653061224, 95.77092511013215, 81.5891472868217, 79.10891089108911, 89.71486761710794, 78.69955156950672, 91.02296450939457, 85.01945525291829, 79.7741273100616, 78.59266600594648], [96.22448979591837, 94.8898678414097, 81.97674418604652, 81.98019801980197, 93.27902240325865, 82.51121076233184, 91.33611691022965, 90.85603112840467, 77.51540041067761, 65.31219028741329], [96.12244897959184, 96.91629955947137, 86.43410852713178, 83.26732673267327, 88.28920570264766, 87.10762331838565, 91.02296450939457, 89.29961089494164, 72.17659137577002, 79.8810703666997], [96.3265306122449, 96.38766519823788, 82.17054263565892, 88.91089108910892, 90.63136456211812, 82.51121076233184, 91.12734864300626, 89.88326848249027, 78.95277207392198, 82.55698711595639], [96.73469387755102, 96.2114537444934, 87.98449612403101, 85.64356435643565, 91.0386965376782, 84.08071748878923, 92.58872651356994, 90.56420233463035, 81.62217659137578, 81.26858275520317], [96.42857142857143, 97.3568281938326, 85.46511627906976, 87.42574257425743, 92.66802443991854, 86.32286995515695, 92.69311064718163, 88.13229571984436, 80.80082135523614, 83.34985133795837], [97.14285714285714, 96.74008810572687, 87.98449612403101, 87.52475247524752, 90.93686354378819, 84.75336322869956, 92.48434237995825, 88.42412451361868, 83.26488706365502, 88.70168483647176], [96.22448979591837, 96.74008810572687, 86.82170542635659, 85.84158415841584, 94.09368635437882, 87.4439461883408, 93.21503131524008, 90.56420233463035, 84.70225872689939, 84.93557978196233], [97.04081632653062, 97.3568281938326, 88.56589147286822, 89.4059405940594, 92.9735234215886, 86.88340807174887, 92.69311064718163, 88.2295719844358, 84.70225872689939, 88.00792864222002], [96.73469387755102, 97.3568281938326, 90.60077519379846, 87.92079207920793, 94.5010183299389, 89.23766816143498, 91.7536534446764, 89.2023346303502, 82.03285420944559, 85.82755203171457], [96.93877551020408, 97.79735682819383, 90.01937984496124, 91.38613861386139, 93.9918533604888, 86.65919282511211, 94.78079331941545, 91.24513618677042, 82.95687885010267, 85.92666005946482], [97.65306122448979, 97.62114537444934, 88.75968992248062, 89.10891089108911, 94.29735234215886, 89.01345291479821, 94.88517745302714, 89.6887159533074, 86.03696098562628, 86.22398414271557], [97.65306122448979, 97.97356828193833, 90.89147286821705, 89.5049504950495, 93.27902240325865, 89.79820627802691, 94.258872651357, 91.147859922179, 84.90759753593429, 87.51238850346878], [97.75510204081633, 97.70925110132158, 89.05038759689923, 91.58415841584159, 94.19551934826885, 89.79820627802691, 93.84133611691023, 90.95330739299611, 87.26899383983573, 88.30525272547077], [97.55102040816327, 97.88546255506608, 89.34108527131782, 91.58415841584159, 92.4643584521385, 90.91928251121077, 94.46764091858037, 90.95330739299611, 87.06365503080082, 90.08919722497522], [97.34693877551021, 98.06167400881057, 90.31007751937985, 91.98019801980197, 93.48268839103869, 90.02242152466367, 95.30271398747391, 90.95330739299611, 87.782340862423, 90.38652130822597], [97.75510204081633, 97.97356828193833, 90.40697674418605, 92.57425742574257, 94.19551934826885, 90.5829596412556, 94.67640918580376, 92.80155642023347, 86.55030800821355, 89.69276511397423], [97.75510204081633, 97.79735682819383, 93.7984496124031, 91.08910891089108, 94.39918533604887, 91.03139013452915, 95.30271398747391, 92.70428015564202, 88.70636550308008, 90.28741328047572], [97.95918367346938, 98.14977973568281, 92.92635658914729, 92.97029702970298, 93.78818737270876, 90.02242152466367, 95.51148225469728, 92.50972762645914, 87.98767967145791, 90.28741328047572], [97.85714285714286, 98.06167400881057, 92.34496124031008, 92.47524752475248, 93.78818737270876, 90.91928251121077, 95.72025052192066, 92.60700389105058, 87.98767967145791, 90.58473736372646]],