{"config": {"DATASET": "mnist", "TOTAL_CLIENTS": 100, "CLIENT_FRAC": 0.2, "POISON_FRAC": 0.1, "CREATE_DATASET": false, "RANDOM_DATA": true, "CLASS_RATIO": 10, "MODEL": "nnet", "LEARNING_RATE": 0.001, "BATCH_SIZE": 32, "LOCAL_EPOCHS": 10, "OPTIMIZER": "adam", "FED_ROUNDS": 30, "TEST_EVERY": 1, "RANDOM_PROCESS": false, "COS_DEFENCE": true, "SEL_METHOD": 1, "REDUCE_LR": 1, "COLLAB_MODE": true, "COLLAB_ALL": true, "CONSIDER_LAYERS": "l1", "GRAD_AGG": true, "FEATURE_FINDING_ALGO": "auror", "GRAD_COLLECTION_START": 0, "GRAD_COLLECT_FOR": -1, "CLUSTER_SEP": 0.002, "ALPHA": 0.8, "BETA": 0.8, "GAMMA": 0.1, "TRUST_INC": 2, "TRUST_CUT_METHOD": 1, "HONEST_PARDON_FACTOR": 0.7, "LOG_LEVEL": "INFO", "JSON_RESULTS": true}, "mean_poison_class_acc": 84.8720930232558, "mean_attack_srate": 3.0465116279069764, "total_accuracies": [51.71, 70.66, 83.48, 86.96, 88.6, 89.44, 90.28, 90.43, 91.02, 92.14, 90.56, 91.91, 93.35, 93.51, 92.81, 92.78, 93.86, 93.9, 93.2, 94.54, 94.09, 94.53, 94.43, 94.34, 94.86, 94.75, 95.04, 94.4, 94.42, 95.37], "class_accuracies": [[99.28571428571429, 90.9251101321586, 4.651162790697675, 58.81188118811881, 67.82077393075356, 26.569506726457398, 32.25469728601253, 26.750972762645915, 50.718685831622174, 53.81565906838454], [97.24489795918367, 98.59030837004406, 47.674418604651166, 92.47524752475248, 79.42973523421588, 60.31390134529148, 79.54070981210856, 89.6887159533074, 36.03696098562629, 21.308225966303272], [96.22448979591837, 98.23788546255507, 78.39147286821705, 88.7128712871287, 86.86354378818737, 65.80717488789237, 89.87473903966597, 91.82879377431907, 76.18069815195072, 59.26660059464817], [96.42857142857143, 97.70925110132158, 80.32945736434108, 89.70297029702971, 83.09572301425662, 83.74439461883408, 91.02296450939457, 90.6614785992218, 73.61396303901438, 81.56590683845391], [97.85714285714286, 97.44493392070484, 79.26356589147287, 90.0990099009901, 92.15885947046843, 82.51121076233184, 91.9624217118998, 92.99610894941634, 81.00616016427105, 79.28642220019822], [97.55102040816327, 97.3568281938326, 79.16666666666667, 89.70297029702971, 91.5478615071283, 82.0627802690583, 92.37995824634656, 91.43968871595331, 83.47022587268994, 88.30525272547077], [97.34693877551021, 97.88546255506608, 81.97674418604652, 91.88118811881188, 91.85336048879837, 84.52914798206278, 94.57202505219206, 90.36964980544747, 82.23819301848049, 88.89990089197225], [97.65306122448979, 97.70925110132158, 77.32558139534883, 90.39603960396039, 92.4643584521385, 89.01345291479821, 93.73695198329854, 91.82879377431907, 84.29158110882958, 89.29633300297324], [96.73469387755102, 97.79735682819383, 80.23255813953489, 92.07920792079207, 90.52953156822811, 88.45291479820628, 93.63256784968685, 91.92607003891051, 86.55030800821355, 91.47670961347869], [97.44897959183673, 98.14977973568281, 87.1124031007752, 92.97029702970298, 91.64969450101833, 87.21973094170404, 94.98956158663883, 91.92607003891051, 87.26899383983573, 91.57581764122894], [97.14285714285714, 98.32599118942731, 69.57364341085271, 93.76237623762377, 93.27902240325865, 88.67713004484305, 93.1106471816284, 94.3579766536965, 84.80492813141684, 91.97224975222993], [97.75510204081633, 97.88546255506608, 76.06589147286822, 91.78217821782178, 94.80651731160896, 91.14349775784753, 93.84133611691023, 92.60700389105058, 90.96509240246407, 92.07135777998018], [97.65306122448979, 98.6784140969163, 90.79457364341086, 92.97029702970298, 94.09368635437882, 87.89237668161435, 95.4070981210856, 93.28793774319067, 90.04106776180699, 91.57581764122894], [98.16326530612245, 98.14977973568281, 90.01937984496124, 93.36633663366337, 93.78818737270876, 91.70403587443946, 94.57202505219206, 92.12062256809338, 90.24640657084188, 92.36868186323092], [98.06122448979592, 98.32599118942731, 81.1046511627907, 94.95049504950495, 94.70468431771894, 91.4798206278027, 93.1106471816284, 93.8715953307393, 89.01437371663245, 92.9633300297324], [97.85714285714286, 98.50220264317181, 77.71317829457364, 93.56435643564356, 94.80651731160896, 92.04035874439462, 95.92901878914405, 93.77431906614785, 91.47843942505133, 91.97224975222993], [97.65306122448979, 98.6784140969163, 88.66279069767442, 92.27722772277228, 93.9918533604888, 93.94618834080717, 95.4070981210856, 93.28793774319067, 89.93839835728953, 94.35084241823587], [97.95918367346938, 98.59030837004406, 87.6937984496124, 95.44554455445545, 93.68635437881873, 90.5829596412556, 95.30271398747391, 94.45525291828794, 91.27310061601642, 93.26065411298315], [97.85714285714286, 98.50220264317181, 80.52325581395348, 93.76237623762377, 95.72301425661914, 91.4798206278027, 94.98956158663883, 94.3579766536965, 90.96509240246407, 93.45887016848364], [98.16326530612245, 98.6784140969163, 92.92635658914729, 93.46534653465346, 94.39918533604887, 91.25560538116592, 96.34655532359082, 93.77431906614785, 93.01848049281314, 92.66600594648166], [98.36734693877551, 98.76651982378854, 86.62790697674419, 94.05940594059406, 94.19551934826885, 91.4798206278027, 95.92901878914405, 94.74708171206225, 92.91581108829568, 93.26065411298315], [98.57142857142857, 98.6784140969163, 89.14728682170542, 93.66336633663366, 94.60285132382892, 92.82511210762331, 96.34655532359082, 94.74708171206225, 92.40246406570841, 93.85530227948463], [97.95918367346938, 98.76651982378854, 88.46899224806202, 95.24752475247524, 96.84317718940937, 92.71300448430493, 96.13778705636743, 94.55252918287938, 91.27310061601642, 91.87314172447968], [98.26530612244898, 98.59030837004406, 85.85271317829458, 95.14851485148515, 94.80651731160896, 94.39461883408072, 95.92901878914405, 94.3579766536965, 92.71047227926078, 93.1615460852329], [98.06122448979592, 98.8546255506608, 90.21317829457364, 96.63366336633663, 94.80651731160896, 90.5829596412556, 96.76409185803757, 96.01167315175097, 92.40246406570841, 93.45887016848364], [98.26530612244898, 98.8546255506608, 90.01937984496124, 94.75247524752476, 94.80651731160896, 93.49775784753363, 96.03340292275574, 94.55252918287938, 91.9917864476386, 94.25173439048562], [98.26530612244898, 98.59030837004406, 90.31007751937985, 95.94059405940594, 95.72301425661914, 92.48878923766816, 96.76409185803757, 94.45525291828794, 93.73716632443532, 93.65708622398414], [98.16326530612245, 98.76651982378854, 83.72093023255815, 96.13861386138613, 96.23217922606925, 93.72197309417041, 96.65970772442589, 94.94163424124514, 91.27310061601642, 94.15262636273538], [98.06122448979592, 98.6784140969163, 83.52713178294573, 94.75247524752476, 95.21384928716904, 94.95515695067265, 95.61586638830897, 96.88715953307393, 92.50513347022587, 93.85530227948463], [98.16326530612245, 98.94273127753304, 93.02325581395348, 94.05940594059406, 95.31568228105907, 93.16143497757848, 96.13778705636743, 95.8171206225681, 94.55852156057495, 93.95441030723488]],