{"config": {"DATASET": "mnist", "TOTAL_CLIENTS": 100, "CLIENT_FRAC": 0.2, "POISON_FRAC": 0.2, "CREATE_DATASET": true, "RANDOM_DATA": true, "CLASS_RATIO": 10, "MODEL": "nnet", "LEARNING_RATE": 0.001, "BATCH_SIZE": 32, "LOCAL_EPOCHS": 10, "OPTIMIZER": "adam", "FED_ROUNDS": 30, "TEST_EVERY": 1, "RANDOM_PROCESS": false, "COS_DEFENCE": false, "SEL_METHOD": 1, "REDUCE_LR": 1, "COLLAB_MODE": true, "COLLAB_ALL": true, "CONSIDER_LAYERS": "l1", "GRAD_AGG": true, "FEATURE_FINDING_ALGO": "auror", "GRAD_COLLECTION_START": 0, "GRAD_COLLECT_FOR": -1, "CLUSTER_SEP": 0.005, "ALPHA": 0.8, "BETA": 0.8, "GAMMA": 0.1, "TRUST_INC": 2, "TRUST_CUT_METHOD": 1, "HONEST_PARDON_FACTOR": 0.7, "LOG_LEVEL": "INFO", "JSON_RESULTS": true}, "mean_poison_class_acc": 74.95736434108528, "mean_attack_srate": 3.0620155038759687, "total_accuracies": [52.75, 69.14, 81.19, 85.5, 88.09, 88.15, 88.46, 88.39, 90.8, 91.93, 91.6, 90.65, 93.16, 91.47, 92.81, 93.97, 94.26, 90.43, 93.05, 87.05, 94.26, 92.88, 94.8, 93.99, 92.83, 94.86, 94.97, 94.0, 95.12, 92.34], "class_accuracies": [[97.44897959183673, 99.64757709251101, 0.7751937984496124, 53.86138613861386, 72.5050916496945, 34.08071748878924, 25.36534446764092, 80.83657587548637, 56.16016427104723, 0.0], [98.06122448979592, 98.76651982378854, 24.127906976744185, 81.2871287128713, 91.44602851323829, 79.5964125560538, 85.49060542797494, 84.3385214007782, 35.42094455852156, 12.190287413280476], [96.22448979591837, 98.6784140969163, 53.19767441860465, 80.89108910891089, 94.70468431771894, 78.69955156950672, 94.258872651357, 90.36964980544747, 74.12731006160165, 49.950445986124876], [96.93877551020408, 98.06167400881057, 62.6937984496124, 85.04950495049505, 92.4643584521385, 86.43497757847534, 91.54488517745303, 89.2023346303502, 73.10061601642711, 78.88999008919723], [97.14285714285714, 97.62114537444934, 75.48449612403101, 88.7128712871287, 95.41751527494908, 82.17488789237669, 93.52818371607516, 90.07782101167315, 81.00616016427105, 78.59266600594648], [97.55102040816327, 97.18061674008811, 68.21705426356588, 88.21782178217822, 95.31568228105907, 82.62331838565022, 93.73695198329854, 90.56420233463035, 83.47022587268994, 83.84539147670961], [97.65306122448979, 98.8546255506608, 69.18604651162791, 89.9009900990099, 95.010183299389, 89.46188340807174, 93.0062630480167, 89.59143968871595, 80.08213552361396, 81.46679881070366], [98.26530612244898, 97.44493392070484, 61.531007751937985, 91.18811881188118, 96.33401221995926, 87.4439461883408, 91.54488517745303, 91.53696498054475, 83.47022587268994, 84.93557978196233], [97.65306122448979, 97.09251101321586, 76.93798449612403, 88.61386138613861, 95.010183299389, 89.23766816143498, 94.1544885177453, 90.36964980544747, 90.04106776180699, 88.70168483647176], [98.16326530612245, 97.62114537444934, 84.68992248062015, 92.97029702970298, 96.02851323828921, 87.10762331838565, 94.57202505219206, 91.92607003891051, 88.19301848049281, 87.21506442021804], [98.06122448979592, 98.14977973568281, 76.25968992248062, 92.57425742574257, 95.92668024439918, 89.79820627802691, 94.98956158663883, 92.50972762645914, 87.67967145790554, 89.69276511397423], [97.65306122448979, 98.23788546255507, 67.34496124031008, 93.66336633663366, 96.74134419551935, 90.80717488789237, 94.78079331941545, 91.92607003891051, 88.91170431211499, 86.52130822596631], [97.95918367346938, 98.59030837004406, 88.56589147286822, 92.57425742574257, 95.62118126272912, 89.79820627802691, 96.5553235908142, 93.67704280155642, 88.91170431211499, 88.60257680872151], [98.36734693877551, 98.41409691629956, 69.0891472868217, 93.46534653465346, 95.21384928716904, 90.69506726457399, 95.72025052192066, 93.67704280155642, 89.01437371663245, 90.98116947472745], [98.06122448979592, 97.88546255506608, 79.65116279069767, 94.35643564356435, 96.84317718940937, 91.70403587443946, 96.03340292275574, 94.06614785992218, 90.96509240246407, 88.40436075322101], [98.16326530612245, 98.32599118942731, 85.27131782945736, 93.06930693069307, 95.21384928716904, 92.152466367713, 96.5553235908142, 95.13618677042801, 92.81314168377824, 92.66600594648166], [98.06122448979592, 98.41409691629956, 89.14728682170542, 95.54455445544555, 95.41751527494908, 90.80717488789237, 96.97286012526096, 93.28793774319067, 91.9917864476386, 92.36868186323092], [97.85714285714286, 98.6784140969163, 53.29457364341085, 92.87128712871286, 95.41751527494908, 92.60089686098655, 96.45093945720251, 93.09338521400778, 90.75975359342915, 93.95441030723488], [98.06122448979592, 98.6784140969163, 77.51937984496124, 92.47524752475248, 96.63951120162933, 92.71300448430493, 96.65970772442589, 94.74708171206225, 93.1211498973306, 89.89098116947473], [97.85714285714286, 98.8546255506608, 20.155038759689923, 93.76237623762377, 95.82484725050917, 93.04932735426009, 95.61586638830897, 94.45525291828794, 90.04106776180699, 92.56689791873141], [98.36734693877551, 98.59030837004406, 86.82170542635659, 94.85148514851485, 96.13034623217922, 92.37668161434978, 96.13778705636743, 94.45525291828794, 93.22381930184805, 91.2784935579782], [98.36734693877551, 98.76651982378854, 72.67441860465117, 93.66336633663366, 95.62118126272912, 94.05829596412556, 94.46764091858037, 95.03891050583658, 92.09445585215606, 94.15262636273538], [97.95918367346938, 98.76651982378854, 91.18217054263566, 93.66336633663366, 96.43584521384929, 94.17040358744394, 96.5553235908142, 95.03891050583658, 92.60780287474333, 91.2784935579782], [98.57142857142857, 98.8546255506608, 80.81395348837209, 95.94059405940594, 96.5376782077393, 93.83408071748879, 96.13778705636743, 94.74708171206225, 92.50513347022587, 91.87314172447968], [97.95918367346938, 98.59030837004406, 69.86434108527132, 95.44554455445545, 95.92668024439918, 94.5067264573991, 95.09394572025052, 94.3579766536965, 93.22381930184805, 93.65708622398414], [97.85714285714286, 98.6784140969163, 89.72868217054264, 94.15841584158416, 96.5376782077393, 95.73991031390135, 96.13778705636743, 94.45525291828794, 93.1211498973306, 92.07135777998018], [98.77551020408163, 98.59030837004406, 88.85658914728683, 96.03960396039604, 96.74134419551935, 93.49775784753363, 96.34655532359082, 95.52529182879377, 92.81314168377824, 92.17046580773042], [98.16326530612245, 98.59030837004406, 77.51937984496124, 96.43564356435644, 96.02851323828921, 93.38565022421524, 96.86847599164926, 95.62256809338521, 93.94250513347022, 93.45887016848364], [98.6734693877551, 98.76651982378854, 87.79069767441861, 96.33663366336634, 95.82484725050917, 92.9372197309417, 96.86847599164926, 94.74708171206225, 94.76386036960986, 94.15262636273538], [98.16326530612245, 98.59030837004406, 61.82170542635659, 95.34653465346534, 97.14867617107943, 93.16143497757848, 97.07724425887265, 95.42801556420234, 94.04517453798768, 93.1615460852329]],