{"config": {"DATASET": "mnist", "TOTAL_CLIENTS": 100, "CLIENT_FRAC": 0.2, "POISON_FRAC": 0.4, "CREATE_DATASET": false, "RANDOM_DATA": true, "CLASS_RATIO": 10, "MODEL": "nnet", "LEARNING_RATE": 0.001, "BATCH_SIZE": 32, "LOCAL_EPOCHS": 10, "OPTIMIZER": "adam", "FED_ROUNDS": 30, "TEST_EVERY": 1, "RANDOM_PROCESS": false, "COS_DEFENCE": true, "SEL_METHOD": 1, "REDUCE_LR": 1, "COLLAB_MODE": true, "COLLAB_ALL": true, "CONSIDER_LAYERS": "l1", "GRAD_AGG": true, "FEATURE_FINDING_ALGO": "auror", "GRAD_COLLECTION_START": 0, "GRAD_COLLECT_FOR": -1, "CLUSTER_SEP": 0.002, "ALPHA": 0.8, "BETA": 0.8, "GAMMA": 0.1, "TRUST_INC": 2, "TRUST_CUT_METHOD": 1, "HONEST_PARDON_FACTOR": 0.7, "LOG_LEVEL": "INFO", "JSON_RESULTS": true}, "mean_poison_class_acc": 69.48449612403101, "mean_attack_srate": 3.5658914728682167, "total_accuracies": [48.41, 68.17, 76.33, 83.61, 84.1, 88.81, 89.33, 88.91, 90.1, 90.84, 89.77, 92.02, 91.36, 91.91, 93.03, 92.69, 92.59, 87.15, 93.85, 92.54, 92.52, 92.29, 86.31, 94.14, 94.02, 94.09, 94.3, 86.38, 94.72, 93.3], "class_accuracies": [[99.38775510204081, 98.23788546255507, 0.0, 42.97029702970297, 63.03462321792261, 16.143497757847534, 25.46972860125261, 43.8715953307393, 15.91375770020534, 69.87115956392468], [97.65306122448979, 98.76651982378854, 5.523255813953488, 90.4950495049505, 84.5213849287169, 66.92825112107623, 78.07933194154488, 89.29961089494164, 43.121149897330596, 25.27254707631318], [96.93877551020408, 98.41409691629956, 17.05426356589147, 91.18811881188118, 84.92871690427698, 64.46188340807174, 88.93528183716076, 93.3852140077821, 73.71663244353182, 52.52725470763132], [97.24489795918367, 97.44493392070484, 47.48062015503876, 87.92079207920793, 85.13238289205702, 85.65022421524664, 89.66597077244259, 90.1750972762646, 74.74332648870636, 80.2775024777007], [97.75510204081633, 97.62114537444934, 37.6937984496124, 89.4059405940594, 91.44602851323829, 82.95964125560538, 90.7098121085595, 92.31517509727627, 80.28747433264887, 80.67393458870168], [97.24489795918367, 97.18061674008811, 76.25968992248062, 88.31683168316832, 89.91853360488798, 82.73542600896862, 91.7536534446764, 90.27237354085604, 86.24229979466119, 87.01684836471755], [97.95918367346938, 97.00440528634361, 75.87209302325581, 89.70297029702971, 90.52953156822811, 87.66816143497758, 92.17118997912317, 88.715953307393, 82.75154004106776, 90.28741328047572], [97.85714285714286, 97.62114537444934, 68.12015503875969, 89.4059405940594, 91.64969450101833, 88.34080717488789, 92.69311064718163, 90.07782101167315, 82.95687885010267, 89.99008919722498], [97.85714285714286, 97.62114537444934, 75.48449612403101, 93.56435643564356, 89.71486761710794, 84.08071748878923, 93.94572025052192, 90.75875486381322, 84.08624229979466, 92.76511397423191], [97.55102040816327, 98.6784140969163, 77.22868217054264, 91.48514851485149, 90.52953156822811, 89.12556053811659, 95.19832985386222, 90.27237354085604, 85.1129363449692, 92.56689791873141], [97.44897959183673, 98.41409691629956, 63.372093023255815, 91.2871287128713, 91.5478615071283, 90.02242152466367, 94.98956158663883, 91.53696498054475, 85.62628336755647, 93.3597621407334], [97.75510204081633, 98.06167400881057, 80.23255813953489, 91.78217821782178, 95.010183299389, 88.56502242152466, 95.72025052192066, 90.27237354085604, 90.55441478439425, 91.77403369672943], [98.16326530612245, 98.6784140969163, 71.60852713178295, 93.46534653465346, 94.5010183299389, 88.90134529147981, 96.03340292275574, 93.09338521400778, 88.70636550308008, 90.08919722497522], [98.26530612244898, 98.59030837004406, 75.5813953488372, 92.37623762376238, 93.78818737270876, 92.82511210762331, 93.84133611691023, 90.95330739299611, 90.04106776180699, 92.76511397423191], [97.55102040816327, 98.59030837004406, 83.72093023255815, 94.35643564356435, 94.29735234215886, 91.03139013452915, 96.5553235908142, 91.82879377431907, 88.91170431211499, 92.9633300297324], [97.85714285714286, 98.6784140969163, 78.87596899224806, 92.97029702970298, 93.78818737270876, 91.4798206278027, 96.03340292275574, 92.80155642023347, 91.17043121149898, 92.9633300297324], [97.55102040816327, 98.50220264317181, 77.51937984496124, 93.76237623762377, 92.56619144602851, 91.4798206278027, 96.5553235908142, 92.8988326848249, 90.4517453798768, 94.35084241823587], [97.95918367346938, 98.6784140969163, 22.674418604651162, 95.34653465346534, 93.48268839103869, 92.04035874439462, 95.51148225469728, 92.99610894941634, 89.73305954825462, 94.54905847373637], [97.65306122448979, 98.59030837004406, 86.9186046511628, 92.97029702970298, 93.78818737270876, 91.70403587443946, 96.24217118997912, 92.50972762645914, 93.42915811088295, 94.25173439048562], [97.55102040816327, 98.59030837004406, 73.25581395348837, 94.25742574257426, 92.66802443991854, 92.04035874439462, 96.76409185803757, 93.19066147859922, 92.81314168377824, 94.25173439048562], [97.75510204081633, 98.76651982378854, 71.89922480620154, 93.76237623762377, 93.17718940936864, 91.70403587443946, 96.65970772442589, 93.67704280155642, 93.01848049281314, 94.74727452923686], [97.34693877551021, 98.8546255506608, 68.7015503875969, 94.65346534653466, 94.70468431771894, 92.37668161434978, 96.65970772442589, 94.06614785992218, 90.86242299794661, 94.74727452923686], [97.75510204081633, 98.6784140969163, 9.30232558139535, 94.45544554455445, 96.02851323828921, 92.9372197309417, 96.86847599164926, 93.67704280155642, 91.37577002053388, 94.15262636273538], [98.57142857142857, 98.76651982378854, 85.07751937984496, 94.35643564356435, 94.60285132382892, 93.27354260089686, 95.4070981210856, 93.48249027237354, 94.35318275154005, 93.26065411298315], [97.95918367346938, 98.76651982378854, 82.84883720930233, 94.95049504950495, 94.09368635437882, 93.27354260089686, 96.03340292275574, 93.09338521400778, 93.42915811088295, 95.54013875123886], [97.75510204081633, 98.8546255506608, 83.62403100775194, 94.85148514851485, 94.90835030549898, 93.49775784753363, 96.45093945720251, 93.77431906614785, 92.50513347022587, 94.44995044598612], [98.06122448979592, 98.76651982378854, 81.87984496124031, 95.54455445544555, 95.62118126272912, 94.28251121076234, 96.34655532359082, 94.55252918287938, 93.22381930184805, 94.64816650148661], [97.85714285714286, 98.59030837004406, 6.87984496124031, 94.95049504950495, 94.80651731160896, 92.48878923766816, 96.65970772442589, 95.23346303501945, 93.32648870636551, 95.14370664023787], [97.85714285714286, 98.59030837004406, 88.0813953488372, 93.86138613861387, 95.21384928716904, 94.17040358744394, 96.13778705636743, 93.57976653696498, 94.45585215605749, 95.04459861248762], [98.16326530612245, 98.8546255506608, 72.09302325581395, 95.24752475247524, 95.41751527494908, 93.27354260089686, 96.24217118997912, 94.94163424124514, 95.07186858316221, 93.85530227948463]],