{"config": {"DATASET": "mnist", "TOTAL_CLIENTS": 100, "CLIENT_FRAC": 0.1, "POISON_FRAC": 0.1, "CREATE_DATASET": false, "RANDOM_DATA": true, "CLASS_RATIO": 10, "MODEL": "nnet", "LEARNING_RATE": 0.001, "BATCH_SIZE": 32, "LOCAL_EPOCHS": 10, "OPTIMIZER": "adam", "FED_ROUNDS": 30, "TEST_EVERY": 1, "RANDOM_PROCESS": false, "COS_DEFENCE": true, "SEL_METHOD": 1, "REDUCE_LR": 1, "COLLAB_MODE": true, "COLLAB_ALL": true, "CONSIDER_LAYERS": "l1", "GRAD_AGG": true, "FEATURE_FINDING_ALGO": "auror", "GRAD_COLLECTION_START": 0, "GRAD_COLLECT_FOR": -1, "CLUSTER_SEP": 0.005, "ALPHA": 0.8, "BETA": 0.8, "GAMMA": 0.1, "TRUST_INC": 2, "TRUST_CUT_METHOD": 1, "HONEST_PARDON_FACTOR": 0.7, "LOG_LEVEL": "INFO", "JSON_RESULTS": true}, "mean_poison_class_acc": 78.09108527131784, "mean_attack_srate": 3.1637596899224802, "total_accuracies": [40.18, 72.0, 84.94, 87.28, 86.87, 89.01, 88.77, 90.48, 91.56, 91.87, 92.36, 89.69, 91.54, 90.91, 90.38, 93.43, 92.61, 93.09, 93.82, 88.75, 94.09, 94.08, 94.16, 93.68, 94.27, 92.51, 94.72, 94.06, 88.73, 94.66], "class_accuracies": [[99.59183673469387, 84.40528634361233, 0.0, 43.06930693069307, 52.95315682281059, 2.802690582959641, 23.695198329853863, 0.09727626459143969, 0.3080082135523614, 86.52130822596631], [97.14285714285714, 98.76651982378854, 24.41860465116279, 90.79207920792079, 88.08553971486762, 53.25112107623318, 84.55114822546973, 84.24124513618678, 52.56673511293634, 42.616451932606545], [95.81632653061224, 97.79735682819383, 80.71705426356588, 85.84158415841584, 88.18737270875764, 74.77578475336323, 89.24843423799582, 86.57587548638132, 76.48870636550308, 71.55599603567889], [96.53061224489795, 96.74008810572687, 80.03875968992249, 87.92079207920793, 89.5112016293279, 77.24215246636771, 94.1544885177453, 88.61867704280155, 79.67145790554414, 80.57482656095144], [97.04081632653062, 96.91629955947137, 64.63178294573643, 85.84158415841584, 92.4643584521385, 84.08071748878923, 91.7536534446764, 88.91050583657588, 83.88090349075975, 82.65609514370664], [97.04081632653062, 97.88546255506608, 78.87596899224806, 89.10891089108911, 89.71486761710794, 84.97757847533633, 93.31941544885177, 89.88326848249027, 79.46611909650925, 88.60257680872151], [96.73469387755102, 98.41409691629956, 79.74806201550388, 86.23762376237623, 96.63951120162933, 87.89237668161435, 94.46764091858037, 88.32684824902724, 79.36344969199179, 79.18731417244797], [97.34693877551021, 97.62114537444934, 85.94961240310077, 89.20792079207921, 93.48268839103869, 88.78923766816143, 93.84133611691023, 89.59143968871595, 80.80082135523614, 87.31417244796829], [97.14285714285714, 97.88546255506608, 88.17829457364341, 88.91089108910892, 94.90835030549898, 87.21973094170404, 95.92901878914405, 90.85603112840467, 85.31827515400411, 88.30525272547077], [97.55102040816327, 97.5330396475771, 87.5, 90.89108910891089, 93.9918533604888, 86.32286995515695, 96.34655532359082, 91.92607003891051, 85.93429158110882, 89.69276511397423], [98.87755102040816, 97.97356828193833, 88.46899224806202, 91.68316831683168, 93.78818737270876, 85.98654708520179, 95.51148225469728, 91.63424124513618, 87.67967145790554, 90.8820614469772], [98.36734693877551, 98.32599118942731, 67.05426356589147, 93.66336633663366, 95.72301425661914, 86.7713004484305, 93.73695198329854, 89.2023346303502, 82.95687885010267, 90.58473736372646], [98.36734693877551, 97.88546255506608, 77.32558139534883, 92.57425742574257, 94.80651731160896, 88.67713004484305, 96.76409185803757, 92.21789883268482, 86.44763860369609, 89.89098116947473], [98.36734693877551, 98.6784140969163, 70.25193798449612, 93.06930693069307, 94.09368635437882, 90.80717488789237, 94.88517745302714, 92.02334630350195, 83.5728952772074, 93.06243805748265], [98.16326530612245, 98.41409691629956, 63.565891472868216, 93.76237623762377, 95.41751527494908, 92.04035874439462, 92.48434237995825, 93.09338521400778, 84.70225872689939, 92.17046580773042], [98.16326530612245, 98.14977973568281, 89.24418604651163, 91.48514851485149, 94.70468431771894, 91.92825112107623, 96.45093945720251, 92.31517509727627, 89.01437371663245, 92.36868186323092], [98.77551020408163, 97.97356828193833, 77.51937984496124, 92.47524752475248, 95.11201629327903, 91.81614349775785, 95.30271398747391, 93.57976653696498, 91.68377823408625, 91.77403369672943], [97.75510204081633, 99.03083700440529, 84.68992248062015, 94.65346534653466, 93.89002036659878, 90.47085201793722, 95.61586638830897, 91.73151750972762, 88.19301848049281, 94.15262636273538], [97.75510204081633, 98.6784140969163, 87.3062015503876, 94.15841584158416, 94.39918533604887, 91.14349775784753, 96.34655532359082, 94.74708171206225, 90.55441478439425, 92.46778989098117], [97.85714285714286, 99.20704845814979, 40.69767441860465, 94.55445544554455, 95.010183299389, 90.69506726457399, 95.51148225469728, 91.53696498054475, 89.11704312114989, 94.05351833498513], [97.85714285714286, 99.03083700440529, 91.18217054263566, 91.38613861386139, 95.82484725050917, 92.9372197309417, 96.86847599164926, 92.99610894941634, 89.63039014373716, 92.66600594648166], [97.14285714285714, 99.03083700440529, 88.0813953488372, 94.05940594059406, 95.11201629327903, 92.37668161434978, 95.4070981210856, 94.45525291828794, 90.4517453798768, 94.05351833498513], [97.55102040816327, 98.8546255506608, 91.27906976744185, 93.76237623762377, 94.70468431771894, 92.04035874439462, 96.76409185803757, 92.31517509727627, 89.3223819301848, 94.35084241823587], [98.26530612244898, 98.59030837004406, 85.46511627906976, 93.86138613861387, 96.5376782077393, 90.69506726457399, 97.07724425887265, 91.92607003891051, 91.17043121149898, 92.76511397423191], [97.65306122448979, 98.32599118942731, 86.7248062015504, 95.04950495049505, 96.63951120162933, 91.81614349775785, 97.39039665970772, 92.31517509727627, 93.53182751540041, 92.9633300297324], [98.46938775510205, 98.94273127753304, 71.41472868217055, 94.35643564356435, 95.11201629327903, 91.4798206278027, 96.45093945720251, 93.19066147859922, 91.9917864476386, 93.65708622398414], [98.06122448979592, 99.29515418502203, 91.86046511627907, 94.35643564356435, 94.39918533604887, 92.04035874439462, 96.13778705636743, 92.99610894941634, 92.71047227926078, 94.64816650148661], [98.46938775510205, 99.11894273127753, 82.07364341085271, 95.74257425742574, 95.82484725050917, 93.38565022421524, 96.45093945720251, 93.67704280155642, 92.81314168377824, 92.86422200198216], [98.57142857142857, 99.03083700440529, 35.36821705426357, 94.85148514851485, 96.43584521384929, 93.72197309417041, 95.09394572025052, 90.75875486381322, 92.19712525667352, 92.66600594648166], [97.75510204081633, 98.8546255506608, 92.24806201550388, 92.47524752475248, 94.90835030549898, 93.16143497757848, 96.86847599164926, 92.60700389105058, 92.81314168377824, 94.44995044598612]],