{"config": {"DATASET": "mnist", "TOTAL_CLIENTS": 100, "CLIENT_FRAC": 0.1, "POISON_FRAC": 0.1, "CREATE_DATASET": true, "CLASS_RATIO": 10, "MODEL": "nnet", "LEARNING_RATE": 0.001, "BATCH_SIZE": 32, "LOCAL_EPOCHS": 3, "OPTIMIZER": "adam", "FED_ROUNDS": 30, "TEST_EVERY": 1, "RANDOM": true, "COS_DEFENCE": true, "SEL_METHOD": 1, "REDUCE_LR": 1, "COLLAB_MODE": true, "COLLAB_ALL": true, "CONSIDER_LAYERS": "l1", "GRAD_AGG": true, "FEATURE_FINDING_ALGO": "auror_plus", "GRAD_COLLECTION_START": 0, "GRAD_COLLECT_FOR": -1, "CLUSTER_SEP": 0.01, "ALPHA": 0.7, "BETA": 0.7, "GAMMA": 0.1, "TRUST_INC": 2, "TRUST_CUT_METHOD": 2, "HONEST_PARDON_FACTOR": 0.99, "LOG_LEVEL": "INFO", "JSON_RESULTS": true}, "mean_poison_class_acc": 79.28294573643412, "mean_attack_srate": 3.0281007751937983, "total_accuracies": [14.44, 21.16, 48.33, 64.63, 69.77, 71.31, 76.7, 79.94, 81.47, 83.62, 84.61, 86.28, 85.96, 86.64, 86.89, 86.44, 87.88, 89.25, 89.18, 89.8, 88.95, 88.63, 90.36, 90.21, 90.49, 90.96, 88.78, 91.66, 90.46, 90.96], "class_accuracies": [[45.91836734693877, 0.0, 0.0, 0.0, 100.0, 0.0, 1.2526096033402923, 0.0, 0.0, 0.0], [99.18367346938776, 11.894273127753303, 0.0, 0.0, 0.20366598778004075, 0.11210762331838565, 0.8350730688935282, 97.08171206225681, 0.0, 0.0], [97.24489795918367, 89.2511013215859, 68.7015503875969, 67.32673267326733, 85.84521384928716, 2.1300448430493275, 31.62839248434238, 0.7782101167315175, 0.0, 30.22794846382557], [95.61224489795919, 98.6784140969163, 62.3062015503876, 81.2871287128713, 76.27291242362526, 31.16591928251121, 51.1482254697286, 66.73151750972762, 13.347022587268993, 60.35678889990089], [95.40816326530613, 98.14977973568281, 45.736434108527135, 70.0990099009901, 92.87169042769857, 67.82511210762331, 75.05219206680584, 88.61867704280155, 50.41067761806981, 10.901883052527255], [91.53061224489795, 99.11894273127753, 62.4031007751938, 55.445544554455445, 43.686354378818734, 84.86547085201794, 80.89770354906054, 74.80544747081711, 31.1088295687885, 86.42220019821606], [96.63265306122449, 97.97356828193833, 70.34883720930233, 89.60396039603961, 76.37474541751527, 50.44843049327354, 85.17745302713988, 81.51750972762646, 40.34907597535934, 72.64618434093161], [94.79591836734694, 97.88546255506608, 75.96899224806202, 71.88118811881188, 86.15071283095723, 81.95067264573991, 85.80375782881002, 88.13229571984436, 63.14168377823409, 51.93260654112983], [96.12244897959184, 97.70925110132158, 81.4922480620155, 70.89108910891089, 68.73727087576374, 86.99551569506727, 86.74321503131524, 85.89494163424125, 56.6735112936345, 81.46679881070366], [94.89795918367346, 97.00440528634361, 77.71317829457364, 82.07920792079207, 87.06720977596741, 81.95067264573991, 87.57828810020877, 88.81322957198444, 68.78850102669405, 68.58275520317146], [96.3265306122449, 97.3568281938326, 77.03488372093024, 81.98019801980197, 79.32790224032587, 76.5695067264574, 89.35281837160751, 89.59143968871595, 73.81930184804928, 82.3587710604559], [97.14285714285714, 97.62114537444934, 82.65503875968992, 81.38613861386139, 84.0122199592668, 84.75336322869956, 91.54488517745303, 87.54863813229572, 75.35934291581108, 79.38553022794846], [97.65306122448979, 98.14977973568281, 75.0, 88.11881188118812, 81.26272912423626, 81.61434977578476, 89.97912317327766, 90.46692607003891, 73.71663244353182, 81.76412289395441], [97.34693877551021, 97.44493392070484, 75.7751937984496, 84.15841584158416, 85.33604887983707, 86.32286995515695, 92.79749478079331, 90.56420233463035, 74.74332648870636, 80.87215064420218], [97.04081632653062, 97.00440528634361, 68.6046511627907, 86.33663366336634, 89.20570264765784, 81.50224215246637, 92.79749478079331, 91.53696498054475, 81.41683778234086, 82.3587710604559], [97.34693877551021, 95.06607929515418, 62.5, 82.87128712871286, 85.33604887983707, 82.95964125560538, 93.0062630480167, 88.2295719844358, 90.24640657084188, 86.62041625371656], [97.44897959183673, 97.09251101321586, 75.1937984496124, 87.32673267326733, 85.33604887983707, 81.72645739910314, 91.23173277661796, 88.715953307393, 83.36755646817248, 89.99008919722498], [97.04081632653062, 97.00440528634361, 84.59302325581395, 86.23762376237623, 88.28920570264766, 87.21973094170404, 91.54488517745303, 89.59143968871595, 83.77823408624229, 86.22398414271557], [97.75510204081633, 96.74008810572687, 82.55813953488372, 87.22772277227723, 90.020366598778, 88.34080717488789, 90.7098121085595, 91.92607003891051, 82.54620123203286, 83.15163528245787], [97.75510204081633, 97.18061674008811, 91.47286821705427, 86.63366336633663, 89.0020366598778, 86.65919282511211, 92.58872651356994, 89.2023346303502, 81.93018480492813, 84.34093161546085], [97.85714285714286, 97.97356828193833, 76.64728682170542, 90.39603960396039, 86.35437881873727, 86.88340807174887, 93.21503131524008, 91.147859922179, 79.15811088295688, 88.800792864222], [98.16326530612245, 97.3568281938326, 70.25193798449612, 87.42574257425743, 89.71486761710794, 88.67713004484305, 92.69311064718163, 91.43968871595331, 84.39425051334702, 85.82755203171457], [98.16326530612245, 97.5330396475771, 88.46899224806202, 90.1980198019802, 90.22403258655804, 88.11659192825113, 93.52818371607516, 90.07782101167315, 81.21149897330595, 85.0346878097126], [97.65306122448979, 97.26872246696036, 87.40310077519379, 91.68316831683168, 87.16904276985743, 84.64125560538116, 93.1106471816284, 92.41245136186771, 81.00616016427105, 88.20614469772052], [97.14285714285714, 96.65198237885463, 83.81782945736434, 86.93069306930693, 88.59470468431772, 89.34977578475336, 92.58872651356994, 91.53696498054475, 89.01437371663245, 88.70168483647176], [98.06122448979592, 97.3568281938326, 91.56976744186046, 90.0, 89.81670061099797, 86.99551569506727, 93.52818371607516, 93.19066147859922, 82.23819301848049, 85.53022794846383], [97.95918367346938, 96.91629955947137, 63.468992248062015, 91.48514851485149, 90.52953156822811, 88.11659192825113, 90.50104384133611, 88.61867704280155, 88.50102669404518, 91.57581764122894], [97.14285714285714, 97.5330396475771, 91.18217054263566, 91.98019801980197, 93.89002036659878, 86.09865470852019, 94.258872651357, 90.6614785992218, 86.03696098562628, 86.62041625371656], [97.34693877551021, 97.18061674008811, 77.22868217054264, 93.46534653465346, 93.17718940936864, 86.7713004484305, 94.46764091858037, 93.77431906614785, 82.75154004106776, 87.61149653121903], [97.75510204081633, 97.5330396475771, 80.23255813953489, 89.5049504950495, 90.73319755600815, 89.68609865470852, 92.27557411273486, 92.21789883268482, 87.98767967145791, 91.0802775024777]],