{"config": {"DATASET": "mnist", "TOTAL_CLIENTS": 100, "CLIENT_FRAC": 0.1, "POISON_FRAC": 0.1, "CREATE_DATASET": true, "RANDOM_DATA": true, "CLASS_RATIO": 10, "MODEL": "nnet", "LEARNING_RATE": 0.001, "BATCH_SIZE": 32, "LOCAL_EPOCHS": 3, "OPTIMIZER": "adam", "FED_ROUNDS": 30, "TEST_EVERY": 1, "RANDOM_PROCESS": true, "COS_DEFENCE": true, "SEL_METHOD": 1, "REDUCE_LR": 1, "COLLAB_MODE": true, "COLLAB_ALL": true, "CONSIDER_LAYERS": "f1l1", "GRAD_AGG": true, "FEATURE_FINDING_ALGO": "auror", "GRAD_COLLECTION_START": 0, "GRAD_COLLECT_FOR": -1, "CLUSTER_SEP": 0.001, "ALPHA": 0.8, "BETA": 0.8, "GAMMA": 0.1, "TRUST_INC": 2, "TRUST_CUT_METHOD": 2, "HONEST_PARDON_FACTOR": 0.99, "LOG_LEVEL": "INFO", "JSON_RESULTS": true}, "mean_poison_class_acc": 81.04166666666667, "mean_attack_srate": 3.386627906976744, "total_accuracies": [29.69, 35.56, 48.85, 50.66, 57.8, 65.59, 73.42, 78.91, 79.14, 82.33, 82.73, 83.31, 85.37, 86.04, 86.66, 87.58, 85.03, 89.2, 89.32, 89.32, 89.27, 89.77, 90.64, 91.09, 90.9, 91.06, 91.5, 90.9, 91.64, 90.8], "class_accuracies": [[44.38775510204081, 41.85022026431718, 91.66666666666667, 0.0, 94.70468431771894, 0.0, 18.997912317327767, 0.0, 0.0, 0.09910802775024777], [95.40816326530613, 99.29515418502203, 29.651162790697676, 2.871287128712871, 38.289205702647656, 0.0, 81.73277661795407, 0.0, 0.0, 0.0], [98.16326530612245, 99.29515418502203, 59.39922480620155, 34.554455445544555, 59.26680244399186, 0.0, 60.020876826722336, 0.0, 0.0, 67.09613478691774], [97.34693877551021, 99.38325991189427, 56.492248062015506, 56.53465346534654, 0.0, 17.82511210762332, 75.05219206680584, 0.0, 0.0, 94.35084241823587], [98.26530612244898, 99.38325991189427, 58.81782945736434, 68.7128712871287, 46.94501018329939, 40.582959641255606, 83.92484342379959, 0.6809338521400778, 16.427104722792606, 58.87016848364718], [95.91836734693878, 99.29515418502203, 59.49612403100775, 72.37623762376238, 84.92871690427698, 67.152466367713, 87.68267223382045, 2.529182879377432, 59.445585215605746, 26.66005946481665], [97.65306122448979, 98.76651982378854, 76.06589147286822, 85.74257425742574, 28.41140529531568, 60.2017937219731, 81.00208768267224, 72.27626459143968, 40.965092402464066, 87.1159563924678], [98.06122448979592, 98.94273127753304, 78.77906976744185, 79.00990099009901, 60.08146639511202, 67.48878923766816, 84.75991649269311, 81.22568093385215, 63.449691991786445, 73.2408325074331], [95.3061224489796, 99.03083700440529, 70.05813953488372, 83.36633663366337, 85.64154786150714, 72.75784753363229, 91.33611691022965, 82.78210116731518, 60.57494866529774, 48.06739345887017], [96.93877551020408, 97.5330396475771, 77.90697674418605, 82.37623762376238, 60.9979633401222, 71.30044843049328, 91.02296450939457, 80.73929961089495, 82.03285420944559, 79.68285431119921], [97.55102040816327, 97.44493392070484, 80.13565891472868, 86.53465346534654, 57.63747454175153, 67.26457399103138, 92.48434237995825, 83.46303501945525, 77.82340862422998, 83.44895936570862], [96.63265306122449, 97.18061674008811, 71.80232558139535, 91.48514851485149, 68.22810590631364, 70.4035874439462, 91.9624217118998, 85.89494163424125, 77.1047227926078, 79.58374628344896], [96.3265306122449, 98.06167400881057, 85.94961240310077, 85.54455445544555, 67.00610997963341, 82.847533632287, 91.12734864300626, 86.96498054474708, 75.46201232032854, 82.25966303270565], [98.06122448979592, 97.18061674008811, 80.81395348837209, 85.04950495049505, 82.68839103869654, 79.26008968609865, 93.31941544885177, 86.08949416342412, 80.39014373716633, 75.9167492566898], [97.14285714285714, 98.14977973568281, 82.84883720930233, 86.13861386138613, 72.19959266802444, 84.75336322869956, 92.69311064718163, 91.05058365758755, 74.94866529774127, 84.83647175421208], [96.93877551020408, 96.91629955947137, 82.07364341085271, 92.27722772277228, 84.31771894093686, 75.33632286995515, 93.84133611691023, 89.2023346303502, 81.93018480492813, 80.77304261645193], [96.42857142857143, 97.00440528634361, 55.42635658914729, 84.75247524752476, 82.07739307535641, 88.90134529147981, 91.23173277661796, 88.2295719844358, 77.41273100616016, 88.70168483647176], [97.14285714285714, 96.74008810572687, 85.46511627906976, 87.32673267326733, 87.57637474541751, 87.78026905829596, 95.30271398747391, 88.61867704280155, 82.03285420944559, 83.25074331020812], [97.24489795918367, 97.88546255506608, 84.30232558139535, 88.81188118811882, 85.5397148676171, 84.97757847533633, 94.57202505219206, 88.52140077821012, 80.80082135523614, 89.197224975223], [96.42857142857143, 97.3568281938326, 82.17054263565892, 84.95049504950495, 89.40936863543789, 86.88340807174887, 94.67640918580376, 87.54863813229572, 83.26488706365502, 89.69276511397423], [96.63265306122449, 97.18061674008811, 78.48837209302326, 90.99009900990099, 88.18737270875764, 84.86547085201794, 93.52818371607516, 88.52140077821012, 81.82751540041068, 91.37760158572844], [96.3265306122449, 96.74008810572687, 81.3953488372093, 87.02970297029702, 88.59470468431772, 92.04035874439462, 91.9624217118998, 90.56420233463035, 84.29158110882958, 88.40436075322101], [96.83673469387755, 97.26872246696036, 85.17441860465117, 93.36633663366337, 86.55804480651732, 84.97757847533633, 93.94572025052192, 90.85603112840467, 84.29158110882958, 91.77403369672943], [96.83673469387755, 97.09251101321586, 90.40697674418605, 89.9009900990099, 92.66802443991854, 85.42600896860986, 94.46764091858037, 89.6887159533074, 84.70225872689939, 88.50346878097126], [97.34693877551021, 96.91629955947137, 84.01162790697674, 88.41584158415841, 92.76985743380855, 89.23766816143498, 94.98956158663883, 90.85603112840467, 84.80492813141684, 89.09811694747275], [96.12244897959184, 97.44493392070484, 81.5891472868217, 93.66336633663366, 91.34419551934828, 86.09865470852019, 95.51148225469728, 89.6887159533074, 87.16632443531827, 91.0802775024777], [97.44897959183673, 97.00440528634361, 87.5, 88.31683168316832, 93.38085539714868, 91.59192825112108, 94.88517745302714, 90.75875486381322, 85.72895277207392, 88.00792864222002], [98.06122448979592, 98.23788546255507, 77.90697674418605, 92.77227722772277, 93.9918533604888, 89.12556053811659, 93.63256784968685, 90.85603112840467, 85.31827515400411, 88.50346878097126], [98.16326530612245, 97.3568281938326, 85.07751937984496, 91.58415841584159, 93.27902240325865, 89.57399103139014, 95.19832985386222, 92.31517509727627, 84.70225872689939, 88.50346878097126], [97.55102040816327, 97.79735682819383, 78.29457364341086, 92.57425742574257, 94.39918533604887, 86.99551569506727, 94.78079331941545, 91.92607003891051, 82.85420944558521, 89.99008919722498]],