{"config": {"DATASET": "mnist", "CLIENT_FRAC": 0.2, "POISON_FRAC": 0.1, "CREATE_DATASET": false, "CLASS_RATIO": 10, "MODEL": "nnet", "LEARNING_RATE": 0.001, "BATCH_SIZE": 32, "LOCAL_EPOCHS": 3, "OPTIMIZER": "adam", "FED_ROUNDS": 30, "TEST_EVERY": 1, "RANDOM": true, "COS_DEFENCE": true, "SEL_METHOD": 1, "COLLAB_MODE": true, "COLLAB_ALL": false, "CONSIDER_LAYERS": "l1", "GRAD_AGG": true, "FEATURE_FINDING_ALGO": "auror_plus", "GRAD_COLLECTION_START": 0, "GRAD_COLLECT_FOR": -1, "CLUSTER_SEP": 2.0, "ALPHA": 0.5, "BETA": 0.5, "GAMMA": 0.5, "TRUST_INC": 2, "TRUST_CUT_METHOD": 1, "HONEST_PARDON_FACTOR": 0.99, "LOG_LEVEL": "INFO", "JSON_RESULTS": true}, "mean_poison_class_acc": 81.11627906976744, "mean_attack_srate": 2.6201550387596897, "total_accuracies": [22.11, 19.19, 36.88, 52.34, 52.91, 55.46, 70.99, 72.8, 80.31, 83.01, 83.13, 85.73, 87.02, 87.37, 88.53, 89.03, 89.04, 90.07, 90.24, 90.65, 91.07, 91.0, 90.85, 91.37, 91.95, 92.29, 92.54, 92.54, 92.52, 92.99], "class_accuracies": [[0.0, 92.86343612334802, 85.27131782945736, 0.0, 0.0, 25.44843049327354, 0.0, 4.766536964980545, 0.1026694045174538, 0.0], [3.877551020408163, 100.0, 25.968992248062015, 0.0, 0.0, 53.587443946188344, 0.0, 0.0, 0.0, 0.0], [61.224489795918366, 100.0, 39.825581395348834, 12.574257425742575, 0.0, 38.228699551569505, 25.052192066805844, 15.272373540856032, 0.1026694045174538, 66.9970267591675], [96.53061224489795, 99.55947136563877, 38.372093023255815, 85.64356435643565, 0.0, 40.134529147982065, 4.906054279749478, 25.972762645914397, 36.24229979466119, 86.42220019821606], [91.0204081632653, 99.8237885462555, 44.37984496124031, 67.02970297029702, 0.0, 63.45291479820628, 41.127348643006265, 6.809338521400778, 26.18069815195072, 83.84539147670961], [76.93877551020408, 86.87224669603525, 54.06976744186046, 96.43564356435644, 63.74745417515275, 22.19730941704036, 0.6263048016701461, 91.92607003891051, 32.238193018480494, 18.334985133795836], [93.6734693877551, 99.55947136563877, 53.39147286821706, 82.27722772277228, 74.74541751527495, 64.57399103139014, 75.26096033402922, 60.89494163424124, 30.28747433264887, 71.06045589692765], [96.63265306122449, 99.47136563876651, 73.93410852713178, 88.91089108910892, 92.26069246435846, 46.973094170403584, 81.73277661795407, 72.27626459143968, 44.04517453798768, 26.065411298315162], [97.14285714285714, 97.00440528634361, 79.74806201550388, 85.84158415841584, 91.64969450101833, 64.46188340807174, 87.78705636743216, 88.91050583657588, 71.66324435318275, 35.678889990089196], [97.24489795918367, 97.18061674008811, 75.67829457364341, 87.22772277227723, 88.28920570264766, 70.62780269058295, 90.91858037578288, 89.59143968871595, 72.17659137577002, 58.572844400396434], [97.34693877551021, 97.18061674008811, 77.51937984496124, 87.72277227722772, 93.68635437881873, 73.31838565022422, 90.18789144050105, 88.13229571984436, 74.64065708418892, 49.45490584737364], [96.93877551020408, 96.65198237885463, 69.18604651162791, 88.21782178217822, 84.31771894093686, 77.69058295964126, 91.12734864300626, 88.52140077821012, 78.2340862422998, 84.73736372646184], [97.75510204081633, 97.3568281938326, 77.81007751937985, 84.95049504950495, 93.27902240325865, 78.9237668161435, 92.79749478079331, 91.53696498054475, 79.56878850102669, 74.62834489593656], [96.93877551020408, 98.41409691629956, 83.62403100775194, 87.82178217821782, 93.58452138492872, 78.69955156950672, 93.21503131524008, 88.91050583657588, 75.97535934291581, 74.52923686818632], [97.75510204081633, 96.56387665198238, 81.3953488372093, 87.92079207920793, 93.68635437881873, 80.38116591928251, 91.9624217118998, 90.56420233463035, 82.75154004106776, 80.87215064420218], [97.55102040816327, 96.65198237885463, 84.39922480620154, 90.0, 95.21384928716904, 82.847533632287, 91.64926931106471, 89.78599221789884, 83.47022587268994, 77.50247770069376], [97.44897959183673, 96.56387665198238, 78.29457364341086, 87.72277227722772, 94.80651731160896, 87.21973094170404, 92.06680584551148, 91.82879377431907, 81.3141683778234, 82.45787908820614], [97.85714285714286, 97.70925110132158, 83.81782945736434, 90.29702970297029, 92.87169042769857, 84.4170403587444, 94.258872651357, 90.6614785992218, 81.82751540041068, 85.72844400396433], [97.14285714285714, 97.09251101321586, 87.5, 86.73267326732673, 95.21384928716904, 87.89237668161435, 94.05010438413362, 89.39688715953308, 83.36755646817248, 83.25074331020812], [97.65306122448979, 97.18061674008811, 84.39922480620154, 90.1980198019802, 95.62118126272912, 85.65022421524664, 93.52818371607516, 90.56420233463035, 85.93429158110882, 84.83647175421208], [97.75510204081633, 97.00440528634361, 89.43798449612403, 90.99009900990099, 96.02851323828921, 86.43497757847534, 94.258872651357, 90.6614785992218, 84.39425051334702, 82.75520317145688], [97.85714285714286, 97.44493392070484, 86.7248062015504, 90.6930693069307, 95.82484725050917, 87.5560538116592, 93.63256784968685, 90.46692607003891, 83.88090349075975, 85.0346878097126], [97.85714285714286, 97.79735682819383, 82.07364341085271, 90.0, 94.09368635437882, 87.89237668161435, 93.73695198329854, 91.73151750972762, 85.1129363449692, 87.41328047571854], [97.85714285714286, 97.97356828193833, 86.7248062015504, 89.8019801980198, 96.63951120162933, 88.78923766816143, 94.05010438413362, 91.73151750972762, 85.83162217659138, 83.54806739345887], [97.95918367346938, 97.62114537444934, 87.8875968992248, 90.99009900990099, 95.62118126272912, 88.45291479820628, 94.88517745302714, 90.46692607003891, 86.55030800821355, 88.30525272547077], [98.06122448979592, 97.70925110132158, 87.59689922480621, 92.67326732673267, 95.62118126272912, 88.34080717488789, 94.36325678496868, 91.147859922179, 89.3223819301848, 87.31417244796829], [97.85714285714286, 97.5330396475771, 90.69767441860465, 90.6930693069307, 95.010183299389, 91.92825112107623, 95.19832985386222, 90.6614785992218, 86.85831622176592, 88.50346878097126], [97.95918367346938, 97.62114537444934, 91.27906976744185, 91.2871287128713, 96.63951120162933, 89.01345291479821, 96.03340292275574, 91.43968871595331, 88.19301848049281, 85.23290386521309], [97.85714285714286, 97.79735682819383, 89.34108527131782, 91.48514851485149, 95.92668024439918, 91.25560538116592, 94.1544885177453, 91.34241245136187, 87.88501026694045, 87.61149653121903], [97.95918367346938, 97.97356828193833, 91.37596899224806, 93.16831683168317, 95.51934826883911, 90.24663677130044, 95.4070981210856, 91.53696498054475, 87.26899383983573, 88.70168483647176]],