{"config": {"DATASET": "mnist", "TOTAL_CLIENTS": 100, "CLIENT_FRAC": 0.2, "POISON_FRAC": 0.5, "CREATE_DATASET": false, "RANDOM_DATA": true, "CLASS_RATIO": 10, "MODEL": "nnet", "LEARNING_RATE": 0.001, "BATCH_SIZE": 32, "LOCAL_EPOCHS": 10, "OPTIMIZER": "adam", "FED_ROUNDS": 30, "TEST_EVERY": 1, "RANDOM_PROCESS": false, "COS_DEFENCE": true, "SEL_METHOD": 1, "REDUCE_LR": 1, "COLLAB_MODE": true, "COLLAB_ALL": true, "CONSIDER_LAYERS": "l1", "GRAD_AGG": true, "FEATURE_FINDING_ALGO": "auror", "GRAD_COLLECTION_START": 0, "GRAD_COLLECT_FOR": -1, "CLUSTER_SEP": 0.002, "ALPHA": 0.8, "BETA": 0.8, "GAMMA": 0.1, "TRUST_INC": 2, "TRUST_CUT_METHOD": 1, "HONEST_PARDON_FACTOR": 0.7, "LOG_LEVEL": "INFO", "JSON_RESULTS": true}, "mean_poison_class_acc": 58.39534883720931, "mean_attack_srate": 3.895348837209302, "total_accuracies": [48.19, 66.86, 74.76, 78.4, 81.88, 81.25, 86.68, 89.98, 90.36, 87.28, 91.06, 87.76, 91.57, 91.88, 86.12, 92.88, 93.34, 91.64, 87.0, 94.17, 93.08, 93.82, 85.32, 93.93, 91.87, 91.58, 94.23, 93.49, 88.68, 91.69], "class_accuracies": [[99.48979591836735, 97.00440528634361, 0.0, 47.227722772277225, 72.19959266802444, 5.7174887892376685, 16.597077244258873, 62.64591439688716, 12.833675564681725, 57.28444003964321], [98.16326530612245, 98.76651982378854, 0.0, 89.00990099009901, 84.11405295315683, 71.41255605381166, 72.54697286012527, 89.00778210116732, 29.363449691991786, 34.19226957383548], [96.93877551020408, 98.50220264317181, 0.0, 91.68316831683168, 85.74338085539715, 70.85201793721973, 90.7098121085595, 92.80155642023347, 65.09240246406571, 54.60852329038652], [96.93877551020408, 97.44493392070484, 0.09689922480620156, 87.42574257425743, 86.35437881873727, 87.78026905829596, 89.35281837160751, 89.39688715953308, 71.66324435318275, 78.88999008919723], [97.65306122448979, 97.3568281938326, 15.503875968992247, 90.0, 92.4643584521385, 84.64125560538116, 91.54488517745303, 91.05058365758755, 79.56878850102669, 79.8810703666997], [97.95918367346938, 96.82819383259911, 3.294573643410853, 88.7128712871287, 91.14052953156823, 84.64125560538116, 92.79749478079331, 89.10505836575875, 80.69815195071868, 88.70168483647176], [98.16326530612245, 97.79735682819383, 49.031007751937985, 90.79207920792079, 94.29735234215886, 87.5560538116592, 93.42379958246346, 89.6887159533074, 78.64476386036961, 87.51238850346878], [97.44897959183673, 97.18061674008811, 76.93798449612403, 91.48514851485149, 93.78818737270876, 87.4439461883408, 94.258872651357, 88.61867704280155, 86.75564681724846, 85.43111992071358], [97.34693877551021, 97.5330396475771, 73.64341085271317, 91.58415841584159, 91.75152749490834, 88.00448430493273, 95.09394572025052, 90.56420233463035, 87.06365503080082, 90.58473736372646], [98.16326530612245, 98.6784140969163, 40.69767441860465, 92.97029702970298, 93.68635437881873, 89.68609865470852, 94.258872651357, 91.34241245136187, 84.49691991786447, 89.39544103072349], [97.75510204081633, 98.32599118942731, 73.06201550387597, 93.66336633663366, 94.19551934826885, 89.57399103139014, 95.72025052192066, 91.92607003891051, 86.652977412731, 89.39544103072349], [98.16326530612245, 98.41409691629956, 37.01550387596899, 92.17821782178218, 95.31568228105907, 91.3677130044843, 95.51148225469728, 91.63424124513618, 90.14373716632444, 88.9990089197225], [98.87755102040816, 98.94273127753304, 75.7751937984496, 92.57425742574257, 94.60285132382892, 89.01345291479821, 94.88517745302714, 92.50972762645914, 88.80903490759754, 89.197224975223], [98.6734693877551, 98.50220264317181, 73.44961240310077, 93.46534653465346, 94.60285132382892, 93.49775784753363, 94.05010438413362, 91.43968871595331, 90.65708418891171, 90.58473736372646], [97.65306122448979, 98.50220264317181, 15.01937984496124, 95.04950495049505, 95.31568228105907, 91.4798206278027, 95.72025052192066, 92.02334630350195, 90.4517453798768, 91.77403369672943], [97.65306122448979, 98.59030837004406, 81.2984496124031, 93.06930693069307, 94.80651731160896, 92.60089686098655, 96.76409185803757, 92.31517509727627, 91.88911704312115, 89.69276511397423], [97.65306122448979, 98.6784140969163, 84.10852713178295, 92.97029702970298, 95.010183299389, 93.83408071748879, 95.72025052192066, 93.3852140077821, 90.34907597535934, 91.47670961347869], [97.85714285714286, 98.76651982378854, 65.60077519379846, 94.55445544554455, 95.51934826883911, 90.5829596412556, 95.82463465553236, 93.3852140077821, 91.9917864476386, 92.36868186323092], [97.85714285714286, 98.50220264317181, 17.829457364341085, 94.15841584158416, 95.62118126272912, 92.9372197309417, 96.24217118997912, 93.8715953307393, 91.37577002053388, 93.45887016848364], [98.16326530612245, 98.59030837004406, 88.85658914728683, 93.16831683168317, 94.90835030549898, 92.152466367713, 96.03340292275574, 93.28793774319067, 93.01848049281314, 93.06243805748265], [98.46938775510205, 98.50220264317181, 76.35658914728683, 93.76237623762377, 93.78818737270876, 92.71300448430493, 95.72025052192066, 94.16342412451363, 93.94250513347022, 93.3597621407334], [98.36734693877551, 98.76651982378854, 82.17054263565892, 94.65346534653466, 95.82484725050917, 93.04932735426009, 96.24217118997912, 93.77431906614785, 91.68377823408625, 93.45887016848364], [98.06122448979592, 98.94273127753304, 0.09689922480620156, 95.14851485148515, 97.55600814663951, 93.16143497757848, 96.34655532359082, 93.96887159533074, 90.75975359342915, 91.57581764122894], [97.75510204081633, 98.50220264317181, 81.97674418604652, 94.45544554455445, 95.82484725050917, 94.39461883408072, 96.34655532359082, 94.06614785992218, 93.42915811088295, 92.56689791873141], [98.57142857142857, 98.50220264317181, 61.33720930232558, 96.23762376237623, 94.39918533604887, 92.48878923766816, 96.03340292275574, 94.06614785992218, 93.01848049281314, 94.44995044598612], [97.95918367346938, 98.94273127753304, 58.91472868217054, 94.15841584158416, 96.33401221995926, 94.28251121076234, 96.45093945720251, 93.3852140077821, 92.60780287474333, 93.45887016848364], [98.06122448979592, 98.6784140969163, 82.55813953488372, 95.34653465346534, 95.41751527494908, 93.83408071748879, 96.24217118997912, 93.8715953307393, 93.94250513347022, 94.25173439048562], [97.65306122448979, 98.6784140969163, 76.25968992248062, 95.44554455445545, 96.63951120162933, 94.05829596412556, 96.86847599164926, 93.48249027237354, 92.29979466119096, 93.65708622398414], [98.06122448979592, 98.41409691629956, 28.585271317829456, 95.24752475247524, 95.82484725050917, 93.49775784753363, 96.34655532359082, 95.23346303501945, 93.01848049281314, 94.15262636273538], [98.6734693877551, 98.59030837004406, 56.007751937984494, 95.54455445544555, 95.51934826883911, 94.5067264573991, 95.51148225469728, 94.55252918287938, 94.96919917864476, 93.85530227948463]],