{"config": {"DATASET": "mnist", "TOTAL_CLIENTS": 100, "CLIENT_FRAC": 0.2, "POISON_FRAC": 0.1, "CREATE_DATASET": false, "RANDOM_DATA": true, "CLASS_RATIO": 10, "MODEL": "nnet", "LEARNING_RATE": 0.001, "BATCH_SIZE": 32, "LOCAL_EPOCHS": 10, "OPTIMIZER": "adam", "FED_ROUNDS": 30, "TEST_EVERY": 1, "RANDOM_PROCESS": false, "COS_DEFENCE": false, "SEL_METHOD": 1, "REDUCE_LR": 1, "COLLAB_MODE": true, "COLLAB_ALL": true, "CONSIDER_LAYERS": "l1", "GRAD_AGG": true, "FEATURE_FINDING_ALGO": "none", "GRAD_COLLECTION_START": 0, "GRAD_COLLECT_FOR": -1, "CLUSTER_SEP": 0.02, "ALPHA": 0.8, "BETA": 0.8, "GAMMA": 0.1, "TRUST_INC": 2, "TRUST_CUT_METHOD": 1, "HONEST_PARDON_FACTOR": 0.8, "LOG_LEVEL": "INFO", "JSON_RESULTS": true}, "mean_poison_class_acc": 79.03100775193799, "mean_attack_srate": 3.135658914728682, "total_accuracies": [50.1, 71.15, 81.88, 86.52, 88.43, 88.57, 89.65, 89.63, 89.73, 92.03, 92.52, 92.76, 88.83, 93.63, 93.47, 92.18, 93.28, 93.4, 94.49, 94.64, 91.88, 94.16, 91.16, 94.93, 93.76, 93.35, 93.51, 94.34, 94.0, 94.33], "class_accuracies": [[99.38775510204081, 93.83259911894272, 1.3565891472868217, 57.42574257425743, 66.90427698574338, 21.63677130044843, 28.079331941544886, 48.34630350194553, 31.62217659137577, 44.89593657086224], [96.73469387755102, 98.6784140969163, 45.93023255813954, 92.57425742574257, 75.86558044806517, 65.02242152466367, 82.4634655532359, 86.67315175097276, 35.318275154004105, 28.543111992071356], [95.91836734693878, 98.50220264317181, 54.457364341085274, 89.60396039603961, 85.23421588594705, 72.86995515695067, 89.35281837160751, 92.12062256809338, 72.48459958932239, 66.10505450941527], [97.14285714285714, 97.3568281938326, 74.51550387596899, 86.73267326732673, 85.13238289205702, 86.99551569506727, 90.7098121085595, 90.1750972762646, 73.81930184804928, 81.56590683845391], [97.55102040816327, 97.3568281938326, 76.25968992248062, 89.5049504950495, 92.36252545824847, 83.29596412556054, 91.64926931106471, 91.73151750972762, 81.62217659137578, 81.76412289395441], [97.65306122448979, 97.18061674008811, 71.99612403100775, 89.10891089108911, 90.73319755600815, 84.4170403587444, 91.9624217118998, 91.43968871595331, 83.47022587268994, 86.81863230921705], [98.06122448979592, 98.06167400881057, 77.51937984496124, 90.99009900990099, 90.83503054989816, 88.2286995515695, 91.9624217118998, 92.02334630350195, 82.03285420944559, 85.92666005946482], [98.36734693877551, 97.5330396475771, 71.31782945736434, 91.98019801980197, 91.85336048879837, 88.56502242152466, 91.02296450939457, 91.34241245136187, 84.08624229979466, 89.69276511397423], [97.75510204081633, 97.5330396475771, 68.7984496124031, 91.48514851485149, 89.91853360488798, 89.12556053811659, 92.90187891440502, 90.6614785992218, 86.652977412731, 92.17046580773042], [97.75510204081633, 97.79735682819383, 87.6937984496124, 92.87128712871286, 93.07535641547861, 86.99551569506727, 94.1544885177453, 91.73151750972762, 87.06365503080082, 90.08919722497522], [97.95918367346938, 98.06167400881057, 88.37209302325581, 92.67326732673267, 94.5010183299389, 89.01345291479821, 95.30271398747391, 91.34241245136187, 86.44763860369609, 90.68384539147671], [97.85714285714286, 98.23788546255507, 86.53100775193798, 94.15841584158416, 95.21384928716904, 89.57399103139014, 95.4070981210856, 91.73151750972762, 87.16632443531827, 90.98116947472745], [98.26530612244898, 98.23788546255507, 49.127906976744185, 93.46534653465346, 93.48268839103869, 90.5829596412556, 93.73695198329854, 93.96887159533074, 84.59958932238193, 93.1615460852329], [98.16326530612245, 98.06167400881057, 90.98837209302326, 93.46534653465346, 94.19551934826885, 90.13452914798206, 94.67640918580376, 93.09338521400778, 90.24640657084188, 92.46778989098117], [98.57142857142857, 98.14977973568281, 86.24031007751938, 94.25742574257426, 95.31568228105907, 91.59192825112108, 94.78079331941545, 93.57976653696498, 88.29568788501027, 93.3597621407334], [98.06122448979592, 98.23788546255507, 73.54651162790698, 93.56435643564356, 93.07535641547861, 92.37668161434978, 94.258872651357, 94.45525291828794, 89.3223819301848, 94.74727452923686], [98.06122448979592, 98.14977973568281, 81.4922480620155, 95.24752475247524, 95.51934826883911, 90.5829596412556, 95.51148225469728, 93.19066147859922, 90.96509240246407, 93.65708622398414], [98.26530612244898, 98.41409691629956, 83.91472868217055, 92.87128712871286, 93.89002036659878, 92.9372197309417, 94.57202505219206, 93.19066147859922, 90.75975359342915, 94.84638255698711], [97.85714285714286, 98.50220264317181, 92.44186046511628, 92.97029702970298, 95.21384928716904, 92.152466367713, 96.24217118997912, 93.19066147859922, 92.19712525667352, 93.55797819623389], [98.26530612244898, 98.76651982378854, 90.40697674418605, 94.25742574257426, 95.11201629327903, 92.48878923766816, 95.82463465553236, 93.67704280155642, 93.1211498973306, 93.95441030723488], [98.6734693877551, 98.59030837004406, 65.89147286821705, 93.56435643564356, 95.92668024439918, 93.27354260089686, 94.98956158663883, 93.8715953307393, 89.73305954825462, 94.54905847373637], [98.26530612244898, 98.76651982378854, 86.04651162790698, 93.66336633663366, 93.58452138492872, 93.72197309417041, 95.61586638830897, 94.45525291828794, 92.40246406570841, 94.74727452923686], [97.75510204081633, 98.76651982378854, 55.23255813953488, 94.45544554455445, 96.13034623217922, 94.05829596412556, 96.13778705636743, 94.3579766536965, 90.75975359342915, 94.64816650148661], [98.57142857142857, 98.8546255506608, 90.21317829457364, 95.54455445544555, 95.41751527494908, 93.04932735426009, 96.03340292275574, 94.55252918287938, 92.71047227926078, 93.85530227948463], [98.26530612244898, 98.59030837004406, 81.78294573643412, 94.15841584158416, 95.010183299389, 93.72197309417041, 95.4070981210856, 93.19066147859922, 92.09445585215606, 95.24281466798811], [98.06122448979592, 98.76651982378854, 77.32558139534883, 94.15841584158416, 96.33401221995926, 95.73991031390135, 95.19832985386222, 93.48249027237354, 90.24640657084188, 94.35084241823587], [98.77551020408163, 98.6784140969163, 75.09689922480621, 95.74257425742574, 96.23217922606925, 93.60986547085201, 95.30271398747391, 95.42801556420234, 92.09445585215606, 94.15262636273538], [98.26530612244898, 98.6784140969163, 82.94573643410853, 96.03960396039604, 94.5010183299389, 92.60089686098655, 96.97286012526096, 94.55252918287938, 93.63449691991786, 94.94549058473736], [98.36734693877551, 98.59030837004406, 78.97286821705427, 95.94059405940594, 96.13034623217922, 93.27354260089686, 96.03340292275574, 93.96887159533074, 94.25051334702259, 94.44995044598612], [98.06122448979592, 98.32599118942731, 81.87984496124031, 95.64356435643565, 96.5376782077393, 92.82511210762331, 96.45093945720251, 94.45525291828794, 94.45585215605749, 94.54905847373637]],