{"config": {"DATASET": "mnist", "CLIENT_FRAC": 0.2, "POISON_FRAC": 0.0, "CREATE_DATASET": false, "CLASS_RATIO": 10, "MODEL": "nnet", "LEARNING_RATE": 0.001, "BATCH_SIZE": 32, "LOCAL_EPOCHS": 3, "OPTIMIZER": "adam", "FED_ROUNDS": 30, "TEST_EVERY": 1, "RANDOM": true, "COS_DEFENCE": true, "SEL_METHOD": 1, "COLLAB_MODE": true, "COLLAB_ALL": false, "CONSIDER_LAYERS": "l1", "GRAD_AGG": true, "FEATURE_FINDING_ALGO": "auror_plus", "GRAD_COLLECTION_START": 0, "GRAD_COLLECT_FOR": -1, "CLUSTER_SEP": 2.0, "ALPHA": 0.5, "BETA": 0.5, "GAMMA": 0.5, "TRUST_INC": 2, "TRUST_CUT_METHOD": 1, "HONEST_PARDON_FACTOR": 0.99, "LOG_LEVEL": "INFO", "JSON_RESULTS": true}, "mean_poison_class_acc": 84.0658914728682, "mean_attack_srate": 2.9031007751937983, "total_accuracies": [13.93, 32.23, 30.02, 47.37, 57.73, 53.65, 67.28, 78.84, 80.46, 83.66, 84.68, 85.98, 87.71, 88.14, 88.85, 89.09, 89.59, 89.98, 90.31, 90.58, 91.0, 91.26, 91.63, 91.87, 92.09, 92.18, 92.43, 92.78, 92.95, 93.04], "class_accuracies": [[25.918367346938776, 0.0, 99.6124031007752, 7.227722772277228, 0.0, 0.0, 0.0, 0.0, 3.9014373716632442, 0.0], [90.81632653061224, 25.374449339207047, 87.20930232558139, 40.198019801980195, 0.0, 0.0, 10.542797494780793, 0.0, 65.50308008213553, 0.0], [79.18367346938776, 36.74008810572687, 98.15891472868218, 67.32673267326733, 0.0, 0.0, 0.10438413361169102, 0.0, 11.806981519507186, 0.0], [96.0204081632653, 87.13656387665198, 84.59302325581395, 88.31683168316832, 49.490835030549896, 3.6995515695067263, 35.177453027139876, 0.6809338521400778, 16.83778234086242, 1.4866204162537167], [91.12244897959184, 90.22026431718062, 85.56201550387597, 85.44554455445545, 62.21995926680244, 32.511210762331835, 36.84759916492693, 1.556420233463035, 48.049281314168375, 36.86818632309217], [98.87755102040816, 98.23788546255507, 56.492248062015506, 52.277227722772274, 42.56619144602851, 5.044843049327354, 51.46137787056367, 37.2568093385214, 5.441478439425051, 77.10604558969277], [97.44897959183673, 97.3568281938326, 65.31007751937985, 80.39603960396039, 89.0020366598778, 25.7847533632287, 83.19415448851774, 71.01167315175097, 10.574948665297741, 44.400396432111], [94.79591836734694, 96.2114537444934, 74.12790697674419, 78.11881188118812, 86.55804480651732, 61.88340807174888, 90.29227557411274, 78.30739299610894, 49.281314168377826, 75.02477700693757], [94.79591836734694, 95.94713656387665, 81.87984496124031, 82.77227722772277, 91.0386965376782, 74.2152466367713, 87.36951983298539, 81.90661478599222, 53.285420944558524, 58.77106045589693], [95.91836734693878, 95.50660792951543, 85.17441860465117, 84.35643564356435, 90.12219959266803, 74.10313901345292, 88.51774530271399, 86.284046692607, 62.217659137577, 71.75421209117938], [95.81632653061224, 98.23788546255507, 79.16666666666667, 86.13861386138613, 89.81670061099797, 78.36322869955157, 91.64926931106471, 87.35408560311284, 62.32032854209446, 75.61942517343905], [97.04081632653062, 96.12334801762114, 81.1046511627907, 89.9009900990099, 91.0386965376782, 71.63677130044843, 90.91858037578288, 86.7704280155642, 73.51129363449692, 79.18731417244797], [96.42857142857143, 96.12334801762114, 86.53100775193798, 86.13861386138613, 89.10386965376782, 78.25112107623319, 92.58872651356994, 87.84046692607004, 77.41273100616016, 84.73736372646184], [97.14285714285714, 97.26872246696036, 84.01162790697674, 85.74257425742574, 91.5478615071283, 81.16591928251121, 92.79749478079331, 85.7976653696498, 80.39014373716633, 84.0436075322101], [97.04081632653062, 97.62114537444934, 83.43023255813954, 88.01980198019803, 92.76985743380855, 81.16591928251121, 93.31941544885177, 88.61867704280155, 80.18480492813141, 84.73736372646184], [97.14285714285714, 97.97356828193833, 85.46511627906976, 90.1980198019802, 91.75152749490834, 81.27802690582959, 91.8580375782881, 87.15953307392996, 78.13141683778234, 88.10703666997027], [97.34693877551021, 97.3568281938326, 86.53100775193798, 87.22772277227723, 94.39918533604887, 84.19282511210763, 92.48434237995825, 89.29961089494164, 81.21149897330595, 84.53914767096134], [97.04081632653062, 97.09251101321586, 84.88372093023256, 89.5049504950495, 94.70468431771894, 82.28699551569507, 93.31941544885177, 87.93774319066148, 84.39425051334702, 87.31417244796829], [97.55102040816327, 97.88546255506608, 87.6937984496124, 91.08910891089108, 91.44602851323829, 83.85650224215247, 93.73695198329854, 88.81322957198444, 79.46611909650925, 89.99008919722498], [97.44897959183673, 97.44493392070484, 87.59689922480621, 88.7128712871287, 91.75152749490834, 87.21973094170404, 93.73695198329854, 89.78599221789884, 81.3141683778234, 89.69276511397423], [97.85714285714286, 97.88546255506608, 86.53100775193798, 90.0, 94.70468431771894, 85.87443946188341, 93.73695198329854, 91.34241245136187, 84.80492813141684, 86.12487611496532], [98.36734693877551, 97.88546255506608, 87.5, 92.77227722772277, 92.66802443991854, 84.75336322869956, 93.42379958246346, 91.24513618677042, 84.18891170431212, 88.40436075322101], [97.75510204081633, 98.06167400881057, 89.63178294573643, 89.60396039603961, 93.9918533604888, 88.2286995515695, 94.05010438413362, 91.24513618677042, 84.18891170431212, 88.50346878097126], [98.06122448979592, 97.44493392070484, 91.08527131782945, 91.68316831683168, 94.39918533604887, 85.42600896860986, 95.4070981210856, 90.56420233463035, 86.24229979466119, 87.21506442021804], [98.16326530612245, 97.26872246696036, 89.72868217054264, 92.57425742574257, 94.29735234215886, 86.99551569506727, 94.98956158663883, 91.05058365758755, 85.83162217659138, 88.9990089197225], [98.26530612244898, 98.59030837004406, 89.14728682170542, 90.6930693069307, 93.58452138492872, 89.79820627802691, 94.78079331941545, 92.12062256809338, 84.49691991786447, 89.39544103072349], [98.06122448979592, 98.50220264317181, 89.43798449612403, 92.37623762376238, 94.29735234215886, 89.23766816143498, 93.84133611691023, 90.85603112840467, 86.24229979466119, 90.48562933597621], [98.46938775510205, 97.62114537444934, 90.69767441860465, 91.48514851485149, 93.9918533604888, 89.12556053811659, 95.61586638830897, 90.95330739299611, 87.16632443531827, 91.87314172447968], [97.85714285714286, 98.6784140969163, 89.05038759689923, 92.27722772277228, 93.89002036659878, 89.91031390134529, 95.30271398747391, 91.73151750972762, 88.29568788501027, 91.67492566897918], [98.16326530612245, 98.50220264317181, 89.43798449612403, 93.46534653465346, 93.9918533604888, 88.67713004484305, 95.30271398747391, 93.57976653696498, 88.29568788501027, 89.99008919722498]],