{"config": {"DATASET": "mnist", "TOTAL_CLIENTS": 100, "CLIENT_FRAC": 0.1, "POISON_FRAC": 0.1, "CREATE_DATASET": true, "RANDOM_DATA": true, "CLASS_RATIO": 10, "MODEL": "nnet", "LEARNING_RATE": 0.001, "BATCH_SIZE": 32, "LOCAL_EPOCHS": 3, "OPTIMIZER": "adam", "FED_ROUNDS": 30, "TEST_EVERY": 1, "RANDOM_PROCESS": true, "COS_DEFENCE": true, "SEL_METHOD": 1, "REDUCE_LR": 1, "COLLAB_MODE": true, "COLLAB_ALL": true, "CONSIDER_LAYERS": "l1", "GRAD_AGG": true, "FEATURE_FINDING_ALGO": "auror", "GRAD_COLLECTION_START": 0, "GRAD_COLLECT_FOR": -1, "CLUSTER_SEP": 0.002, "ALPHA": 0.8, "BETA": 0.8, "GAMMA": 0.1, "TRUST_INC": 2, "TRUST_CUT_METHOD": 2, "HONEST_PARDON_FACTOR": 0.99, "LOG_LEVEL": "INFO", "JSON_RESULTS": true}, "mean_poison_class_acc": 80.9108527131783, "mean_attack_srate": 3.2315891472868215, "total_accuracies": [16.27, 41.5, 40.03, 58.58, 63.72, 74.56, 74.52, 79.65, 80.95, 83.3, 85.06, 84.64, 86.31, 86.11, 87.55, 88.0, 86.89, 88.27, 89.3, 89.6, 89.47, 88.76, 90.05, 89.99, 91.03, 90.77, 91.2, 89.93, 90.46, 92.05], "class_accuracies": [[34.89795918367347, 0.0, 28.68217054263566, 0.0, 100.0, 0.0, 0.0, 0.0, 0.0, 0.6937561942517344], [98.6734693877551, 34.713656387665196, 54.457364341085274, 27.326732673267326, 84.92871690427698, 43.497757847533634, 33.7160751565762, 39.494163424124515, 0.0, 0.0], [97.34693877551021, 99.55947136563877, 69.37984496124031, 12.07920792079208, 39.10386965376782, 2.0179372197309418, 61.37787056367432, 0.0, 0.0, 9.018830525272547], [96.73469387755102, 98.8546255506608, 70.15503875968992, 60.59405940594059, 93.89002036659878, 51.34529147982063, 75.99164926931107, 7.392996108949417, 27.515400410677618, 0.0], [97.55102040816327, 99.03083700440529, 70.54263565891473, 87.82178217821782, 93.68635437881873, 25.896860986547086, 77.76617954070981, 43.190661478599225, 9.75359342915811, 23.984142715559962], [94.08163265306122, 97.09251101321586, 80.81395348837209, 82.67326732673267, 76.9857433808554, 57.847533632286996, 83.50730688935282, 67.02334630350195, 26.078028747433265, 74.13280475718533], [95.81632653061224, 98.94273127753304, 68.4108527131783, 91.58415841584159, 87.78004073319755, 46.0762331838565, 90.08350730688936, 82.49027237354086, 36.03696098562629, 42.02180376610505], [94.28571428571429, 98.06167400881057, 65.89147286821705, 87.82178217821782, 80.14256619144602, 68.27354260089686, 89.77035490605428, 78.59922178988327, 54.209445585215605, 76.21407333994054], [95.20408163265306, 97.70925110132158, 70.25193798449612, 76.23762376237623, 71.38492871690428, 77.24215246636771, 92.17118997912317, 73.44357976653697, 65.09240246406571, 88.800792864222], [96.22448979591837, 97.88546255506608, 79.26356589147287, 84.55445544554455, 88.79837067209776, 69.5067264573991, 89.77035490605428, 87.64591439688716, 73.92197125256673, 62.537165510406346], [96.93877551020408, 97.26872246696036, 82.07364341085271, 83.66336633663366, 87.06720977596741, 78.69955156950672, 88.51774530271399, 88.13229571984436, 75.46201232032854, 70.7631318136769], [95.91836734693878, 96.0352422907489, 77.03488372093024, 79.5049504950495, 70.9775967413442, 80.82959641255606, 88.20459290187891, 83.65758754863813, 83.77823408624229, 88.89990089197225], [96.22448979591837, 97.09251101321586, 79.94186046511628, 78.31683168316832, 84.21588594704684, 85.87443946188341, 90.81419624217119, 85.70038910505836, 77.20739219712526, 86.62041625371656], [95.61224489795919, 97.09251101321586, 78.00387596899225, 90.0, 80.14256619144602, 85.53811659192826, 89.4572025052192, 85.3112840466926, 71.7659137577002, 86.7195242814668], [96.93877551020408, 95.77092511013215, 82.36434108527132, 81.48514851485149, 89.81670061099797, 80.71748878923766, 92.69311064718163, 86.38132295719845, 86.55030800821355, 81.66501486620416], [96.12244897959184, 96.0352422907489, 86.04651162790698, 85.04950495049505, 87.78004073319755, 81.50224215246637, 93.84133611691023, 82.78210116731518, 84.59958932238193, 85.0346878097126], [96.63265306122449, 97.09251101321586, 69.37984496124031, 81.98019801980197, 93.48268839103869, 89.01345291479821, 89.35281837160751, 85.11673151750973, 82.95687885010267, 83.74628344895936], [96.22448979591837, 96.0352422907489, 83.43023255813954, 82.37623762376238, 84.82688391038697, 92.152466367713, 90.81419624217119, 85.21400778210116, 81.82751540041068, 89.49454905847374], [95.91836734693878, 97.3568281938326, 83.91472868217055, 87.52475247524752, 92.05702647657841, 82.62331838565022, 95.82463465553236, 86.96498054474708, 83.77823408624229, 85.82755203171457], [96.63265306122449, 96.65198237885463, 87.1124031007752, 89.8019801980198, 89.61303462321793, 79.93273542600897, 93.31941544885177, 87.45136186770428, 84.90759753593429, 88.89990089197225], [96.63265306122449, 97.26872246696036, 82.55813953488372, 86.73267326732673, 94.29735234215886, 87.66816143497758, 93.21503131524008, 85.89494163424125, 82.64887063655031, 87.1159563924678], [97.55102040816327, 96.74008810572687, 71.99612403100775, 87.32673267326733, 91.24236252545825, 87.4439461883408, 90.6054279749478, 88.91050583657588, 84.90759753593429, 90.38652130822597], [96.42857142857143, 98.23788546255507, 82.65503875968992, 91.38613861386139, 88.90020366598777, 89.01345291479821, 93.21503131524008, 88.91050583657588, 80.59548254620123, 90.18830525272547], [97.04081632653062, 96.38766519823788, 78.97286821705427, 87.22772277227723, 93.48268839103869, 84.75336322869956, 93.21503131524008, 87.64591439688716, 90.86242299794661, 89.69276511397423], [97.34693877551021, 97.5330396475771, 88.85658914728683, 89.3069306930693, 91.44602851323829, 87.33183856502242, 94.36325678496868, 89.2023346303502, 83.9835728952772, 89.89098116947473], [96.93877551020408, 97.09251101321586, 84.30232558139535, 89.5049504950495, 90.22403258655804, 92.26457399103138, 93.84133611691023, 88.81322957198444, 82.13552361396304, 92.17046580773042], [96.83673469387755, 96.82819383259911, 85.56201550387597, 92.47524752475248, 89.40936863543789, 87.5560538116592, 94.258872651357, 90.1750972762646, 86.34496919917865, 91.67492566897918], [97.75510204081633, 97.44493392070484, 71.70542635658914, 88.41584158415841, 94.19551934826885, 90.02242152466367, 92.27557411273486, 90.1750972762646, 87.16632443531827, 89.99008919722498], [97.75510204081633, 96.91629955947137, 75.0, 91.38613861386139, 95.72301425661914, 87.66816143497758, 93.1106471816284, 90.1750972762646, 88.60369609856262, 87.90882061446978], [97.85714285714286, 97.00440528634361, 87.3062015503876, 90.4950495049505, 94.09368635437882, 91.14349775784753, 94.258872651357, 91.43968871595331, 88.80903490759754, 87.71060455896928]],