{"config": {"DATASET": "mnist", "TOTAL_CLIENTS": 100, "CLIENT_FRAC": 0.1, "POISON_FRAC": 0.0, "CREATE_DATASET": false, "RANDOM_DATA": true, "CLASS_RATIO": 10, "MODEL": "nnet", "LEARNING_RATE": 0.001, "BATCH_SIZE": 32, "LOCAL_EPOCHS": 10, "OPTIMIZER": "adam", "FED_ROUNDS": 30, "TEST_EVERY": 1, "RANDOM_PROCESS": false, "COS_DEFENCE": true, "SEL_METHOD": 1, "REDUCE_LR": 1, "COLLAB_MODE": true, "COLLAB_ALL": true, "CONSIDER_LAYERS": "l1", "GRAD_AGG": true, "FEATURE_FINDING_ALGO": "auror", "GRAD_COLLECTION_START": 0, "GRAD_COLLECT_FOR": -1, "CLUSTER_SEP": 0.005, "ALPHA": 0.8, "BETA": 0.8, "GAMMA": 0.1, "TRUST_INC": 2, "TRUST_CUT_METHOD": 1, "HONEST_PARDON_FACTOR": 0.7, "LOG_LEVEL": "INFO", "JSON_RESULTS": true}, "mean_poison_class_acc": 91.67635658914728, "mean_attack_srate": 3.1104651162790695, "total_accuracies": [43.41, 77.63, 84.68, 87.24, 88.47, 89.63, 89.96, 91.02, 91.53, 92.18, 92.3, 92.14, 92.62, 93.09, 93.34, 93.64, 94.18, 94.05, 94.25, 94.47, 94.51, 94.48, 94.78, 94.69, 94.96, 95.03, 95.06, 94.91, 95.19, 95.11], "class_accuracies": [[99.59183673469387, 95.41850220264317, 1.550387596899225, 45.24752475247525, 51.425661914460285, 2.690582959641256, 41.96242171189979, 0.0, 1.2320328542094456, 85.82755203171457], [95.3061224489796, 98.50220264317181, 65.89147286821705, 88.91089108910892, 82.79022403258656, 61.771300448430495, 83.19415448851774, 83.65758754863813, 59.445585215605746, 52.824578790882065], [94.48979591836735, 98.23788546255507, 79.16666666666667, 86.13861386138613, 86.86354378818737, 74.77578475336323, 91.7536534446764, 84.63035019455253, 74.53798767967146, 73.83548067393458], [95.71428571428571, 96.91629955947137, 80.03875968992249, 87.92079207920793, 88.39103869653768, 77.46636771300449, 94.1544885177453, 88.03501945525292, 80.80082135523614, 81.16947472745292], [95.51020408163265, 96.65198237885463, 80.52325581395348, 85.44554455445545, 92.26069246435846, 84.75336322869956, 93.52818371607516, 88.61867704280155, 85.1129363449692, 81.46679881070366], [95.81632653061224, 98.41409691629956, 86.14341085271317, 87.72277227722772, 89.71486761710794, 85.08968609865471, 94.36325678496868, 90.1750972762646, 80.18480492813141, 87.21506442021804], [96.42857142857143, 98.50220264317181, 85.75581395348837, 86.53465346534654, 96.23217922606925, 88.78923766816143, 93.94572025052192, 89.29961089494164, 80.9034907597536, 82.3587710604559], [97.04081632653062, 97.3568281938326, 90.31007751937985, 89.00990099009901, 93.58452138492872, 89.57399103139014, 93.31941544885177, 89.88326848249027, 82.4435318275154, 86.81863230921705], [97.24489795918367, 97.00440528634361, 87.98449612403101, 88.81188118811882, 94.5010183299389, 89.23766816143498, 94.88517745302714, 90.1750972762646, 86.13963039014374, 88.70168483647176], [97.44897959183673, 97.70925110132158, 88.17829457364341, 91.18811881188118, 94.60285132382892, 87.89237668161435, 96.24217118997912, 92.12062256809338, 86.24229979466119, 89.29633300297324], [97.85714285714286, 98.32599118942731, 87.6937984496124, 92.87128712871286, 93.68635437881873, 86.21076233183857, 95.72025052192066, 91.24513618677042, 86.03696098562628, 92.17046580773042], [97.85714285714286, 98.32599118942731, 87.5, 89.5049504950495, 95.010183299389, 89.01345291479821, 96.45093945720251, 90.27237354085604, 89.21971252566735, 87.61149653121903], [97.75510204081633, 97.79735682819383, 90.11627906976744, 92.37623762376238, 94.70468431771894, 88.45291479820628, 96.65970772442589, 91.34241245136187, 87.67967145790554, 88.50346878097126], [98.16326530612245, 98.32599118942731, 89.53488372093024, 93.96039603960396, 94.09368635437882, 90.5829596412556, 93.94572025052192, 91.05058365758755, 87.26899383983573, 93.1615460852329], [98.06122448979592, 98.06167400881057, 90.60077519379846, 93.06930693069307, 95.41751527494908, 92.60089686098655, 94.36325678496868, 92.12062256809338, 86.75564681724846, 91.77403369672943], [97.85714285714286, 98.32599118942731, 89.92248062015504, 91.78217821782178, 94.70468431771894, 91.3677130044843, 95.92901878914405, 92.31517509727627, 90.55441478439425, 93.06243805748265], [98.16326530612245, 98.41409691629956, 91.18217054263566, 93.66336633663366, 93.78818737270876, 91.3677130044843, 95.09394572025052, 93.48249027237354, 92.40246406570841, 93.55797819623389], [98.46938775510205, 98.59030837004406, 92.73255813953489, 93.86138613861387, 95.21384928716904, 92.04035874439462, 94.78079331941545, 91.34241245136187, 89.11704312114989, 93.65708622398414], [98.46938775510205, 98.6784140969163, 89.63178294573643, 95.14851485148515, 93.27902240325865, 92.37668161434978, 95.51148225469728, 94.26070038910505, 90.65708418891171, 93.85530227948463], [97.44897959183673, 98.6784140969163, 93.31395348837209, 93.36633663366337, 94.5010183299389, 91.92825112107623, 96.65970772442589, 93.09338521400778, 92.09445585215606, 92.9633300297324], [98.16326530612245, 98.94273127753304, 93.5077519379845, 94.35643564356435, 94.19551934826885, 92.26457399103138, 95.61586638830897, 93.09338521400778, 90.4517453798768, 93.75619425173439], [96.93877551020408, 98.94273127753304, 91.86046511627907, 93.66336633663366, 94.60285132382892, 92.9372197309417, 96.13778705636743, 94.26070038910505, 91.17043121149898, 93.65708622398414], [97.65306122448979, 98.59030837004406, 93.4108527131783, 94.05940594059406, 95.21384928716904, 93.27354260089686, 97.07724425887265, 93.8715953307393, 90.4517453798768, 93.65708622398414], [97.75510204081633, 98.8546255506608, 92.24806201550388, 93.66336633663366, 95.41751527494908, 93.16143497757848, 96.45093945720251, 92.70428015564202, 92.09445585215606, 94.05351833498513], [97.65306122448979, 98.41409691629956, 92.92635658914729, 93.86138613861387, 95.82484725050917, 93.04932735426009, 96.97286012526096, 92.99610894941634, 94.76386036960986, 92.76511397423191], [97.95918367346938, 98.59030837004406, 94.28294573643412, 93.06930693069307, 96.02851323828921, 93.27354260089686, 95.72025052192066, 93.48249027237354, 94.96919917864476, 92.46778989098117], [97.95918367346938, 98.94273127753304, 93.6046511627907, 95.24752475247524, 95.21384928716904, 91.25560538116592, 96.5553235908142, 94.06614785992218, 93.01848049281314, 93.95441030723488], [98.06122448979592, 99.03083700440529, 92.05426356589147, 96.03960396039604, 95.82484725050917, 93.04932735426009, 96.86847599164926, 92.12062256809338, 93.53182751540041, 92.07135777998018], [98.06122448979592, 98.76651982378854, 93.9922480620155, 93.86138613861387, 96.74134419551935, 94.61883408071749, 95.72025052192066, 92.21789883268482, 94.76386036960986, 92.86422200198216], [97.34693877551021, 98.76651982378854, 93.4108527131783, 93.76237623762377, 94.5010183299389, 92.82511210762331, 96.5553235908142, 93.19066147859922, 94.96919917864476, 95.24281466798811]],