{"config": {"DATASET": "mnist", "TOTAL_CLIENTS": 100, "CLIENT_FRAC": 0.1, "POISON_FRAC": 0.1, "CREATE_DATASET": true, "RANDOM_DATA": true, "CLASS_RATIO": 10, "MODEL": "nnet", "LEARNING_RATE": 0.001, "BATCH_SIZE": 32, "LOCAL_EPOCHS": 3, "OPTIMIZER": "adam", "FED_ROUNDS": 30, "TEST_EVERY": 1, "RANDOM_PROCESS": true, "COS_DEFENCE": true, "SEL_METHOD": 1, "REDUCE_LR": 1, "COLLAB_MODE": true, "COLLAB_ALL": true, "CONSIDER_LAYERS": "l1", "GRAD_AGG": true, "FEATURE_FINDING_ALGO": "auror", "GRAD_COLLECTION_START": 0, "GRAD_COLLECT_FOR": -1, "CLUSTER_SEP": 0.01, "ALPHA": 0.8, "BETA": 0.8, "GAMMA": 0.1, "TRUST_INC": 2, "TRUST_CUT_METHOD": 2, "HONEST_PARDON_FACTOR": 0.99, "LOG_LEVEL": "INFO", "JSON_RESULTS": true}, "mean_poison_class_acc": 76.43895348837209, "mean_attack_srate": 3.0717054263565897, "total_accuracies": [18.57, 17.42, 34.43, 37.88, 55.47, 64.71, 72.68, 73.56, 79.74, 82.6, 82.64, 85.43, 84.15, 83.85, 85.44, 86.19, 87.51, 87.38, 87.45, 87.97, 88.11, 89.01, 89.8, 89.93, 89.57, 90.64, 90.38, 90.97, 90.73, 89.38], "class_accuracies": [[84.48979591836735, 0.0, 0.0, 0.0, 99.28716904276986, 0.0, 0.0, 0.0, 0.0, 5.35183349851338], [99.89795918367346, 0.0, 0.0, 0.0, 60.28513238289206, 0.0, 0.0, 0.0, 0.0, 16.94747274529237], [97.75510204081633, 33.92070484581498, 72.38372093023256, 13.465346534653465, 96.02851323828921, 0.4484304932735426, 28.183716075156575, 0.0, 0.0, 0.0], [97.34693877551021, 25.991189427312776, 37.7906976744186, 68.31683168316832, 99.4908350305499, 1.1210762331838564, 48.74739039665971, 0.0, 0.5133470225872689, 0.0], [96.12244897959184, 97.09251101321586, 39.14728682170543, 84.45544554455445, 97.55600814663951, 0.8968609865470852, 70.35490605427975, 5.058365758754864, 56.878850102669404, 0.0], [96.12244897959184, 98.23788546255507, 55.81395348837209, 90.99009900990099, 91.34419551934828, 31.72645739910314, 83.92484342379959, 41.82879377431907, 8.726899383983573, 41.62537165510406], [94.28571428571429, 99.03083700440529, 67.63565891472868, 72.07920792079207, 89.30753564154786, 76.68161434977578, 85.59498956158664, 74.41634241245136, 15.811088295687885, 48.9593657086224], [95.40816326530613, 95.24229074889868, 48.35271317829457, 75.94059405940594, 93.78818737270876, 57.28699551569507, 89.03966597077245, 89.6887159533074, 79.56878850102669, 9.117938553022794], [95.61224489795919, 96.65198237885463, 72.77131782945736, 75.44554455445545, 89.5112016293279, 73.65470852017937, 90.08350730688936, 81.90661478599222, 72.79260780287474, 47.27452923686818], [95.81632653061224, 96.2114537444934, 73.25581395348837, 77.92079207920793, 84.82688391038697, 76.00896860986548, 91.9624217118998, 80.6420233463035, 71.7659137577002, 75.9167492566898], [95.20408163265306, 97.5330396475771, 69.18604651162791, 86.43564356435644, 79.63340122199592, 76.90582959641256, 90.39665970772442, 87.54863813229572, 60.369609856262834, 80.77304261645193], [96.42857142857143, 96.65198237885463, 81.0077519379845, 77.02970297029702, 83.29938900203666, 80.94170403587444, 93.31941544885177, 88.2295719844358, 77.31006160164272, 78.59266600594648], [96.22448979591837, 95.77092511013215, 66.76356589147287, 83.96039603960396, 82.4847250509165, 75.89686098654708, 91.44050104384134, 92.99610894941634, 76.28336755646818, 77.89890981169475], [95.71428571428571, 96.65198237885463, 68.21705426356588, 91.68316831683168, 75.86558044806517, 69.28251121076234, 91.54488517745303, 85.89494163424125, 71.97125256673512, 88.800792864222], [96.53061224489795, 95.77092511013215, 74.2248062015504, 79.10891089108911, 78.71690427698574, 82.51121076233184, 91.54488517745303, 90.07782101167315, 77.61806981519507, 87.01684836471755], [96.22448979591837, 96.82819383259911, 69.67054263565892, 87.52475247524752, 87.9837067209776, 78.69955156950672, 92.69311064718163, 87.93774319066148, 78.2340862422998, 84.63825569871159], [96.73469387755102, 96.47577092511013, 77.81007751937985, 81.08910891089108, 91.85336048879837, 83.18385650224215, 92.37995824634656, 86.96498054474708, 85.1129363449692, 82.65609514370664], [97.85714285714286, 95.33039647577093, 74.12790697674419, 82.07920792079207, 92.56619144602851, 84.19282511210763, 90.81419624217119, 87.64591439688716, 85.93429158110882, 82.75520317145688], [97.85714285714286, 96.12334801762114, 74.32170542635659, 83.86138613861387, 88.90020366598777, 81.50224215246637, 89.66597077244259, 90.27237354085604, 84.08624229979466, 86.7195242814668], [96.0204081632653, 95.59471365638767, 74.6124031007752, 90.6930693069307, 93.9918533604888, 82.28699551569507, 93.21503131524008, 86.47859922178988, 84.29158110882958, 81.76412289395441], [96.42857142857143, 95.68281938325991, 70.25193798449612, 86.53465346534654, 91.0386965376782, 86.7713004484305, 94.258872651357, 88.13229571984436, 86.44763860369609, 85.43111992071358], [96.53061224489795, 96.29955947136564, 77.42248062015504, 90.29702970297029, 88.69653767820773, 84.64125560538116, 94.57202505219206, 87.84046692607004, 83.26488706365502, 89.69276511397423], [96.53061224489795, 96.65198237885463, 85.07751937984496, 88.81188118811882, 90.73319755600815, 87.33183856502242, 93.52818371607516, 86.86770428015564, 84.29158110882958, 87.41328047571854], [96.83673469387755, 97.09251101321586, 81.78294573643412, 89.60396039603961, 93.58452138492872, 85.31390134529148, 94.36325678496868, 88.81322957198444, 85.52361396303901, 85.53022794846383], [97.14285714285714, 96.65198237885463, 76.45348837209302, 93.36633663366337, 91.64969450101833, 84.52914798206278, 93.42379958246346, 89.6887159533074, 85.72895277207392, 86.22398414271557], [96.93877551020408, 96.74008810572687, 85.56201550387597, 89.20792079207921, 93.89002036659878, 86.65919282511211, 95.61586638830897, 89.98054474708171, 85.31827515400411, 85.72844400396433], [96.93877551020408, 97.79735682819383, 86.04651162790698, 89.10891089108911, 96.23217922606925, 86.32286995515695, 94.57202505219206, 88.32684824902724, 83.36755646817248, 84.14271555996035], [96.93877551020408, 97.26872246696036, 84.68992248062015, 89.4059405940594, 94.19551934826885, 86.65919282511211, 95.19832985386222, 91.147859922179, 86.03696098562628, 87.31417244796829], [97.44897959183673, 96.38766519823788, 81.97674418604652, 87.62376237623762, 92.87169042769857, 90.47085201793722, 94.78079331941545, 89.6887159533074, 88.70636550308008, 87.21506442021804], [96.83673469387755, 96.38766519823788, 69.57364341085271, 92.37623762376238, 90.52953156822811, 86.99551569506727, 93.31941544885177, 89.00778210116732, 85.72895277207392, 92.66600594648166]],