{"config": {"DATASET": "mnist", "TOTAL_CLIENTS": 100, "CLIENT_FRAC": 0.2, "POISON_FRAC": 0.1, "CREATE_DATASET": false, "RANDOM_DATA": true, "CLASS_RATIO": 10, "MODEL": "nnet", "LEARNING_RATE": 0.001, "BATCH_SIZE": 32, "LOCAL_EPOCHS": 10, "OPTIMIZER": "adam", "FED_ROUNDS": 30, "TEST_EVERY": 1, "RANDOM_PROCESS": false, "COS_DEFENCE": true, "SEL_METHOD": 1, "REDUCE_LR": 1, "COLLAB_MODE": true, "COLLAB_ALL": true, "CONSIDER_LAYERS": "l1", "GRAD_AGG": true, "FEATURE_FINDING_ALGO": "auror", "GRAD_COLLECTION_START": 0, "GRAD_COLLECT_FOR": -1, "CLUSTER_SEP": 0.002, "ALPHA": 0.8, "BETA": 0.8, "GAMMA": 0.1, "TRUST_INC": 2, "TRUST_CUT_METHOD": 1, "HONEST_PARDON_FACTOR": 0.7, "LOG_LEVEL": "INFO", "JSON_RESULTS": true}, "mean_poison_class_acc": 87.20542635658916, "mean_attack_srate": 3.0465116279069764, "total_accuracies": [49.21, 70.81, 81.33, 85.78, 88.31, 89.56, 89.55, 91.32, 91.42, 91.63, 92.22, 92.37, 92.92, 92.88, 93.98, 93.42, 93.42, 94.37, 94.11, 94.36, 94.12, 93.84, 94.31, 94.13, 94.83, 94.98, 95.11, 95.01, 95.03, 95.3], "class_accuracies": [[99.48979591836735, 97.44493392070484, 0.0, 47.42574257425743, 57.942973523421585, 17.713004484304932, 29.018789144050103, 34.43579766536965, 33.36755646817249, 67.09613478691774], [97.24489795918367, 98.76651982378854, 48.44961240310077, 91.98019801980197, 78.41140529531569, 60.2017937219731, 79.12317327766179, 87.45136186770428, 38.29568788501027, 23.885034687809714], [96.22448979591837, 98.14977973568281, 63.75968992248062, 90.29702970297029, 86.25254582484725, 59.865470852017935, 90.08350730688936, 92.60700389105058, 75.77002053388091, 56.68979187314172], [96.73469387755102, 97.70925110132158, 67.44186046511628, 88.81188118811882, 85.03054989816701, 85.20179372197309, 90.08350730688936, 90.75875486381322, 74.02464065708419, 80.87215064420218], [97.65306122448979, 97.18061674008811, 79.16666666666667, 88.7128712871287, 92.56619144602851, 79.93273542600897, 91.7536534446764, 92.80155642023347, 82.75154004106776, 78.98909811694747], [97.75510204081633, 97.5330396475771, 85.56201550387597, 88.11881188118812, 89.5112016293279, 85.76233183856502, 91.23173277661796, 91.34241245136187, 81.72484599589322, 85.72844400396433], [98.16326530612245, 98.14977973568281, 78.00387596899225, 91.18811881188118, 91.44602851323829, 86.21076233183857, 92.17118997912317, 90.46692607003891, 78.85010266940452, 89.69276511397423], [97.44897959183673, 97.97356828193833, 89.43798449612403, 88.91089108910892, 92.66802443991854, 88.34080717488789, 93.73695198329854, 91.43968871595331, 85.72895277207392, 86.52130822596631], [97.44897959183673, 97.79735682819383, 84.88372093023256, 93.66336633663366, 90.73319755600815, 84.30493273542601, 93.84133611691023, 91.73151750972762, 85.93429158110882, 92.46778989098117], [97.65306122448979, 99.03083700440529, 83.33333333333333, 92.77227722772277, 92.76985743380855, 86.09865470852019, 94.67640918580376, 91.34241245136187, 85.93429158110882, 91.47670961347869], [97.95918367346938, 98.6784140969163, 83.72093023255815, 92.97029702970298, 93.9918533604888, 89.68609865470852, 94.98956158663883, 94.06614785992218, 85.52361396303901, 89.79187314172448], [97.85714285714286, 98.41409691629956, 82.26744186046511, 92.27722772277228, 94.80651731160896, 89.68609865470852, 95.30271398747391, 91.73151750972762, 88.80903490759754, 91.97224975222993], [98.6734693877551, 98.6784140969163, 86.82170542635659, 92.67326732673267, 93.38085539714868, 89.46188340807174, 93.52818371607516, 92.70428015564202, 90.14373716632444, 92.26957383548067], [98.16326530612245, 98.50220264317181, 83.04263565891473, 94.25742574257426, 95.21384928716904, 91.4798206278027, 94.258872651357, 92.41245136186771, 89.21971252566735, 91.77403369672943], [97.75510204081633, 98.50220264317181, 92.53875968992249, 93.76237623762377, 95.010183299389, 90.69506726457399, 95.30271398747391, 92.70428015564202, 90.34907597535934, 92.36868186323092], [97.55102040816327, 98.50220264317181, 84.68992248062015, 93.76237623762377, 94.39918533604887, 90.24663677130044, 96.13778705636743, 93.67704280155642, 91.27310061601642, 93.3597621407334], [98.06122448979592, 98.59030837004406, 86.53100775193798, 92.47524752475248, 93.89002036659878, 92.26457399103138, 95.4070981210856, 93.09338521400778, 89.11704312114989, 94.25173439048562], [98.26530612244898, 98.6784140969163, 92.63565891472868, 95.14851485148515, 93.89002036659878, 89.57399103139014, 95.72025052192066, 94.26070038910505, 91.06776180698152, 93.45887016848364], [97.55102040816327, 98.59030837004406, 89.05038759689923, 94.45544554455445, 96.23217922606925, 89.79820627802691, 95.72025052192066, 94.64980544747081, 91.06776180698152, 93.1615460852329], [98.16326530612245, 98.6784140969163, 91.95736434108527, 93.26732673267327, 94.39918533604887, 91.3677130044843, 96.03340292275574, 93.48249027237354, 91.37577002053388, 94.15262636273538], [98.26530612244898, 98.8546255506608, 86.53100775193798, 94.95049504950495, 94.80651731160896, 90.5829596412556, 95.92901878914405, 94.3579766536965, 92.50513347022587, 93.75619425173439], [98.57142857142857, 98.8546255506608, 83.72093023255815, 94.25742574257426, 95.92668024439918, 90.69506726457399, 96.03340292275574, 94.94163424124514, 90.75975359342915, 94.05351833498513], [97.75510204081633, 98.94273127753304, 88.0813953488372, 95.24752475247524, 97.25050916496944, 91.3677130044843, 96.45093945720251, 94.3579766536965, 91.47843942505133, 91.57581764122894], [97.95918367346938, 98.76651982378854, 83.33333333333333, 95.04950495049505, 95.92668024439918, 93.38565022421524, 94.98956158663883, 93.77431906614785, 93.73716632443532, 94.15262636273538], [98.26530612244898, 99.03083700440529, 90.60077519379846, 96.83168316831683, 95.11201629327903, 89.57399103139014, 96.45093945720251, 95.23346303501945, 92.29979466119096, 93.95441030723488], [98.57142857142857, 98.94273127753304, 91.76356589147287, 94.15841584158416, 95.72301425661914, 92.48878923766816, 96.24217118997912, 93.3852140077821, 93.01848049281314, 94.94549058473736], [98.46938775510205, 98.8546255506608, 89.72868217054264, 95.04950495049505, 95.72301425661914, 93.16143497757848, 96.13778705636743, 95.23346303501945, 93.42915811088295, 94.84638255698711], [98.16326530612245, 98.76651982378854, 90.40697674418605, 95.44554455445545, 95.72301425661914, 93.27354260089686, 96.45093945720251, 94.74708171206225, 91.58110882956879, 95.04459861248762], [98.06122448979592, 98.8546255506608, 89.53488372093024, 94.95049504950495, 95.82484725050917, 92.48878923766816, 96.34655532359082, 96.01167315175097, 92.81314168377824, 94.84638255698711], [98.46938775510205, 99.03083700440529, 91.95736434108527, 94.75247524752476, 96.23217922606925, 91.92825112107623, 95.30271398747391, 95.52529182879377, 94.76386036960986, 94.35084241823587]],