{"config": {"DATASET": "mnist", "CLIENT_FRAC": 0.2, "POISON_FRAC": 0.4, "CREATE_DATASET": false, "CLASS_RATIO": 10, "MODEL": "nnet", "LEARNING_RATE": 0.001, "BATCH_SIZE": 32, "LOCAL_EPOCHS": 3, "OPTIMIZER": "adam", "FED_ROUNDS": 30, "TEST_EVERY": 1, "RANDOM": true, "COS_DEFENCE": false, "SEL_METHOD": 1, "COLLAB_MODE": true, "CONSIDER_LAYERS": "l1", "GRAD_AGG": true, "FEATURE_FINDING_ALGO": "auror_plus", "GRAD_COLLECTION_START": 0, "GRAD_COLLECT_FOR": -1, "CLUSTER_SEP": 2.0, "ALPHA": 0.5, "BETA": 0.5, "GAMMA": 0.5, "TRUST_INC": 2, "TRUST_CUT_METHOD": 1, "HONEST_PARDON_FACTOR": 0.99, "LOG_LEVEL": "INFO", "JSON_RESULTS": true}, "mean_poison_class_acc": 36.35271317829457, "mean_attack_srate": 4.271317829457365, "total_accuracies": [18.19, 34.44, 40.79, 45.43, 53.76, 67.5, 68.61, 72.27, 75.66, 79.55, 81.51, 82.25, 81.12, 82.39, 84.85, 81.68, 82.67, 83.08, 87.37, 86.69, 81.81, 86.85, 86.65, 89.11, 89.11, 82.22, 89.11, 88.98, 89.97, 89.24], "class_accuracies": [[28.06122448979592, 21.145374449339208, 0.0, 0.0, 46.741344195519346, 84.19282511210763, 0.0, 9.14396887159533, 0.0, 0.0], [98.26530612244898, 99.55947136563877, 0.0, 54.35643564356435, 0.7128309572301426, 0.5605381165919282, 15.553235908141962, 0.0, 0.0, 63.52824578790882], [99.08163265306122, 99.55947136563877, 0.0, 71.2871287128713, 39.5112016293279, 0.672645739910314, 39.66597077244259, 0.6809338521400778, 0.0, 47.27452923686818], [97.75510204081633, 99.55947136563877, 0.0, 65.24752475247524, 59.063136456211815, 24.55156950672646, 11.899791231732777, 0.0, 8.41889117043121, 79.38553022794846], [97.55102040816327, 99.47136563876651, 0.0, 89.3069306930693, 88.79837067209776, 36.210762331838566, 70.77244258872652, 4.863813229571984, 6.468172484599589, 39.94053518334985], [97.65306122448979, 98.76651982378854, 0.0, 90.79207920792079, 84.11405295315683, 42.71300448430493, 79.95824634655533, 66.63424124513618, 58.31622176591376, 52.42814667988107], [97.14285714285714, 98.32599118942731, 0.4844961240310077, 92.27722772277228, 82.79022403258656, 52.130044843049326, 85.69937369519833, 64.39688715953308, 41.478439425051334, 68.48364717542121], [97.04081632653062, 98.6784140969163, 3.197674418604651, 90.0, 88.39103869653768, 61.54708520179372, 85.49060542797494, 85.7976653696498, 58.41889117043121, 52.22993062438057], [96.83673469387755, 97.70925110132158, 12.209302325581396, 88.11881188118812, 91.44602851323829, 72.53363228699551, 91.23173277661796, 87.45136186770428, 65.70841889117042, 52.92368681863231], [97.24489795918367, 96.12334801762114, 34.01162790697674, 82.17821782178218, 91.64969450101833, 81.95067264573991, 90.7098121085595, 86.38132295719845, 76.38603696098562, 59.26660059464817], [97.65306122448979, 95.77092511013215, 34.883720930232556, 87.32673267326733, 84.0122199592668, 79.03587443946188, 91.23173277661796, 85.50583657587549, 78.54209445585215, 80.97125867195243], [97.85714285714286, 96.82819383259911, 37.01550387596899, 86.93069306930693, 88.08553971486762, 79.93273542600897, 91.64926931106471, 87.64591439688716, 76.59137577002053, 79.68285431119921], [97.65306122448979, 97.00440528634361, 22.771317829457363, 86.83168316831683, 90.12219959266803, 83.07174887892377, 91.23173277661796, 88.91050583657588, 76.07802874743327, 77.998017839445], [97.34693877551021, 97.18061674008811, 31.2984496124031, 88.91089108910892, 90.32586558044807, 83.29596412556054, 92.06680584551148, 86.57587548638132, 75.46201232032854, 81.66501486620416], [97.24489795918367, 97.09251101321586, 52.22868217054263, 85.64356435643565, 94.09368635437882, 85.31390134529148, 92.79749478079331, 86.96498054474708, 78.64476386036961, 78.49355797819624], [98.06122448979592, 96.74008810572687, 15.69767441860465, 86.93069306930693, 93.48268839103869, 85.31390134529148, 91.9624217118998, 87.54863813229572, 78.74743326488706, 83.44895936570862], [97.85714285714286, 96.91629955947137, 22.286821705426355, 91.58415841584159, 91.34419551934828, 82.0627802690583, 93.31941544885177, 88.715953307393, 77.92607802874743, 85.13379583746284], [97.75510204081633, 95.77092511013215, 25.0968992248062, 83.46534653465346, 93.58452138492872, 87.66816143497758, 94.46764091858037, 87.06225680933852, 84.39425051334702, 83.05252725470763], [97.44897959183673, 97.26872246696036, 63.95348837209303, 89.60396039603961, 88.4928716904277, 85.08968609865471, 94.1544885177453, 86.47859922178988, 80.59548254620123, 90.08919722497522], [97.75510204081633, 96.2114537444934, 53.97286821705426, 86.03960396039604, 93.68635437881873, 85.98654708520179, 92.79749478079331, 85.99221789883268, 85.93429158110882, 88.800792864222], [97.55102040816327, 96.38766519823788, 6.2984496124031, 90.1980198019802, 88.59470468431772, 85.08968609865471, 94.1544885177453, 88.42412451361868, 82.03285420944559, 90.78295341922696], [97.85714285714286, 96.82819383259911, 52.03488372093023, 88.91089108910892, 95.82484725050917, 87.10762331838565, 93.94572025052192, 88.42412451361868, 84.18891170431212, 83.74628344895936], [97.85714285714286, 96.56387665198238, 45.251937984496124, 90.1980198019802, 91.34419551934828, 86.21076233183857, 94.88517745302714, 89.39688715953308, 86.44763860369609, 88.800792864222], [97.95918367346938, 97.26872246696036, 68.5077519379845, 90.5940594059406, 94.39918533604887, 87.66816143497758, 93.84133611691023, 89.39688715953308, 85.31827515400411, 85.92666005946482], [97.95918367346938, 96.47577092511013, 67.63565891472868, 92.47524752475248, 93.38085539714868, 87.21973094170404, 93.52818371607516, 89.78599221789884, 84.18891170431212, 88.20614469772052], [97.55102040816327, 97.26872246696036, 0.3875968992248062, 91.18811881188118, 93.07535641547861, 85.53811659192826, 95.72025052192066, 88.61867704280155, 85.01026694045174, 89.59365708622398], [97.65306122448979, 97.3568281938326, 64.05038759689923, 91.68316831683168, 93.68635437881873, 87.66816143497758, 95.4070981210856, 89.88326848249027, 85.21560574948666, 88.40436075322101], [97.75510204081633, 96.91629955947137, 61.531007751937985, 88.81188118811882, 94.5010183299389, 87.89237668161435, 95.72025052192066, 91.53696498054475, 87.782340862423, 87.51238850346878], [97.75510204081633, 97.09251101321586, 69.86434108527132, 92.27722772277228, 93.38085539714868, 87.4439461883408, 95.51148225469728, 89.59143968871595, 87.37166324435319, 89.197224975223], [98.06122448979592, 97.3568281938326, 64.14728682170542, 90.4950495049505, 93.07535641547861, 87.21973094170404, 95.72025052192066, 88.13229571984436, 87.47433264887064, 90.68384539147671]],