{"config": {"DATASET": "mnist", "TOTAL_CLIENTS": 100, "CLIENT_FRAC": 0.2, "POISON_FRAC": 0.1, "CREATE_DATASET": true, "RANDOM_DATA": true, "CLASS_RATIO": 10, "MODEL": "nnet", "LEARNING_RATE": 0.001, "BATCH_SIZE": 32, "LOCAL_EPOCHS": 10, "OPTIMIZER": "adam", "FED_ROUNDS": 30, "TEST_EVERY": 1, "RANDOM_PROCESS": false, "COS_DEFENCE": false, "SEL_METHOD": 1, "REDUCE_LR": 1, "COLLAB_MODE": true, "COLLAB_ALL": true, "CONSIDER_LAYERS": "l1", "GRAD_AGG": true, "FEATURE_FINDING_ALGO": "auror", "GRAD_COLLECTION_START": 0, "GRAD_COLLECT_FOR": -1, "CLUSTER_SEP": 0.002, "ALPHA": 0.8, "BETA": 0.8, "GAMMA": 0.1, "TRUST_INC": 2, "TRUST_CUT_METHOD": 1, "HONEST_PARDON_FACTOR": 0.7, "LOG_LEVEL": "INFO", "JSON_RESULTS": true}, "mean_poison_class_acc": 86.51550387596897, "mean_attack_srate": 2.9534883720930236, "total_accuracies": [51.25, 72.12, 84.49, 86.73, 87.72, 89.47, 90.05, 91.36, 91.07, 91.61, 93.13, 92.86, 93.7, 93.82, 94.18, 94.12, 94.6, 93.87, 93.42, 94.9, 93.71, 94.28, 94.32, 94.7, 94.37, 94.91, 95.03, 95.41, 95.61, 95.42], "class_accuracies": [[98.06122448979592, 99.55947136563877, 3.10077519379845, 49.306930693069305, 75.66191446028513, 36.88340807174888, 15.762004175365345, 76.84824902723736, 50.41067761806981, 0.0], [98.36734693877551, 97.88546255506608, 45.445736434108525, 74.95049504950495, 92.76985743380855, 80.82959641255606, 85.17745302713988, 84.53307392996109, 45.17453798767967, 15.262636273538156], [96.63265306122449, 97.26872246696036, 78.00387596899225, 83.06930693069307, 93.17718940936864, 79.5964125560538, 92.90187891440502, 90.36964980544747, 75.77002053388091, 56.68979187314172], [97.14285714285714, 97.79735682819383, 74.12790697674419, 85.74257425742574, 90.73319755600815, 86.09865470852019, 93.1106471816284, 89.59143968871595, 74.74332648870636, 77.30426164519326], [97.55102040816327, 97.97356828193833, 71.99612403100775, 88.31683168316832, 95.72301425661914, 81.61434977578476, 93.52818371607516, 90.75875486381322, 80.69815195071868, 77.89890981169475], [97.85714285714286, 96.74008810572687, 78.97286821705427, 87.22772277227723, 95.41751527494908, 83.29596412556054, 93.21503131524008, 90.56420233463035, 87.16632443531827, 83.34985133795837], [97.85714285714286, 98.32599118942731, 80.52325581395348, 89.00990099009901, 95.11201629327903, 89.46188340807174, 92.90187891440502, 91.05058365758755, 83.05954825462013, 82.55698711595639], [97.95918367346938, 97.5330396475771, 88.37209302325581, 90.99009900990099, 95.92668024439918, 87.33183856502242, 93.21503131524008, 91.73151750972762, 83.9835728952772, 85.53022794846383], [97.75510204081633, 97.3568281938326, 77.71317829457364, 88.41584158415841, 94.60285132382892, 89.23766816143498, 93.94572025052192, 90.56420233463035, 90.75975359342915, 90.08919722497522], [98.26530612244898, 97.97356828193833, 79.36046511627907, 92.57425742574257, 95.72301425661914, 87.66816143497758, 95.09394572025052, 91.43968871595331, 89.01437371663245, 88.40436075322101], [98.16326530612245, 98.06167400881057, 92.24806201550388, 91.98019801980197, 95.92668024439918, 89.23766816143498, 96.5553235908142, 91.53696498054475, 88.39835728952772, 88.40436075322101], [97.95918367346938, 98.32599118942731, 86.24031007751938, 93.26732673267327, 96.5376782077393, 90.02242152466367, 96.24217118997912, 92.31517509727627, 89.3223819301848, 87.80971258671953], [98.26530612244898, 98.23788546255507, 91.27906976744185, 92.97029702970298, 95.41751527494908, 89.91031390134529, 96.65970772442589, 94.55252918287938, 89.52772073921972, 89.39544103072349], [98.46938775510205, 98.23788546255507, 88.46899224806202, 94.05940594059406, 95.51934826883911, 90.69506726457399, 95.82463465553236, 92.80155642023347, 92.29979466119096, 91.2784935579782], [98.36734693877551, 98.06167400881057, 90.89147286821705, 94.25742574257426, 96.13034623217922, 91.81614349775785, 96.03340292275574, 93.28793774319067, 91.88911704312115, 90.58473736372646], [98.06122448979592, 98.59030837004406, 88.0813953488372, 92.97029702970298, 94.29735234215886, 92.71300448430493, 95.4070981210856, 94.94163424124514, 92.19712525667352, 93.45887016848364], [98.06122448979592, 98.32599118942731, 90.31007751937985, 95.64356435643565, 95.62118126272912, 89.68609865470852, 96.97286012526096, 94.26070038910505, 93.63449691991786, 92.76511397423191], [97.95918367346938, 98.6784140969163, 85.27131782945736, 92.87128712871286, 95.41751527494908, 93.72197309417041, 95.19832985386222, 94.45525291828794, 91.06776180698152, 93.75619425173439], [98.16326530612245, 98.6784140969163, 81.0077519379845, 92.57425742574257, 96.23217922606925, 93.04932735426009, 95.92901878914405, 94.8443579766537, 91.06776180698152, 92.46778989098117], [98.26530612244898, 98.8546255506608, 92.15116279069767, 93.56435643564356, 96.13034623217922, 92.48878923766816, 96.34655532359082, 94.45525291828794, 93.73716632443532, 92.46778989098117], [98.46938775510205, 98.76651982378854, 81.87984496124031, 93.26732673267327, 96.02851323828921, 93.83408071748879, 95.92901878914405, 94.64980544747081, 91.47843942505133, 92.66600594648166], [98.57142857142857, 98.6784140969163, 84.20542635658914, 94.05940594059406, 95.72301425661914, 93.83408071748879, 95.09394572025052, 94.55252918287938, 94.45585215605749, 93.45887016848364], [98.16326530612245, 98.8546255506608, 83.33333333333333, 94.55445544554455, 96.43584521384929, 94.05829596412556, 96.5553235908142, 95.8171206225681, 92.81314168377824, 92.46778989098117], [98.77551020408163, 98.8546255506608, 87.1124031007752, 95.04950495049505, 96.63951120162933, 94.17040358744394, 95.61586638830897, 94.94163424124514, 93.32648870636551, 92.26957383548067], [98.57142857142857, 98.8546255506608, 83.13953488372093, 95.64356435643565, 96.13034623217922, 93.72197309417041, 95.30271398747391, 94.26070038910505, 94.35318275154005, 93.55797819623389], [97.95918367346938, 98.8546255506608, 88.75968992248062, 94.45544554455445, 96.33401221995926, 95.85201793721973, 95.92901878914405, 94.74708171206225, 93.42915811088295, 92.66600594648166], [98.87755102040816, 98.94273127753304, 87.98449612403101, 96.03960396039604, 96.5376782077393, 93.72197309417041, 96.03340292275574, 96.20622568093385, 92.71047227926078, 92.86422200198216], [98.16326530612245, 98.59030837004406, 92.73255813953489, 96.03960396039604, 95.82484725050917, 92.48878923766816, 97.49478079331942, 95.03891050583658, 94.14784394250513, 93.06243805748265], [98.6734693877551, 98.59030837004406, 93.6046511627907, 95.94059405940594, 95.51934826883911, 92.82511210762331, 96.45093945720251, 94.94163424124514, 94.76386036960986, 94.25173439048562], [98.16326530612245, 98.8546255506608, 89.24418604651163, 95.64356435643565, 96.5376782077393, 93.83408071748879, 96.86847599164926, 96.01167315175097, 94.96919917864476, 93.75619425173439]],