{"config": {"DATASET": "mnist", "TOTAL_CLIENTS": 100, "CLIENT_FRAC": 0.1, "POISON_FRAC": 0.1, "CREATE_DATASET": true, "RANDOM_DATA": true, "CLASS_RATIO": 10, "MODEL": "nnet", "LEARNING_RATE": 0.001, "BATCH_SIZE": 32, "LOCAL_EPOCHS": 3, "OPTIMIZER": "adam", "FED_ROUNDS": 30, "TEST_EVERY": 1, "RANDOM_PROCESS": true, "COS_DEFENCE": true, "SEL_METHOD": 1, "REDUCE_LR": 1, "COLLAB_MODE": true, "COLLAB_ALL": true, "CONSIDER_LAYERS": "l2", "GRAD_AGG": true, "FEATURE_FINDING_ALGO": "auror", "GRAD_COLLECTION_START": 0, "GRAD_COLLECT_FOR": -1, "CLUSTER_SEP": 0.002, "ALPHA": 0.8, "BETA": 0.8, "GAMMA": 0.1, "TRUST_INC": 2, "TRUST_CUT_METHOD": 2, "HONEST_PARDON_FACTOR": 0.99, "LOG_LEVEL": "INFO", "JSON_RESULTS": true}, "mean_poison_class_acc": 79.47189922480621, "mean_attack_srate": 3.086240310077519, "total_accuracies": [28.45, 30.2, 39.1, 52.19, 60.87, 61.13, 70.32, 77.04, 75.66, 80.93, 83.14, 84.78, 84.42, 86.38, 87.57, 87.22, 87.26, 88.42, 88.76, 86.85, 89.44, 89.47, 89.98, 88.87, 90.04, 90.53, 91.32, 91.23, 91.59, 90.23], "class_accuracies": [[53.36734693877551, 98.59030837004406, 10.271317829457365, 0.0, 33.60488798370672, 0.0, 0.0, 0.0, 0.0, 76.01585728444005], [93.6734693877551, 99.64757709251101, 2.810077519379845, 0.0, 0.5091649694501018, 18.161434977578477, 0.0, 75.29182879377431, 0.1026694045174538, 0.0], [97.95918367346938, 99.73568281938326, 27.51937984496124, 60.2970297029703, 44.70468431771894, 33.63228699551569, 0.0, 18.09338521400778, 0.0, 0.0], [98.06122448979592, 99.64757709251101, 57.07364341085271, 71.98019801980197, 81.77189409368636, 0.4484304932735426, 3.862212943632568, 83.56031128404669, 11.08829568788501, 0.0], [95.91836734693878, 98.59030837004406, 78.77906976744185, 86.43564356435644, 85.33604887983707, 5.829596412556054, 25.678496868475992, 77.72373540856032, 41.68377823408624, 0.09910802775024777], [97.04081632653062, 98.8546255506608, 57.65503875968992, 94.45544554455445, 97.35234215885947, 8.632286995515695, 56.471816283924845, 73.44357976653697, 11.396303901437372, 5.054509415262636], [97.75510204081633, 99.03083700440529, 65.89147286821705, 90.99009900990099, 94.60285132382892, 27.017937219730943, 74.94780793319416, 83.36575875486382, 53.285420944558524, 8.622398414271556], [97.24489795918367, 98.8546255506608, 66.95736434108527, 89.20792079207921, 86.25254582484725, 35.426008968609864, 87.36951983298539, 81.90661478599222, 64.37371663244353, 56.29335976214073], [97.75510204081633, 97.70925110132158, 62.7906976744186, 77.52475247524752, 96.02851323828921, 71.41255605381166, 82.25469728601253, 90.6614785992218, 66.73511293634498, 11.694747274529236], [96.53061224489795, 95.85903083700441, 63.75968992248062, 78.51485148514851, 91.24236252545825, 59.08071748878924, 87.36951983298539, 82.39299610894942, 84.80492813141684, 66.89791873141725], [96.12244897959184, 94.62555066079295, 72.77131782945736, 79.60396039603961, 91.14052953156823, 75.56053811659193, 93.42379958246346, 87.06225680933852, 85.01026694045174, 55.10406342913776], [96.12244897959184, 97.44493392070484, 79.16666666666667, 83.96039603960396, 89.81670061099797, 82.28699551569507, 89.4572025052192, 89.2023346303502, 76.59137577002053, 62.338949454905844], [96.63265306122449, 97.44493392070484, 71.12403100775194, 77.92079207920793, 93.38085539714868, 83.6322869955157, 91.12734864300626, 87.45136186770428, 80.80082135523614, 64.02378592666005], [97.75510204081633, 97.44493392070484, 84.78682170542636, 89.5049504950495, 88.79837067209776, 76.68161434977578, 89.97912317327766, 86.57587548638132, 75.87268993839835, 74.13280475718533], [97.14285714285714, 95.33039647577093, 87.8875968992248, 81.68316831683168, 87.88187372708758, 81.39013452914799, 92.58872651356994, 87.7431906614786, 83.88090349075975, 78.88999008919723], [96.73469387755102, 97.18061674008811, 75.3875968992248, 84.25742574257426, 87.4745417515275, 86.88340807174887, 92.69311064718163, 89.6887159533074, 80.08213552361396, 81.07036669970267], [96.93877551020408, 96.2114537444934, 75.7751937984496, 91.2871287128713, 90.52953156822811, 75.89686098654708, 93.94572025052192, 87.7431906614786, 79.67145790554414, 82.85431119920713], [97.55102040816327, 96.91629955947137, 83.23643410852713, 87.32673267326733, 93.38085539714868, 80.38116591928251, 93.84133611691023, 87.93774319066148, 84.29158110882958, 77.998017839445], [97.34693877551021, 96.47577092511013, 83.81782945736434, 84.55445544554455, 92.87169042769857, 84.30493273542601, 93.42379958246346, 87.15953307392996, 88.09034907597535, 78.79088206144698], [97.65306122448979, 97.62114537444934, 59.689922480620154, 86.33663366336634, 91.95519348268839, 86.54708520179372, 91.23173277661796, 91.92607003891051, 79.67145790554414, 85.43111992071358], [97.75510204081633, 96.74008810572687, 79.55426356589147, 88.31683168316832, 89.81670061099797, 84.86547085201794, 92.06680584551148, 92.31517509727627, 85.62628336755647, 86.32309217046581], [96.12244897959184, 97.3568281938326, 85.27131782945736, 85.74257425742574, 86.9653767820774, 87.21973094170404, 95.61586638830897, 84.72762645914396, 83.26488706365502, 91.57581764122894], [96.3265306122449, 98.06167400881057, 87.20930232558139, 85.94059405940594, 88.90020366598777, 91.03139013452915, 93.84133611691023, 87.54863813229572, 81.72484599589322, 88.50346878097126], [97.95918367346938, 97.18061674008811, 67.63565891472868, 90.0990099009901, 93.38085539714868, 86.65919282511211, 92.27557411273486, 89.29961089494164, 87.06365503080082, 86.81863230921705], [98.06122448979592, 96.82819383259911, 76.93798449612403, 90.1980198019802, 91.14052953156823, 87.21973094170404, 93.63256784968685, 91.05058365758755, 85.1129363449692, 89.59365708622398], [97.85714285714286, 97.09251101321586, 80.32945736434108, 92.07920792079207, 93.9918533604888, 86.43497757847534, 93.42379958246346, 91.147859922179, 86.24229979466119, 85.92666005946482], [97.04081632653062, 97.3568281938326, 89.63178294573643, 90.1980198019802, 92.26069246435846, 88.2286995515695, 93.21503131524008, 89.78599221789884, 86.85831622176592, 87.71060455896928], [98.26530612244898, 97.3568281938326, 84.88372093023256, 91.88118811881188, 95.41751527494908, 86.99551569506727, 93.84133611691023, 89.98054474708171, 85.93429158110882, 86.9177403369673], [97.44897959183673, 97.3568281938326, 87.8875968992248, 92.27722772277228, 91.95519348268839, 84.86547085201794, 94.67640918580376, 90.27237354085604, 89.3223819301848, 88.70168483647176], [97.24489795918367, 97.18061674008811, 76.45348837209302, 85.14851485148515, 90.93686354378819, 93.83408071748879, 94.78079331941545, 92.21789883268482, 84.39425051334702, 90.18830525272547]],