{"config": {"DATASET": "mnist", "TOTAL_CLIENTS": 100, "CLIENT_FRAC": 0.1, "POISON_FRAC": 0.1, "CREATE_DATASET": true, "CLASS_RATIO": 10, "MODEL": "nnet", "LEARNING_RATE": 0.001, "BATCH_SIZE": 32, "LOCAL_EPOCHS": 3, "OPTIMIZER": "adam", "FED_ROUNDS": 30, "TEST_EVERY": 1, "RANDOM": true, "COS_DEFENCE": true, "SEL_METHOD": 1, "REDUCE_LR": 1, "COLLAB_MODE": true, "COLLAB_ALL": true, "CONSIDER_LAYERS": "l1", "GRAD_AGG": true, "FEATURE_FINDING_ALGO": "auror", "GRAD_COLLECTION_START": 0, "GRAD_COLLECT_FOR": -1, "CLUSTER_SEP": 0.01, "ALPHA": 0.7, "BETA": 0.7, "GAMMA": 0.1, "TRUST_INC": 2, "TRUST_CUT_METHOD": 2, "HONEST_PARDON_FACTOR": 0.99, "LOG_LEVEL": "INFO", "JSON_RESULTS": true}, "mean_poison_class_acc": 81.05135658914728, "mean_attack_srate": 3.0377906976744184, "total_accuracies": [24.44, 18.23, 39.85, 49.14, 66.74, 69.42, 68.82, 78.16, 78.61, 82.93, 84.06, 84.69, 83.63, 85.4, 86.85, 87.17, 87.81, 88.34, 88.68, 89.12, 89.07, 89.01, 89.26, 90.47, 90.8, 90.26, 90.72, 90.63, 91.28, 91.15], "class_accuracies": [[99.48979591836735, 53.74449339207048, 38.372093023255815, 42.87128712871287, 0.0, 0.0, 0.0, 0.0, 0.0, 2.9732408325074333], [99.48979591836735, 0.0, 4.554263565891473, 78.61386138613861, 0.0, 0.0, 0.5219206680584552, 0.0, 0.2053388090349076, 0.0], [99.28571428571429, 95.15418502202643, 83.81782945736434, 71.78217821782178, 0.3054989816700611, 1.4573991031390134, 0.0, 14.591439688715953, 18.069815195071868, 0.0], [98.46938775510205, 99.29515418502203, 34.689922480620154, 82.97029702970298, 0.10183299389002037, 17.937219730941703, 62.734864300626306, 7.2957198443579765, 6.776180698151951, 71.65510406342914], [96.42857142857143, 98.6784140969163, 59.01162790697674, 80.1980198019802, 65.27494908350306, 25.56053811659193, 87.89144050104385, 19.357976653696497, 66.0164271047228, 63.13181367690783], [93.6734693877551, 98.41409691629956, 73.35271317829458, 81.38613861386139, 71.07942973523421, 85.31390134529148, 75.36534446764092, 82.00389105058366, 18.17248459958932, 12.586719524281467], [93.46938775510205, 97.3568281938326, 50.2906976744186, 80.29702970297029, 34.72505091649695, 73.99103139013452, 94.98956158663883, 10.019455252918288, 59.75359342915811, 92.66600594648166], [95.3061224489796, 96.56387665198238, 69.96124031007751, 81.58415841584159, 48.9816700610998, 78.58744394618834, 91.33611691022965, 58.463035019455255, 71.35523613963039, 87.90882061446978], [94.08163265306122, 97.97356828193833, 77.81007751937985, 86.53465346534654, 91.75152749490834, 79.26008968609865, 89.35281837160751, 78.59922178988327, 63.24435318275154, 25.966303270564914], [95.51020408163265, 96.82819383259911, 75.29069767441861, 85.64356435643565, 80.44806517311609, 74.77578475336323, 92.90187891440502, 84.53307392996109, 72.68993839835728, 68.58275520317146], [94.6938775510204, 97.26872246696036, 80.62015503875969, 81.98019801980197, 82.17922606924644, 87.66816143497758, 89.5615866388309, 79.1828793774319, 70.02053388090349, 76.41228939544104], [96.93877551020408, 96.47577092511013, 78.58527131782945, 81.98019801980197, 75.66191446028513, 83.29596412556054, 91.9624217118998, 76.75097276264592, 77.61806981519507, 86.52130822596631], [95.81632653061224, 95.41850220264317, 83.23643410852713, 73.76237623762377, 94.80651731160896, 80.60538116591928, 91.44050104384134, 82.78210116731518, 87.98767967145791, 49.85133795837463], [97.24489795918367, 95.77092511013215, 70.93023255813954, 78.31683168316832, 90.52953156822811, 83.85650224215247, 91.8580375782881, 80.83657587548637, 84.80492813141684, 79.58374628344896], [97.14285714285714, 97.5330396475771, 79.74806201550388, 92.67326732673267, 88.18737270875764, 78.47533632286995, 92.79749478079331, 88.03501945525292, 75.66735112936345, 76.31318136769079], [96.83673469387755, 94.18502202643172, 75.96899224806202, 84.95049504950495, 84.72505091649694, 83.29596412556054, 91.64926931106471, 84.53307392996109, 86.652977412731, 88.30525272547077], [96.63265306122449, 95.68281938325991, 87.98449612403101, 83.16831683168317, 94.09368635437882, 86.54708520179372, 93.1106471816284, 84.04669260700389, 79.36344969199179, 76.80872150644203], [96.83673469387755, 96.91629955947137, 81.68604651162791, 83.56435643564356, 90.42769857433808, 86.09865470852019, 92.27557411273486, 86.18677042801556, 82.85420944558521, 85.72844400396433], [96.53061224489795, 96.47577092511013, 84.39922480620154, 86.93069306930693, 89.30753564154786, 79.82062780269058, 93.21503131524008, 84.04669260700389, 85.42094455852155, 89.197224975223], [96.93877551020408, 97.5330396475771, 81.3953488372093, 91.18811881188118, 88.59470468431772, 84.4170403587444, 91.23173277661796, 86.57587548638132, 81.3141683778234, 90.68384539147671], [96.3265306122449, 96.91629955947137, 80.32945736434108, 90.6930693069307, 95.51934826883911, 86.54708520179372, 93.73695198329854, 88.81322957198444, 79.36344969199179, 81.66501486620416], [96.83673469387755, 96.38766519823788, 78.68217054263566, 82.67326732673267, 93.07535641547861, 86.21076233183857, 92.48434237995825, 85.3112840466926, 90.4517453798768, 87.61149653121903], [97.44897959183673, 98.06167400881057, 74.8062015503876, 88.41584158415841, 87.27087576374745, 90.47085201793722, 93.63256784968685, 91.53696498054475, 81.51950718685832, 88.89990089197225], [97.04081632653062, 97.00440528634361, 86.82170542635659, 88.41584158415841, 91.44602851323829, 86.43497757847534, 94.258872651357, 89.00778210116732, 83.77823408624229, 89.49454905847374], [96.42857142857143, 96.38766519823788, 87.01550387596899, 84.95049504950495, 92.9735234215886, 90.47085201793722, 95.61586638830897, 91.05058365758755, 85.52361396303901, 87.21506442021804], [97.85714285714286, 97.44493392070484, 78.00387596899225, 92.07920792079207, 89.61303462321793, 87.33183856502242, 93.52818371607516, 89.39688715953308, 84.90759753593429, 91.67492566897918], [97.24489795918367, 96.38766519823788, 82.75193798449612, 93.36633663366337, 89.20570264765784, 88.56502242152466, 93.94572025052192, 89.88326848249027, 84.49691991786447, 90.68384539147671], [98.06122448979592, 96.38766519823788, 81.2015503875969, 92.87128712871286, 94.80651731160896, 88.78923766816143, 94.98956158663883, 89.49416342412451, 83.47022587268994, 85.82755203171457], [98.16326530612245, 96.56387665198238, 84.68992248062015, 91.98019801980197, 90.020366598778, 87.78026905829596, 93.63256784968685, 89.00778210116732, 88.91170431211499, 91.37760158572844], [96.83673469387755, 97.5330396475771, 82.17054263565892, 93.26732673267327, 91.85336048879837, 87.10762331838565, 95.4070981210856, 89.10505836575875, 86.85831622176592, 90.58473736372646]],