{"config": {"DATASET": "mnist", "TOTAL_CLIENTS": 100, "CLIENT_FRAC": 0.2, "POISON_FRAC": 0.3, "CREATE_DATASET": true, "RANDOM_DATA": true, "CLASS_RATIO": 10, "MODEL": "nnet", "LEARNING_RATE": 0.001, "BATCH_SIZE": 32, "LOCAL_EPOCHS": 10, "OPTIMIZER": "adam", "FED_ROUNDS": 30, "TEST_EVERY": 1, "RANDOM_PROCESS": false, "COS_DEFENCE": false, "SEL_METHOD": 1, "REDUCE_LR": 1, "COLLAB_MODE": true, "COLLAB_ALL": true, "CONSIDER_LAYERS": "l1", "GRAD_AGG": true, "FEATURE_FINDING_ALGO": "auror", "GRAD_COLLECTION_START": 0, "GRAD_COLLECT_FOR": -1, "CLUSTER_SEP": 0.002, "ALPHA": 0.8, "BETA": 0.8, "GAMMA": 0.1, "TRUST_INC": 2, "TRUST_CUT_METHOD": 1, "HONEST_PARDON_FACTOR": 0.7, "LOG_LEVEL": "INFO", "JSON_RESULTS": true}, "mean_poison_class_acc": 65.02713178294573, "mean_attack_srate": 3.5775193798449605, "total_accuracies": [50.16, 66.38, 78.05, 82.52, 84.55, 88.13, 88.42, 88.64, 89.89, 87.89, 92.06, 89.29, 92.34, 92.72, 92.56, 88.15, 94.16, 91.23, 93.63, 89.71, 92.26, 93.74, 86.77, 94.84, 90.58, 94.1, 90.9, 90.48, 93.76, 94.93], "class_accuracies": [[97.75510204081633, 99.64757709251101, 0.0, 46.336633663366335, 71.69042769857434, 50.56053811659193, 17.223382045929018, 69.8443579766537, 43.223819301848046, 0.0], [97.85714285714286, 98.76651982378854, 25.67829457364341, 80.89108910891089, 88.28920570264766, 84.86547085201794, 69.8329853862213, 82.39299610894942, 26.386036960985628, 7.829534192269574], [96.73469387755102, 99.03083700440529, 22.286821705426355, 85.74257425742574, 94.80651731160896, 74.88789237668162, 92.90187891440502, 90.27237354085604, 67.35112936344969, 55.89692765113974], [96.93877551020408, 97.79735682819383, 36.24031007751938, 87.22772277227723, 93.17718940936864, 86.99551569506727, 90.6054279749478, 87.7431906614786, 71.56057494866529, 77.20515361744302], [97.55102040816327, 97.88546255506608, 43.701550387596896, 89.20792079207921, 95.82484725050917, 82.73542600896862, 93.94572025052192, 90.56420233463035, 78.43942505133471, 75.52031714568881], [97.75510204081633, 97.09251101321586, 65.60077519379846, 88.11881188118812, 94.29735234215886, 83.40807174887892, 94.78079331941545, 90.56420233463035, 83.16221765913758, 85.92666005946482], [97.75510204081633, 98.23788546255507, 66.37596899224806, 90.89108910891089, 95.31568228105907, 88.90134529147981, 93.52818371607516, 90.46692607003891, 81.72484599589322, 80.77304261645193], [98.46938775510205, 97.18061674008811, 59.786821705426355, 91.18811881188118, 95.72301425661914, 87.66816143497758, 92.37995824634656, 91.92607003891051, 84.59958932238193, 87.41328047571854], [97.65306122448979, 97.18061674008811, 66.18217054263566, 88.7128712871287, 93.07535641547861, 90.35874439461884, 94.67640918580376, 90.46692607003891, 90.04106776180699, 90.78295341922696], [98.26530612244898, 97.5330396475771, 45.542635658914726, 92.77227722772277, 96.13034623217922, 88.67713004484305, 94.1544885177453, 91.63424124513618, 87.67967145790554, 87.1159563924678], [98.46938775510205, 97.70925110132158, 81.4922480620155, 93.16831683168317, 96.13034623217922, 89.68609865470852, 95.30271398747391, 92.50972762645914, 86.85831622176592, 88.800792864222], [98.16326530612245, 98.06167400881057, 53.58527131782946, 94.25742574257426, 96.94501018329939, 90.5829596412556, 94.67640918580376, 92.60700389105058, 87.37166324435319, 87.1159563924678], [97.75510204081633, 98.32599118942731, 78.77906976744185, 93.86138613861387, 95.51934826883911, 89.91031390134529, 97.18162839248434, 93.8715953307393, 88.19301848049281, 89.59365708622398], [98.06122448979592, 98.32599118942731, 80.23255813953489, 94.95049504950495, 95.010183299389, 90.13452914798206, 96.13778705636743, 92.60700389105058, 89.73305954825462, 91.57581764122894], [98.46938775510205, 97.97356828193833, 76.55038759689923, 93.96039603960396, 96.33401221995926, 92.71300448430493, 96.13778705636743, 93.77431906614785, 89.42505133470226, 90.28741328047572], [97.65306122448979, 98.50220264317181, 31.589147286821706, 93.06930693069307, 94.80651731160896, 92.48878923766816, 96.5553235908142, 95.13618677042801, 90.34907597535934, 92.66600594648166], [98.46938775510205, 98.32599118942731, 88.37209302325581, 95.24752475247524, 95.41751527494908, 90.02242152466367, 97.07724425887265, 94.06614785992218, 91.78644763860369, 92.17046580773042], [98.36734693877551, 98.41409691629956, 62.1124031007752, 92.07920792079207, 95.51934826883911, 93.83408071748879, 95.09394572025052, 93.19066147859922, 90.75975359342915, 93.45887016848364], [98.26530612244898, 98.41409691629956, 82.17054263565892, 92.77227722772277, 95.92668024439918, 94.61883408071749, 96.5553235908142, 93.96887159533074, 91.37577002053388, 92.26957383548067], [97.85714285714286, 98.6784140969163, 43.992248062015506, 92.57425742574257, 95.72301425661914, 94.61883408071749, 96.24217118997912, 94.26070038910505, 92.29979466119096, 92.07135777998018], [98.6734693877551, 98.59030837004406, 67.44186046511628, 94.15841584158416, 95.72301425661914, 94.39461883408072, 95.61586638830897, 94.26070038910505, 91.37577002053388, 92.76511397423191], [98.57142857142857, 98.94273127753304, 80.52325581395348, 93.66336633663366, 95.62118126272912, 94.17040358744394, 95.61586638830897, 93.8715953307393, 93.1211498973306, 93.26065411298315], [97.95918367346938, 98.8546255506608, 12.790697674418604, 94.05940594059406, 95.82484725050917, 94.17040358744394, 96.86847599164926, 95.23346303501945, 91.37577002053388, 92.66600594648166], [98.06122448979592, 99.03083700440529, 89.82558139534883, 94.15841584158416, 95.72301425661914, 93.72197309417041, 96.76409185803757, 95.23346303501945, 93.73716632443532, 91.77403369672943], [97.85714285714286, 98.6784140969163, 49.9031007751938, 94.75247524752476, 96.02851323828921, 94.39461883408072, 93.94572025052192, 93.8715953307393, 93.42915811088295, 93.85530227948463], [98.16326530612245, 98.8546255506608, 81.97674418604652, 94.65346534653466, 96.33401221995926, 95.62780269058295, 96.24217118997912, 94.26070038910505, 91.68377823408625, 93.26065411298315], [98.36734693877551, 98.94273127753304, 51.45348837209303, 95.14851485148515, 96.33401221995926, 94.5067264573991, 95.61586638830897, 95.52529182879377, 91.88911704312115, 92.07135777998018], [98.16326530612245, 98.94273127753304, 45.445736434108525, 95.34653465346534, 94.09368635437882, 93.16143497757848, 97.39039665970772, 95.42801556420234, 94.25051334702259, 93.55797819623389], [98.6734693877551, 98.50220264317181, 76.64728682170542, 95.24752475247524, 94.80651731160896, 92.60089686098655, 96.97286012526096, 94.64980544747081, 94.96919917864476, 94.54905847373637], [97.95918367346938, 98.6784140969163, 87.3062015503876, 94.85148514851485, 96.5376782077393, 92.71300448430493, 97.07724425887265, 95.52529182879377, 94.96919917864476, 93.3597621407334]],