{"config": {"DATASET": "mnist", "TOTAL_CLIENTS": 100, "CLIENT_FRAC": 0.2, "POISON_FRAC": 0.5, "CREATE_DATASET": true, "RANDOM_DATA": true, "CLASS_RATIO": 10, "MODEL": "nnet", "LEARNING_RATE": 0.001, "BATCH_SIZE": 32, "LOCAL_EPOCHS": 10, "OPTIMIZER": "adam", "FED_ROUNDS": 30, "TEST_EVERY": 1, "RANDOM_PROCESS": false, "COS_DEFENCE": false, "SEL_METHOD": 1, "REDUCE_LR": 1, "COLLAB_MODE": true, "COLLAB_ALL": true, "CONSIDER_LAYERS": "l1", "GRAD_AGG": true, "FEATURE_FINDING_ALGO": "auror", "GRAD_COLLECTION_START": 0, "GRAD_COLLECT_FOR": -1, "CLUSTER_SEP": 0.002, "ALPHA": 0.8, "BETA": 0.8, "GAMMA": 0.1, "TRUST_INC": 2, "TRUST_CUT_METHOD": 1, "HONEST_PARDON_FACTOR": 0.7, "LOG_LEVEL": "INFO", "JSON_RESULTS": true}, "mean_poison_class_acc": 31.678294573643413, "mean_attack_srate": 4.647286821705427, "total_accuracies": [48.64, 63.06, 75.83, 78.81, 84.52, 84.96, 81.67, 88.81, 83.01, 84.11, 83.62, 85.49, 84.44, 91.27, 87.53, 84.64, 93.67, 90.76, 90.37, 85.26, 94.22, 85.94, 93.82, 85.32, 94.56, 86.31, 86.96, 85.56, 94.76, 85.86], "class_accuracies": [[97.04081632653062, 99.55947136563877, 0.0, 47.82178217821782, 74.13441955193483, 31.053811659192824, 10.647181628392484, 90.36964980544747, 27.104722792607802, 0.0], [97.55102040816327, 98.94273127753304, 0.0, 78.21782178217822, 90.42769857433808, 83.85650224215247, 69.31106471816284, 87.2568093385214, 18.993839835728952, 5.450941526263628], [96.0204081632653, 98.41409691629956, 0.0, 88.81188118811882, 95.41751527494908, 73.20627802690584, 92.06680584551148, 90.6614785992218, 65.19507186858316, 58.37462834489594], [96.42857142857143, 97.88546255506608, 0.29069767441860467, 86.13861386138613, 92.87169042769857, 88.11659192825113, 88.93528183716076, 88.715953307393, 71.56057494866529, 78.59266600594648], [96.73469387755102, 98.06167400881057, 45.63953488372093, 87.52475247524752, 95.72301425661914, 85.65022421524664, 93.52818371607516, 90.36964980544747, 79.67145790554414, 72.44796828543112], [97.44897959183673, 97.09251101321586, 35.65891472868217, 89.70297029702971, 93.58452138492872, 83.29596412556054, 94.36325678496868, 89.78599221789884, 83.36755646817248, 85.62933597621408], [97.75510204081633, 98.59030837004406, 2.7131782945736433, 91.18811881188118, 94.29735234215886, 88.45291479820628, 91.44050104384134, 90.27237354085604, 81.00616016427105, 82.55698711595639], [98.26530612244898, 97.79735682819383, 64.72868217054264, 91.08910891089108, 96.5376782077393, 88.00448430493273, 93.42379958246346, 91.43968871595331, 83.67556468172485, 82.95341922695738], [97.44897959183673, 97.3568281938326, 1.8410852713178294, 89.4059405940594, 94.5010183299389, 88.56502242152466, 94.98956158663883, 89.6887159533074, 89.21971252566735, 89.197224975223], [97.95918367346938, 97.79735682819383, 7.751937984496124, 93.56435643564356, 95.21384928716904, 86.43497757847534, 94.1544885177453, 91.82879377431907, 88.91170431211499, 88.9990089197225], [98.06122448979592, 97.88546255506608, 1.937984496124031, 92.57425742574257, 96.02851323828921, 88.34080717488789, 95.82463465553236, 90.6614785992218, 88.09034907597535, 88.800792864222], [97.85714285714286, 98.50220264317181, 15.213178294573643, 94.05940594059406, 95.92668024439918, 90.35874439461884, 94.98956158663883, 91.63424124513618, 89.11704312114989, 88.89990089197225], [97.95918367346938, 98.50220264317181, 2.4224806201550386, 94.25742574257426, 95.21384928716904, 90.24663677130044, 96.45093945720251, 92.99610894941634, 88.39835728952772, 89.99008919722498], [98.16326530612245, 98.6784140969163, 65.69767441860465, 94.55445544554455, 95.010183299389, 88.56502242152466, 96.24217118997912, 93.28793774319067, 90.96509240246407, 91.37760158572844], [98.06122448979592, 98.41409691629956, 28.77906976744186, 93.66336633663366, 96.13034623217922, 92.48878923766816, 96.5553235908142, 93.48249027237354, 90.04106776180699, 89.197224975223], [97.85714285714286, 98.76651982378854, 0.0, 91.98019801980197, 94.5010183299389, 92.48878923766816, 96.13778705636743, 94.64980544747081, 90.55441478439425, 91.77403369672943], [98.26530612244898, 98.06167400881057, 85.07751937984496, 94.85148514851485, 95.72301425661914, 90.69506726457399, 96.97286012526096, 93.77431906614785, 91.78644763860369, 91.0802775024777], [98.16326530612245, 98.8546255506608, 57.26744186046512, 92.67326732673267, 95.82484725050917, 92.37668161434978, 96.65970772442589, 93.28793774319067, 90.96509240246407, 92.07135777998018], [97.95918367346938, 98.76651982378854, 52.616279069767444, 92.07920792079207, 95.72301425661914, 93.49775784753363, 96.76409185803757, 93.8715953307393, 91.58110882956879, 91.67492566897918], [98.16326530612245, 98.76651982378854, 0.7751937984496124, 92.57425742574257, 95.82484725050917, 93.72197309417041, 96.86847599164926, 93.96887159533074, 91.88911704312115, 92.56689791873141], [98.36734693877551, 98.6784140969163, 86.7248062015504, 93.36633663366337, 95.82484725050917, 93.72197309417041, 96.34655532359082, 94.3579766536965, 91.78644763860369, 92.76511397423191], [98.26530612244898, 98.76651982378854, 5.62015503875969, 93.26732673267327, 95.82484725050917, 94.05829596412556, 95.61586638830897, 94.26070038910505, 92.71047227926078, 93.3597621407334], [97.75510204081633, 98.76651982378854, 82.07364341085271, 92.77227722772277, 96.13034623217922, 93.60986547085201, 96.76409185803757, 95.91439688715953, 93.01848049281314, 91.2784935579782], [98.57142857142857, 98.8546255506608, 0.09689922480620156, 94.95049504950495, 95.62118126272912, 92.71300448430493, 96.13778705636743, 93.96887159533074, 92.19712525667352, 92.46778989098117], [97.95918367346938, 98.59030837004406, 87.01550387596899, 93.96039603960396, 96.13034623217922, 94.05829596412556, 96.13778705636743, 94.26070038910505, 93.94250513347022, 93.3597621407334], [97.85714285714286, 98.76651982378854, 8.333333333333334, 93.46534653465346, 96.33401221995926, 95.2914798206278, 96.5553235908142, 93.77431906614785, 92.40246406570841, 92.76511397423191], [98.6734693877551, 98.8546255506608, 11.821705426356589, 94.45544554455445, 96.84317718940937, 93.04932735426009, 96.86847599164926, 96.3035019455253, 92.91581108829568, 91.87314172447968], [98.06122448979592, 98.76651982378854, 0.0, 94.35643564356435, 95.82484725050917, 92.152466367713, 97.59916492693111, 94.74708171206225, 93.83983572895278, 92.66600594648166], [98.77551020408163, 98.94273127753304, 87.6937984496124, 95.24752475247524, 96.13034623217922, 92.04035874439462, 96.86847599164926, 93.96887159533074, 94.76386036960986, 92.76511397423191], [98.06122448979592, 98.6784140969163, 0.09689922480620156, 94.75247524752476, 96.13034623217922, 92.9372197309417, 97.28601252609603, 95.42801556420234, 94.86652977412732, 92.86422200198216]],