{"config": {"DATASET": "mnist", "CLIENT_FRAC": 0.2, "POISON_FRAC": 0.0, "CREATE_DATASET": false, "CLASS_RATIO": 10, "MODEL": "nnet", "LEARNING_RATE": 0.001, "BATCH_SIZE": 32, "LOCAL_EPOCHS": 3, "OPTIMIZER": "adam", "FED_ROUNDS": 30, "TEST_EVERY": 1, "RANDOM": true, "COS_DEFENCE": true, "SEL_METHOD": 1, "COLLAB_MODE": true, "COLLAB_ALL": false, "CONSIDER_LAYERS": "l1", "GRAD_AGG": true, "FEATURE_FINDING_ALGO": "auror_plus", "GRAD_COLLECTION_START": 0, "GRAD_COLLECT_FOR": -1, "CLUSTER_SEP": 2.0, "ALPHA": 0.5, "BETA": 0.5, "GAMMA": 0.5, "TRUST_INC": 2, "TRUST_CUT_METHOD": 1, "HONEST_PARDON_FACTOR": 0.99, "LOG_LEVEL": "INFO", "JSON_RESULTS": true}, "mean_poison_class_acc": 86.68217054263567, "mean_attack_srate": 2.682170542635659, "total_accuracies": [18.83, 38.15, 46.95, 44.76, 58.51, 44.1, 67.42, 72.41, 78.83, 81.2, 85.0, 85.15, 86.6, 87.63, 87.51, 88.73, 89.3, 89.94, 90.25, 90.53, 90.98, 91.31, 91.57, 91.9, 92.23, 92.37, 92.59, 92.76, 92.95, 93.21], "class_accuracies": [[95.3061224489796, 0.0881057268722467, 91.18217054263566, 0.0, 0.0, 0.0, 0.20876826722338204, 0.48638132295719844, 0.0, 0.0], [98.36734693877551, 76.12334801762114, 68.6046511627907, 0.0, 9.775967413441956, 0.0, 25.260960334029228, 91.53696498054475, 0.0, 0.0], [99.6938775510204, 85.99118942731278, 63.372093023255815, 0.8910891089108911, 7.841140529531568, 0.672645739910314, 63.77870563674322, 82.19844357976653, 0.0, 53.5183349851338], [99.6938775510204, 74.00881057268722, 53.48837209302326, 40.495049504950494, 35.84521384928717, 0.0, 39.03966597077244, 93.57976653696498, 0.0, 0.9910802775024777], [96.42857142857143, 79.64757709251101, 77.71317829457364, 65.54455445544555, 80.75356415478615, 1.2331838565022422, 75.88726513569938, 95.71984435797665, 2.2587268993839835, 0.09910802775024777], [78.9795918367347, 98.8546255506608, 89.72868217054264, 23.861386138613863, 82.99389002036659, 0.0, 0.31315240083507306, 49.90272373540856, 0.0, 1.5857284440039643], [96.42857142857143, 97.97356828193833, 83.04263565891473, 83.76237623762377, 85.64154786150714, 15.695067264573991, 66.07515657620041, 82.97665369649805, 14.57905544147844, 36.967294350842415], [94.38775510204081, 98.50220264317181, 78.87596899224806, 87.02970297029702, 88.08553971486762, 41.81614349775785, 87.89144050104385, 81.6147859922179, 19.815195071868583, 38.949454905847375], [95.81632653061224, 96.74008810572687, 80.81395348837209, 78.7128712871287, 86.45621181262729, 75.22421524663677, 89.97912317327766, 85.50583657587549, 53.59342915811088, 43.012884043607535], [96.3265306122449, 97.5330396475771, 82.65503875968992, 90.1980198019802, 82.17922606924644, 53.81165919282511, 88.93528183716076, 87.06225680933852, 54.620123203285424, 73.2408325074331], [95.51020408163265, 96.82819383259911, 81.2015503875969, 81.98019801980197, 84.5213849287169, 76.00896860986548, 92.37995824634656, 88.2295719844358, 77.61806981519507, 73.63726461843409], [97.04081632653062, 96.0352422907489, 83.81782945736434, 84.85148514851485, 84.72505091649694, 79.48430493273543, 89.87473903966597, 91.147859922179, 69.60985626283367, 72.8444003964321], [96.42857142857143, 96.65198237885463, 84.10852713178295, 84.45544554455445, 88.08553971486762, 81.72645739910314, 91.33611691022965, 88.715953307393, 74.94866529774127, 77.89890981169475], [96.53061224489795, 96.56387665198238, 84.49612403100775, 87.52475247524752, 84.92871690427698, 80.4932735426009, 91.23173277661796, 88.52140077821012, 79.67145790554414, 84.53914767096134], [96.83673469387755, 95.41850220264317, 84.98062015503876, 86.53465346534654, 92.15885947046843, 83.5201793721973, 92.27557411273486, 90.07782101167315, 80.08213552361396, 72.15064420218037], [96.93877551020408, 95.85903083700441, 84.68992248062015, 84.15841584158416, 91.75152749490834, 84.4170403587444, 92.27557411273486, 91.63424124513618, 83.9835728952772, 80.57482656095144], [97.14285714285714, 95.94713656387665, 83.52713178294573, 85.84158415841584, 92.26069246435846, 83.85650224215247, 92.69311064718163, 91.73151750972762, 86.55030800821355, 82.45787908820614], [96.83673469387755, 96.47577092511013, 88.37209302325581, 89.00990099009901, 91.75152749490834, 83.18385650224215, 92.79749478079331, 89.39688715953308, 83.88090349075975, 86.32309217046581], [97.85714285714286, 96.65198237885463, 85.75581395348837, 87.02970297029702, 93.38085539714868, 85.65022421524664, 93.42379958246346, 90.85603112840467, 86.652977412731, 84.34093161546085], [97.14285714285714, 96.47577092511013, 87.40310077519379, 88.51485148514851, 93.17718940936864, 85.87443946188341, 92.37995824634656, 89.29961089494164, 85.93429158110882, 88.10703666997027], [97.65306122448979, 97.18061674008811, 89.43798449612403, 86.73267326732673, 92.15885947046843, 86.32286995515695, 93.52818371607516, 91.05058365758755, 87.57700205338809, 87.1159563924678], [98.16326530612245, 97.00440528634361, 88.75968992248062, 87.22772277227723, 94.39918533604887, 87.21973094170404, 93.84133611691023, 90.27237354085604, 87.98767967145791, 87.41328047571854], [97.34693877551021, 96.91629955947137, 88.17829457364341, 89.5049504950495, 93.27902240325865, 85.76233183856502, 94.36325678496868, 90.75875486381322, 89.83572895277207, 88.800792864222], [97.65306122448979, 96.29955947136564, 89.24418604651163, 88.81188118811882, 94.19551934826885, 87.33183856502242, 95.72025052192066, 89.78599221789884, 90.4517453798768, 88.89990089197225], [97.65306122448979, 96.65198237885463, 90.01937984496124, 88.31683168316832, 93.68635437881873, 86.7713004484305, 95.19832985386222, 90.46692607003891, 92.71047227926078, 90.08919722497522], [97.55102040816327, 97.44493392070484, 91.86046511627907, 87.72277227722772, 93.78818737270876, 90.02242152466367, 94.1544885177453, 90.27237354085604, 89.21971252566735, 90.98116947472745], [97.85714285714286, 97.5330396475771, 92.24806201550388, 89.00990099009901, 94.60285132382892, 90.35874439461884, 94.78079331941545, 91.63424124513618, 89.01437371663245, 88.20614469772052], [97.85714285714286, 97.3568281938326, 89.92248062015504, 89.10891089108911, 93.89002036659878, 89.91031390134529, 96.03340292275574, 92.02334630350195, 90.86242299794661, 90.08919722497522], [98.16326530612245, 97.3568281938326, 92.92635658914729, 88.01980198019803, 94.80651731160896, 89.79820627802691, 96.03340292275574, 90.56420233463035, 91.47843942505133, 89.79187314172448], [98.06122448979592, 97.3568281938326, 90.98837209302326, 90.99009900990099, 92.9735234215886, 89.12556053811659, 95.19832985386222, 91.24513618677042, 91.88911704312115, 93.55797819623389]],