{"config": {"DATASET": "mnist", "TOTAL_CLIENTS": 100, "CLIENT_FRAC": 0.1, "POISON_FRAC": 0.0, "CREATE_DATASET": true, "RANDOM_DATA": true, "CLASS_RATIO": 10, "MODEL": "nnet", "LEARNING_RATE": 0.001, "BATCH_SIZE": 32, "LOCAL_EPOCHS": 10, "OPTIMIZER": "adam", "FED_ROUNDS": 30, "TEST_EVERY": 1, "RANDOM_PROCESS": true, "COS_DEFENCE": false, "SEL_METHOD": 1, "REDUCE_LR": 1, "COLLAB_MODE": true, "COLLAB_ALL": true, "CONSIDER_LAYERS": "l1", "GRAD_AGG": true, "FEATURE_FINDING_ALGO": "auror", "GRAD_COLLECTION_START": 0, "GRAD_COLLECT_FOR": -1, "CLUSTER_SEP": 0.005, "ALPHA": 0.8, "BETA": 0.8, "GAMMA": 0.1, "TRUST_INC": 2, "TRUST_CUT_METHOD": 1, "HONEST_PARDON_FACTOR": 0.7, "LOG_LEVEL": "INFO", "JSON_RESULTS": true}, "mean_poison_class_acc": 93.53682170542635, "mean_attack_srate": 3.14437984496124, "total_accuracies": [39.6, 71.79, 81.2, 87.19, 88.18, 89.45, 90.14, 91.39, 91.33, 92.12, 92.75, 92.97, 93.53, 94.01, 93.87, 94.12, 94.29, 94.37, 94.74, 94.78, 94.76, 95.01, 95.28, 95.18, 95.12, 95.3, 95.36, 95.29, 95.48, 95.57], "class_accuracies": [[75.81632653061224, 76.0352422907489, 0.3875968992248062, 9.504950495049505, 0.7128309572301426, 96.30044843049328, 27.34864300626305, 1.1673151750972763, 25.462012320328544, 85.82755203171457], [98.87755102040816, 97.62114537444934, 80.52325581395348, 62.07920792079208, 65.58044806517312, 68.38565022421524, 79.64509394572025, 49.12451361867704, 45.68788501026694, 67.09613478691774], [94.08163265306122, 97.5330396475771, 83.43023255813954, 79.3069306930693, 67.41344195519348, 71.74887892376681, 93.63256784968685, 67.41245136186771, 68.6858316221766, 86.02576808721507], [94.6938775510204, 96.65198237885463, 84.20542635658914, 81.48514851485149, 88.79837067209776, 80.71748878923766, 93.31941544885177, 89.2023346303502, 81.62217659137578, 79.68285431119921], [97.24489795918367, 97.97356828193833, 84.10852713178295, 86.73267326732673, 86.25254582484725, 85.87443946188341, 91.8580375782881, 86.284046692607, 77.72073921971253, 86.42220019821606], [96.93877551020408, 96.82819383259911, 84.20542635658914, 89.3069306930693, 93.27902240325865, 77.57847533632287, 93.1106471816284, 91.43968871595331, 85.83162217659138, 84.14271555996035], [95.81632653061224, 97.44493392070484, 85.17441860465117, 93.26732673267327, 92.15885947046843, 83.29596412556054, 96.45093945720251, 89.6887159533074, 78.2340862422998, 88.40436075322101], [97.44897959183673, 97.00440528634361, 89.43798449612403, 93.26732673267327, 93.89002036659878, 84.30493273542601, 94.57202505219206, 88.42412451361868, 85.62628336755647, 88.70168483647176], [96.73469387755102, 97.62114537444934, 84.98062015503876, 93.86138613861387, 94.5010183299389, 86.65919282511211, 95.61586638830897, 86.67315175097276, 85.1129363449692, 90.68384539147671], [97.95918367346938, 97.44493392070484, 86.43410852713178, 92.47524752475248, 95.31568228105907, 87.5560538116592, 93.1106471816284, 89.98054474708171, 91.27310061601642, 88.89990089197225], [97.75510204081633, 97.09251101321586, 91.37596899224806, 90.4950495049505, 91.24236252545825, 89.91031390134529, 95.61586638830897, 91.34241245136187, 88.80903490759754, 93.1615460852329], [97.95918367346938, 97.62114537444934, 92.63565891472868, 88.81188118811882, 94.29735234215886, 92.26457399103138, 95.09394572025052, 90.07782101167315, 88.91170431211499, 91.57581764122894], [97.85714285714286, 97.88546255506608, 93.31395348837209, 94.35643564356435, 95.010183299389, 90.35874439461884, 95.61586638830897, 87.93774319066148, 92.09445585215606, 90.28741328047572], [98.26530612244898, 98.14977973568281, 93.4108527131783, 92.77227722772277, 92.56619144602851, 89.68609865470852, 95.82463465553236, 91.92607003891051, 93.73716632443532, 92.9633300297324], [98.46938775510205, 98.41409691629956, 89.53488372093024, 96.03960396039604, 94.5010183299389, 91.3677130044843, 96.13778705636743, 91.82879377431907, 89.93839835728953, 91.87314172447968], [98.36734693877551, 98.41409691629956, 93.7015503875969, 92.27722772277228, 96.63951120162933, 91.03139013452915, 95.4070981210856, 92.41245136186771, 92.91581108829568, 89.39544103072349], [97.95918367346938, 98.41409691629956, 92.05426356589147, 93.86138613861387, 96.5376782077393, 93.83408071748879, 95.72025052192066, 92.70428015564202, 89.93839835728953, 91.47670961347869], [98.06122448979592, 98.14977973568281, 92.73255813953489, 92.77227722772277, 94.80651731160896, 92.37668161434978, 96.03340292275574, 94.45525291828794, 91.17043121149898, 92.56689791873141], [98.16326530612245, 98.41409691629956, 94.47674418604652, 92.67326732673267, 92.66802443991854, 92.26457399103138, 96.03340292275574, 92.31517509727627, 94.96919917864476, 94.84638255698711], [98.36734693877551, 98.23788546255507, 92.73255813953489, 94.05940594059406, 94.5010183299389, 92.60089686098655, 97.39039665970772, 92.60700389105058, 93.1211498973306, 93.75619425173439], [98.26530612244898, 97.88546255506608, 95.34883720930233, 92.87128712871286, 92.76985743380855, 92.37668161434978, 96.13778705636743, 91.34241245136187, 95.89322381930185, 94.25173439048562], [98.46938775510205, 98.41409691629956, 93.12015503875969, 94.25742574257426, 95.92668024439918, 94.17040358744394, 95.61586638830897, 92.80155642023347, 93.83983572895278, 93.1615460852329], [98.46938775510205, 98.6784140969163, 95.34883720930233, 95.04950495049505, 96.43584521384929, 93.04932735426009, 95.4070981210856, 92.41245136186771, 94.55852156057495, 92.86422200198216], [98.6734693877551, 98.6784140969163, 93.7015503875969, 95.14851485148515, 94.29735234215886, 93.83408071748879, 95.30271398747391, 92.60700389105058, 94.14784394250513, 94.94549058473736], [98.57142857142857, 98.32599118942731, 93.9922480620155, 95.34653465346534, 95.51934826883911, 93.38565022421524, 96.86847599164926, 93.28793774319067, 92.19712525667352, 93.26065411298315], [98.16326530612245, 98.8546255506608, 94.76744186046511, 96.53465346534654, 95.31568228105907, 90.69506726457399, 96.76409185803757, 92.41245136186771, 93.73716632443532, 94.94549058473736], [97.85714285714286, 98.6784140969163, 94.37984496124031, 94.15841584158416, 94.5010183299389, 95.4035874439462, 96.97286012526096, 92.60700389105058, 93.42915811088295, 95.34192269573836], [98.77551020408163, 98.94273127753304, 94.37984496124031, 94.55445544554455, 95.82484725050917, 94.17040358744394, 96.24217118997912, 92.41245136186771, 92.91581108829568, 94.25173439048562], [98.16326530612245, 98.6784140969163, 94.57364341085271, 94.65346534653466, 95.11201629327903, 94.5067264573991, 96.5553235908142, 94.16342412451363, 93.63449691991786, 94.35084241823587], [98.26530612244898, 98.94273127753304, 95.15503875968992, 93.26732673267327, 95.21384928716904, 96.41255605381166, 96.45093945720251, 92.50972762645914, 94.25051334702259, 95.04459861248762]],