{"config": {"DATASET": "mnist", "TOTAL_CLIENTS": 100, "CLIENT_FRAC": 0.2, "POISON_FRAC": 0.3, "CREATE_DATASET": true, "RANDOM_DATA": true, "CLASS_RATIO": 10, "MODEL": "nnet", "LEARNING_RATE": 0.001, "BATCH_SIZE": 32, "LOCAL_EPOCHS": 10, "OPTIMIZER": "adam", "FED_ROUNDS": 30, "TEST_EVERY": 1, "RANDOM_PROCESS": false, "COS_DEFENCE": false, "SEL_METHOD": 1, "REDUCE_LR": 1, "COLLAB_MODE": true, "COLLAB_ALL": true, "CONSIDER_LAYERS": "l1", "GRAD_AGG": true, "FEATURE_FINDING_ALGO": "auror", "GRAD_COLLECTION_START": 0, "GRAD_COLLECT_FOR": -1, "CLUSTER_SEP": 0.002, "ALPHA": 0.8, "BETA": 0.8, "GAMMA": 0.1, "TRUST_INC": 2, "TRUST_CUT_METHOD": 1, "HONEST_PARDON_FACTOR": 0.7, "LOG_LEVEL": "INFO", "JSON_RESULTS": true}, "mean_poison_class_acc": 73.81782945736434, "mean_attack_srate": 3.174418604651163, "total_accuracies": [50.14, 64.8, 82.14, 85.0, 84.39, 87.62, 88.01, 90.19, 89.27, 88.65, 92.2, 90.76, 93.0, 90.84, 93.02, 93.54, 92.34, 91.11, 93.56, 92.43, 93.13, 93.98, 92.23, 94.39, 91.77, 94.96, 94.97, 91.64, 95.23, 94.83], "class_accuracies": [[97.95918367346938, 99.55947136563877, 0.0, 36.633663366336634, 75.25458248472505, 47.42152466367713, 13.25678496868476, 85.11673151750973, 40.04106776180698, 0.0], [97.85714285714286, 98.8546255506608, 11.821705426356589, 78.21782178217822, 91.85336048879837, 85.42600896860986, 66.49269311064718, 86.38132295719845, 15.297741273100616, 14.767096134786918], [96.63265306122449, 97.97356828193833, 67.05426356589147, 85.84158415841584, 95.62118126272912, 74.32735426008969, 93.42379958246346, 91.63424124513618, 73.40862422997947, 43.805748265609516], [96.63265306122449, 98.59030837004406, 60.65891472868217, 86.63366336633663, 91.75152749490834, 85.98654708520179, 90.7098121085595, 90.1750972762646, 68.37782340862422, 79.58374628344896], [97.24489795918367, 98.14977973568281, 41.763565891472865, 89.70297029702971, 96.23217922606925, 82.62331838565022, 92.90187891440502, 91.63424124513618, 77.31006160164272, 76.1149653121903], [97.55102040816327, 97.3568281938326, 62.4031007751938, 87.02970297029702, 95.41751527494908, 85.08968609865471, 94.57202505219206, 92.31517509727627, 82.95687885010267, 81.16947472745292], [97.34693877551021, 98.6784140969163, 63.85658914728682, 90.99009900990099, 95.11201629327903, 89.12556053811659, 92.58872651356994, 91.53696498054475, 78.33675564681725, 82.1605550049554], [97.95918367346938, 97.88546255506608, 75.96899224806202, 91.2871287128713, 96.13034623217922, 88.34080717488789, 93.0062630480167, 92.41245136186771, 82.75154004106776, 85.53022794846383], [97.65306122448979, 97.26872246696036, 60.07751937984496, 90.4950495049505, 95.31568228105907, 89.68609865470852, 94.05010438413362, 90.36964980544747, 88.39835728952772, 89.69276511397423], [98.36734693877551, 97.79735682819383, 55.23255813953488, 93.76237623762377, 96.94501018329939, 87.33183856502242, 94.258872651357, 92.12062256809338, 86.03696098562628, 84.73736372646184], [98.26530612244898, 98.06167400881057, 84.01162790697674, 92.97029702970298, 96.02851323828921, 90.24663677130044, 95.92901878914405, 92.12062256809338, 86.13963039014374, 87.71060455896928], [98.36734693877551, 98.23788546255507, 66.66666666666667, 93.86138613861387, 96.63951120162933, 89.34977578475336, 96.13778705636743, 92.80155642023347, 87.98767967145791, 87.51238850346878], [98.06122448979592, 98.50220264317181, 86.7248062015504, 93.16831683168317, 95.92668024439918, 90.80717488789237, 96.86847599164926, 94.06614785992218, 87.88501026694045, 87.41328047571854], [98.36734693877551, 98.32599118942731, 61.82170542635659, 94.45544554455445, 95.62118126272912, 91.14349775784753, 94.98956158663883, 94.3579766536965, 88.80903490759754, 90.68384539147671], [98.36734693877551, 98.14977973568281, 81.2984496124031, 94.95049504950495, 95.72301425661914, 92.26457399103138, 96.03340292275574, 94.94163424124514, 88.50102669404518, 89.69276511397423], [98.06122448979592, 98.41409691629956, 84.39922480620154, 93.66336633663366, 94.39918533604887, 92.37668161434978, 96.13778705636743, 94.94163424124514, 89.73305954825462, 92.86422200198216], [98.06122448979592, 98.06167400881057, 71.31782945736434, 95.84158415841584, 95.11201629327903, 90.02242152466367, 97.28601252609603, 94.3579766536965, 90.24640657084188, 92.9633300297324], [98.16326530612245, 98.32599118942731, 60.75581395348837, 93.26732673267327, 95.010183299389, 92.82511210762331, 96.45093945720251, 93.19066147859922, 89.73305954825462, 93.85530227948463], [97.85714285714286, 98.59030837004406, 81.5891472868217, 93.16831683168317, 95.72301425661914, 93.38565022421524, 96.76409185803757, 94.45525291828794, 91.9917864476386, 91.97224975222993], [97.75510204081633, 98.8546255506608, 70.44573643410853, 93.86138613861387, 96.02851323828921, 93.16143497757848, 96.65970772442589, 93.77431906614785, 92.40246406570841, 91.57581764122894], [98.16326530612245, 98.76651982378854, 74.8062015503876, 94.95049504950495, 95.92668024439918, 93.16143497757848, 96.76409185803757, 94.74708171206225, 91.68377823408625, 92.36868186323092], [98.26530612244898, 98.76651982378854, 82.17054263565892, 94.95049504950495, 95.72301425661914, 93.72197309417041, 96.03340292275574, 94.06614785992218, 92.29979466119096, 93.65708622398414], [97.85714285714286, 98.76651982378854, 65.11627906976744, 94.95049504950495, 96.02851323828921, 94.05829596412556, 96.97286012526096, 95.91439688715953, 90.86242299794661, 92.17046580773042], [98.26530612244898, 98.8546255506608, 85.07751937984496, 95.64356435643565, 96.02851323828921, 93.38565022421524, 96.65970772442589, 94.26070038910505, 93.1211498973306, 92.36868186323092], [97.65306122448979, 98.76651982378854, 60.174418604651166, 95.94059405940594, 95.92668024439918, 94.17040358744394, 95.61586638830897, 94.16342412451363, 91.88911704312115, 93.95441030723488], [97.95918367346938, 98.59030837004406, 90.11627906976744, 94.85148514851485, 96.23217922606925, 95.17937219730942, 96.34655532359082, 94.26070038910505, 92.29979466119096, 93.55797819623389], [98.57142857142857, 98.76651982378854, 88.75968992248062, 95.64356435643565, 96.33401221995926, 93.83408071748879, 97.07724425887265, 96.01167315175097, 92.09445585215606, 92.26957383548067], [98.26530612244898, 98.50220264317181, 56.298449612403104, 96.23762376237623, 95.72301425661914, 93.16143497757848, 97.39039665970772, 95.62256809338521, 92.50513347022587, 93.3597621407334], [98.46938775510205, 98.6784140969163, 90.89147286821705, 96.03960396039604, 95.92668024439918, 92.9372197309417, 97.28601252609603, 93.8715953307393, 94.14784394250513, 93.65708622398414], [98.26530612244898, 98.14977973568281, 85.46511627906976, 96.03960396039604, 95.82484725050917, 93.94618834080717, 97.07724425887265, 96.01167315175097, 94.04517453798768, 93.3597621407334]],