{"config": {"DATASET": "mnist", "TOTAL_CLIENTS": 100, "CLIENT_FRAC": 0.1, "POISON_FRAC": 0.2, "CREATE_DATASET": true, "RANDOM_DATA": true, "CLASS_RATIO": 10, "MODEL": "nnet", "LEARNING_RATE": 0.001, "BATCH_SIZE": 32, "LOCAL_EPOCHS": 10, "OPTIMIZER": "adam", "FED_ROUNDS": 30, "TEST_EVERY": 1, "RANDOM_PROCESS": false, "COS_DEFENCE": false, "SEL_METHOD": 1, "REDUCE_LR": 1, "COLLAB_MODE": true, "COLLAB_ALL": true, "CONSIDER_LAYERS": "l1", "GRAD_AGG": true, "FEATURE_FINDING_ALGO": "auror", "GRAD_COLLECTION_START": 0, "GRAD_COLLECT_FOR": -1, "CLUSTER_SEP": 0.005, "ALPHA": 0.8, "BETA": 0.8, "GAMMA": 0.1, "TRUST_INC": 2, "TRUST_CUT_METHOD": 1, "HONEST_PARDON_FACTOR": 0.7, "LOG_LEVEL": "INFO", "JSON_RESULTS": true}, "mean_poison_class_acc": 75.34399224806201, "mean_attack_srate": 3.2461240310077515, "total_accuracies": [42.81, 70.01, 84.3, 85.68, 88.11, 89.96, 90.1, 89.23, 90.36, 90.31, 91.93, 90.69, 92.1, 90.86, 92.59, 90.05, 93.42, 94.25, 94.72, 94.43, 93.55, 91.71, 94.49, 94.04, 87.3, 95.09, 93.16, 94.66, 94.53, 93.4], "class_accuracies": [[99.18367346938776, 99.47136563876651, 0.0, 22.97029702970297, 12.423625254582484, 17.48878923766816, 43.84133611691023, 77.52918287937743, 44.14784394250513, 2.2794846382556986], [96.53061224489795, 98.32599118942731, 2.810077519379845, 84.15841584158416, 94.60285132382892, 80.94170403587444, 85.90814196242171, 86.47859922178988, 48.25462012320329, 22.497522299306244], [96.93877551020408, 97.00440528634361, 60.36821705426357, 83.06930693069307, 88.28920570264766, 81.83856502242152, 91.44050104384134, 89.2023346303502, 75.46201232032854, 78.49355797819624], [96.73469387755102, 96.56387665198238, 56.97674418604651, 87.32673267326733, 91.0386965376782, 80.60538116591928, 94.36325678496868, 86.57587548638132, 80.9034907597536, 85.13379583746284], [97.34693877551021, 96.47577092511013, 71.60852713178295, 86.73267326732673, 94.19551934826885, 82.17488789237669, 93.21503131524008, 89.59143968871595, 85.1129363449692, 83.84539147670961], [96.63265306122449, 98.50220264317181, 87.1124031007752, 88.41584158415841, 93.17718940936864, 85.08968609865471, 95.09394572025052, 90.1750972762646, 79.56878850102669, 84.4400396432111], [97.24489795918367, 98.14977973568281, 83.52713178294573, 88.81188118811882, 96.23217922606925, 86.99551569506727, 94.57202505219206, 89.2023346303502, 82.85420944558521, 82.55698711595639], [97.85714285714286, 97.44493392070484, 68.5077519379845, 90.79207920792079, 94.09368635437882, 89.68609865470852, 91.7536534446764, 91.05058365758755, 81.00616016427105, 89.79187314172448], [97.44897959183673, 97.88546255506608, 73.93410852713178, 88.01980198019803, 94.29735234215886, 89.79820627802691, 94.78079331941545, 93.77431906614785, 84.08624229979466, 89.197224975223], [98.06122448979592, 97.09251101321586, 69.28294573643412, 88.31683168316832, 95.21384928716904, 89.12556053811659, 95.82463465553236, 93.3852140077821, 87.67967145790554, 89.09811694747275], [97.95918367346938, 98.23788546255507, 84.01162790697674, 91.98019801980197, 90.32586558044807, 92.82511210762331, 93.42379958246346, 89.88326848249027, 85.83162217659138, 94.35084241823587], [98.36734693877551, 97.97356828193833, 68.7984496124031, 91.2871287128713, 96.13034623217922, 90.5829596412556, 94.46764091858037, 93.09338521400778, 85.72895277207392, 90.38652130822597], [97.95918367346938, 97.79735682819383, 77.61627906976744, 91.98019801980197, 96.63951120162933, 89.91031390134529, 94.98956158663883, 94.06614785992218, 89.21971252566735, 90.48562933597621], [98.16326530612245, 98.59030837004406, 65.60077519379846, 95.14851485148515, 94.60285132382892, 86.7713004484305, 96.34655532359082, 94.06614785992218, 87.47433264887064, 91.37760158572844], [97.85714285714286, 98.41409691629956, 78.10077519379846, 93.56435643564356, 96.74134419551935, 92.60089686098655, 94.57202505219206, 94.16342412451363, 88.29568788501027, 91.37760158572844], [98.46938775510205, 98.06167400881057, 50.872093023255815, 93.66336633663366, 95.51934826883911, 93.94618834080717, 94.46764091858037, 94.8443579766537, 89.21971252566735, 92.26957383548067], [97.55102040816327, 98.8546255506608, 85.65891472868218, 93.06930693069307, 95.51934826883911, 92.71300448430493, 96.13778705636743, 92.60700389105058, 90.04106776180699, 91.67492566897918], [98.46938775510205, 98.14977973568281, 89.53488372093024, 94.75247524752476, 95.21384928716904, 92.26457399103138, 94.78079331941545, 93.48249027237354, 93.01848049281314, 92.36868186323092], [98.36734693877551, 98.76651982378854, 92.24806201550388, 93.26732673267327, 96.02851323828921, 93.72197309417041, 95.4070981210856, 93.19066147859922, 93.01848049281314, 92.76511397423191], [98.26530612244898, 97.79735682819383, 87.98449612403101, 94.55445544554455, 95.82484725050917, 92.37668161434978, 96.13778705636743, 93.77431906614785, 94.25051334702259, 93.06243805748265], [98.87755102040816, 98.06167400881057, 78.19767441860465, 93.26732673267327, 95.31568228105907, 93.38565022421524, 94.46764091858037, 94.64980544747081, 95.27720739219713, 94.05351833498513], [97.85714285714286, 98.6784140969163, 60.07751937984496, 96.23762376237623, 96.94501018329939, 92.82511210762331, 94.1544885177453, 95.3307392996109, 91.58110882956879, 93.75619425173439], [97.34693877551021, 99.03083700440529, 84.68992248062015, 95.14851485148515, 96.63951120162933, 92.82511210762331, 95.92901878914405, 96.59533073929961, 94.96919917864476, 91.37760158572844], [97.95918367346938, 98.94273127753304, 83.04263565891473, 96.03960396039604, 97.25050916496944, 93.38565022421524, 95.51148225469728, 94.3579766536965, 93.63449691991786, 90.08919722497522], [98.36734693877551, 98.8546255506608, 16.085271317829456, 95.64356435643565, 95.41751527494908, 95.4035874439462, 93.84133611691023, 96.3035019455253, 90.65708418891171, 94.35084241823587], [98.36734693877551, 98.94273127753304, 91.66666666666667, 95.04950495049505, 96.63951120162933, 93.72197309417041, 95.4070981210856, 96.3035019455253, 93.53182751540041, 90.78295341922696], [98.06122448979592, 98.41409691629956, 69.18604651162791, 96.33663366336634, 96.23217922606925, 92.71300448430493, 95.82463465553236, 95.71984435797665, 94.55852156057495, 94.74727452923686], [98.77551020408163, 98.76651982378854, 86.14341085271317, 95.84158415841584, 95.92668024439918, 93.27354260089686, 94.46764091858037, 96.01167315175097, 94.76386036960986, 92.26957383548067], [98.57142857142857, 98.94273127753304, 84.10852713178295, 93.66336633663366, 95.51934826883911, 95.06726457399103, 95.82463465553236, 95.8171206225681, 93.1211498973306, 94.54905847373637], [98.36734693877551, 98.41409691629956, 73.25581395348837, 95.54455445544555, 96.02851323828921, 93.60986547085201, 94.57202505219206, 96.78988326848248, 93.83983572895278, 93.65708622398414]],