{"config": {"DATASET": "mnist", "TOTAL_CLIENTS": 100, "CLIENT_FRAC": 0.1, "POISON_FRAC": 0.1, "CREATE_DATASET": true, "RANDOM_DATA": true, "CLASS_RATIO": 10, "MODEL": "nnet", "LEARNING_RATE": 0.001, "BATCH_SIZE": 32, "LOCAL_EPOCHS": 10, "OPTIMIZER": "adam", "FED_ROUNDS": 30, "TEST_EVERY": 1, "RANDOM_PROCESS": false, "COS_DEFENCE": false, "SEL_METHOD": 1, "REDUCE_LR": 1, "COLLAB_MODE": true, "COLLAB_ALL": true, "CONSIDER_LAYERS": "l1", "GRAD_AGG": true, "FEATURE_FINDING_ALGO": "auror", "GRAD_COLLECTION_START": 0, "GRAD_COLLECT_FOR": -1, "CLUSTER_SEP": 0.005, "ALPHA": 0.8, "BETA": 0.8, "GAMMA": 0.1, "TRUST_INC": 2, "TRUST_CUT_METHOD": 1, "HONEST_PARDON_FACTOR": 0.8, "LOG_LEVEL": "INFO", "JSON_RESULTS": true}, "mean_poison_class_acc": 84.87887596899225, "mean_attack_srate": 3.1056201550387597, "total_accuracies": [44.06, 72.6, 84.93, 86.22, 87.59, 90.05, 90.34, 90.95, 86.31, 91.33, 86.38, 92.94, 93.5, 93.59, 93.92, 91.75, 94.02, 94.62, 94.74, 94.75, 94.11, 95.25, 95.32, 95.34, 94.22, 91.58, 95.41, 92.53, 95.48, 95.05], "class_accuracies": [[98.9795918367347, 99.8237885462555, 0.0, 19.207920792079207, 28.105906313645622, 20.62780269058296, 23.173277661795407, 78.50194552529183, 43.53182751540041, 19.425173439048564], [96.83673469387755, 97.70925110132158, 34.20542635658915, 86.03960396039604, 93.58452138492872, 74.43946188340807, 88.3089770354906, 81.03112840466926, 55.95482546201232, 17.145688800792865], [96.63265306122449, 97.88546255506608, 68.8953488372093, 85.84158415841584, 86.45621181262729, 79.37219730941705, 91.02296450939457, 85.89494163424125, 74.02464065708419, 81.66501486620416], [96.83673469387755, 96.65198237885463, 65.60077519379846, 88.91089108910892, 92.56619144602851, 74.43946188340807, 94.67640918580376, 89.10505836575875, 79.97946611909651, 81.86323092170466], [97.04081632653062, 96.82819383259911, 68.12015503875969, 84.15841584158416, 92.66802443991854, 84.52914798206278, 93.0062630480167, 89.88326848249027, 85.52361396303901, 83.64717542120911], [96.93877551020408, 97.70925110132158, 88.0813953488372, 89.70297029702971, 91.0386965376782, 83.18385650224215, 94.78079331941545, 90.56420233463035, 80.49281314168378, 86.42220019821606], [97.14285714285714, 97.70925110132158, 88.95348837209302, 88.61386138613861, 96.33401221995926, 86.32286995515695, 94.67640918580376, 89.00778210116732, 81.51950718685832, 82.06144697720515], [97.75510204081633, 97.18061674008811, 84.68992248062015, 90.5940594059406, 94.29735234215886, 88.34080717488789, 93.31941544885177, 90.85603112840467, 82.34086242299794, 89.29633300297324], [97.65306122448979, 97.70925110132158, 37.2093023255814, 90.39603960396039, 96.23217922606925, 88.78923766816143, 91.8580375782881, 91.34241245136187, 82.64887063655031, 89.89098116947473], [98.36734693877551, 97.09251101321586, 77.13178294573643, 90.79207920792079, 95.82484725050917, 87.5560538116592, 96.03340292275574, 93.09338521400778, 87.782340862423, 89.197224975223], [98.16326530612245, 97.70925110132158, 33.042635658914726, 93.06930693069307, 92.05702647657841, 90.5829596412556, 93.0062630480167, 87.64591439688716, 85.62628336755647, 93.95441030723488], [98.06122448979592, 97.62114537444934, 90.01937984496124, 92.67326732673267, 96.74134419551935, 89.46188340807174, 94.258872651357, 93.67704280155642, 86.652977412731, 89.39544103072349], [98.06122448979592, 97.44493392070484, 90.89147286821705, 92.47524752475248, 96.02851323828921, 89.91031390134529, 96.13778705636743, 93.19066147859922, 89.3223819301848, 90.8820614469772], [98.36734693877551, 98.76651982378854, 91.47286821705427, 92.07920792079207, 95.62118126272912, 90.91928251121077, 96.97286012526096, 92.8988326848249, 88.91170431211499, 89.197224975223], [98.06122448979592, 98.23788546255507, 94.18604651162791, 93.36633663366337, 96.43584521384929, 91.70403587443946, 95.30271398747391, 91.147859922179, 88.70636550308008, 91.37760158572844], [98.26530612244898, 97.70925110132158, 67.24806201550388, 94.35643564356435, 95.92668024439918, 94.05829596412556, 92.58872651356994, 95.03891050583658, 89.63039014373716, 92.9633300297324], [97.85714285714286, 99.03083700440529, 93.4108527131783, 91.98019801980197, 95.31568228105907, 91.70403587443946, 97.07724425887265, 91.82879377431907, 89.21971252566735, 92.07135777998018], [98.26530612244898, 97.88546255506608, 94.18604651162791, 94.55445544554455, 94.70468431771894, 91.70403587443946, 96.13778705636743, 92.60700389105058, 92.19712525667352, 93.3597621407334], [98.16326530612245, 98.41409691629956, 93.8953488372093, 93.26732673267327, 95.82484725050917, 94.39461883408072, 96.45093945720251, 91.82879377431907, 92.29979466119096, 92.56689791873141], [98.16326530612245, 97.79735682819383, 91.76356589147287, 95.74257425742574, 95.62118126272912, 92.82511210762331, 96.45093945720251, 92.99610894941634, 93.1211498973306, 92.66600594648166], [99.08163265306122, 97.79735682819383, 85.46511627906976, 93.76237623762377, 94.80651731160896, 92.9372197309417, 95.19832985386222, 93.48249027237354, 94.76386036960986, 93.65708622398414], [97.75510204081633, 98.41409691629956, 94.47674418604652, 95.74257425742574, 96.63951120162933, 92.9372197309417, 95.92901878914405, 94.26070038910505, 91.58110882956879, 94.15262636273538], [97.44897959183673, 98.14977973568281, 95.05813953488372, 94.35643564356435, 96.84317718940937, 93.60986547085201, 96.34655532359082, 95.52529182879377, 93.94250513347022, 91.47670961347869], [98.46938775510205, 98.50220264317181, 95.05813953488372, 95.94059405940594, 97.04684317718942, 92.48878923766816, 96.34655532359082, 93.19066147859922, 93.83983572895278, 91.97224975222993], [98.36734693877551, 98.94273127753304, 83.33333333333333, 94.65346534653466, 95.92668024439918, 95.06726457399103, 95.51148225469728, 96.3035019455253, 90.24640657084188, 93.65708622398414], [98.57142857142857, 98.6784140969163, 59.30232558139535, 95.24752475247524, 96.33401221995926, 93.60986547085201, 94.67640918580376, 95.62256809338521, 90.04106776180699, 94.15262636273538], [98.36734693877551, 98.50220264317181, 95.73643410852713, 95.94059405940594, 96.23217922606925, 90.5829596412556, 96.03340292275574, 95.03891050583658, 93.1211498973306, 93.65708622398414], [98.6734693877551, 98.59030837004406, 65.89147286821705, 96.03960396039604, 96.5376782077393, 94.5067264573991, 95.30271398747391, 95.3307392996109, 92.19712525667352, 92.66600594648166], [98.6734693877551, 99.03083700440529, 95.15503875968992, 93.26732673267327, 96.33401221995926, 94.61883408071749, 95.92901878914405, 95.62256809338521, 92.09445585215606, 93.55797819623389], [98.57142857142857, 98.59030837004406, 87.98449612403101, 95.44554455445545, 96.43584521384929, 94.39461883408072, 95.51148225469728, 96.10894941634241, 93.83983572895278, 93.3597621407334]],