{"config": {"DATASET": "mnist", "TOTAL_CLIENTS": 100, "CLIENT_FRAC": 0.1, "POISON_FRAC": 0.1, "CREATE_DATASET": true, "RANDOM_DATA": true, "CLASS_RATIO": 10, "MODEL": "nnet", "LEARNING_RATE": 0.001, "BATCH_SIZE": 32, "LOCAL_EPOCHS": 3, "OPTIMIZER": "adam", "FED_ROUNDS": 30, "TEST_EVERY": 1, "RANDOM_PROCESS": true, "COS_DEFENCE": true, "SEL_METHOD": 1, "REDUCE_LR": 1, "COLLAB_MODE": true, "COLLAB_ALL": true, "CONSIDER_LAYERS": "l2", "GRAD_AGG": true, "FEATURE_FINDING_ALGO": "auror", "GRAD_COLLECTION_START": 0, "GRAD_COLLECT_FOR": -1, "CLUSTER_SEP": 0.007, "ALPHA": 0.8, "BETA": 0.8, "GAMMA": 0.1, "TRUST_INC": 2, "TRUST_CUT_METHOD": 2, "HONEST_PARDON_FACTOR": 0.99, "LOG_LEVEL": "INFO", "JSON_RESULTS": true}, "mean_poison_class_acc": 79.44282945736434, "mean_attack_srate": 3.1782945736434103, "total_accuracies": [23.35, 28.66, 29.76, 53.41, 56.71, 69.91, 71.72, 75.83, 80.86, 79.85, 81.42, 84.22, 84.62, 85.74, 86.57, 87.93, 87.23, 88.06, 88.89, 88.15, 89.39, 89.83, 89.57, 89.56, 90.18, 90.93, 89.48, 91.23, 90.34, 90.18], "class_accuracies": [[92.95918367346938, 0.0, 6.2984496124031, 0.0, 0.0, 90.91928251121077, 2.4008350730688934, 51.070038910505836, 0.0, 0.0], [98.16326530612245, 99.47136563876651, 0.0, 12.178217821782178, 0.0, 0.0, 67.64091858037578, 0.0, 0.4106776180698152, 0.0], [98.36734693877551, 99.91189427312776, 0.09689922480620156, 34.45544554455446, 1.120162932790224, 9.417040358744394, 19.937369519832984, 14.396887159533074, 9.240246406570842, 0.49554013875123887], [96.83673469387755, 99.47136563876651, 32.07364341085271, 34.35643564356435, 36.65987780040733, 73.76681614349776, 68.6847599164927, 74.0272373540856, 0.6160164271047228, 14.073339940535183], [95.10204081632654, 99.20704845814979, 56.395348837209305, 40.495049504950494, 12.118126272912424, 85.65022421524664, 82.25469728601253, 88.32684824902724, 0.2053388090349076, 4.063429137760159], [93.9795918367347, 99.11894273127753, 58.81782945736434, 70.0990099009901, 69.14460285132382, 84.19282511210763, 86.22129436325679, 76.36186770428016, 6.057494866529774, 52.52725470763132], [96.3265306122449, 99.11894273127753, 32.945736434108525, 78.41584158415841, 82.07739307535641, 71.18834080717488, 91.23173277661796, 77.52918287937743, 45.58521560574949, 41.12983151635282], [96.93877551020408, 98.14977973568281, 72.28682170542636, 89.3069306930693, 79.42973523421588, 64.34977578475336, 89.66597077244259, 81.80933852140078, 35.93429158110883, 46.28344895936571], [97.34693877551021, 98.94273127753304, 84.10852713178295, 78.01980198019803, 76.27291242362526, 72.86995515695067, 91.23173277661796, 79.96108949416342, 51.64271047227926, 74.82656095143706], [96.63265306122449, 98.94273127753304, 60.46511627906977, 78.01980198019803, 86.45621181262729, 81.50224215246637, 90.81419624217119, 86.38132295719845, 66.4271047227926, 51.73439048562933], [96.53061224489795, 95.15418502202643, 82.65503875968992, 71.38613861386139, 93.27902240325865, 85.20179372197309, 88.4133611691023, 87.35408560311284, 80.59548254620123, 33.30029732408325], [97.75510204081633, 96.82819383259911, 75.7751937984496, 86.13861386138613, 90.22403258655804, 78.58744394618834, 91.54488517745303, 85.7976653696498, 69.19917864476386, 68.6818632309217], [96.0204081632653, 96.47577092511013, 75.87209302325581, 83.96039603960396, 88.08553971486762, 85.65022421524664, 91.23173277661796, 92.70428015564202, 69.81519507186859, 65.31219028741329], [97.04081632653062, 97.18061674008811, 68.31395348837209, 82.37623762376238, 87.57637474541751, 84.52914798206278, 92.06680584551148, 84.3385214007782, 78.85010266940452, 84.4400396432111], [96.53061224489795, 95.50660792951543, 74.12790697674419, 84.35643564356435, 84.92871690427698, 83.29596412556054, 92.58872651356994, 88.81322957198444, 78.13141683778234, 86.42220019821606], [97.34693877551021, 94.80176211453744, 85.65891472868218, 84.65346534653466, 84.31771894093686, 80.15695067264573, 91.9624217118998, 91.63424124513618, 82.23819301848049, 84.93557978196233], [97.65306122448979, 97.18061674008811, 77.22868217054264, 82.67326732673267, 93.58452138492872, 88.90134529147981, 89.97912317327766, 86.96498054474708, 76.69404517453799, 80.87215064420218], [97.24489795918367, 96.74008810572687, 82.55813953488372, 82.67326732673267, 85.84521384928716, 89.23766816143498, 91.54488517745303, 90.36964980544747, 76.89938398357289, 86.62041625371656], [97.95918367346938, 96.74008810572687, 80.62015503875969, 88.91089108910892, 87.27087576374745, 85.76233183856502, 91.54488517745303, 90.95330739299611, 82.54620123203286, 85.53022794846383], [97.95918367346938, 95.33039647577093, 74.2248062015504, 84.35643564356435, 92.36252545824847, 82.51121076233184, 92.06680584551148, 87.35408560311284, 87.06365503080082, 87.61149653121903], [97.34693877551021, 95.77092511013215, 81.2984496124031, 86.93069306930693, 89.61303462321793, 84.75336322869956, 92.06680584551148, 88.2295719844358, 90.24640657084188, 86.9177403369673], [97.24489795918367, 96.65198237885463, 86.33720930232558, 84.25742574257426, 90.52953156822811, 87.66816143497758, 94.67640918580376, 89.29961089494164, 82.64887063655031, 88.20614469772052], [96.93877551020408, 96.91629955947137, 78.77906976744185, 87.82178217821782, 94.60285132382892, 84.19282511210763, 94.78079331941545, 89.88326848249027, 85.83162217659138, 85.13379583746284], [97.44897959183673, 94.8898678414097, 80.03875968992249, 87.72277227722772, 88.39103869653768, 86.7713004484305, 91.23173277661796, 89.2023346303502, 88.29568788501027, 91.0802775024777], [97.55102040816327, 95.85903083700441, 79.94186046511628, 86.73267326732673, 93.48268839103869, 89.23766816143498, 93.42379958246346, 90.07782101167315, 86.96098562628337, 88.30525272547077], [97.65306122448979, 96.74008810572687, 89.43798449612403, 92.77227722772277, 88.4928716904277, 84.75336322869956, 92.37995824634656, 90.27237354085604, 84.18891170431212, 91.17938553022795], [97.85714285714286, 96.74008810572687, 72.57751937984496, 89.4059405940594, 93.68635437881873, 89.68609865470852, 93.52818371607516, 90.75875486381322, 81.41683778234086, 88.89990089197225], [98.36734693877551, 96.0352422907489, 88.85658914728683, 89.10891089108911, 95.010183299389, 86.21076233183857, 94.46764091858037, 90.56420233463035, 85.83162217659138, 87.01684836471755], [97.85714285714286, 96.2114537444934, 80.62015503875969, 91.98019801980197, 93.17718940936864, 88.00448430493273, 91.64926931106471, 90.75875486381322, 82.13552361396304, 90.28741328047572], [97.85714285714286, 96.29955947136564, 73.93410852713178, 89.5049504950495, 94.09368635437882, 88.67713004484305, 93.94572025052192, 89.00778210116732, 88.70636550308008, 89.69276511397423]],