{"config": {"DATASET": "mnist", "TOTAL_CLIENTS": 100, "CLIENT_FRAC": 0.1, "POISON_FRAC": 0.1, "CREATE_DATASET": true, "RANDOM_DATA": true, "CLASS_RATIO": 10, "MODEL": "nnet", "LEARNING_RATE": 0.001, "BATCH_SIZE": 32, "LOCAL_EPOCHS": 10, "OPTIMIZER": "adam", "FED_ROUNDS": 30, "TEST_EVERY": 1, "RANDOM_PROCESS": false, "COS_DEFENCE": false, "SEL_METHOD": 1, "REDUCE_LR": 1, "COLLAB_MODE": true, "COLLAB_ALL": true, "CONSIDER_LAYERS": "l1", "GRAD_AGG": true, "FEATURE_FINDING_ALGO": "auror", "GRAD_COLLECTION_START": 0, "GRAD_COLLECT_FOR": -1, "CLUSTER_SEP": 0.005, "ALPHA": 0.8, "BETA": 0.8, "GAMMA": 0.1, "TRUST_INC": 2, "TRUST_CUT_METHOD": 1, "HONEST_PARDON_FACTOR": 0.7, "LOG_LEVEL": "INFO", "JSON_RESULTS": true}, "mean_poison_class_acc": 79.94186046511626, "mean_attack_srate": 3.0813953488372094, "total_accuracies": [43.31, 74.07, 86.48, 87.79, 88.02, 89.87, 89.65, 91.05, 91.33, 92.23, 91.48, 92.97, 91.38, 92.77, 92.32, 93.01, 89.21, 94.35, 94.03, 93.28, 94.46, 87.85, 94.72, 90.28, 94.82, 95.11, 95.33, 95.54, 95.36, 95.22], "class_accuracies": [[99.08163265306122, 99.64757709251101, 6.007751937984496, 27.02970297029703, 7.535641547861507, 13.789237668161435, 40.50104384133612, 82.29571984435798, 42.40246406570842, 4.955401387512389], [97.24489795918367, 97.70925110132158, 26.550387596899224, 82.27722772277228, 95.41751527494908, 74.10313901345292, 90.50104384133611, 85.89494163424125, 62.525667351129364, 28.047571853320118], [95.91836734693878, 96.29955947136564, 81.87984496124031, 84.35643564356435, 91.85336048879837, 78.69955156950672, 91.54488517745303, 87.54863813229572, 76.28336755646818, 78.69177403369673], [95.71428571428571, 96.0352422907489, 81.87984496124031, 89.3069306930693, 92.76985743380855, 75.33632286995515, 94.98956158663883, 88.52140077821012, 80.9034907597536, 80.57482656095144], [96.3265306122449, 96.56387665198238, 68.21705426356588, 86.93069306930693, 93.38085539714868, 82.51121076233184, 93.63256784968685, 90.75875486381322, 85.21560574948666, 85.92666005946482], [96.73469387755102, 97.97356828193833, 82.94573643410853, 89.00990099009901, 91.85336048879837, 85.08968609865471, 94.36325678496868, 91.73151750972762, 79.97946611909651, 87.71060455896928], [96.93877551020408, 97.88546255506608, 81.0077519379845, 89.4059405940594, 97.14867617107943, 84.4170403587444, 94.88517745302714, 90.1750972762646, 83.05954825462013, 80.57482656095144], [97.75510204081633, 97.3568281938326, 84.59302325581395, 91.38613861386139, 94.39918533604887, 88.90134529147981, 92.79749478079331, 91.43968871595331, 81.3141683778234, 89.69276511397423], [97.34693877551021, 97.26872246696036, 83.23643410852713, 89.70297029702971, 96.13034623217922, 88.78923766816143, 95.19832985386222, 92.21789883268482, 84.29158110882958, 88.50346878097126], [98.26530612244898, 97.09251101321586, 86.33720930232558, 89.9009900990099, 95.51934826883911, 89.46188340807174, 96.13778705636743, 91.82879377431907, 88.60369609856262, 88.70168483647176], [97.75510204081633, 97.79735682819383, 78.97286821705427, 93.36633663366337, 92.56619144602851, 90.13452914798206, 93.84133611691023, 90.75875486381322, 84.49691991786447, 94.54905847373637], [97.75510204081633, 97.5330396475771, 92.92635658914729, 92.37623762376238, 96.02851323828921, 89.01345291479821, 94.98956158663883, 92.12062256809338, 86.55030800821355, 89.49454905847374], [97.95918367346938, 97.88546255506608, 71.51162790697674, 93.06930693069307, 96.33401221995926, 88.11659192825113, 95.72025052192066, 93.8715953307393, 87.57700205338809, 91.37760158572844], [98.36734693877551, 98.41409691629956, 81.78294573643412, 93.46534653465346, 95.82484725050917, 90.91928251121077, 96.03340292275574, 93.67704280155642, 87.98767967145791, 90.78295341922696], [98.06122448979592, 98.32599118942731, 79.06976744186046, 94.05940594059406, 97.35234215885947, 90.91928251121077, 94.36325678496868, 93.48249027237354, 86.44763860369609, 90.68384539147671], [98.16326530612245, 97.70925110132158, 80.71705426356588, 93.96039603960396, 95.010183299389, 93.72197309417041, 94.05010438413362, 94.16342412451363, 89.73305954825462, 92.76511397423191], [97.14285714285714, 98.94273127753304, 47.189922480620154, 93.36633663366337, 96.23217922606925, 93.60986547085201, 95.92901878914405, 92.80155642023347, 87.06365503080082, 90.68384539147671], [98.26530612244898, 97.88546255506608, 91.18217054263566, 94.85148514851485, 95.31568228105907, 92.04035874439462, 95.82463465553236, 92.80155642023347, 92.19712525667352, 92.66600594648166], [98.06122448979592, 98.32599118942731, 86.82170542635659, 94.55445544554455, 95.62118126272912, 94.05829596412556, 94.98956158663883, 92.60700389105058, 92.40246406570841, 92.66600594648166], [97.65306122448979, 97.70925110132158, 76.64728682170542, 95.94059405940594, 96.13034623217922, 92.82511210762331, 96.45093945720251, 94.45525291828794, 92.40246406570841, 92.66600594648166], [98.6734693877551, 97.97356828193833, 89.92248062015504, 94.05940594059406, 95.21384928716904, 93.38565022421524, 94.57202505219206, 93.09338521400778, 94.35318275154005, 93.06243805748265], [97.14285714285714, 98.23788546255507, 29.45736434108527, 95.44554455445545, 97.35234215885947, 92.9372197309417, 93.31941544885177, 94.26070038910505, 88.50102669404518, 93.1615460852329], [97.65306122448979, 98.14977973568281, 91.37596899224806, 94.05940594059406, 97.14867617107943, 93.72197309417041, 95.51148225469728, 95.3307392996109, 94.04517453798768, 89.89098116947473], [98.26530612244898, 98.23788546255507, 47.77131782945737, 96.33663366336634, 97.65784114052953, 93.16143497757848, 95.51148225469728, 94.06614785992218, 91.27310061601642, 91.47670961347869], [98.16326530612245, 98.6784140969163, 90.60077519379846, 93.56435643564356, 96.13034623217922, 94.95515695067265, 95.92901878914405, 94.64980544747081, 91.58110882956879, 93.65708622398414], [98.36734693877551, 98.50220264317181, 89.43798449612403, 95.34653465346534, 96.74134419551935, 93.49775784753363, 95.92901878914405, 96.49805447470817, 93.42915811088295, 92.9633300297324], [98.16326530612245, 98.23788546255507, 95.15503875968992, 95.64356435643565, 96.02851323828921, 92.04035874439462, 96.03340292275574, 93.57976653696498, 94.14784394250513, 93.65708622398414], [98.46938775510205, 98.6784140969163, 94.37984496124031, 95.94059405940594, 96.23217922606925, 94.05829596412556, 95.09394572025052, 94.74708171206225, 94.25051334702259, 93.06243805748265], [98.36734693877551, 98.94273127753304, 94.86434108527132, 92.67326732673267, 96.02851323828921, 94.05829596412556, 96.13778705636743, 95.3307392996109, 93.32648870636551, 93.3597621407334], [98.26530612244898, 98.41409691629956, 89.05038759689923, 96.13861386138613, 95.82484725050917, 94.61883408071749, 95.30271398747391, 95.8171206225681, 94.35318275154005, 94.15262636273538]],