{"config": {"DATASET": "mnist", "TOTAL_CLIENTS": 100, "CLIENT_FRAC": 0.1, "POISON_FRAC": 0.1, "CREATE_DATASET": true, "RANDOM_DATA": true, "CLASS_RATIO": 10, "MODEL": "nnet", "LEARNING_RATE": 0.001, "BATCH_SIZE": 32, "LOCAL_EPOCHS": 3, "OPTIMIZER": "adam", "FED_ROUNDS": 30, "TEST_EVERY": 1, "RANDOM_PROCESS": true, "COS_DEFENCE": true, "SEL_METHOD": 1, "REDUCE_LR": 1, "COLLAB_MODE": true, "COLLAB_ALL": true, "CONSIDER_LAYERS": "l2", "GRAD_AGG": true, "FEATURE_FINDING_ALGO": "auror", "GRAD_COLLECTION_START": 0, "GRAD_COLLECT_FOR": -1, "CLUSTER_SEP": 0.001, "ALPHA": 0.8, "BETA": 0.8, "GAMMA": 0.1, "TRUST_INC": 2, "TRUST_CUT_METHOD": 2, "HONEST_PARDON_FACTOR": 0.99, "LOG_LEVEL": "INFO", "JSON_RESULTS": true}, "mean_poison_class_acc": 83.58527131782948, "mean_attack_srate": 2.8197674418604652, "total_accuracies": [21.73, 22.29, 38.35, 55.01, 59.61, 74.21, 79.36, 80.16, 81.07, 83.2, 83.85, 84.59, 85.92, 86.02, 87.6, 88.15, 88.64, 88.48, 89.45, 89.78, 90.32, 90.28, 90.68, 90.61, 91.33, 91.18, 91.27, 91.61, 91.84, 92.26], "class_accuracies": [[96.53061224489795, 24.933920704845814, 0.0, 3.366336633663366, 0.3054989816700611, 0.0, 0.0, 0.0, 0.0, 89.89098116947473], [99.89795918367346, 99.03083700440529, 0.0, 3.762376237623762, 0.0, 0.0, 9.18580375782881, 0.0, 0.0, 0.0], [99.48979591836735, 99.47136563876651, 3.9728682170542635, 56.336633663366335, 69.34826883910387, 0.0, 18.893528183716075, 0.0, 26.591375770020534, 0.0], [98.16326530612245, 99.11894273127753, 28.391472868217054, 81.08910891089108, 60.4887983706721, 64.79820627802691, 66.2839248434238, 4.474708171206226, 45.9958932238193, 0.09910802775024777], [95.0, 98.94273127753304, 72.96511627906976, 86.53465346534654, 78.71690427698574, 25.7847533632287, 72.75574112734864, 43.48249027237354, 13.655030800821356, 0.0], [96.12244897959184, 97.97356828193833, 77.22868217054264, 80.0990099009901, 83.91038696537679, 59.08071748878924, 81.73277661795407, 61.96498054474708, 71.45790554414785, 29.137760158572846], [92.14285714285714, 97.70925110132158, 78.19767441860465, 73.66336633663366, 76.4765784114053, 75.89686098654708, 88.20459290187891, 82.39299610894942, 78.74743326488706, 48.16650148662042], [93.57142857142857, 98.14977973568281, 70.73643410852713, 87.42574257425743, 80.24439918533605, 73.09417040358744, 90.18789144050105, 81.42023346303502, 72.17659137577002, 52.32903865213082], [94.48979591836735, 97.26872246696036, 76.64728682170542, 88.21782178217822, 54.78615071283096, 78.02690582959642, 91.02296450939457, 73.83268482490273, 67.5564681724846, 86.42220019821606], [96.73469387755102, 97.88546255506608, 70.83333333333333, 84.65346534653466, 80.04073319755601, 78.1390134529148, 89.4572025052192, 89.98054474708171, 75.87268993839835, 66.50148662041626], [95.0, 97.62114537444934, 71.80232558139535, 82.27722772277228, 79.22606924643584, 87.78026905829596, 89.24843423799582, 88.52140077821012, 73.71663244353182, 72.34886025768087], [93.36734693877551, 97.18061674008811, 75.3875968992248, 80.6930693069307, 85.94704684317719, 79.37219730941705, 93.52818371607516, 84.53307392996109, 86.34496919917865, 68.38453914767096], [93.9795918367347, 97.26872246696036, 82.26744186046511, 80.29702970297029, 80.34623217922606, 86.99551569506727, 92.69311064718163, 85.70038910505836, 76.07802874743327, 82.45787908820614], [94.18367346938776, 95.94713656387665, 75.67829457364341, 81.58415841584159, 91.85336048879837, 84.86547085201794, 93.31941544885177, 90.6614785992218, 84.70225872689939, 66.89791873141725], [95.3061224489796, 96.38766519823788, 81.2015503875969, 84.35643564356435, 90.83503054989816, 83.85650224215247, 92.69311064718163, 90.95330739299611, 83.88090349075975, 75.52031714568881], [96.42857142857143, 96.38766519823788, 86.24031007751938, 86.33663366336634, 87.4745417515275, 83.18385650224215, 94.46764091858037, 90.85603112840467, 80.18480492813141, 78.59266600594648], [97.95918367346938, 97.44493392070484, 87.3062015503876, 87.42574257425743, 87.4745417515275, 84.30493273542601, 94.36325678496868, 87.93774319066148, 80.39014373716633, 80.47571853320119], [96.93877551020408, 97.3568281938326, 84.49612403100775, 84.65346534653466, 93.58452138492872, 87.66816143497758, 94.67640918580376, 86.47859922178988, 82.4435318275154, 75.9167492566898], [96.93877551020408, 96.91629955947137, 83.23643410852713, 86.93069306930693, 90.52953156822811, 86.65919282511211, 94.1544885177453, 90.75875486381322, 84.59958932238193, 82.95341922695738], [97.04081632653062, 96.56387665198238, 87.3062015503876, 86.73267326732673, 92.26069246435846, 83.74439461883408, 94.05010438413362, 89.29961089494164, 87.88501026694045, 81.86323092170466], [96.73469387755102, 96.47577092511013, 87.40310077519379, 87.82178217821782, 92.15885947046843, 86.54708520179372, 93.94572025052192, 88.715953307393, 88.70636550308008, 83.94449950445986], [97.24489795918367, 96.2114537444934, 82.94573643410853, 88.01980198019803, 89.71486761710794, 85.53811659192826, 93.94572025052192, 90.27237354085604, 91.06776180698152, 87.1159563924678], [97.55102040816327, 97.09251101321586, 85.27131782945736, 90.4950495049505, 91.85336048879837, 86.7713004484305, 96.24217118997912, 89.49416342412451, 86.652977412731, 84.63825569871159], [97.44897959183673, 97.70925110132158, 82.46124031007751, 86.83168316831683, 91.95519348268839, 88.67713004484305, 94.78079331941545, 91.73151750972762, 86.55030800821355, 87.31417244796829], [97.24489795918367, 96.82819383259911, 89.82558139534883, 88.91089108910892, 92.76985743380855, 88.45291479820628, 95.92901878914405, 90.56420233463035, 88.09034907597535, 84.0436075322101], [97.44897959183673, 98.32599118942731, 83.81782945736434, 90.1980198019802, 93.9918533604888, 89.34977578475336, 95.19832985386222, 90.46692607003891, 85.31827515400411, 87.01684836471755], [97.34693877551021, 98.14977973568281, 81.1046511627907, 92.67326732673267, 95.010183299389, 88.2286995515695, 94.67640918580376, 92.02334630350195, 87.16632443531827, 85.62933597621408], [97.55102040816327, 97.00440528634361, 87.59689922480621, 86.73267326732673, 94.5010183299389, 90.47085201793722, 96.03340292275574, 89.88326848249027, 89.83572895277207, 86.22398414271557], [97.04081632653062, 97.00440528634361, 86.33720930232558, 91.68316831683168, 94.90835030549898, 87.5560538116592, 94.46764091858037, 90.56420233463035, 90.04106776180699, 88.10703666997027], [97.34693877551021, 96.74008810572687, 90.01937984496124, 90.89108910891089, 93.48268839103869, 88.67713004484305, 96.76409185803757, 89.29961089494164, 90.75975359342915, 88.10703666997027]],