{"config": {"DATASET": "mnist", "TOTAL_CLIENTS": 100, "CLIENT_FRAC": 0.2, "POISON_FRAC": 0.2, "CREATE_DATASET": false, "RANDOM_DATA": true, "CLASS_RATIO": 10, "MODEL": "nnet", "LEARNING_RATE": 0.001, "BATCH_SIZE": 32, "LOCAL_EPOCHS": 10, "OPTIMIZER": "adam", "FED_ROUNDS": 30, "TEST_EVERY": 1, "RANDOM_PROCESS": false, "COS_DEFENCE": true, "SEL_METHOD": 1, "REDUCE_LR": 1, "COLLAB_MODE": true, "COLLAB_ALL": true, "CONSIDER_LAYERS": "l1", "GRAD_AGG": true, "FEATURE_FINDING_ALGO": "auror", "GRAD_COLLECTION_START": 0, "GRAD_COLLECT_FOR": -1, "CLUSTER_SEP": 0.002, "ALPHA": 0.8, "BETA": 0.8, "GAMMA": 0.1, "TRUST_INC": 2, "TRUST_CUT_METHOD": 1, "HONEST_PARDON_FACTOR": 0.7, "LOG_LEVEL": "INFO", "JSON_RESULTS": true}, "mean_poison_class_acc": 82.6279069767442, "mean_attack_srate": 3.182170542635659, "total_accuracies": [48.71, 69.52, 77.74, 84.48, 88.34, 88.85, 89.73, 90.43, 91.23, 91.07, 92.72, 92.67, 91.21, 93.49, 92.62, 92.87, 93.56, 92.95, 94.27, 94.28, 94.56, 93.67, 94.29, 93.67, 92.98, 95.01, 95.39, 94.2, 94.82, 94.72], "class_accuracies": [[99.38775510204081, 96.65198237885463, 0.0, 45.34653465346535, 65.88594704684317, 13.90134529147982, 19.728601252609604, 41.82879377431907, 34.29158110882957, 61.24876114965312], [97.24489795918367, 98.41409691629956, 29.36046511627907, 92.97029702970298, 81.26272912423626, 66.81614349775785, 79.33194154488518, 88.91050583657588, 37.26899383983573, 20.713577799801783], [96.83673469387755, 98.50220264317181, 29.069767441860463, 92.17821782178218, 86.55804480651732, 65.69506726457399, 90.50104384133611, 92.60700389105058, 70.53388090349075, 52.92368681863231], [96.83673469387755, 97.18061674008811, 57.55813953488372, 87.12871287128714, 86.0488798370672, 87.10762331838565, 89.97912317327766, 90.36964980544747, 74.22997946611909, 77.89890981169475], [97.65306122448979, 97.44493392070484, 79.65116279069767, 89.70297029702971, 91.85336048879837, 82.0627802690583, 92.48434237995825, 92.50972762645914, 80.80082135523614, 77.7998017839445], [97.65306122448979, 97.09251101321586, 75.96899224806202, 91.18811881188118, 88.28920570264766, 83.74439461883408, 91.7536534446764, 91.53696498054475, 82.75154004106776, 87.31417244796829], [97.95918367346938, 97.26872246696036, 80.32945736434108, 89.8019801980198, 89.91853360488798, 89.46188340807174, 91.8580375782881, 90.6614785992218, 79.7741273100616, 89.49454905847374], [97.95918367346938, 97.3568281938326, 78.87596899224806, 91.08910891089108, 90.32586558044807, 89.91031390134529, 92.90187891440502, 91.63424124513618, 83.77823408624229, 89.89098116947473], [97.55102040816327, 97.79735682819383, 83.23643410852713, 93.66336633663366, 90.32586558044807, 85.65022421524664, 93.94572025052192, 90.6614785992218, 85.72895277207392, 92.56689791873141], [97.75510204081633, 98.6784140969163, 76.74418604651163, 92.67326732673267, 91.95519348268839, 86.7713004484305, 93.63256784968685, 91.43968871595331, 88.09034907597535, 92.07135777998018], [97.75510204081633, 97.79735682819383, 87.40310077519379, 93.06930693069307, 92.76985743380855, 91.70403587443946, 94.88517745302714, 92.12062256809338, 87.57700205338809, 91.57581764122894], [97.75510204081633, 98.06167400881057, 83.52713178294573, 91.58415841584159, 95.010183299389, 90.80717488789237, 95.4070981210856, 91.43968871595331, 90.86242299794661, 91.87314172447968], [98.77551020408163, 98.6784140969163, 69.57364341085271, 94.45544554455445, 94.5010183299389, 89.46188340807174, 92.27557411273486, 92.80155642023347, 89.52772073921972, 91.67492566897918], [98.36734693877551, 98.23788546255507, 87.98449612403101, 92.57425742574257, 94.5010183299389, 92.60089686098655, 94.88517745302714, 92.12062256809338, 91.58110882956879, 91.67492566897918], [97.65306122448979, 98.14977973568281, 79.06976744186046, 95.34653465346534, 95.31568228105907, 90.47085201793722, 94.67640918580376, 92.60700389105058, 89.3223819301848, 93.1615460852329], [97.95918367346938, 98.23788546255507, 78.29457364341086, 93.46534653465346, 94.80651731160896, 91.92825112107623, 96.45093945720251, 92.99610894941634, 92.09445585215606, 92.36868186323092], [97.95918367346938, 98.23788546255507, 85.36821705426357, 93.56435643564356, 93.89002036659878, 94.17040358744394, 95.51148225469728, 93.09338521400778, 90.24640657084188, 93.3597621407334], [97.85714285714286, 98.8546255506608, 78.77906976744185, 95.54455445544555, 93.89002036659878, 89.79820627802691, 96.24217118997912, 93.19066147859922, 90.24640657084188, 94.54905847373637], [97.85714285714286, 98.6784140969163, 89.92248062015504, 94.45544554455445, 94.60285132382892, 93.60986547085201, 95.82463465553236, 92.50972762645914, 90.96509240246407, 93.85530227948463], [98.36734693877551, 98.76651982378854, 87.6937984496124, 94.95049504950495, 94.70468431771894, 92.48878923766816, 96.13778705636743, 92.8988326848249, 92.50513347022587, 93.85530227948463], [98.26530612244898, 98.76651982378854, 89.24418604651163, 95.14851485148515, 93.9918533604888, 91.3677130044843, 96.13778705636743, 93.57976653696498, 94.55852156057495, 93.95441030723488], [98.26530612244898, 98.6784140969163, 80.81395348837209, 95.74257425742574, 94.60285132382892, 91.81614349775785, 96.24217118997912, 93.77431906614785, 91.47843942505133, 94.94549058473736], [98.16326530612245, 98.8546255506608, 85.36821705426357, 96.33663366336634, 96.13034623217922, 92.37668161434978, 96.45093945720251, 92.99610894941634, 92.09445585215606, 93.75619425173439], [98.46938775510205, 98.50220264317181, 77.22868217054264, 94.85148514851485, 94.29735234215886, 94.05829596412556, 96.24217118997912, 93.77431906614785, 94.76386036960986, 94.64816650148661], [98.36734693877551, 98.76651982378854, 71.22093023255815, 95.94059405940594, 95.31568228105907, 91.81614349775785, 96.34655532359082, 94.45525291828794, 93.01848049281314, 94.54905847373637], [98.57142857142857, 98.8546255506608, 90.40697674418605, 94.35643564356435, 95.72301425661914, 93.94618834080717, 96.34655532359082, 92.80155642023347, 94.45585215605749, 94.35084241823587], [98.26530612244898, 98.59030837004406, 94.96124031007751, 95.44554455445545, 93.48268839103869, 94.28251121076234, 96.76409185803757, 92.50972762645914, 94.04517453798768, 95.14370664023787], [98.06122448979592, 98.8546255506608, 81.2015503875969, 95.24752475247524, 95.51934826883911, 94.05829596412556, 96.76409185803757, 94.16342412451363, 92.81314168377824, 95.24281466798811], [98.26530612244898, 98.6784140969163, 86.9186046511628, 94.85148514851485, 95.010183299389, 94.95515695067265, 96.45093945720251, 94.45525291828794, 92.81314168377824, 95.6392467789891], [98.46938775510205, 98.6784140969163, 85.56201550387597, 94.95049504950495, 95.51934826883911, 94.39461883408072, 96.34655532359082, 94.26070038910505, 93.32648870636551, 95.54013875123886]],