{"config": {"DATASET": "mnist", "TOTAL_CLIENTS": 100, "CLIENT_FRAC": 0.1, "POISON_FRAC": 0.1, "CREATE_DATASET": true, "RANDOM_DATA": true, "CLASS_RATIO": 10, "MODEL": "nnet", "LEARNING_RATE": 0.001, "BATCH_SIZE": 32, "LOCAL_EPOCHS": 3, "OPTIMIZER": "adam", "FED_ROUNDS": 30, "TEST_EVERY": 1, "RANDOM_PROCESS": true, "COS_DEFENCE": false, "SEL_METHOD": 1, "REDUCE_LR": 1, "COLLAB_MODE": true, "COLLAB_ALL": true, "CONSIDER_LAYERS": "l1", "GRAD_AGG": true, "FEATURE_FINDING_ALGO": "auror_plus", "GRAD_COLLECTION_START": 0, "GRAD_COLLECT_FOR": -1, "CLUSTER_SEP": 2.0, "ALPHA": 0.8, "BETA": 0.8, "GAMMA": 0.1, "TRUST_INC": 2, "TRUST_CUT_METHOD": 2, "HONEST_PARDON_FACTOR": 0.99, "LOG_LEVEL": "INFO", "JSON_RESULTS": true}, "mean_poison_class_acc": 81.60368217054264, "mean_attack_srate": 2.994186046511628, "total_accuracies": [12.53, 45.13, 54.24, 56.99, 56.41, 72.29, 75.1, 80.17, 78.67, 82.51, 83.46, 84.08, 83.85, 85.07, 85.8, 86.88, 87.77, 87.81, 86.89, 88.25, 88.98, 89.08, 88.77, 90.05, 90.34, 90.74, 91.17, 90.34, 91.06, 91.6], "class_accuracies": [[0.0, 0.0, 11.724806201550388, 0.297029702970297, 0.0, 100.0, 18.893528183716075, 5.447470817120623, 0.0, 0.0], [95.10204081632654, 96.91629955947137, 41.56976744186046, 92.97029702970298, 86.65987780040733, 12.668161434977579, 4.07098121085595, 1.8482490272373542, 9.240246406570842, 0.09910802775024777], [91.63265306122449, 98.8546255506608, 17.441860465116278, 75.14851485148515, 7.841140529531568, 39.7982062780269, 90.91858037578288, 56.1284046692607, 0.8213552361396304, 57.18533201189296], [93.77551020408163, 90.22026431718062, 65.60077519379846, 57.524752475247524, 89.10386965376782, 71.8609865470852, 13.987473903966597, 0.2918287937743191, 86.55030800821355, 0.19821605550049554], [95.40816326530613, 96.65198237885463, 63.275193798449614, 93.56435643564356, 92.15885947046843, 13.565022421524663, 68.99791231732776, 0.7782101167315175, 10.472279260780287, 21.20911793855302], [94.6938775510204, 98.76651982378854, 64.05038759689923, 85.94059405940594, 55.60081466395112, 67.9372197309417, 83.40292275574113, 52.04280155642024, 45.893223819301845, 71.1595639246779], [94.18367346938776, 96.38766519823788, 76.74418604651163, 91.68316831683168, 59.775967413441954, 50.224215246636774, 86.63883089770354, 62.06225680933852, 55.23613963039014, 72.74529236868186], [94.6938775510204, 94.7136563876652, 77.61627906976744, 83.56435643564356, 66.39511201629328, 62.219730941704036, 93.42379958246346, 82.39299610894942, 79.97946611909651, 63.52824578790882], [94.48979591836735, 97.09251101321586, 63.275193798449614, 86.03960396039604, 90.42769857433808, 70.85201793721973, 90.50104384133611, 76.65369649805447, 75.35934291581108, 40.43607532210109], [94.79591836734694, 97.09251101321586, 74.2248062015504, 85.94059405940594, 76.88391038696538, 77.3542600896861, 91.12734864300626, 85.11673151750973, 70.94455852156058, 69.57383548067394], [96.22448979591837, 95.50660792951543, 81.0077519379845, 89.8019801980198, 81.36456211812627, 72.42152466367713, 91.44050104384134, 85.7976653696498, 72.68993839835728, 65.90683845391477], [94.59183673469387, 96.47577092511013, 83.33333333333333, 85.94059405940594, 84.5213849287169, 76.00896860986548, 94.78079331941545, 82.49027237354086, 79.97946611909651, 60.95143706640238], [95.61224489795919, 96.74008810572687, 65.98837209302326, 84.95049504950495, 84.11405295315683, 76.90582959641256, 92.37995824634656, 83.94941634241245, 79.67145790554414, 76.80872150644203], [95.3061224489796, 95.59471365638767, 79.16666666666667, 81.38613861386139, 87.88187372708758, 85.65022421524664, 92.69311064718163, 86.96498054474708, 78.54209445585215, 66.89791873141725], [96.12244897959184, 96.2114537444934, 80.81395348837209, 85.84158415841584, 70.26476578411405, 81.61434977578476, 94.05010438413362, 88.2295719844358, 75.97535934291581, 87.1159563924678], [96.22448979591837, 94.80176211453744, 81.0077519379845, 85.64356435643565, 88.4928716904277, 78.36322869955157, 93.31941544885177, 85.7976653696498, 85.42094455852155, 78.49355797819624], [96.53061224489795, 97.3568281938326, 84.10852713178295, 84.95049504950495, 85.03054989816701, 81.05381165919283, 93.52818371607516, 88.32684824902724, 79.46611909650925, 85.62933597621408], [97.14285714285714, 94.18502202643172, 81.2984496124031, 91.58415841584159, 83.19755600814663, 76.68161434977578, 91.54488517745303, 86.86770428015564, 88.29568788501027, 85.72844400396433], [96.42857142857143, 95.94713656387665, 71.02713178294573, 85.74257425742574, 90.12219959266803, 86.54708520179372, 93.1106471816284, 85.50583657587549, 81.21149897330595, 82.95341922695738], [97.85714285714286, 96.47577092511013, 81.2015503875969, 87.72277227722772, 89.40936863543789, 83.74439461883408, 93.84133611691023, 85.21400778210116, 79.46611909650925, 86.52130822596631], [97.04081632653062, 96.56387665198238, 81.68604651162791, 88.51485148514851, 91.85336048879837, 87.10762331838565, 92.58872651356994, 90.1750972762646, 81.72484599589322, 81.76412289395441], [96.93877551020408, 96.82819383259911, 81.68604651162791, 85.14851485148515, 93.9918533604888, 88.67713004484305, 93.84133611691023, 89.98054474708171, 80.9034907597536, 82.25966303270565], [97.44897959183673, 97.88546255506608, 78.29457364341086, 89.3069306930693, 96.84317718940937, 84.86547085201794, 92.79749478079331, 87.35408560311284, 81.93018480492813, 80.0792864222002], [97.14285714285714, 96.56387665198238, 85.17441860465117, 88.81188118811882, 92.76985743380855, 82.51121076233184, 94.05010438413362, 85.60311284046692, 90.34907597535934, 86.52130822596631], [97.14285714285714, 96.12334801762114, 90.50387596899225, 84.75247524752476, 90.12219959266803, 89.46188340807174, 94.98956158663883, 85.7976653696498, 86.34496919917865, 87.71060455896928], [97.24489795918367, 95.94713656387665, 86.62790697674419, 87.62376237623762, 91.75152749490834, 87.10762331838565, 95.82463465553236, 88.13229571984436, 89.42505133470226, 87.21506442021804], [96.93877551020408, 96.56387665198238, 86.82170542635659, 90.1980198019802, 91.24236252545825, 90.13452914798206, 94.46764091858037, 88.13229571984436, 88.39835728952772, 88.40436075322101], [97.65306122448979, 97.26872246696036, 77.81007751937985, 89.10891089108911, 94.80651731160896, 86.65919282511211, 94.36325678496868, 89.39688715953308, 86.13963039014374, 89.59365708622398], [97.95918367346938, 97.44493392070484, 82.75193798449612, 89.8019801980198, 94.09368635437882, 89.68609865470852, 95.09394572025052, 89.49416342412451, 84.29158110882958, 89.49454905847374], [97.44897959183673, 97.26872246696036, 91.76356589147287, 89.9009900990099, 91.44602851323829, 90.47085201793722, 94.88517745302714, 88.81322957198444, 83.67556468172485, 89.59365708622398]],