{"config": {"DATASET": "mnist", "TOTAL_CLIENTS": 100, "CLIENT_FRAC": 0.1, "POISON_FRAC": 0.1, "CREATE_DATASET": true, "CLASS_RATIO": 10, "MODEL": "nnet", "LEARNING_RATE": 0.001, "BATCH_SIZE": 32, "LOCAL_EPOCHS": 3, "OPTIMIZER": "adam", "FED_ROUNDS": 30, "TEST_EVERY": 1, "RANDOM": true, "COS_DEFENCE": true, "SEL_METHOD": 1, "REDUCE_LR": 1, "COLLAB_MODE": true, "COLLAB_ALL": true, "CONSIDER_LAYERS": "l1", "GRAD_AGG": true, "FEATURE_FINDING_ALGO": "auror", "GRAD_COLLECTION_START": 0, "GRAD_COLLECT_FOR": -1, "CLUSTER_SEP": 1.0, "ALPHA": 0.7, "BETA": 0.7, "GAMMA": 0.1, "TRUST_INC": 2, "TRUST_CUT_METHOD": 2, "HONEST_PARDON_FACTOR": 0.99, "LOG_LEVEL": "INFO", "JSON_RESULTS": true}, "mean_poison_class_acc": 79.38468992248063, "mean_attack_srate": 3.2703488372093026, "total_accuracies": [32.73, 30.34, 42.06, 52.79, 59.58, 70.5, 72.05, 78.11, 81.77, 83.16, 83.72, 84.77, 85.29, 87.22, 88.27, 87.46, 87.36, 87.99, 88.75, 89.01, 89.72, 89.68, 90.24, 90.18, 89.45, 90.42, 91.26, 90.68, 91.77, 91.69], "class_accuracies": [[21.020408163265305, 91.98237885462555, 8.914728682170542, 97.42574257425743, 79.938900203666, 0.0, 0.0, 0.9727626459143969, 0.0, 15.064420218037661], [98.9795918367347, 99.38325991189427, 0.0, 3.267326732673267, 0.0, 0.0, 30.37578288100209, 0.0, 62.83367556468173, 0.0], [97.55102040816327, 99.55947136563877, 24.031007751937985, 52.772277227722775, 79.73523421588595, 0.0, 24.217118997912316, 0.0, 33.26488706365503, 0.0], [98.6734693877551, 99.38325991189427, 48.64341085271318, 77.52475247524752, 81.05906313645622, 6.278026905829597, 39.979123173277664, 14.980544747081712, 52.36139630390144, 0.0], [96.0204081632653, 97.97356828193833, 69.76744186046511, 90.29702970297029, 89.30753564154786, 4.147982062780269, 58.03757828810021, 40.75875486381323, 39.42505133470226, 0.0], [96.22448979591837, 97.88546255506608, 79.36046511627907, 75.34653465346534, 91.5478615071283, 43.16143497757847, 82.6722338204593, 64.10505836575875, 69.91786447638604, 0.0], [94.79591836734694, 98.23788546255507, 78.00387596899225, 85.14851485148515, 88.90020366598777, 63.67713004484305, 81.83716075156576, 61.18677042801556, 42.71047227926078, 22.398414271555996], [97.24489795918367, 97.26872246696036, 72.18992248062015, 81.2871287128713, 90.42769857433808, 53.25112107623318, 86.53444676409185, 84.72762645914396, 72.79260780287474, 41.22893954410307], [96.63265306122449, 95.41850220264317, 82.17054263565892, 79.10891089108911, 82.99389002036659, 63.45291479820628, 90.81419624217119, 83.46303501945525, 75.05133470225873, 65.41129831516353], [96.42857142857143, 96.29955947136564, 76.35658914728683, 71.58415841584159, 81.36456211812627, 84.97757847533633, 87.57828810020877, 86.284046692607, 83.47022587268994, 66.50148662041626], [93.06122448979592, 97.5330396475771, 70.15503875968992, 73.86138613861387, 76.57841140529531, 85.98654708520179, 93.0062630480167, 85.40856031128405, 76.18069815195072, 84.53914767096134], [95.51020408163265, 97.00440528634361, 77.61627906976744, 75.74257425742574, 70.16293279022403, 88.56502242152466, 89.66597077244259, 86.08949416342412, 77.1047227926078, 89.197224975223], [95.91836734693878, 97.09251101321586, 79.84496124031008, 76.43564356435644, 92.87169042769857, 87.33183856502242, 90.50104384133611, 88.91050583657588, 78.33675564681725, 65.01486620416254], [95.81632653061224, 97.62114537444934, 83.13953488372093, 87.52475247524752, 84.0122199592668, 76.00896860986548, 94.36325678496868, 86.86770428015564, 76.18069815195072, 88.30525272547077], [96.3265306122449, 94.97797356828194, 82.36434108527132, 85.84158415841584, 90.73319755600815, 80.94170403587444, 92.06680584551148, 89.29961089494164, 85.42094455852155, 83.54806739345887], [96.0204081632653, 97.09251101321586, 79.16666666666667, 81.2871287128713, 79.42973523421588, 89.23766816143498, 90.7098121085595, 86.38132295719845, 83.16221765913758, 91.37760158572844], [96.53061224489795, 97.26872246696036, 77.61627906976744, 86.33663366336634, 80.95723014256619, 83.40807174887892, 93.73695198329854, 84.53307392996109, 78.2340862422998, 93.65708622398414], [97.24489795918367, 97.3568281938326, 72.67441860465117, 85.64356435643565, 93.78818737270876, 83.6322869955157, 93.0062630480167, 87.84046692607004, 84.80492813141684, 83.15163528245787], [97.14285714285714, 97.09251101321586, 77.13178294573643, 86.53465346534654, 91.95519348268839, 86.32286995515695, 93.73695198329854, 89.2023346303502, 82.54620123203286, 85.13379583746284], [96.12244897959184, 96.74008810572687, 76.74418604651163, 89.60396039603961, 93.58452138492872, 84.64125560538116, 91.7536534446764, 88.81322957198444, 85.72895277207392, 85.53022794846383], [96.42857142857143, 97.09251101321586, 82.07364341085271, 87.92079207920793, 93.89002036659878, 86.99551569506727, 93.0062630480167, 89.59143968871595, 82.64887063655031, 86.7195242814668], [96.53061224489795, 96.47577092511013, 77.32558139534883, 90.4950495049505, 95.31568228105907, 85.31390134529148, 95.51148225469728, 90.1750972762646, 83.9835728952772, 85.0346878097126], [96.83673469387755, 97.18061674008811, 83.72093023255815, 88.7128712871287, 90.42769857433808, 86.54708520179372, 94.05010438413362, 89.59143968871595, 82.95687885010267, 91.37760158572844], [97.24489795918367, 97.00440528634361, 79.16666666666667, 89.20792079207921, 94.90835030549898, 85.98654708520179, 93.21503131524008, 89.59143968871595, 88.29568788501027, 86.52130822596631], [97.34693877551021, 96.65198237885463, 73.54651162790698, 85.14851485148515, 89.91853360488798, 92.26457399103138, 93.73695198329854, 89.59143968871595, 84.29158110882958, 92.07135777998018], [97.55102040816327, 97.09251101321586, 80.42635658914729, 87.92079207920793, 91.85336048879837, 90.02242152466367, 96.03340292275574, 89.49416342412451, 82.13552361396304, 91.2784935579782], [97.24489795918367, 96.12334801762114, 83.91472868217055, 88.11881188118812, 93.07535641547861, 88.67713004484305, 94.78079331941545, 89.00778210116732, 91.27310061601642, 90.08919722497522], [97.44897959183673, 96.91629955947137, 82.07364341085271, 91.48514851485149, 88.18737270875764, 88.2286995515695, 93.1106471816284, 90.1750972762646, 83.9835728952772, 94.35084241823587], [97.65306122448979, 97.09251101321586, 85.07751937984496, 90.5940594059406, 93.58452138492872, 88.67713004484305, 95.51148225469728, 90.36964980544747, 88.19301848049281, 90.38652130822597], [97.14285714285714, 97.26872246696036, 83.91472868217055, 90.0, 94.80651731160896, 88.90134529147981, 94.88517745302714, 90.46692607003891, 87.57700205338809, 91.37760158572844]],