{"config": {"DATASET": "mnist", "TOTAL_CLIENTS": 100, "CLIENT_FRAC": 0.1, "POISON_FRAC": 0.1, "CREATE_DATASET": true, "CLASS_RATIO": 10, "MODEL": "nnet", "LEARNING_RATE": 0.001, "BATCH_SIZE": 32, "LOCAL_EPOCHS": 3, "OPTIMIZER": "adam", "FED_ROUNDS": 30, "TEST_EVERY": 1, "RANDOM": true, "COS_DEFENCE": true, "SEL_METHOD": 1, "REDUCE_LR": 1, "COLLAB_MODE": true, "COLLAB_ALL": true, "CONSIDER_LAYERS": "l1", "GRAD_AGG": true, "FEATURE_FINDING_ALGO": "auror_plus", "GRAD_COLLECTION_START": 0, "GRAD_COLLECT_FOR": -1, "CLUSTER_SEP": 1.0, "ALPHA": 0.7, "BETA": 0.7, "GAMMA": 0.1, "TRUST_INC": 2, "TRUST_CUT_METHOD": 2, "HONEST_PARDON_FACTOR": 0.99, "LOG_LEVEL": "INFO", "JSON_RESULTS": true}, "mean_poison_class_acc": 82.9796511627907, "mean_attack_srate": 3.0620155038759687, "total_accuracies": [10.66, 26.34, 42.8, 55.63, 62.09, 68.8, 74.55, 77.43, 80.46, 82.25, 82.67, 84.13, 85.02, 85.13, 86.92, 86.99, 87.58, 88.51, 88.94, 88.52, 89.63, 89.6, 90.11, 89.7, 90.77, 91.26, 91.41, 91.5, 91.45, 91.97], "class_accuracies": [[0.10204081632653061, 0.0, 0.09689922480620156, 0.0, 0.6109979633401222, 0.0, 3.1315240083507305, 99.90272373540856, 0.1026694045174538, 0.0], [94.89795918367346, 1.145374449339207, 0.1937984496124031, 90.1980198019802, 42.66802443991853, 4.596412556053812, 7.828810020876826, 23.540856031128406, 0.0, 0.09910802775024777], [99.6938775510204, 99.47136563876651, 14.050387596899224, 37.32673267326733, 88.39103869653768, 0.0, 39.77035490605428, 20.428015564202333, 18.993839835728952, 0.7928642220019821], [95.40816326530613, 96.2114537444934, 50.67829457364341, 90.4950495049505, 89.0020366598778, 0.0, 55.53235908141962, 0.38910505836575876, 0.9240246406570842, 67.39345887016849], [96.73469387755102, 98.8546255506608, 37.1124031007752, 86.43564356435644, 70.77393075356416, 18.27354260089686, 82.35908141962422, 12.45136186770428, 29.97946611909651, 80.87215064420218], [93.9795918367347, 98.50220264317181, 74.70930232558139, 89.20792079207921, 89.71486761710794, 34.417040358744394, 73.90396659707724, 62.840466926070036, 15.708418891170432, 46.97720515361744], [95.20408163265306, 98.6784140969163, 72.67441860465117, 84.45544554455445, 90.83503054989816, 53.9237668161435, 88.20459290187891, 64.59143968871595, 47.125256673511295, 45.39147670961348], [96.63265306122449, 98.06167400881057, 76.16279069767442, 89.00990099009901, 65.88594704684317, 54.82062780269058, 83.7160751565762, 80.05836575875486, 41.9917864476386, 82.06144697720515], [95.71428571428571, 97.26872246696036, 70.63953488372093, 88.91089108910892, 77.59674134419552, 57.17488789237668, 92.17118997912317, 76.4591439688716, 64.16837782340862, 80.37661050545094], [90.0, 97.26872246696036, 76.84108527131782, 80.39603960396039, 82.17922606924644, 88.45291479820628, 86.1169102296451, 84.8249027237354, 63.03901437371663, 72.05153617443013], [96.0204081632653, 96.74008810572687, 79.36046511627907, 86.93069306930693, 75.66191446028513, 61.99551569506726, 89.66597077244259, 77.72373540856032, 74.12731006160165, 84.73736372646184], [93.77551020408163, 97.79735682819383, 71.31782945736434, 78.21782178217822, 84.41955193482688, 90.69506726457399, 87.68267223382045, 88.03501945525292, 72.07392197125257, 76.61050545094153], [93.9795918367347, 96.47577092511013, 82.55813953488372, 74.65346534653466, 86.76171079429736, 90.80717488789237, 90.18789144050105, 87.84046692607004, 69.40451745379877, 76.80872150644203], [96.22448979591837, 96.82819383259911, 71.60852713178295, 79.8019801980198, 79.12423625254583, 86.43497757847534, 92.17118997912317, 86.96498054474708, 72.99794661190965, 88.20614469772052], [96.0204081632653, 96.74008810572687, 84.01162790697674, 89.20792079207921, 85.13238289205702, 74.88789237668162, 94.67640918580376, 85.60311284046692, 76.89938398357289, 83.74628344895936], [96.63265306122449, 96.29955947136564, 75.1937984496124, 82.97029702970298, 78.20773930753565, 84.52914798206278, 92.69311064718163, 90.36964980544747, 82.75154004106776, 89.197224975223], [98.06122448979592, 96.56387665198238, 80.32945736434108, 86.93069306930693, 86.25254582484725, 85.31390134529148, 89.87473903966597, 89.39688715953308, 73.40862422997947, 88.30525272547077], [97.55102040816327, 96.0352422907489, 83.81782945736434, 87.02970297029702, 88.18737270875764, 80.82959641255606, 90.50104384133611, 90.85603112840467, 83.9835728952772, 84.73736372646184], [96.93877551020408, 97.26872246696036, 85.85271317829458, 87.72277227722772, 87.37270875763747, 84.4170403587444, 94.36325678496868, 90.75875486381322, 78.2340862422998, 85.0346878097126], [97.14285714285714, 96.82819383259911, 85.27131782945736, 80.4950495049505, 87.27087576374745, 92.82511210762331, 91.9624217118998, 89.39688715953308, 75.35934291581108, 88.10703666997027], [97.44897959183673, 94.62555066079295, 87.01550387596899, 84.75247524752476, 95.11201629327903, 83.74439461883408, 94.46764091858037, 89.39688715953308, 86.96098562628337, 82.06144697720515], [97.85714285714286, 95.24229074889868, 80.9108527131783, 86.93069306930693, 88.4928716904277, 86.21076233183857, 93.42379958246346, 92.60700389105058, 86.24229979466119, 87.41328047571854], [97.44897959183673, 96.12334801762114, 87.1124031007752, 89.4059405940594, 92.9735234215886, 86.21076233183857, 95.4070981210856, 92.41245136186771, 78.85010266940452, 84.14271555996035], [98.16326530612245, 95.85903083700441, 78.29457364341086, 91.08910891089108, 89.30753564154786, 85.65022421524664, 92.48434237995825, 89.29961089494164, 86.55030800821355, 89.59365708622398], [97.95918367346938, 96.0352422907489, 86.04651162790698, 89.4059405940594, 90.42769857433808, 83.29596412556054, 94.67640918580376, 92.41245136186771, 88.09034907597535, 88.20614469772052], [98.16326530612245, 96.91629955947137, 88.85658914728683, 85.64356435643565, 93.58452138492872, 89.23766816143498, 95.51148225469728, 91.92607003891051, 85.42094455852155, 86.7195242814668], [97.75510204081633, 96.0352422907489, 85.85271317829458, 87.82178217821782, 92.9735234215886, 89.12556053811659, 95.09394572025052, 90.46692607003891, 89.42505133470226, 89.197224975223], [97.75510204081633, 97.09251101321586, 89.34108527131782, 92.77227722772277, 93.89002036659878, 87.5560538116592, 94.88517745302714, 90.46692607003891, 83.36755646817248, 86.9177403369673], [98.16326530612245, 96.56387665198238, 85.65891472868218, 90.99009900990099, 91.5478615071283, 88.78923766816143, 95.09394572025052, 90.27237354085604, 85.21560574948666, 91.57581764122894], [98.36734693877551, 96.12334801762114, 91.18217054263566, 90.99009900990099, 91.34419551934828, 86.7713004484305, 96.34655532359082, 92.02334630350195, 85.72895277207392, 89.89098116947473]],