{"config": {"DATASET": "mnist", "TOTAL_CLIENTS": 100, "CLIENT_FRAC": 0.1, "POISON_FRAC": 0.2, "CREATE_DATASET": false, "RANDOM_DATA": true, "CLASS_RATIO": 10, "MODEL": "nnet", "LEARNING_RATE": 0.001, "BATCH_SIZE": 32, "LOCAL_EPOCHS": 10, "OPTIMIZER": "adam", "FED_ROUNDS": 30, "TEST_EVERY": 1, "RANDOM_PROCESS": false, "COS_DEFENCE": true, "SEL_METHOD": 1, "REDUCE_LR": 1, "COLLAB_MODE": true, "COLLAB_ALL": true, "CONSIDER_LAYERS": "l1", "GRAD_AGG": true, "FEATURE_FINDING_ALGO": "auror", "GRAD_COLLECTION_START": 0, "GRAD_COLLECT_FOR": -1, "CLUSTER_SEP": 0.005, "ALPHA": 0.8, "BETA": 0.8, "GAMMA": 0.1, "TRUST_INC": 2, "TRUST_CUT_METHOD": 1, "HONEST_PARDON_FACTOR": 0.7, "LOG_LEVEL": "INFO", "JSON_RESULTS": true}, "mean_poison_class_acc": 82.42732558139535, "mean_attack_srate": 3.125, "total_accuracies": [37.14, 70.48, 75.78, 85.29, 84.93, 89.49, 87.82, 89.61, 90.28, 90.59, 92.01, 90.8, 92.69, 92.52, 93.03, 93.11, 93.26, 93.47, 93.78, 93.2, 94.11, 86.22, 94.23, 92.84, 94.53, 94.16, 92.82, 94.29, 94.88, 94.79], "class_accuracies": [[99.79591836734694, 88.81057268722466, 0.0, 27.128712871287128, 27.69857433808554, 1.5695067264573992, 25.052192066805844, 0.0, 0.8213552361396304, 91.17938553022795], [95.71428571428571, 98.76651982378854, 0.0, 89.3069306930693, 83.5030549898167, 53.587443946188344, 83.8204592901879, 84.24124513618678, 65.29774127310061, 47.968285431119924], [96.63265306122449, 98.06167400881057, 1.065891472868217, 90.89108910891089, 82.28105906313645, 70.85201793721973, 91.44050104384134, 88.03501945525292, 67.76180698151951, 70.16848364717542], [96.53061224489795, 96.65198237885463, 63.565891472868216, 87.72277227722772, 88.69653767820773, 75.44843049327355, 94.36325678496868, 87.2568093385214, 80.69815195071868, 80.57482656095144], [96.3265306122449, 97.00440528634361, 45.63953488372093, 88.51485148514851, 91.75152749490834, 83.6322869955157, 93.31941544885177, 88.13229571984436, 83.67556468172485, 81.36769078295342], [96.22448979591837, 98.06167400881057, 86.82170542635659, 89.70297029702971, 90.42769857433808, 82.17488789237669, 94.1544885177453, 90.27237354085604, 80.28747433264887, 85.0346878097126], [97.34693877551021, 98.32599118942731, 68.02325581395348, 87.62376237623762, 96.02851323828921, 87.78026905829596, 93.73695198329854, 88.61867704280155, 79.7741273100616, 80.57482656095144], [97.65306122448979, 97.09251101321586, 76.16279069767442, 90.39603960396039, 92.87169042769857, 88.90134529147981, 92.58872651356994, 89.88326848249027, 82.03285420944559, 88.00792864222002], [97.65306122448979, 96.91629955947137, 75.7751937984496, 89.70297029702971, 94.39918533604887, 88.11659192825113, 94.98956158663883, 89.29961089494164, 86.13963039014374, 89.49454905847374], [97.95918367346938, 97.62114537444934, 73.44961240310077, 92.17821782178218, 93.89002036659878, 86.43497757847534, 96.45093945720251, 92.50972762645914, 84.49691991786447, 90.28741328047572], [98.16326530612245, 97.62114537444934, 86.62790697674419, 92.57425742574257, 94.09368635437882, 86.54708520179372, 96.03340292275574, 90.36964980544747, 86.24229979466119, 90.8820614469772], [97.85714285714286, 98.14977973568281, 73.06201550387597, 92.37623762376238, 95.51934826883911, 87.33183856502242, 96.13778705636743, 90.1750972762646, 88.29568788501027, 88.70168483647176], [98.26530612244898, 97.3568281938326, 88.66279069767442, 93.26732673267327, 93.9918533604888, 88.11659192825113, 96.13778705636743, 92.21789883268482, 86.85831622176592, 91.17938553022795], [98.16326530612245, 98.06167400881057, 85.75581395348837, 93.26732673267327, 95.11201629327903, 88.00448430493273, 96.24217118997912, 91.82879377431907, 86.75564681724846, 91.17938553022795], [98.06122448979592, 97.62114537444934, 87.8875968992248, 92.07920792079207, 95.21384928716904, 93.38565022421524, 94.88517745302714, 92.12062256809338, 86.96098562628337, 91.77403369672943], [98.16326530612245, 97.97356828193833, 86.33720930232558, 92.27722772277228, 93.17718940936864, 91.25560538116592, 96.45093945720251, 92.70428015564202, 88.80903490759754, 93.45887016848364], [98.36734693877551, 97.70925110132158, 86.62790697674419, 94.15841584158416, 93.78818737270876, 89.68609865470852, 94.67640918580376, 91.82879377431907, 92.29979466119096, 92.86422200198216], [98.16326530612245, 98.41409691629956, 88.0813953488372, 93.66336633663366, 94.19551934826885, 91.4798206278027, 95.61586638830897, 91.43968871595331, 89.01437371663245, 94.05351833498513], [98.26530612244898, 98.06167400881057, 88.2751937984496, 94.75247524752476, 93.48268839103869, 91.14349775784753, 96.34655532359082, 92.70428015564202, 90.24640657084188, 93.95441030723488], [97.85714285714286, 98.76651982378854, 80.81395348837209, 94.85148514851485, 93.27902240325865, 92.04035874439462, 96.45093945720251, 92.99610894941634, 90.65708418891171, 93.95441030723488], [98.06122448979592, 99.03083700440529, 89.53488372093024, 93.46534653465346, 94.80651731160896, 91.4798206278027, 96.5553235908142, 94.06614785992218, 89.73305954825462, 93.65708622398414], [97.44897959183673, 98.94273127753304, 14.244186046511627, 95.54455445544555, 94.29735234215886, 90.24663677130044, 95.92901878914405, 94.16342412451363, 89.01437371663245, 93.85530227948463], [98.36734693877551, 98.6784140969163, 91.18217054263566, 93.86138613861387, 94.09368635437882, 91.14349775784753, 96.34655532359082, 92.80155642023347, 90.65708418891171, 94.44995044598612], [98.16326530612245, 98.23788546255507, 77.32558139534883, 94.35643564356435, 94.60285132382892, 89.79820627802691, 96.5553235908142, 91.34241245136187, 93.53182751540041, 94.25173439048562], [97.95918367346938, 97.88546255506608, 91.08527131782945, 94.45544554455445, 95.72301425661914, 92.48878923766816, 96.5553235908142, 93.8715953307393, 92.50513347022587, 92.36868186323092], [98.46938775510205, 98.14977973568281, 88.56589147286822, 94.25742574257426, 96.33401221995926, 92.71300448430493, 96.24217118997912, 92.21789883268482, 93.1211498973306, 91.2784935579782], [98.46938775510205, 99.03083700440529, 74.6124031007752, 95.84158415841584, 95.41751527494908, 90.80717488789237, 95.92901878914405, 93.3852140077821, 90.4517453798768, 93.95441030723488], [98.26530612244898, 98.6784140969163, 86.7248062015504, 95.94059405940594, 94.60285132382892, 93.27354260089686, 96.76409185803757, 93.77431906614785, 91.47843942505133, 93.06243805748265], [98.46938775510205, 98.8546255506608, 92.73255813953489, 95.14851485148515, 95.62118126272912, 92.71300448430493, 96.24217118997912, 92.21789883268482, 93.83983572895278, 92.46778989098117], [97.75510204081633, 98.94273127753304, 90.40697674418605, 95.54455445544555, 93.68635437881873, 92.9372197309417, 96.24217118997912, 94.16342412451363, 92.81314168377824, 94.84638255698711]],