{"config": {"DATASET": "mnist", "TOTAL_CLIENTS": 100, "CLIENT_FRAC": 0.2, "POISON_FRAC": 0.1, "CREATE_DATASET": true, "RANDOM_DATA": true, "CLASS_RATIO": 10, "MODEL": "nnet", "LEARNING_RATE": 0.001, "BATCH_SIZE": 32, "LOCAL_EPOCHS": 10, "OPTIMIZER": "adam", "FED_ROUNDS": 30, "TEST_EVERY": 1, "RANDOM_PROCESS": false, "COS_DEFENCE": false, "SEL_METHOD": 1, "REDUCE_LR": 1, "COLLAB_MODE": true, "COLLAB_ALL": true, "CONSIDER_LAYERS": "l1", "GRAD_AGG": true, "FEATURE_FINDING_ALGO": "auror", "GRAD_COLLECTION_START": 0, "GRAD_COLLECT_FOR": -1, "CLUSTER_SEP": 0.002, "ALPHA": 0.8, "BETA": 0.8, "GAMMA": 0.1, "TRUST_INC": 2, "TRUST_CUT_METHOD": 1, "HONEST_PARDON_FACTOR": 0.7, "LOG_LEVEL": "INFO", "JSON_RESULTS": true}, "mean_poison_class_acc": 81.77519379844962, "mean_attack_srate": 2.992248062015504, "total_accuracies": [50.9, 73.09, 82.5, 86.1, 88.57, 89.66, 88.36, 90.54, 91.21, 90.2, 92.33, 90.85, 92.67, 92.92, 93.52, 93.43, 93.41, 93.68, 93.9, 93.19, 94.85, 91.97, 94.4, 94.31, 94.7, 94.63, 94.25, 94.53, 93.97, 95.26], "class_accuracies": [[97.14285714285714, 99.91189427312776, 4.263565891472868, 46.93069306930693, 71.58859470468431, 24.43946188340807, 21.711899791231733, 77.91828793774319, 57.08418891170431, 0.0], [97.65306122448979, 98.32599118942731, 31.87984496124031, 80.6930693069307, 92.56619144602851, 79.5964125560538, 84.44676409185804, 87.35408560311284, 49.17864476386037, 28.44400396432111], [97.34693877551021, 97.97356828193833, 59.10852713178294, 83.26732673267327, 94.19551934826885, 79.14798206278027, 93.1106471816284, 91.34241245136187, 72.07392197125257, 56.39246778989098], [97.14285714285714, 97.70925110132158, 70.44573643410853, 86.03960396039604, 92.15885947046843, 85.76233183856502, 91.7536534446764, 88.52140077821012, 73.10061601642711, 77.50247770069376], [97.04081632653062, 97.70925110132158, 81.0077519379845, 88.51485148514851, 94.5010183299389, 81.27802690582959, 94.1544885177453, 91.147859922179, 79.26078028747433, 79.58374628344896], [97.55102040816327, 96.65198237885463, 83.13953488372093, 88.01980198019803, 95.62118126272912, 82.17488789237669, 94.05010438413362, 90.95330739299611, 85.21560574948666, 82.06144697720515], [97.85714285714286, 98.6784140969163, 68.7015503875969, 91.2871287128713, 95.21384928716904, 87.89237668161435, 92.27557411273486, 89.6887159533074, 77.00205338809035, 84.34093161546085], [98.16326530612245, 97.5330396475771, 83.81782945736434, 91.18811881188118, 96.74134419551935, 85.87443946188341, 93.21503131524008, 91.24513618677042, 82.23819301848049, 84.34093161546085], [97.75510204081633, 97.09251101321586, 79.74806201550388, 88.91089108910892, 94.29735234215886, 88.67713004484305, 94.88517745302714, 90.85603112840467, 88.91170431211499, 90.58473736372646], [98.06122448979592, 97.79735682819383, 70.34883720930233, 93.26732673267327, 95.82484725050917, 85.98654708520179, 94.46764091858037, 89.78599221789884, 86.85831622176592, 89.09811694747275], [98.06122448979592, 98.32599118942731, 84.10852713178295, 92.07920792079207, 96.13034623217922, 90.13452914798206, 95.51148225469728, 91.82879377431907, 87.06365503080082, 89.49454905847374], [97.75510204081633, 98.50220264317181, 68.6046511627907, 93.26732673267327, 96.5376782077393, 90.13452914798206, 94.78079331941545, 92.02334630350195, 87.88501026694045, 88.89990089197225], [98.06122448979592, 98.50220264317181, 83.72093023255815, 92.77227722772277, 96.13034623217922, 91.14349775784753, 96.03340292275574, 93.19066147859922, 88.29568788501027, 88.40436075322101], [97.85714285714286, 98.6784140969163, 81.2984496124031, 93.96039603960396, 95.62118126272912, 89.34977578475336, 95.72025052192066, 93.8715953307393, 90.96509240246407, 91.2784935579782], [98.46938775510205, 97.97356828193833, 84.68992248062015, 94.95049504950495, 96.23217922606925, 92.04035874439462, 95.82463465553236, 93.8715953307393, 90.04106776180699, 90.78295341922696], [98.06122448979592, 98.23788546255507, 81.87984496124031, 92.87128712871286, 95.31568228105907, 92.82511210762331, 95.92901878914405, 94.45525291828794, 92.19712525667352, 92.36868186323092], [97.95918367346938, 98.41409691629956, 81.2015503875969, 95.64356435643565, 95.92668024439918, 90.13452914798206, 96.76409185803757, 93.67704280155642, 91.06776180698152, 92.86422200198216], [98.26530612244898, 98.32599118942731, 85.36821705426357, 93.26732673267327, 95.62118126272912, 91.81614349775785, 95.51148225469728, 93.48249027237354, 91.17043121149898, 93.55797819623389], [98.26530612244898, 98.59030837004406, 86.33720930232558, 91.98019801980197, 96.33401221995926, 92.26457399103138, 96.24217118997912, 93.48249027237354, 93.01848049281314, 92.17046580773042], [98.06122448979592, 98.6784140969163, 77.03488372093024, 93.16831683168317, 96.23217922606925, 92.82511210762331, 96.03340292275574, 94.3579766536965, 92.71047227926078, 92.76511397423191], [98.6734693877551, 98.6784140969163, 92.73255813953489, 93.96039603960396, 96.02851323828921, 92.60089686098655, 96.24217118997912, 94.74708171206225, 91.78644763860369, 92.46778989098117], [98.36734693877551, 98.76651982378854, 66.18217054263566, 93.66336633663366, 96.23217922606925, 93.60986547085201, 94.258872651357, 94.3579766536965, 91.27310061601642, 93.26065411298315], [98.16326530612245, 98.8546255506608, 86.14341085271317, 93.96039603960396, 97.14867617107943, 93.27354260089686, 96.5553235908142, 95.03891050583658, 92.91581108829568, 91.67492566897918], [98.6734693877551, 98.8546255506608, 84.78682170542636, 95.54455445544555, 96.43584521384929, 92.37668161434978, 95.92901878914405, 94.8443579766537, 92.19712525667352, 93.06243805748265], [98.36734693877551, 98.76651982378854, 87.8875968992248, 95.14851485148515, 96.43584521384929, 93.04932735426009, 94.98956158663883, 94.3579766536965, 93.73716632443532, 93.85530227948463], [98.06122448979592, 98.8546255506608, 87.3062015503876, 94.05940594059406, 96.84317718940937, 95.96412556053812, 95.72025052192066, 94.06614785992218, 92.71047227926078, 92.66600594648166], [98.77551020408163, 98.59030837004406, 83.91472868217055, 95.54455445544555, 97.65784114052953, 93.04932735426009, 95.72025052192066, 94.94163424124514, 92.81314168377824, 91.2784935579782], [98.26530612244898, 98.50220264317181, 84.49612403100775, 95.74257425742574, 95.62118126272912, 92.04035874439462, 96.86847599164926, 95.71984435797665, 93.53182751540041, 94.15262636273538], [98.57142857142857, 98.76651982378854, 80.71705426356588, 94.95049504950495, 97.35234215885947, 92.82511210762331, 96.24217118997912, 93.48249027237354, 93.83983572895278, 92.86422200198216], [98.06122448979592, 98.41409691629956, 90.21317829457364, 94.65346534653466, 97.04684317718942, 92.9372197309417, 96.97286012526096, 95.23346303501945, 95.07186858316221, 93.65708622398414]],