{"config": {"DATASET": "mnist", "TOTAL_CLIENTS": 100, "CLIENT_FRAC": 0.1, "POISON_FRAC": 0.1, "CREATE_DATASET": true, "RANDOM_DATA": true, "CLASS_RATIO": 10, "MODEL": "nnet", "LEARNING_RATE": 0.001, "BATCH_SIZE": 32, "LOCAL_EPOCHS": 10, "OPTIMIZER": "adam", "FED_ROUNDS": 30, "TEST_EVERY": 1, "RANDOM_PROCESS": false, "COS_DEFENCE": false, "SEL_METHOD": 1, "REDUCE_LR": 1, "COLLAB_MODE": true, "COLLAB_ALL": true, "CONSIDER_LAYERS": "l1", "GRAD_AGG": true, "FEATURE_FINDING_ALGO": "auror", "GRAD_COLLECTION_START": 0, "GRAD_COLLECT_FOR": -1, "CLUSTER_SEP": 0.005, "ALPHA": 0.8, "BETA": 0.8, "GAMMA": 0.1, "TRUST_INC": 2, "TRUST_CUT_METHOD": 1, "HONEST_PARDON_FACTOR": 0.8, "LOG_LEVEL": "INFO", "JSON_RESULTS": true}, "mean_poison_class_acc": 82.6453488372093, "mean_attack_srate": 3.003875968992248, "total_accuracies": [43.31, 76.06, 85.86, 87.94, 88.91, 88.48, 89.52, 90.34, 89.56, 92.31, 91.62, 92.96, 92.78, 93.38, 93.95, 94.14, 91.53, 90.84, 93.14, 94.79, 90.3, 94.76, 95.16, 94.08, 93.27, 93.21, 94.96, 95.46, 93.05, 95.24], "class_accuracies": [[99.08163265306122, 99.64757709251101, 6.007751937984496, 27.02970297029703, 7.535641547861507, 13.789237668161435, 40.50104384133612, 82.29571984435798, 42.40246406570842, 4.955401387512389], [97.34693877551021, 97.3568281938326, 47.189922480620154, 84.55445544554455, 94.80651731160896, 68.94618834080717, 90.81419624217119, 85.7976653696498, 63.449691991786445, 28.74132804757185], [96.12244897959184, 96.82819383259911, 74.8062015503876, 84.85148514851485, 91.34419551934828, 77.80269058295964, 92.17118997912317, 86.96498054474708, 75.66735112936345, 80.37661050545094], [95.61224489795919, 95.94713656387665, 81.97674418604652, 88.91089108910892, 92.26069246435846, 76.45739910313901, 94.98956158663883, 88.91050583657588, 80.69815195071868, 81.86323092170466], [95.71428571428571, 96.38766519823788, 78.58527131782945, 87.02970297029702, 93.9918533604888, 82.62331838565022, 93.42379958246346, 89.88326848249027, 85.93429158110882, 84.53914767096134], [96.93877551020408, 98.32599118942731, 69.28294573643412, 90.6930693069307, 91.95519348268839, 83.5201793721973, 94.1544885177453, 91.73151750972762, 78.64476386036961, 88.40436075322101], [97.04081632653062, 97.97356828193833, 78.77906976744185, 90.4950495049505, 97.04684317718942, 85.42600896860986, 94.78079331941545, 89.6887159533074, 82.03285420944559, 81.07036669970267], [97.75510204081633, 97.18061674008811, 78.68217054263566, 91.38613861386139, 94.60285132382892, 88.45291479820628, 92.69311064718163, 91.43968871595331, 81.21149897330595, 89.29633300297324], [97.55102040816327, 97.26872246696036, 68.21705426356588, 90.1980198019802, 96.13034623217922, 87.5560538116592, 93.94572025052192, 93.09338521400778, 82.13552361396304, 89.09811694747275], [97.75510204081633, 97.18061674008811, 89.63178294573643, 90.4950495049505, 95.010183299389, 87.89237668161435, 96.24217118997912, 91.82879377431907, 87.26899383983573, 88.9990089197225], [97.85714285714286, 97.70925110132158, 80.81395348837209, 93.36633663366337, 91.44602851323829, 91.14349775784753, 94.1544885177453, 90.36964980544747, 84.80492813141684, 94.05351833498513], [97.95918367346938, 97.18061674008811, 92.53875968992249, 91.2871287128713, 96.02851323828921, 90.91928251121077, 94.46764091858037, 92.12062256809338, 87.88501026694045, 88.60257680872151], [97.85714285714286, 97.5330396475771, 84.10852713178295, 93.16831683168317, 95.72301425661914, 88.67713004484305, 95.09394572025052, 93.77431906614785, 89.01437371663245, 92.17046580773042], [98.06122448979592, 98.50220264317181, 89.92248062015504, 94.65346534653466, 95.72301425661914, 91.03139013452915, 95.82463465553236, 92.80155642023347, 87.26899383983573, 89.29633300297324], [98.06122448979592, 97.88546255506608, 93.21705426356588, 92.87128712871286, 96.43584521384929, 92.26457399103138, 94.98956158663883, 93.3852140077821, 89.11704312114989, 90.68384539147671], [98.16326530612245, 97.5330396475771, 93.12015503875969, 92.87128712871286, 95.51934826883911, 93.94618834080717, 94.1544885177453, 93.19066147859922, 90.65708418891171, 91.87314172447968], [97.04081632653062, 98.94273127753304, 68.6046511627907, 93.56435643564356, 96.94501018329939, 92.71300448430493, 96.24217118997912, 93.67704280155642, 87.57700205338809, 90.08919722497522], [98.06122448979592, 97.5330396475771, 59.20542635658915, 95.34653465346534, 95.31568228105907, 91.92825112107623, 94.1544885177453, 93.67704280155642, 89.93839835728953, 93.65708622398414], [98.16326530612245, 98.50220264317181, 80.42635658914729, 92.47524752475248, 95.51934826883911, 93.16143497757848, 95.09394572025052, 93.28793774319067, 92.19712525667352, 92.46778989098117], [97.75510204081633, 97.79735682819383, 94.76744186046511, 94.45544554455445, 95.31568228105907, 93.04932735426009, 96.5553235908142, 92.70428015564202, 93.01848049281314, 92.07135777998018], [98.46938775510205, 98.23788546255507, 50.2906976744186, 93.06930693069307, 95.72301425661914, 93.94618834080717, 93.94572025052192, 94.45525291828794, 92.40246406570841, 93.3597621407334], [98.16326530612245, 98.41409691629956, 91.37596899224806, 95.14851485148515, 96.23217922606925, 92.48878923766816, 94.67640918580376, 94.3579766536965, 92.91581108829568, 93.26065411298315], [97.14285714285714, 98.32599118942731, 94.86434108527132, 93.36633663366337, 96.74134419551935, 94.17040358744394, 95.72025052192066, 95.8171206225681, 94.86652977412732, 90.18830525272547], [97.85714285714286, 98.50220264317181, 84.01162790697674, 96.23762376237623, 97.14867617107943, 92.04035874439462, 95.92901878914405, 94.8443579766537, 92.81314168377824, 91.0802775024777], [98.06122448979592, 98.76651982378854, 73.44961240310077, 95.04950495049505, 95.31568228105907, 94.84304932735427, 95.51148225469728, 95.42801556420234, 91.88911704312115, 94.54905847373637], [98.16326530612245, 98.50220264317181, 74.2248062015504, 96.53465346534654, 96.43584521384929, 93.04932735426009, 94.46764091858037, 96.69260700389106, 91.88911704312115, 92.07135777998018], [98.06122448979592, 98.32599118942731, 90.11627906976744, 95.94059405940594, 96.02851323828921, 92.82511210762331, 96.13778705636743, 94.55252918287938, 94.25051334702259, 92.9633300297324], [98.26530612244898, 98.76651982378854, 94.28294573643412, 96.23762376237623, 96.23217922606925, 93.38565022421524, 95.30271398747391, 95.03891050583658, 93.83983572895278, 92.66600594648166], [98.16326530612245, 98.76651982378854, 73.15891472868218, 94.45544554455445, 95.51934826883911, 94.5067264573991, 94.98956158663883, 96.10894941634241, 90.75975359342915, 94.15262636273538], [98.16326530612245, 98.14977973568281, 90.40697674418605, 96.03960396039604, 95.010183299389, 94.28251121076234, 95.19832985386222, 96.78988326848248, 94.45585215605749, 93.55797819623389]],