{"config": {"DATASET": "mnist", "TOTAL_CLIENTS": 100, "CLIENT_FRAC": 0.2, "POISON_FRAC": 0.5, "CREATE_DATASET": false, "RANDOM_DATA": true, "CLASS_RATIO": 10, "MODEL": "nnet", "LEARNING_RATE": 0.001, "BATCH_SIZE": 32, "LOCAL_EPOCHS": 10, "OPTIMIZER": "adam", "FED_ROUNDS": 30, "TEST_EVERY": 1, "RANDOM_PROCESS": false, "COS_DEFENCE": true, "SEL_METHOD": 1, "REDUCE_LR": 1, "COLLAB_MODE": true, "COLLAB_ALL": true, "CONSIDER_LAYERS": "l1", "GRAD_AGG": true, "FEATURE_FINDING_ALGO": "auror", "GRAD_COLLECTION_START": 0, "GRAD_COLLECT_FOR": -1, "CLUSTER_SEP": 0.002, "ALPHA": 0.8, "BETA": 0.8, "GAMMA": 0.1, "TRUST_INC": 2, "TRUST_CUT_METHOD": 1, "HONEST_PARDON_FACTOR": 0.7, "LOG_LEVEL": "INFO", "JSON_RESULTS": true}, "mean_poison_class_acc": 53.05038759689923, "mean_attack_srate": 4.108527131782946, "total_accuracies": [46.07, 68.06, 74.16, 78.59, 83.45, 86.85, 85.03, 88.21, 83.05, 91.09, 90.22, 83.96, 92.12, 92.17, 91.55, 91.82, 84.79, 93.0, 85.1, 94.23, 92.55, 91.93, 91.72, 90.33, 94.11, 85.49, 95.09, 94.73, 85.82, 93.14], "class_accuracies": [[99.48979591836735, 98.23788546255507, 0.0, 39.10891089108911, 82.17922606924644, 9.417040358744394, 17.745302713987474, 38.715953307392994, 24.537987679671456, 42.02180376610505], [97.14285714285714, 98.76651982378854, 0.0, 91.58415841584159, 82.79022403258656, 71.30044843049328, 74.21711899791232, 87.84046692607004, 43.83983572895277, 31.516352824578792], [96.12244897959184, 98.41409691629956, 0.09689922480620156, 91.78217821782178, 87.57637474541751, 68.38565022421524, 88.62212943632568, 92.41245136186771, 74.02464065708419, 43.50842418235877], [96.73469387755102, 97.5330396475771, 3.9728682170542635, 89.00990099009901, 85.23421588594705, 87.33183856502242, 88.51774530271399, 89.6887159533074, 72.48459958932239, 76.51139742319128], [97.75510204081633, 97.26872246696036, 31.976744186046513, 90.4950495049505, 91.34419551934828, 83.07174887892377, 91.7536534446764, 91.82879377431907, 81.10882956878851, 78.09712586719525], [97.24489795918367, 98.41409691629956, 58.13953488372093, 90.6930693069307, 91.95519348268839, 81.05381165919283, 93.42379958246346, 90.56420233463035, 83.05954825462013, 83.05252725470763], [97.65306122448979, 97.70925110132158, 32.55813953488372, 91.38613861386139, 93.38085539714868, 84.19282511210763, 93.0062630480167, 89.29961089494164, 83.77823408624229, 87.71060455896928], [97.75510204081633, 98.32599118942731, 60.36821705426357, 89.8019801980198, 94.19551934826885, 88.67713004484305, 92.79749478079331, 91.73151750972762, 85.1129363449692, 83.25074331020812], [97.95918367346938, 97.97356828193833, 6.492248062015504, 89.3069306930693, 92.76985743380855, 87.4439461883408, 91.9624217118998, 89.39688715953308, 88.80903490759754, 89.99008919722498], [97.75510204081633, 98.50220264317181, 77.32558139534883, 92.07920792079207, 94.39918533604887, 87.89237668161435, 95.51148225469728, 90.46692607003891, 88.91170431211499, 87.51238850346878], [97.55102040816327, 98.76651982378854, 64.53488372093024, 92.97029702970298, 94.39918533604887, 88.78923766816143, 96.03340292275574, 91.92607003891051, 86.55030800821355, 90.48562933597621], [97.85714285714286, 98.50220264317181, 0.0, 91.2871287128713, 94.80651731160896, 90.47085201793722, 96.03340292275574, 90.6614785992218, 91.17043121149898, 91.0802775024777], [98.46938775510205, 98.6784140969163, 78.77906976744185, 93.16831683168317, 95.010183299389, 86.43497757847534, 95.82463465553236, 92.41245136186771, 91.78644763860369, 89.89098116947473], [98.6734693877551, 98.76651982378854, 75.5813953488372, 93.56435643564356, 94.90835030549898, 92.71300448430493, 95.4070981210856, 90.27237354085604, 89.73305954825462, 92.07135777998018], [98.26530612244898, 98.50220264317181, 68.31395348837209, 91.68316831683168, 96.02851323828921, 92.37668161434978, 96.03340292275574, 92.02334630350195, 91.88911704312115, 90.68384539147671], [98.26530612244898, 98.41409691629956, 68.12015503875969, 93.46534653465346, 94.90835030549898, 91.4798206278027, 96.5553235908142, 92.80155642023347, 92.81314168377824, 91.57581764122894], [98.16326530612245, 98.76651982378854, 0.0, 92.67326732673267, 94.70468431771894, 94.05829596412556, 96.03340292275574, 92.70428015564202, 90.4517453798768, 92.86422200198216], [98.26530612244898, 98.8546255506608, 77.22868217054264, 95.74257425742574, 95.41751527494908, 90.69506726457399, 96.24217118997912, 93.09338521400778, 91.17043121149898, 92.9633300297324], [98.36734693877551, 98.76651982378854, 0.4844961240310077, 94.35643564356435, 96.02851323828921, 92.82511210762331, 95.61586638830897, 92.02334630350195, 92.09445585215606, 92.86422200198216], [98.57142857142857, 98.6784140969163, 87.3062015503876, 94.65346534653466, 95.21384928716904, 92.152466367713, 96.34655532359082, 92.99610894941634, 92.29979466119096, 93.65708622398414], [98.36734693877551, 98.76651982378854, 70.25193798449612, 94.45544554455445, 95.21384928716904, 92.60089686098655, 96.5553235908142, 93.57976653696498, 93.53182751540041, 92.36868186323092], [98.57142857142857, 98.59030837004406, 62.8875968992248, 94.25742574257426, 95.21384928716904, 92.9372197309417, 96.86847599164926, 93.96887159533074, 92.71047227926078, 93.75619425173439], [97.95918367346938, 98.6784140969163, 60.65891472868217, 94.65346534653466, 97.14867617107943, 93.27354260089686, 96.76409185803757, 93.48249027237354, 92.91581108829568, 92.26957383548067], [98.46938775510205, 98.76651982378854, 45.348837209302324, 94.55445544554455, 95.41751527494908, 95.06726457399103, 96.34655532359082, 93.8715953307393, 93.1211498973306, 93.55797819623389], [98.57142857142857, 98.76651982378854, 81.87984496124031, 96.13861386138613, 95.21384928716904, 92.04035874439462, 97.07724425887265, 94.26070038910505, 94.14784394250513, 92.76511397423191], [98.57142857142857, 99.03083700440529, 0.0, 94.35643564356435, 96.43584521384929, 94.5067264573991, 95.72025052192066, 91.92607003891051, 93.01848049281314, 93.95441030723488], [98.46938775510205, 98.59030837004406, 90.50387596899225, 95.44554455445545, 95.11201629327903, 95.06726457399103, 96.76409185803757, 93.96887159533074, 93.63449691991786, 93.1615460852329], [98.06122448979592, 98.6784140969163, 87.59689922480621, 95.24752475247524, 95.82484725050917, 94.84304932735427, 96.86847599164926, 93.3852140077821, 92.81314168377824, 93.85530227948463], [97.95918367346938, 98.59030837004406, 1.8410852713178294, 94.95049504950495, 94.29735234215886, 94.61883408071749, 95.82463465553236, 93.67704280155642, 93.63449691991786, 95.34192269573836], [98.36734693877551, 98.76651982378854, 70.05813953488372, 95.34653465346534, 95.82484725050917, 94.39461883408072, 95.92901878914405, 94.74708171206225, 94.25051334702259, 94.05351833498513]],