{"config": {"DATASET": "mnist", "TOTAL_CLIENTS": 100, "CLIENT_FRAC": 0.1, "POISON_FRAC": 0.1, "CREATE_DATASET": true, "RANDOM_DATA": true, "CLASS_RATIO": 10, "MODEL": "nnet", "LEARNING_RATE": 0.001, "BATCH_SIZE": 32, "LOCAL_EPOCHS": 3, "OPTIMIZER": "adam", "FED_ROUNDS": 30, "TEST_EVERY": 1, "RANDOM_PROCESS": true, "COS_DEFENCE": true, "SEL_METHOD": 1, "REDUCE_LR": 1, "COLLAB_MODE": true, "COLLAB_ALL": true, "CONSIDER_LAYERS": "l1", "GRAD_AGG": true, "FEATURE_FINDING_ALGO": "auror", "GRAD_COLLECTION_START": 0, "GRAD_COLLECT_FOR": -1, "CLUSTER_SEP": 0.001, "ALPHA": 0.8, "BETA": 0.8, "GAMMA": 0.1, "TRUST_INC": 2, "TRUST_CUT_METHOD": 2, "HONEST_PARDON_FACTOR": 0.99, "LOG_LEVEL": "INFO", "JSON_RESULTS": true}, "mean_poison_class_acc": 80.60562015503875, "mean_attack_srate": 3.11531007751938, "total_accuracies": [18.08, 24.77, 45.45, 61.76, 61.95, 76.95, 81.65, 79.37, 83.4, 85.03, 85.0, 85.92, 85.86, 87.81, 87.95, 88.62, 88.8, 87.9, 89.33, 90.37, 90.62, 90.29, 90.43, 90.99, 89.3, 88.44, 91.03, 91.81, 90.98, 92.16], "class_accuracies": [[4.591836734693878, 0.0, 0.09689922480620156, 3.267326732673267, 0.0, 0.336322869955157, 99.68684759916492, 75.0, 0.0, 0.0], [44.48979591836735, 70.9251101321586, 16.375968992248062, 0.9900990099009901, 9.368635437881874, 99.10313901345292, 1.6701461377870563, 6.3229571984435795, 0.0, 0.0], [98.16326530612245, 99.73568281938326, 47.86821705426357, 62.475247524752476, 3.6659877800407332, 14.125560538116591, 42.58872651356994, 73.5408560311284, 0.0, 0.0], [96.53061224489795, 96.82819383259911, 78.77906976744185, 79.4059405940594, 24.032586558044805, 35.762331838565025, 88.51774530271399, 55.252918287937746, 55.95482546201232, 0.0], [95.81632653061224, 95.94713656387665, 88.85658914728683, 87.42574257425743, 71.58859470468431, 43.27354260089686, 41.544885177453025, 68.28793774319067, 17.761806981519506, 0.49554013875123887], [96.22448979591837, 98.59030837004406, 69.47674418604652, 86.73267326732673, 52.54582484725051, 55.60538116591928, 87.05636743215031, 71.88715953307393, 59.75359342915811, 86.52130822596631], [95.61224489795919, 97.62114537444934, 72.77131782945736, 78.11881188118812, 77.90224032586558, 72.6457399103139, 91.9624217118998, 82.97665369649805, 67.65913757700206, 76.70961347869178], [96.63265306122449, 97.62114537444934, 77.81007751937985, 82.97029702970298, 93.17718940936864, 83.07174887892377, 85.80375782881002, 88.2295719844358, 56.776180698151954, 30.029732408325074], [95.20408163265306, 96.74008810572687, 72.48062015503876, 83.36633663366337, 87.06720977596741, 77.46636771300449, 89.5615866388309, 91.73151750972762, 73.61396303901438, 64.91575817641228], [95.61224489795919, 96.2114537444934, 76.93798449612403, 87.22772277227723, 84.11405295315683, 80.38116591928251, 88.83089770354906, 86.284046692607, 74.435318275154, 78.59266600594648], [97.95918367346938, 96.65198237885463, 75.0, 80.39603960396039, 91.0386965376782, 79.26008968609865, 89.24843423799582, 80.93385214007782, 76.07802874743327, 82.06144697720515], [95.61224489795919, 95.94713656387665, 75.09689922480621, 87.32673267326733, 90.63136456211812, 83.40807174887892, 90.91858037578288, 88.715953307393, 74.94866529774127, 75.52031714568881], [95.20408163265306, 95.50660792951543, 67.53875968992249, 86.13861386138613, 86.15071283095723, 85.08968609865471, 90.81419624217119, 87.64591439688716, 78.54209445585215, 85.33201189296334], [96.83673469387755, 96.82819383259911, 80.23255813953489, 86.03960396039604, 84.62321792260693, 83.85650224215247, 93.31941544885177, 88.715953307393, 79.87679671457906, 86.52130822596631], [98.16326530612245, 95.77092511013215, 78.77906976744185, 85.04950495049505, 92.36252545824847, 85.98654708520179, 92.90187891440502, 88.61867704280155, 80.28747433264887, 80.97125867195243], [97.44897959183673, 97.26872246696036, 85.46511627906976, 84.25742574257426, 93.9918533604888, 85.76233183856502, 92.79749478079331, 86.96498054474708, 79.15811088295688, 82.06144697720515], [96.63265306122449, 95.68281938325991, 83.13953488372093, 89.00990099009901, 89.5112016293279, 80.38116591928251, 92.48434237995825, 90.07782101167315, 82.4435318275154, 87.1159563924678], [97.14285714285714, 97.09251101321586, 73.93410852713178, 85.44554455445545, 91.44602851323829, 89.46188340807174, 90.6054279749478, 90.46692607003891, 74.84599589322382, 87.90882061446978], [97.24489795918367, 96.56387665198238, 80.42635658914729, 90.6930693069307, 85.84521384928716, 84.4170403587444, 93.21503131524008, 90.85603112840467, 82.85420944558521, 89.99008919722498], [97.55102040816327, 97.00440528634361, 89.53488372093024, 87.72277227722772, 90.73319755600815, 86.21076233183857, 94.78079331941545, 90.46692607003891, 81.21149897330595, 87.31417244796829], [97.44897959183673, 96.2114537444934, 87.1124031007752, 86.63366336633663, 92.66802443991854, 85.87443946188341, 94.67640918580376, 89.88326848249027, 87.47433264887064, 87.41328047571854], [97.95918367346938, 96.0352422907489, 87.20930232558139, 90.4950495049505, 89.5112016293279, 88.90134529147981, 92.06680584551148, 92.50972762645914, 79.67145790554414, 87.61149653121903], [96.63265306122449, 97.18061674008811, 82.84883720930233, 91.48514851485149, 93.89002036659878, 84.64125560538116, 92.37995824634656, 91.92607003891051, 84.49691991786447, 87.61149653121903], [97.75510204081633, 95.15418502202643, 89.63178294573643, 87.22772277227723, 96.33401221995926, 86.99551569506727, 95.92901878914405, 90.07782101167315, 86.75564681724846, 83.54806739345887], [96.3265306122449, 97.18061674008811, 71.70542635658914, 88.7128712871287, 93.17718940936864, 88.56502242152466, 91.23173277661796, 88.52140077821012, 85.01026694045174, 92.17046580773042], [97.34693877551021, 96.91629955947137, 59.883720930232556, 90.89108910891089, 93.38085539714868, 86.7713004484305, 92.79749478079331, 89.39688715953308, 85.42094455852155, 91.47670961347869], [97.95918367346938, 96.82819383259911, 85.07751937984496, 88.21782178217822, 95.41751527494908, 90.13452914798206, 93.1106471816284, 91.147859922179, 83.36755646817248, 88.50346878097126], [97.55102040816327, 97.44493392070484, 88.37209302325581, 90.0, 92.4643584521385, 89.68609865470852, 94.88517745302714, 90.56420233463035, 85.31827515400411, 91.0802775024777], [97.24489795918367, 97.18061674008811, 81.3953488372093, 92.87128712871286, 92.56619144602851, 89.91031390134529, 93.1106471816284, 89.2023346303502, 84.18891170431212, 91.57581764122894], [97.34693877551021, 97.5330396475771, 89.72868217054264, 89.4059405940594, 93.58452138492872, 92.26457399103138, 95.82463465553236, 90.36964980544747, 86.24229979466119, 88.89990089197225]],