{"config": {"DATASET": "mnist", "TOTAL_CLIENTS": 100, "CLIENT_FRAC": 0.1, "POISON_FRAC": 0.1, "CREATE_DATASET": true, "CLASS_RATIO": 10, "MODEL": "nnet", "LEARNING_RATE": 0.001, "BATCH_SIZE": 32, "LOCAL_EPOCHS": 3, "OPTIMIZER": "adam", "FED_ROUNDS": 30, "TEST_EVERY": 1, "RANDOM": true, "COS_DEFENCE": false, "SEL_METHOD": 1, "REDUCE_LR": 1, "COLLAB_MODE": true, "COLLAB_ALL": true, "CONSIDER_LAYERS": "l1", "GRAD_AGG": true, "FEATURE_FINDING_ALGO": "auror", "GRAD_COLLECTION_START": 0, "GRAD_COLLECT_FOR": -1, "CLUSTER_SEP": 2.0, "ALPHA": 0.7, "BETA": 0.7, "GAMMA": 0.1, "TRUST_INC": 2, "TRUST_CUT_METHOD": 1, "HONEST_PARDON_FACTOR": 0.99, "LOG_LEVEL": "INFO", "JSON_RESULTS": true}, "mean_poison_class_acc": 80.80910852713178, "mean_attack_srate": 3.1589147286821704, "total_accuracies": [18.34, 26.41, 34.98, 46.99, 60.81, 62.65, 77.15, 81.04, 82.22, 82.93, 85.3, 85.12, 85.84, 86.0, 87.81, 88.54, 87.62, 89.06, 89.38, 88.76, 90.38, 90.12, 90.81, 90.16, 90.66, 90.44, 91.47, 91.7, 91.89, 91.8], "class_accuracies": [[13.36734693877551, 0.5286343612334802, 69.28294573643412, 0.0, 100.0, 0.0, 0.0, 0.0, 0.0, 0.0], [99.89795918367346, 98.06167400881057, 10.368217054263566, 0.0, 34.72505091649695, 0.0, 10.542797494780793, 0.0, 0.0, 0.0], [98.36734693877551, 99.47136563876651, 14.922480620155039, 27.326732673267326, 25.865580448065174, 0.0, 75.15657620041753, 0.09727626459143969, 0.0, 0.0], [96.22448979591837, 99.55947136563877, 15.116279069767442, 49.20792079207921, 43.686354378818734, 47.75784753363229, 87.57828810020877, 0.0, 0.0, 27.651139742319128], [96.63265306122449, 97.26872246696036, 90.40697674418605, 64.85148514851485, 41.34419551934827, 51.90582959641256, 77.13987473903967, 2.0428015564202333, 1.8480492813141685, 78.79088206144698], [95.91836734693878, 98.94273127753304, 68.8953488372093, 92.67326732673267, 47.96334012219959, 39.7982062780269, 84.23799582463465, 2.9182879377431905, 3.182751540041068, 85.33201189296334], [96.63265306122449, 98.8546255506608, 64.72868217054264, 83.86138613861387, 73.62525458248473, 72.98206278026906, 92.06680584551148, 55.1556420233463, 56.878850102669404, 74.72745292368681], [96.22448979591837, 98.6784140969163, 73.25581395348837, 84.45544554455445, 62.830957230142566, 75.22421524663677, 90.91858037578288, 75.29182879377431, 63.03901437371663, 87.71060455896928], [97.04081632653062, 98.59030837004406, 81.87984496124031, 88.81188118811882, 67.31160896130346, 65.02242152466367, 87.68267223382045, 75.4863813229572, 67.86447638603696, 88.40436075322101], [93.77551020408163, 98.59030837004406, 62.1124031007752, 78.21782178217822, 75.050916496945, 85.76233183856502, 89.97912317327766, 81.22568093385215, 75.564681724846, 88.10703666997027], [96.3265306122449, 97.79735682819383, 77.32558139534883, 88.81188118811882, 78.10590631364562, 76.34529147982063, 91.23173277661796, 89.78599221789884, 71.66324435318275, 83.05252725470763], [97.04081632653062, 97.97356828193833, 73.06201550387597, 79.00990099009901, 89.61303462321793, 86.99551569506727, 89.97912317327766, 86.86770428015564, 70.53388090349075, 79.18731417244797], [96.12244897959184, 97.70925110132158, 64.63178294573643, 87.92079207920793, 87.06720977596741, 81.95067264573991, 91.44050104384134, 86.08949416342412, 78.13141683778234, 86.22398414271557], [96.63265306122449, 98.06167400881057, 75.87209302325581, 87.82178217821782, 72.70875763747455, 82.0627802690583, 89.5615866388309, 89.10505836575875, 74.435318275154, 91.67492566897918], [97.85714285714286, 97.18061674008811, 80.62015503875969, 86.13861386138613, 87.67820773930754, 84.4170403587444, 89.87473903966597, 85.7976653696498, 79.56878850102669, 87.71060455896928], [97.55102040816327, 97.18061674008811, 86.53100775193798, 89.20792079207921, 91.85336048879837, 84.30493273542601, 89.87473903966597, 89.88326848249027, 76.38603696098562, 81.07036669970267], [96.53061224489795, 96.91629955947137, 70.73643410852713, 82.77227722772277, 92.4643584521385, 83.40807174887892, 89.97912317327766, 88.03501945525292, 87.26899383983573, 87.31417244796829], [96.0204081632653, 97.62114537444934, 82.84883720930233, 85.94059405940594, 93.89002036659878, 85.42600896860986, 91.12734864300626, 87.64591439688716, 79.97946611909651, 88.89990089197225], [97.44897959183673, 97.88546255506608, 86.9186046511628, 85.94059405940594, 91.64969450101833, 88.00448430493273, 91.33611691022965, 86.7704280155642, 78.33675564681725, 88.40436075322101], [96.93877551020408, 97.5330396475771, 73.74031007751938, 86.63366336633663, 93.58452138492872, 86.32286995515695, 90.29227557411274, 88.91050583657588, 85.42094455852155, 87.51238850346878], [97.04081632653062, 98.14977973568281, 86.33720930232558, 89.00990099009901, 92.56619144602851, 85.87443946188341, 92.58872651356994, 88.715953307393, 83.9835728952772, 88.30525272547077], [96.83673469387755, 98.41409691629956, 82.84883720930233, 90.79207920792079, 94.70468431771894, 85.31390134529148, 93.94572025052192, 90.6614785992218, 80.18480492813141, 86.22398414271557], [96.53061224489795, 97.44493392070484, 89.72868217054264, 88.7128712871287, 92.66802443991854, 88.78923766816143, 92.06680584551148, 88.32684824902724, 84.39425051334702, 88.50346878097126], [97.04081632653062, 98.23788546255507, 81.1046511627907, 90.6930693069307, 91.64969450101833, 86.54708520179372, 92.58872651356994, 89.98054474708171, 81.41683778234086, 91.17938553022795], [97.65306122448979, 97.26872246696036, 80.32945736434108, 89.20792079207921, 92.36252545824847, 88.11659192825113, 92.90187891440502, 91.82879377431907, 86.85831622176592, 89.39544103072349], [96.73469387755102, 98.32599118942731, 77.13178294573643, 91.18811881188118, 95.41751527494908, 86.99551569506727, 95.19832985386222, 90.75875486381322, 83.5728952772074, 88.30525272547077], [97.75510204081633, 97.62114537444934, 87.6937984496124, 89.60396039603961, 92.56619144602851, 91.03139013452915, 93.52818371607516, 88.91050583657588, 84.49691991786447, 90.8820614469772], [97.14285714285714, 97.5330396475771, 84.88372093023256, 91.48514851485149, 92.66802443991854, 89.23766816143498, 94.258872651357, 90.56420233463035, 86.44763860369609, 92.07135777998018], [97.14285714285714, 97.44493392070484, 88.56589147286822, 90.79207920792079, 93.48268839103869, 89.79820627802691, 95.51148225469728, 88.61867704280155, 88.60369609856262, 88.40436075322101], [97.95918367346938, 97.97356828193833, 85.27131782945736, 93.86138613861387, 94.39918533604887, 90.02242152466367, 94.1544885177453, 89.78599221789884, 83.88090349075975, 89.99008919722498]],