{"config": {"DATASET": "mnist", "TOTAL_CLIENTS": 100, "CLIENT_FRAC": 0.2, "POISON_FRAC": 0.3, "CREATE_DATASET": true, "RANDOM_DATA": true, "CLASS_RATIO": 10, "MODEL": "nnet", "LEARNING_RATE": 0.001, "BATCH_SIZE": 32, "LOCAL_EPOCHS": 10, "OPTIMIZER": "adam", "FED_ROUNDS": 30, "TEST_EVERY": 1, "RANDOM_PROCESS": false, "COS_DEFENCE": false, "SEL_METHOD": 1, "REDUCE_LR": 1, "COLLAB_MODE": true, "COLLAB_ALL": true, "CONSIDER_LAYERS": "l1", "GRAD_AGG": true, "FEATURE_FINDING_ALGO": "auror", "GRAD_COLLECTION_START": 0, "GRAD_COLLECT_FOR": -1, "CLUSTER_SEP": 0.002, "ALPHA": 0.8, "BETA": 0.8, "GAMMA": 0.1, "TRUST_INC": 2, "TRUST_CUT_METHOD": 1, "HONEST_PARDON_FACTOR": 0.7, "LOG_LEVEL": "INFO", "JSON_RESULTS": true}, "mean_poison_class_acc": 74.32945736434108, "mean_attack_srate": 3.1240310077519378, "total_accuracies": [47.64, 63.26, 76.96, 84.02, 85.72, 89.05, 86.36, 86.39, 91.48, 91.45, 92.67, 91.2, 92.71, 90.76, 93.57, 93.37, 92.54, 93.15, 93.73, 94.03, 94.37, 90.06, 94.09, 92.99, 93.47, 94.49, 92.31, 93.79, 94.96, 91.1], "class_accuracies": [[98.16326530612245, 99.73568281938326, 0.0, 20.693069306930692, 75.45824847250509, 38.11659192825112, 17.640918580375782, 86.284046692607, 33.26488706365503, 0.0], [97.24489795918367, 98.8546255506608, 0.0, 77.22772277227723, 89.10386965376782, 85.31390134529148, 71.50313152400835, 85.3112840466926, 24.33264887063655, 3.5678889990089195], [96.83673469387755, 98.6784140969163, 24.031007751937985, 87.02970297029702, 94.80651731160896, 74.32735426008969, 93.1106471816284, 92.41245136186771, 67.04312114989733, 40.73339940535183], [97.14285714285714, 97.97356828193833, 51.55038759689923, 86.73267326732673, 93.38085539714868, 86.32286995515695, 91.8580375782881, 89.88326848249027, 71.66324435318275, 73.43904856293359], [96.83673469387755, 98.6784140969163, 57.751937984496124, 88.51485148514851, 95.92668024439918, 84.08071748878923, 93.31941544885177, 90.85603112840467, 76.07802874743327, 74.52923686818632], [97.44897959183673, 97.26872246696036, 75.0, 86.73267326732673, 95.21384928716904, 85.65022421524664, 94.258872651357, 91.73151750972762, 83.88090349075975, 82.65609514370664], [97.34693877551021, 98.59030837004406, 48.15891472868217, 91.88118811881188, 96.13034623217922, 89.23766816143498, 93.21503131524008, 89.39688715953308, 78.33675564681725, 81.56590683845391], [97.85714285714286, 97.70925110132158, 40.79457364341085, 91.48514851485149, 96.43584521384929, 88.2286995515695, 92.90187891440502, 92.21789883268482, 82.34086242299794, 84.4400396432111], [97.55102040816327, 97.5330396475771, 81.5891472868217, 90.0, 94.29735234215886, 89.34977578475336, 95.92901878914405, 91.43968871595331, 89.21971252566735, 87.51238850346878], [97.95918367346938, 97.79735682819383, 80.03875968992249, 93.96039603960396, 95.82484725050917, 87.21973094170404, 95.61586638830897, 92.41245136186771, 86.85831622176592, 86.12487611496532], [97.95918367346938, 98.23788546255507, 88.17829457364341, 93.06930693069307, 96.13034623217922, 89.91031390134529, 96.24217118997912, 92.12062256809338, 86.55030800821355, 87.61149653121903], [97.85714285714286, 98.14977973568281, 71.22093023255815, 93.86138613861387, 96.74134419551935, 90.91928251121077, 95.72025052192066, 92.60700389105058, 87.16632443531827, 87.71060455896928], [97.65306122448979, 98.14977973568281, 81.3953488372093, 94.35643564356435, 95.92668024439918, 91.03139013452915, 96.45093945720251, 93.8715953307393, 89.93839835728953, 88.00792864222002], [97.85714285714286, 98.14977973568281, 61.82170542635659, 95.04950495049505, 95.92668024439918, 90.35874439461884, 95.92901878914405, 93.19066147859922, 89.73305954825462, 89.79187314172448], [97.95918367346938, 98.06167400881057, 87.79069767441861, 94.15841584158416, 96.13034623217922, 92.60089686098655, 95.4070981210856, 94.06614785992218, 89.93839835728953, 89.197224975223], [97.75510204081633, 98.32599118942731, 84.30232558139535, 93.56435643564356, 94.39918533604887, 92.152466367713, 96.13778705636743, 94.94163424124514, 89.73305954825462, 91.97224975222993], [98.16326530612245, 98.14977973568281, 73.25581395348837, 95.94059405940594, 95.82484725050917, 89.12556053811659, 96.34655532359082, 94.74708171206225, 92.09445585215606, 91.47670961347869], [98.06122448979592, 98.41409691629956, 80.23255813953489, 92.87128712871286, 95.62118126272912, 92.9372197309417, 95.92901878914405, 93.96887159533074, 91.06776180698152, 92.26957383548067], [98.16326530612245, 98.32599118942731, 84.01162790697674, 92.87128712871286, 96.02851323828921, 93.83408071748879, 96.34655532359082, 94.16342412451363, 92.71047227926078, 90.78295341922696], [98.36734693877551, 98.8546255506608, 87.5, 92.57425742574257, 96.43584521384929, 94.5067264573991, 96.13778705636743, 94.55252918287938, 91.37577002053388, 89.79187314172448], [98.57142857142857, 98.41409691629956, 89.43798449612403, 93.36633663366337, 96.13034623217922, 94.05829596412556, 96.24217118997912, 94.3579766536965, 91.68377823408625, 91.17938553022795], [98.26530612244898, 98.76651982378854, 45.05813953488372, 94.65346534653466, 95.92668024439918, 94.28251121076234, 94.98956158663883, 94.55252918287938, 92.71047227926078, 92.46778989098117], [98.36734693877551, 98.94273127753304, 82.84883720930233, 94.25742574257426, 95.51934826883911, 94.84304932735427, 96.65970772442589, 95.8171206225681, 91.78644763860369, 91.77403369672943], [98.6734693877551, 98.76651982378854, 72.28682170542636, 95.14851485148515, 96.33401221995926, 93.83408071748879, 96.45093945720251, 95.42801556420234, 92.60780287474333, 90.58473736372646], [98.6734693877551, 98.59030837004406, 74.70930232558139, 94.65346534653466, 96.84317718940937, 94.84304932735427, 95.19832985386222, 95.03891050583658, 93.73716632443532, 92.66600594648166], [98.16326530612245, 98.76651982378854, 85.56201550387597, 94.15841584158416, 96.74134419551935, 96.41255605381166, 95.82463465553236, 94.64980544747081, 92.60780287474333, 92.07135777998018], [98.77551020408163, 98.94273127753304, 64.72868217054264, 94.65346534653466, 96.94501018329939, 94.39461883408072, 96.13778705636743, 96.40077821011673, 92.29979466119096, 90.28741328047572], [98.16326530612245, 98.6784140969163, 78.97286821705427, 95.84158415841584, 96.02851323828921, 92.04035874439462, 97.59916492693111, 95.42801556420234, 93.53182751540041, 91.47670961347869], [98.6734693877551, 98.41409691629956, 88.85658914728683, 95.44554455445545, 96.02851323828921, 92.9372197309417, 96.65970772442589, 95.13618677042801, 94.45585215605749, 92.66600594648166], [98.16326530612245, 98.50220264317181, 50.48449612403101, 96.03960396039604, 96.63951120162933, 92.71300448430493, 96.76409185803757, 96.10894941634241, 94.55852156057495, 91.87314172447968]],