{"config": {"DATASET": "mnist", "TOTAL_CLIENTS": 100, "CLIENT_FRAC": 0.2, "POISON_FRAC": 0.5, "CREATE_DATASET": false, "RANDOM_DATA": true, "CLASS_RATIO": 10, "MODEL": "nnet", "LEARNING_RATE": 0.001, "BATCH_SIZE": 32, "LOCAL_EPOCHS": 10, "OPTIMIZER": "adam", "FED_ROUNDS": 30, "TEST_EVERY": 1, "RANDOM_PROCESS": false, "COS_DEFENCE": true, "SEL_METHOD": 1, "REDUCE_LR": 1, "COLLAB_MODE": true, "COLLAB_ALL": true, "CONSIDER_LAYERS": "l1", "GRAD_AGG": true, "FEATURE_FINDING_ALGO": "auror", "GRAD_COLLECTION_START": 0, "GRAD_COLLECT_FOR": -1, "CLUSTER_SEP": 0.002, "ALPHA": 0.8, "BETA": 0.8, "GAMMA": 0.1, "TRUST_INC": 2, "TRUST_CUT_METHOD": 1, "HONEST_PARDON_FACTOR": 0.7, "LOG_LEVEL": "INFO", "JSON_RESULTS": true}, "mean_poison_class_acc": 54.12403100775194, "mean_attack_srate": 4.065891472868217, "total_accuracies": [48.96, 66.38, 75.26, 78.76, 81.45, 85.62, 87.16, 89.59, 90.8, 91.39, 85.69, 84.32, 91.75, 84.0, 92.36, 90.32, 90.58, 93.36, 85.33, 93.26, 89.83, 85.76, 86.98, 94.37, 90.55, 94.04, 94.95, 94.39, 90.3, 93.58], "class_accuracies": [[99.38775510204081, 95.06607929515418, 0.0, 60.59405940594059, 70.46843177189409, 18.946188340807176, 24.008350730688935, 41.05058365758755, 17.04312114989733, 54.70763131813677], [97.14285714285714, 98.76651982378854, 0.0, 91.2871287128713, 80.65173116089613, 73.09417040358744, 73.17327766179541, 86.47859922178988, 28.439425051334702, 32.90386521308226], [96.3265306122449, 97.97356828193833, 0.0, 90.0, 87.27087576374745, 68.83408071748879, 91.54488517745303, 91.82879377431907, 77.51540041067761, 50.94152626362735], [96.93877551020408, 97.00440528634361, 0.1937984496124031, 86.93069306930693, 87.88187372708758, 86.21076233183857, 90.81419624217119, 89.59143968871595, 76.69404517453799, 76.80872150644203], [97.44897959183673, 97.09251101321586, 12.790697674418604, 88.91089108910892, 92.9735234215886, 82.0627802690583, 91.8580375782881, 91.34241245136187, 82.54620123203286, 78.29534192269574], [97.24489795918367, 97.62114537444934, 46.22093023255814, 87.92079207920793, 91.64969450101833, 80.60538116591928, 93.52818371607516, 89.6887159533074, 84.18891170431212, 87.1159563924678], [98.06122448979592, 97.97356828193833, 52.13178294573643, 90.4950495049505, 93.38085539714868, 86.21076233183857, 92.90187891440502, 88.52140077821012, 84.39425051334702, 87.51238850346878], [97.44897959183673, 97.97356828193833, 70.54263565891473, 88.41584158415841, 93.07535641547861, 88.11659192825113, 93.63256784968685, 91.147859922179, 87.37166324435319, 87.80971258671953], [97.65306122448979, 97.70925110132158, 78.00387596899225, 90.1980198019802, 90.52953156822811, 89.68609865470852, 93.52818371607516, 90.1750972762646, 87.98767967145791, 92.07135777998018], [98.36734693877551, 98.59030837004406, 80.23255813953489, 92.37623762376238, 92.15885947046843, 86.88340807174887, 94.46764091858037, 90.95330739299611, 88.60369609856262, 90.38652130822597], [96.93877551020408, 98.41409691629956, 21.511627906976745, 92.87128712871286, 93.68635437881873, 88.67713004484305, 95.61586638830897, 92.99610894941634, 86.96098562628337, 90.38652130822597], [97.95918367346938, 98.32599118942731, 4.941860465116279, 91.98019801980197, 93.58452138492872, 89.91031390134529, 94.57202505219206, 90.46692607003891, 91.88911704312115, 91.57581764122894], [98.46938775510205, 98.59030837004406, 75.09689922480621, 93.26732673267327, 93.68635437881873, 88.67713004484305, 94.46764091858037, 91.63424124513618, 92.09445585215606, 91.0802775024777], [98.46938775510205, 98.50220264317181, 0.0, 93.66336633663366, 93.38085539714868, 91.3677130044843, 93.94572025052192, 90.56420233463035, 90.86242299794661, 91.47670961347869], [97.55102040816327, 98.6784140969163, 77.90697674418605, 94.65346534653466, 93.78818737270876, 89.68609865470852, 95.19832985386222, 92.31517509727627, 90.34907597535934, 92.9633300297324], [97.65306122448979, 98.41409691629956, 55.32945736434109, 94.25742574257426, 92.87169042769857, 90.24663677130044, 96.5553235908142, 92.80155642023347, 93.1211498973306, 92.36868186323092], [97.95918367346938, 98.6784140969163, 54.94186046511628, 93.36633663366337, 94.39918533604887, 92.9372197309417, 95.51148225469728, 94.06614785992218, 91.47843942505133, 93.06243805748265], [98.16326530612245, 98.6784140969163, 83.04263565891473, 95.84158415841584, 93.38085539714868, 90.35874439461884, 96.03340292275574, 93.3852140077821, 90.55441478439425, 93.55797819623389], [97.85714285714286, 98.6784140969163, 3.003875968992248, 94.45544554455445, 94.80651731160896, 92.60089686098655, 95.82463465553236, 93.19066147859922, 91.78644763860369, 93.3597621407334], [98.46938775510205, 98.50220264317181, 78.48837209302326, 95.04950495049505, 93.27902240325865, 92.152466367713, 96.34655532359082, 93.8715953307393, 92.71047227926078, 93.55797819623389], [98.36734693877551, 98.76651982378854, 45.05813953488372, 94.85148514851485, 94.5010183299389, 91.3677130044843, 95.51148225469728, 94.26070038910505, 92.91581108829568, 93.45887016848364], [98.16326530612245, 98.59030837004406, 3.682170542635659, 94.75247524752476, 94.80651731160896, 93.04932735426009, 96.65970772442589, 93.77431906614785, 92.71047227926078, 93.75619425173439], [97.75510204081633, 98.76651982378854, 16.27906976744186, 96.03960396039604, 96.74134419551935, 92.26457399103138, 96.76409185803757, 92.80155642023347, 92.50513347022587, 91.77403369672943], [98.46938775510205, 98.23788546255507, 86.7248062015504, 94.65346534653466, 94.60285132382892, 93.38565022421524, 96.5553235908142, 93.67704280155642, 94.25051334702259, 92.9633300297324], [98.36734693877551, 98.76651982378854, 48.25581395348837, 96.33663366336634, 94.90835030549898, 91.70403587443946, 96.86847599164926, 94.45525291828794, 93.01848049281314, 93.55797819623389], [98.57142857142857, 98.76651982378854, 81.2984496124031, 95.24752475247524, 95.72301425661914, 93.49775784753363, 96.45093945720251, 93.3852140077821, 94.04517453798768, 93.3597621407334], [98.46938775510205, 98.6784140969163, 89.34108527131782, 95.44554455445545, 95.41751527494908, 93.94618834080717, 96.86847599164926, 94.64980544747081, 93.32648870636551, 93.06243805748265], [98.46938775510205, 98.41409691629956, 84.98062015503876, 96.03960396039604, 94.70468431771894, 93.38565022421524, 96.97286012526096, 93.19066147859922, 93.01848049281314, 94.54905847373637], [97.85714285714286, 98.59030837004406, 43.02325581395349, 95.74257425742574, 95.51934826883911, 93.94618834080717, 96.5553235908142, 95.03891050583658, 93.53182751540041, 94.35084241823587], [98.87755102040816, 98.59030837004406, 73.06201550387597, 95.94059405940594, 95.51934826883911, 94.5067264573991, 96.13778705636743, 95.23346303501945, 94.6611909650924, 93.55797819623389]],