{"config": {"DATASET": "mnist", "TOTAL_CLIENTS": 100, "CLIENT_FRAC": 0.1, "POISON_FRAC": 0.2, "CREATE_DATASET": false, "RANDOM_DATA": true, "CLASS_RATIO": 10, "MODEL": "nnet", "LEARNING_RATE": 0.001, "BATCH_SIZE": 32, "LOCAL_EPOCHS": 10, "OPTIMIZER": "adam", "FED_ROUNDS": 30, "TEST_EVERY": 1, "RANDOM_PROCESS": false, "COS_DEFENCE": true, "SEL_METHOD": 1, "REDUCE_LR": 1, "COLLAB_MODE": true, "COLLAB_ALL": true, "CONSIDER_LAYERS": "l1", "GRAD_AGG": true, "FEATURE_FINDING_ALGO": "auror", "GRAD_COLLECTION_START": 0, "GRAD_COLLECT_FOR": -1, "CLUSTER_SEP": 0.005, "ALPHA": 0.8, "BETA": 0.8, "GAMMA": 0.1, "TRUST_INC": 2, "TRUST_CUT_METHOD": 1, "HONEST_PARDON_FACTOR": 0.7, "LOG_LEVEL": "INFO", "JSON_RESULTS": true}, "mean_poison_class_acc": 78.56104651162792, "mean_attack_srate": 3.09593023255814, "total_accuracies": [37.14, 73.07, 82.86, 86.54, 87.07, 86.31, 89.34, 90.6, 91.18, 90.86, 89.86, 91.71, 92.06, 92.9, 89.0, 93.56, 90.7, 92.99, 93.44, 93.78, 92.84, 92.2, 94.25, 94.3, 91.73, 94.62, 93.58, 94.27, 94.46, 92.14], "class_accuracies": [[99.79591836734694, 88.81057268722466, 0.0, 27.128712871287128, 27.69857433808554, 1.5695067264573992, 25.052192066805844, 0.0, 0.8213552361396304, 91.17938553022795], [95.81632653061224, 98.76651982378854, 17.53875968992248, 90.4950495049505, 83.29938900203666, 56.39013452914798, 86.63883089770354, 86.08949416342412, 61.39630390143737, 51.33795837462834], [96.83673469387755, 97.88546255506608, 59.39922480620155, 89.5049504950495, 84.82688391038697, 73.09417040358744, 90.81419624217119, 87.64591439688716, 74.94866529774127, 71.65510406342914], [96.3265306122449, 96.47577092511013, 72.38372093023256, 87.52475247524752, 87.88187372708758, 76.12107623318386, 93.94572025052192, 87.7431906614786, 83.5728952772074, 81.86323092170466], [96.53061224489795, 96.82819383259911, 64.82558139534883, 87.02970297029702, 90.52953156822811, 84.86547085201794, 92.17118997912317, 89.00778210116732, 84.29158110882958, 84.14271555996035], [97.44897959183673, 97.70925110132158, 54.748062015503876, 89.5049504950495, 87.78004073319755, 84.97757847533633, 93.0062630480167, 89.6887159533074, 79.15811088295688, 88.60257680872151], [96.42857142857143, 98.41409691629956, 87.01550387596899, 86.33663366336634, 96.02851323828921, 86.88340807174887, 94.46764091858037, 88.61867704280155, 81.41683778234086, 76.80872150644203], [97.04081632653062, 97.3568281938326, 89.82558139534883, 88.51485148514851, 93.89002036659878, 88.2286995515695, 93.63256784968685, 89.59143968871595, 81.3141683778234, 85.62933597621408], [97.55102040816327, 97.3568281938326, 84.49612403100775, 88.51485148514851, 93.27902240325865, 89.46188340807174, 94.98956158663883, 89.78599221789884, 86.652977412731, 89.197224975223], [98.26530612244898, 97.00440528634361, 76.25968992248062, 90.0990099009901, 94.29735234215886, 86.65919282511211, 96.45093945720251, 92.99610894941634, 86.44763860369609, 89.59365708622398], [98.77551020408163, 97.09251101321586, 64.53488372093024, 90.39603960396039, 94.60285132382892, 88.90134529147981, 94.67640918580376, 92.41245136186771, 86.24229979466119, 90.98116947472745], [97.95918367346938, 97.97356828193833, 81.5891472868217, 92.67326732673267, 95.62118126272912, 89.12556053811659, 95.72025052192066, 91.63424124513618, 87.47433264887064, 86.81863230921705], [98.26530612244898, 97.70925110132158, 83.04263565891473, 92.77227722772277, 95.010183299389, 89.12556053811659, 96.24217118997912, 92.60700389105058, 87.57700205338809, 87.71060455896928], [98.36734693877551, 97.97356828193833, 89.24418604651163, 93.86138613861387, 92.56619144602851, 88.78923766816143, 95.4070981210856, 92.31517509727627, 86.75564681724846, 92.76511397423191], [97.55102040816327, 99.11894273127753, 48.64341085271318, 94.05940594059406, 95.010183299389, 92.26457399103138, 94.78079331941545, 93.77431906614785, 84.59958932238193, 90.68384539147671], [98.16326530612245, 97.88546255506608, 90.98837209302326, 91.78217821782178, 93.89002036659878, 90.91928251121077, 96.65970772442589, 92.8988326848249, 88.91170431211499, 92.86422200198216], [98.46938775510205, 98.14977973568281, 61.82170542635659, 94.75247524752476, 94.60285132382892, 91.70403587443946, 93.94572025052192, 94.64980544747081, 87.37166324435319, 91.67492566897918], [98.26530612244898, 98.59030837004406, 84.30232558139535, 94.95049504950495, 94.29735234215886, 91.25560538116592, 95.72025052192066, 90.1750972762646, 88.39835728952772, 93.45887016848364], [98.06122448979592, 98.14977973568281, 83.04263565891473, 95.14851485148515, 95.010183299389, 90.80717488789237, 95.72025052192066, 95.13618677042801, 89.93839835728953, 92.86422200198216], [97.75510204081633, 99.11894273127753, 86.82170542635659, 94.95049504950495, 93.9918533604888, 90.91928251121077, 96.24217118997912, 93.3852140077821, 90.55441478439425, 93.3597621407334], [98.06122448979592, 99.11894273127753, 77.61627906976744, 94.75247524752476, 94.29735234215886, 91.92825112107623, 96.24217118997912, 94.45525291828794, 88.39835728952772, 93.1615460852329], [97.14285714285714, 98.94273127753304, 70.34883720930233, 95.24752475247524, 93.9918533604888, 91.4798206278027, 95.82463465553236, 94.3579766536965, 91.06776180698152, 93.45887016848364], [97.65306122448979, 98.94273127753304, 89.53488372093024, 94.75247524752476, 94.70468431771894, 92.71300448430493, 96.97286012526096, 92.50972762645914, 90.04106776180699, 94.15262636273538], [98.16326530612245, 98.59030837004406, 89.63178294573643, 93.96039603960396, 94.80651731160896, 90.69506726457399, 96.97286012526096, 92.31517509727627, 93.73716632443532, 93.55797819623389], [98.16326530612245, 98.06167400881057, 62.2093023255814, 94.95049504950495, 96.13034623217922, 92.71300448430493, 96.45093945720251, 93.67704280155642, 92.09445585215606, 93.3597621407334], [97.95918367346938, 98.59030837004406, 91.56976744186046, 93.66336633663366, 95.62118126272912, 92.37668161434978, 96.45093945720251, 93.28793774319067, 93.94250513347022, 92.26957383548067], [98.26530612244898, 99.11894273127753, 81.1046511627907, 96.13861386138613, 96.02851323828921, 92.04035874439462, 96.34655532359082, 93.09338521400778, 90.65708418891171, 92.66600594648166], [98.6734693877551, 98.6784140969163, 83.52713178294573, 96.53465346534654, 95.72301425661914, 93.04932735426009, 96.86847599164926, 93.96887159533074, 92.81314168377824, 92.66600594648166], [98.36734693877551, 98.94273127753304, 86.53100775193798, 94.15841584158416, 96.23217922606925, 95.06726457399103, 95.51148225469728, 93.3852140077821, 93.83983572895278, 92.46778989098117], [97.75510204081633, 98.59030837004406, 65.11627906976744, 95.04950495049505, 94.29735234215886, 93.27354260089686, 96.13778705636743, 93.09338521400778, 93.53182751540041, 94.94549058473736]],