{"config": {"DATASET": "mnist", "TOTAL_CLIENTS": 100, "CLIENT_FRAC": 0.2, "POISON_FRAC": 0.2, "CREATE_DATASET": false, "RANDOM_DATA": true, "CLASS_RATIO": 10, "MODEL": "nnet", "LEARNING_RATE": 0.001, "BATCH_SIZE": 32, "LOCAL_EPOCHS": 10, "OPTIMIZER": "adam", "FED_ROUNDS": 30, "TEST_EVERY": 1, "RANDOM_PROCESS": false, "COS_DEFENCE": true, "SEL_METHOD": 1, "REDUCE_LR": 1, "COLLAB_MODE": true, "COLLAB_ALL": true, "CONSIDER_LAYERS": "l1", "GRAD_AGG": true, "FEATURE_FINDING_ALGO": "auror", "GRAD_COLLECTION_START": 0, "GRAD_COLLECT_FOR": -1, "CLUSTER_SEP": 0.002, "ALPHA": 0.8, "BETA": 0.8, "GAMMA": 0.1, "TRUST_INC": 2, "TRUST_CUT_METHOD": 1, "HONEST_PARDON_FACTOR": 0.7, "LOG_LEVEL": "INFO", "JSON_RESULTS": true}, "mean_poison_class_acc": 78.98062015503876, "mean_attack_srate": 3.0968992248062017, "total_accuracies": [46.31, 67.11, 80.94, 85.36, 87.4, 89.34, 90.26, 90.7, 91.39, 91.15, 90.86, 91.54, 92.27, 92.17, 93.48, 91.92, 92.63, 93.8, 93.3, 93.5, 92.02, 94.42, 93.94, 91.9, 92.58, 94.07, 92.82, 94.77, 94.54, 94.5], "class_accuracies": [[99.48979591836735, 93.92070484581498, 0.0, 42.475247524752476, 63.645621181262726, 13.789237668161435, 17.014613778705638, 52.62645914396887, 8.932238193018481, 61.64519326065411], [97.44897959183673, 98.8546255506608, 2.7131782945736433, 90.6930693069307, 81.56822810590631, 70.4035874439462, 75.67849686847599, 88.81322957198444, 34.18891170431211, 28.74132804757185], [95.91836734693878, 98.23788546255507, 56.78294573643411, 90.4950495049505, 86.86354378818737, 63.67713004484305, 91.02296450939457, 92.12062256809338, 75.66735112936345, 55.698711595639246], [96.93877551020408, 97.18061674008811, 63.95348837209303, 88.51485148514851, 84.62321792260693, 85.65022421524664, 89.87473903966597, 90.07782101167315, 73.92197125256673, 81.9623389494549], [97.55102040816327, 97.26872246696036, 69.47674418604652, 89.20792079207921, 91.85336048879837, 80.82959641255606, 91.44050104384134, 91.92607003891051, 81.3141683778234, 81.86323092170466], [96.93877551020408, 98.06167400881057, 83.43023255813954, 90.0990099009901, 89.30753564154786, 81.72645739910314, 93.1106471816284, 90.46692607003891, 80.9034907597536, 87.61149653121903], [97.75510204081633, 97.3568281938326, 84.59302325581395, 89.8019801980198, 90.73319755600815, 86.65919282511211, 93.0062630480167, 90.1750972762646, 82.23819301848049, 89.197224975223], [97.65306122448979, 97.79735682819383, 84.30232558139535, 90.79207920792079, 92.4643584521385, 87.66816143497758, 92.90187891440502, 91.147859922179, 82.75154004106776, 88.50346878097126], [97.65306122448979, 97.79735682819383, 84.68992248062015, 91.88118811881188, 90.52953156822811, 87.10762331838565, 93.84133611691023, 90.85603112840467, 86.75564681724846, 91.77403369672943], [97.65306122448979, 98.76651982378854, 78.58527131782945, 92.27722772277228, 92.76985743380855, 88.2286995515695, 94.78079331941545, 91.34241245136187, 85.72895277207392, 90.58473736372646], [97.34693877551021, 98.8546255506608, 72.77131782945736, 93.96039603960396, 94.09368635437882, 88.11659192825113, 94.258872651357, 93.3852140077821, 84.29158110882958, 90.78295341922696], [98.06122448979592, 97.79735682819383, 74.12790697674419, 91.58415841584159, 94.39918533604887, 88.11659192825113, 95.30271398747391, 92.12062256809338, 91.58110882956879, 91.97224975222993], [98.46938775510205, 98.50220264317181, 79.94186046511628, 94.25742574257426, 94.09368635437882, 87.21973094170404, 95.72025052192066, 93.48249027237354, 89.63039014373716, 90.58473736372646], [98.6734693877551, 98.14977973568281, 76.74418604651163, 93.16831683168317, 93.07535641547861, 91.59192825112108, 92.69311064718163, 92.50972762645914, 91.9917864476386, 92.86422200198216], [97.55102040816327, 98.14977973568281, 88.37209302325581, 94.05940594059406, 93.9918533604888, 89.91031390134529, 96.5553235908142, 92.50972762645914, 89.93839835728953, 93.06243805748265], [98.26530612244898, 98.6784140969163, 71.99612403100775, 93.06930693069307, 94.5010183299389, 89.57399103139014, 95.82463465553236, 93.8715953307393, 90.04106776180699, 93.06243805748265], [98.26530612244898, 98.6784140969163, 79.06976744186046, 92.07920792079207, 93.58452138492872, 92.04035874439462, 95.09394572025052, 92.50972762645914, 90.86242299794661, 93.85530227948463], [97.85714285714286, 98.6784140969163, 86.33720930232558, 96.13861386138613, 94.70468431771894, 89.46188340807174, 96.24217118997912, 94.06614785992218, 89.93839835728953, 93.75619425173439], [98.06122448979592, 98.14977973568281, 79.84496124031008, 91.2871287128713, 95.41751527494908, 92.37668161434978, 96.34655532359082, 93.96887159533074, 93.63449691991786, 93.85530227948463], [98.36734693877551, 98.76651982378854, 80.42635658914729, 94.25742574257426, 93.9918533604888, 91.59192825112108, 96.34655532359082, 94.06614785992218, 92.29979466119096, 94.54905847373637], [98.36734693877551, 98.8546255506608, 64.43798449612403, 94.55445544554455, 95.51934826883911, 91.4798206278027, 95.92901878914405, 95.42801556420234, 92.40246406570841, 93.3597621407334], [98.06122448979592, 98.8546255506608, 88.75968992248062, 93.86138613861387, 95.21384928716904, 92.48878923766816, 96.34655532359082, 95.03891050583658, 91.88911704312115, 93.1615460852329], [97.75510204081633, 98.94273127753304, 82.07364341085271, 95.54455445544555, 97.35234215885947, 91.4798206278027, 96.24217118997912, 93.96887159533074, 91.9917864476386, 93.65708622398414], [98.36734693877551, 98.8546255506608, 60.46511627906977, 95.14851485148515, 95.92668024439918, 93.94618834080717, 95.92901878914405, 94.55252918287938, 92.81314168377824, 93.55797819623389], [97.75510204081633, 98.94273127753304, 68.12015503875969, 95.54455445544555, 95.11201629327903, 91.70403587443946, 96.24217118997912, 94.64980544747081, 93.94250513347022, 93.85530227948463], [98.06122448979592, 98.76651982378854, 82.84883720930233, 94.65346534653466, 96.63951120162933, 91.70403587443946, 95.92901878914405, 93.48249027237354, 94.14784394250513, 94.15262636273538], [98.36734693877551, 98.8546255506608, 68.8953488372093, 95.14851485148515, 97.25050916496944, 93.04932735426009, 96.13778705636743, 93.19066147859922, 93.32648870636551, 94.25173439048562], [97.95918367346938, 98.8546255506608, 86.82170542635659, 95.24752475247524, 96.84317718940937, 92.9372197309417, 96.5553235908142, 94.64980544747081, 93.1211498973306, 94.35084241823587], [97.85714285714286, 98.76651982378854, 83.13953488372093, 95.34653465346534, 96.43584521384929, 93.60986547085201, 96.13778705636743, 95.13618677042801, 93.83983572895278, 94.94549058473736], [98.57142857142857, 98.59030837004406, 83.72093023255815, 94.55445544554455, 95.62118126272912, 93.60986547085201, 96.45093945720251, 94.3579766536965, 95.17453798767967, 94.25173439048562]],