{"config": {"DATASET": "mnist", "TOTAL_CLIENTS": 100, "CLIENT_FRAC": 0.1, "POISON_FRAC": 0.1, "CREATE_DATASET": true, "CLASS_RATIO": 10, "MODEL": "nnet", "LEARNING_RATE": 0.001, "BATCH_SIZE": 32, "LOCAL_EPOCHS": 3, "OPTIMIZER": "adam", "FED_ROUNDS": 30, "TEST_EVERY": 1, "RANDOM": true, "COS_DEFENCE": false, "SEL_METHOD": 1, "REDUCE_LR": 1, "COLLAB_MODE": true, "COLLAB_ALL": true, "CONSIDER_LAYERS": "l1", "GRAD_AGG": true, "FEATURE_FINDING_ALGO": "auror", "GRAD_COLLECTION_START": 0, "GRAD_COLLECT_FOR": -1, "CLUSTER_SEP": 2.0, "ALPHA": 0.7, "BETA": 0.7, "GAMMA": 0.1, "TRUST_INC": 2, "TRUST_CUT_METHOD": 1, "HONEST_PARDON_FACTOR": 0.99, "LOG_LEVEL": "INFO", "JSON_RESULTS": true}, "mean_poison_class_acc": 79.7044573643411, "mean_attack_srate": 3.246124031007752, "total_accuracies": [13.23, 35.1, 47.61, 45.97, 57.16, 61.36, 72.73, 73.89, 79.41, 80.79, 83.24, 80.78, 85.27, 84.94, 86.16, 86.91, 87.14, 88.02, 87.7, 88.02, 88.88, 88.96, 88.78, 89.92, 90.04, 90.39, 90.5, 90.94, 90.92, 90.55], "class_accuracies": [[2.142857142857143, 0.0, 0.0, 0.0, 0.0, 14.798206278026905, 24.4258872651357, 7.587548638132295, 88.09034907597535, 0.0], [68.9795918367347, 99.73568281938326, 3.294573643410853, 22.97029702970297, 87.16904276985743, 65.02242152466367, 0.0, 0.0, 0.0, 0.0], [95.3061224489796, 97.00440528634361, 59.689922480620154, 7.920792079207921, 96.13034623217922, 15.022421524663677, 32.77661795407098, 0.0, 65.50308008213553, 0.0], [98.46938775510205, 99.20704845814979, 24.515503875968992, 37.62376237623762, 96.33401221995926, 19.170403587443946, 45.093945720250524, 0.0, 30.80082135523614, 2.3785926660059467], [95.91836734693878, 98.41409691629956, 41.27906976744186, 42.37623762376238, 96.63951120162933, 54.82062780269058, 67.3277661795407, 3.6964980544747084, 70.12320328542094, 0.09910802775024777], [97.65306122448979, 98.06167400881057, 58.91472868217054, 86.43564356435644, 97.35234215885947, 49.43946188340807, 76.51356993736952, 20.136186770428015, 18.8911704312115, 6.342913776015857], [97.55102040816327, 97.79735682819383, 63.372093023255815, 86.23762376237623, 81.26272912423626, 58.856502242152466, 82.88100208768267, 75.29182879377431, 27.515400410677618, 51.83349851337958], [96.73469387755102, 97.79735682819383, 57.65503875968992, 90.5940594059406, 88.08553971486762, 53.587443946188344, 90.6054279749478, 83.94941634241245, 40.86242299794661, 34.58870168483647], [97.24489795918367, 96.12334801762114, 81.3953488372093, 82.07920792079207, 59.063136456211815, 71.0762331838565, 86.74321503131524, 79.37743190661479, 54.620123203285424, 82.75520317145688], [97.44897959183673, 96.74008810572687, 69.37984496124031, 85.84158415841584, 86.45621181262729, 59.97757847533632, 93.94572025052192, 81.80933852140078, 72.68993839835728, 60.45589692765114], [97.04081632653062, 96.91629955947137, 79.06976744186046, 88.11881188118812, 79.0224032586558, 73.20627802690584, 91.54488517745303, 83.07392996108949, 63.24435318275154, 78.39444995044599], [96.83673469387755, 94.97797356828194, 67.34496124031008, 85.34653465346534, 44.39918533604888, 73.54260089686099, 93.21503131524008, 77.33463035019456, 80.9034907597536, 91.77403369672943], [96.42857142857143, 96.47577092511013, 77.42248062015504, 80.4950495049505, 75.050916496945, 84.52914798206278, 92.27557411273486, 85.70038910505836, 78.85010266940452, 84.34093161546085], [97.55102040816327, 97.18061674008811, 65.21317829457364, 86.93069306930693, 86.0488798370672, 84.30493273542601, 91.23173277661796, 88.03501945525292, 75.35934291581108, 76.70961347869178], [97.04081632653062, 97.88546255506608, 75.0, 88.91089108910892, 85.64154786150714, 77.01793721973094, 95.09394572025052, 87.06225680933852, 72.58726899383984, 83.34985133795837], [98.16326530612245, 97.18061674008811, 78.00387596899225, 90.4950495049505, 82.68839103869654, 80.94170403587444, 92.69311064718163, 85.7976653696498, 73.51129363449692, 87.90882061446978], [96.53061224489795, 97.88546255506608, 72.09302325581395, 88.21782178217822, 91.0386965376782, 80.15695067264573, 93.31941544885177, 91.92607003891051, 80.49281314168378, 78.29534192269574], [95.91836734693878, 95.77092511013215, 86.43410852713178, 78.21782178217822, 87.06720977596741, 89.12556053811659, 94.46764091858037, 84.92217898832685, 82.64887063655031, 85.23290386521309], [97.44897959183673, 96.29955947136564, 74.03100775193798, 80.99009900990099, 87.67820773930754, 87.33183856502242, 92.37995824634656, 87.06225680933852, 85.31827515400411, 88.10703666997027], [96.3265306122449, 96.91629955947137, 79.94186046511628, 84.05940594059406, 89.20570264765784, 83.96860986547085, 96.24217118997912, 85.89494163424125, 78.95277207392198, 87.71060455896928], [96.73469387755102, 96.56387665198238, 82.46124031007751, 82.67326732673267, 92.05702647657841, 84.52914798206278, 93.52818371607516, 88.42412451361868, 88.29568788501027, 82.75520317145688], [97.34693877551021, 95.77092511013215, 79.65116279069767, 87.92079207920793, 89.61303462321793, 82.51121076233184, 95.51148225469728, 87.06225680933852, 86.34496919917865, 87.01684836471755], [96.12244897959184, 97.26872246696036, 77.90697674418605, 84.55445544554455, 90.73319755600815, 90.24663677130044, 94.46764091858037, 87.2568093385214, 82.34086242299794, 86.62041625371656], [96.73469387755102, 97.26872246696036, 89.43798449612403, 84.35643564356435, 93.58452138492872, 85.98654708520179, 96.13778705636743, 86.7704280155642, 85.31827515400411, 82.75520317145688], [96.3265306122449, 97.18061674008811, 81.3953488372093, 85.94059405940594, 92.36252545824847, 89.01345291479821, 93.94572025052192, 91.73151750972762, 86.55030800821355, 85.43111992071358], [96.53061224489795, 96.91629955947137, 87.5, 88.51485148514851, 90.73319755600815, 83.5201793721973, 96.45093945720251, 88.32684824902724, 85.72895277207392, 88.50346878097126], [97.44897959183673, 97.3568281938326, 82.26744186046511, 88.81188118811882, 91.24236252545825, 90.02242152466367, 93.94572025052192, 88.42412451361868, 85.1129363449692, 89.89098116947473], [97.75510204081633, 97.97356828193833, 89.72868217054264, 88.21782178217822, 90.42769857433808, 86.54708520179372, 94.67640918580376, 88.32684824902724, 85.72895277207392, 88.89990089197225], [97.14285714285714, 97.88546255506608, 85.85271317829458, 88.91089108910892, 94.5010183299389, 89.57399103139014, 94.57202505219206, 87.54863813229572, 85.93429158110882, 86.7195242814668], [97.14285714285714, 98.59030837004406, 83.33333333333333, 89.9009900990099, 93.27902240325865, 90.5829596412556, 93.73695198329854, 89.6887159533074, 80.49281314168378, 88.00792864222002]],