{"config": {"DATASET": "mnist", "TOTAL_CLIENTS": 100, "CLIENT_FRAC": 0.2, "POISON_FRAC": 0.0, "CREATE_DATASET": false, "RANDOM_DATA": true, "CLASS_RATIO": 10, "MODEL": "nnet", "LEARNING_RATE": 0.001, "BATCH_SIZE": 32, "LOCAL_EPOCHS": 10, "OPTIMIZER": "adam", "FED_ROUNDS": 30, "TEST_EVERY": 1, "RANDOM_PROCESS": false, "COS_DEFENCE": true, "SEL_METHOD": 1, "REDUCE_LR": 1, "COLLAB_MODE": true, "COLLAB_ALL": true, "CONSIDER_LAYERS": "l1", "GRAD_AGG": true, "FEATURE_FINDING_ALGO": "auror", "GRAD_COLLECTION_START": 0, "GRAD_COLLECT_FOR": -1, "CLUSTER_SEP": 0.005, "ALPHA": 0.8, "BETA": 0.8, "GAMMA": 0.1, "TRUST_INC": 2, "TRUST_CUT_METHOD": 1, "HONEST_PARDON_FACTOR": 0.7, "LOG_LEVEL": "INFO", "JSON_RESULTS": true}, "mean_poison_class_acc": 91.43410852713177, "mean_attack_srate": 3.0271317829457365, "total_accuracies": [51.91, 72.59, 83.37, 86.89, 88.85, 89.93, 90.31, 91.59, 91.86, 92.26, 92.42, 93.28, 93.44, 93.79, 94.08, 94.05, 94.19, 94.11, 94.51, 94.46, 94.8, 94.81, 94.87, 95.1, 95.09, 95.23, 95.29, 95.32, 95.46, 95.6], "class_accuracies": [[99.28571428571429, 90.66079295154185, 12.5, 55.445544554455445, 65.4786150712831, 25.336322869955158, 34.864300626304804, 24.80544747081712, 50.10266940451746, 54.905847373637265], [97.14285714285714, 98.41409691629956, 64.43798449612403, 92.27722772277228, 78.10590631364562, 58.856502242152466, 77.13987473903967, 89.49416342412451, 36.75564681724846, 28.146679881070366], [96.12244897959184, 98.32599118942731, 78.68217054263566, 89.3069306930693, 84.62321792260693, 63.34080717488789, 90.81419624217119, 91.92607003891051, 73.40862422997947, 63.33002973240833], [96.53061224489795, 97.70925110132158, 81.4922480620155, 89.8019801980198, 80.44806517311609, 84.30493273542601, 90.91858037578288, 90.75875486381322, 72.48459958932239, 82.65609514370664], [97.65306122448979, 97.3568281938326, 82.75193798449612, 90.5940594059406, 90.52953156822811, 81.16591928251121, 92.17118997912317, 92.60700389105058, 81.62217659137578, 80.37661050545094], [97.55102040816327, 97.97356828193833, 85.17441860465117, 90.4950495049505, 91.24236252545825, 81.50224215246637, 93.52818371607516, 91.92607003891051, 82.03285420944559, 86.12487611496532], [97.55102040816327, 98.14977973568281, 84.68992248062015, 90.6930693069307, 91.24236252545825, 84.4170403587444, 92.90187891440502, 90.95330739299611, 81.51950718685832, 89.49454905847374], [97.55102040816327, 97.70925110132158, 88.75968992248062, 90.6930693069307, 91.34419551934828, 88.11659192825113, 93.73695198329854, 91.82879377431907, 86.03696098562628, 89.09811694747275], [97.55102040816327, 97.79735682819383, 88.2751937984496, 92.87128712871286, 90.52953156822811, 86.21076233183857, 93.52818371607516, 92.50972762645914, 86.03696098562628, 91.97224975222993], [97.44897959183673, 98.76651982378854, 89.24418604651163, 93.06930693069307, 92.56619144602851, 86.43497757847534, 95.30271398747391, 91.43968871595331, 85.83162217659138, 91.17938553022795], [97.14285714285714, 98.94273127753304, 87.6937984496124, 92.97029702970298, 94.60285132382892, 88.67713004484305, 94.57202505219206, 93.28793774319067, 84.49691991786447, 90.68384539147671], [97.44897959183673, 98.23788546255507, 90.11627906976744, 91.98019801980197, 95.82484725050917, 89.12556053811659, 95.19832985386222, 92.70428015564202, 91.06776180698152, 90.28741328047572], [97.65306122448979, 98.8546255506608, 90.21317829457364, 94.65346534653466, 94.70468431771894, 88.11659192825113, 95.51148225469728, 93.48249027237354, 89.01437371663245, 91.0802775024777], [97.85714285714286, 98.59030837004406, 90.98837209302326, 91.98019801980197, 94.09368635437882, 89.57399103139014, 95.19832985386222, 92.99610894941634, 92.60780287474333, 93.1615460852329], [96.73469387755102, 98.6784140969163, 93.21705426356588, 94.65346534653466, 95.72301425661914, 90.91928251121077, 95.51148225469728, 93.67704280155642, 88.91170431211499, 91.87314172447968], [97.65306122448979, 98.59030837004406, 91.66666666666667, 92.67326732673267, 93.27902240325865, 91.92825112107623, 95.61586638830897, 93.77431906614785, 91.37577002053388, 93.26065411298315], [97.75510204081633, 98.59030837004406, 92.05426356589147, 93.66336633663366, 94.5010183299389, 91.70403587443946, 95.82463465553236, 93.77431906614785, 89.63039014373716, 93.65708622398414], [97.24489795918367, 98.6784140969163, 90.79457364341086, 95.64356435643565, 93.78818737270876, 90.69506726457399, 95.92901878914405, 93.77431906614785, 88.91170431211499, 94.74727452923686], [98.06122448979592, 98.50220264317181, 92.82945736434108, 91.98019801980197, 95.51934826883911, 92.04035874439462, 95.92901878914405, 93.77431906614785, 93.01848049281314, 92.86422200198216], [98.16326530612245, 98.59030837004406, 92.15116279069767, 93.76237623762377, 94.5010183299389, 91.3677130044843, 96.24217118997912, 94.16342412451363, 91.17043121149898, 93.75619425173439], [98.06122448979592, 98.6784140969163, 93.21705426356588, 94.65346534653466, 94.29735234215886, 90.80717488789237, 96.24217118997912, 94.16342412451363, 93.32648870636551, 93.75619425173439], [97.34693877551021, 98.76651982378854, 93.6046511627907, 93.86138613861387, 95.82484725050917, 92.82511210762331, 96.5553235908142, 94.55252918287938, 90.34907597535934, 93.75619425173439], [97.65306122448979, 98.76651982378854, 93.7984496124031, 93.76237623762377, 96.74134419551935, 93.38565022421524, 96.24217118997912, 94.55252918287938, 90.75975359342915, 92.46778989098117], [98.16326530612245, 98.50220264317181, 93.4108527131783, 95.14851485148515, 94.29735234215886, 93.49775784753363, 95.4070981210856, 93.8715953307393, 94.45585215605749, 93.75619425173439], [97.85714285714286, 98.6784140969163, 93.5077519379845, 95.24752475247524, 94.5010183299389, 93.04932735426009, 95.82463465553236, 93.96887159533074, 92.81314168377824, 94.84638255698711], [97.85714285714286, 98.76651982378854, 94.67054263565892, 94.95049504950495, 96.43584521384929, 92.71300448430493, 96.13778705636743, 93.48249027237354, 92.60780287474333, 94.05351833498513], [98.06122448979592, 98.8546255506608, 93.12015503875969, 95.74257425742574, 96.43584521384929, 93.94618834080717, 95.51148225469728, 94.3579766536965, 92.40246406570841, 93.95441030723488], [98.26530612244898, 98.6784140969163, 94.0891472868217, 95.04950495049505, 95.41751527494908, 92.9372197309417, 95.61586638830897, 95.03891050583658, 92.71047227926078, 94.74727452923686], [97.44897959183673, 98.76651982378854, 93.9922480620155, 94.95049504950495, 96.5376782077393, 93.04932735426009, 95.82463465553236, 95.23346303501945, 93.73716632443532, 94.44995044598612], [98.06122448979592, 98.59030837004406, 94.57364341085271, 95.24752475247524, 95.62118126272912, 93.72197309417041, 96.45093945720251, 95.3307392996109, 93.53182751540041, 94.35084241823587]],