{"config": {"DATASET": "mnist", "TOTAL_CLIENTS": 100, "CLIENT_FRAC": 0.1, "POISON_FRAC": 0.0, "CREATE_DATASET": true, "RANDOM_DATA": true, "CLASS_RATIO": 10, "MODEL": "nnet", "LEARNING_RATE": 0.001, "BATCH_SIZE": 32, "LOCAL_EPOCHS": 10, "OPTIMIZER": "adam", "FED_ROUNDS": 30, "TEST_EVERY": 1, "RANDOM_PROCESS": true, "COS_DEFENCE": false, "SEL_METHOD": 1, "REDUCE_LR": 1, "COLLAB_MODE": true, "COLLAB_ALL": true, "CONSIDER_LAYERS": "l1", "GRAD_AGG": true, "FEATURE_FINDING_ALGO": "auror", "GRAD_COLLECTION_START": 0, "GRAD_COLLECT_FOR": -1, "CLUSTER_SEP": 0.005, "ALPHA": 0.8, "BETA": 0.8, "GAMMA": 0.1, "TRUST_INC": 2, "TRUST_CUT_METHOD": 1, "HONEST_PARDON_FACTOR": 0.7, "LOG_LEVEL": "INFO", "JSON_RESULTS": true}, "mean_poison_class_acc": 92.73255813953489, "mean_attack_srate": 3.023255813953488, "total_accuracies": [27.26, 64.52, 80.67, 85.73, 87.12, 88.71, 89.71, 90.75, 90.84, 91.82, 92.2, 92.35, 92.61, 92.92, 93.17, 93.37, 93.42, 93.65, 94.08, 94.24, 94.31, 94.41, 94.57, 94.87, 95.11, 94.88, 94.87, 95.24, 95.13, 95.34], "class_accuracies": [[99.59183673469387, 41.409691629955944, 18.6046511627907, 0.19801980198019803, 2.3421588594704685, 17.937219730941703, 0.0, 0.0, 0.0, 89.49454905847374], [97.75510204081633, 95.77092511013215, 46.41472868217054, 94.75247524752476, 84.21588594704684, 15.919282511210762, 85.38622129436325, 70.3307392996109, 18.8911704312115, 27.452923686818632], [96.12244897959184, 94.80176211453744, 76.35658914728683, 80.39603960396039, 83.40122199592668, 63.56502242152467, 90.29227557411274, 94.8443579766537, 72.99794661190965, 50.74331020812686], [96.42857142857143, 98.23788546255507, 85.56201550387597, 84.95049504950495, 83.5030549898167, 79.26008968609865, 90.81419624217119, 89.78599221789884, 68.06981519507187, 78.1962338949455], [96.3265306122449, 97.79735682819383, 84.01162790697674, 80.4950495049505, 84.62321792260693, 85.76233183856502, 92.48434237995825, 88.715953307393, 75.15400410677618, 84.4400396432111], [94.48979591836735, 96.91629955947137, 82.94573643410853, 91.2871287128713, 93.17718940936864, 86.09865470852019, 91.02296450939457, 89.59143968871595, 79.46611909650925, 80.97125867195243], [97.75510204081633, 97.3568281938326, 84.39922480620154, 89.5049504950495, 92.15885947046843, 83.96860986547085, 93.1106471816284, 90.27237354085604, 79.87679671457906, 87.31417244796829], [97.14285714285714, 97.5330396475771, 88.46899224806202, 88.61386138613861, 91.75152749490834, 87.33183856502242, 93.52818371607516, 92.12062256809338, 84.80492813141684, 85.13379583746284], [97.14285714285714, 98.06167400881057, 87.3062015503876, 88.11881188118812, 92.15885947046843, 89.01345291479821, 93.31941544885177, 89.59143968871595, 83.26488706365502, 89.49454905847374], [96.93877551020408, 96.82819383259911, 89.43798449612403, 91.68316831683168, 92.56619144602851, 85.08968609865471, 94.67640918580376, 91.34241245136187, 90.24640657084188, 88.30525272547077], [97.34693877551021, 96.82819383259911, 90.01937984496124, 92.97029702970298, 93.89002036659878, 85.87443946188341, 95.82463465553236, 91.63424124513618, 89.01437371663245, 87.61149653121903], [97.55102040816327, 97.18061674008811, 92.15116279069767, 92.07920792079207, 91.85336048879837, 86.09865470852019, 95.61586638830897, 93.8715953307393, 88.29568788501027, 87.61149653121903], [97.34693877551021, 97.79735682819383, 92.05426356589147, 92.57425742574257, 93.07535641547861, 86.09865470852019, 95.61586638830897, 91.63424124513618, 89.42505133470226, 89.29633300297324], [97.55102040816327, 97.26872246696036, 92.34496124031008, 94.25742574257426, 93.68635437881873, 88.67713004484305, 95.09394572025052, 92.50972762645914, 86.652977412731, 90.18830525272547], [97.65306122448979, 98.06167400881057, 92.34496124031008, 91.78217821782178, 94.60285132382892, 88.90134529147981, 95.51148225469728, 92.70428015564202, 89.52772073921972, 89.69276511397423], [97.75510204081633, 97.44493392070484, 92.44186046511628, 91.48514851485149, 95.21384928716904, 88.78923766816143, 95.51148225469728, 92.60700389105058, 92.81314168377824, 88.89990089197225], [97.65306122448979, 98.06167400881057, 89.82558139534883, 93.96039603960396, 94.09368635437882, 88.2286995515695, 96.03340292275574, 93.96887159533074, 90.14373716632444, 91.2784935579782], [97.14285714285714, 98.32599118942731, 92.44186046511628, 90.89108910891089, 92.05702647657841, 93.94618834080717, 97.18162839248434, 92.80155642023347, 87.88501026694045, 93.3597621407334], [97.95918367346938, 97.62114537444934, 91.56976744186046, 92.87128712871286, 93.48268839103869, 91.59192825112108, 96.13778705636743, 94.06614785992218, 92.71047227926078, 92.26957383548067], [97.85714285714286, 98.23788546255507, 94.0891472868217, 93.76237623762377, 95.21384928716904, 91.4798206278027, 96.34655532359082, 93.77431906614785, 91.06776180698152, 89.89098116947473], [97.85714285714286, 98.59030837004406, 93.6046511627907, 94.75247524752476, 94.60285132382892, 90.47085201793722, 96.34655532359082, 93.48249027237354, 90.55441478439425, 91.97224975222993], [97.95918367346938, 98.41409691629956, 93.7015503875969, 94.95049504950495, 94.90835030549898, 90.35874439461884, 96.76409185803757, 94.55252918287938, 90.96509240246407, 90.68384539147671], [98.36734693877551, 97.97356828193833, 92.63565891472868, 94.45544554455445, 96.13034623217922, 91.4798206278027, 95.82463465553236, 92.70428015564202, 94.45585215605749, 91.17938553022795], [98.26530612244898, 98.32599118942731, 94.37984496124031, 93.56435643564356, 94.90835030549898, 92.48878923766816, 95.72025052192066, 95.8171206225681, 94.04517453798768, 90.58473736372646], [98.36734693877551, 98.41409691629956, 93.9922480620155, 94.35643564356435, 95.82484725050917, 93.16143497757848, 95.61586638830897, 94.74708171206225, 93.83983572895278, 92.26957383548067], [98.36734693877551, 97.70925110132158, 94.57364341085271, 94.55445544554455, 94.5010183299389, 93.04932735426009, 95.51148225469728, 93.3852140077821, 93.73716632443532, 92.9633300297324], [98.16326530612245, 98.94273127753304, 91.86046511627907, 96.23762376237623, 95.72301425661914, 93.16143497757848, 96.76409185803757, 94.16342412451363, 90.34907597535934, 92.76511397423191], [98.36734693877551, 98.6784140969163, 93.31395348837209, 96.43564356435644, 95.41751527494908, 92.48878923766816, 96.45093945720251, 94.74708171206225, 93.01848049281314, 92.86422200198216], [98.57142857142857, 98.50220264317181, 93.31395348837209, 95.04950495049505, 96.5376782077393, 92.37668161434978, 95.51148225469728, 95.42801556420234, 93.63449691991786, 91.77403369672943], [98.57142857142857, 98.14977973568281, 93.9922480620155, 96.23762376237623, 95.31568228105907, 92.04035874439462, 96.97286012526096, 94.06614785992218, 94.45585215605749, 93.06243805748265]],