{"config": {"DATASET": "mnist", "TOTAL_CLIENTS": 100, "CLIENT_FRAC": 0.2, "POISON_FRAC": 0.2, "CREATE_DATASET": false, "RANDOM_DATA": true, "CLASS_RATIO": 10, "MODEL": "nnet", "LEARNING_RATE": 0.001, "BATCH_SIZE": 32, "LOCAL_EPOCHS": 10, "OPTIMIZER": "adam", "FED_ROUNDS": 30, "TEST_EVERY": 1, "RANDOM_PROCESS": false, "COS_DEFENCE": true, "SEL_METHOD": 1, "REDUCE_LR": 1, "COLLAB_MODE": true, "COLLAB_ALL": true, "CONSIDER_LAYERS": "l1", "GRAD_AGG": true, "FEATURE_FINDING_ALGO": "auror", "GRAD_COLLECTION_START": 0, "GRAD_COLLECT_FOR": -1, "CLUSTER_SEP": 0.002, "ALPHA": 0.8, "BETA": 0.8, "GAMMA": 0.1, "TRUST_INC": 2, "TRUST_CUT_METHOD": 1, "HONEST_PARDON_FACTOR": 0.7, "LOG_LEVEL": "INFO", "JSON_RESULTS": true}, "mean_poison_class_acc": 82.59302325581395, "mean_attack_srate": 3.162790697674419, "total_accuracies": [46.92, 71.73, 81.14, 85.94, 86.93, 89.7, 89.66, 90.77, 90.07, 90.81, 91.33, 92.65, 92.57, 93.1, 93.33, 92.81, 92.42, 92.82, 94.16, 93.03, 93.33, 94.14, 94.4, 92.17, 94.7, 93.96, 93.7, 94.86, 95.15, 94.4], "class_accuracies": [[99.28571428571429, 93.21585903083701, 0.0, 52.07920792079208, 70.77393075356416, 26.121076233183857, 13.778705636743215, 38.03501945525292, 5.13347022587269, 62.83448959365709], [97.65306122448979, 98.50220264317181, 26.356589147286822, 90.1980198019802, 81.05906313645622, 68.83408071748879, 81.52400835073068, 89.49416342412451, 40.6570841889117, 40.43607532210109], [95.71428571428571, 98.50220264317181, 58.042635658914726, 91.38613861386139, 84.21588594704684, 62.780269058295964, 89.4572025052192, 92.41245136186771, 70.63655030800821, 64.81665014866203], [97.34693877551021, 97.5330396475771, 69.28294573643412, 89.60396039603961, 83.19755600814663, 84.75336322869956, 89.87473903966597, 90.6614785992218, 73.40862422997947, 82.45787908820614], [97.75510204081633, 97.3568281938326, 63.08139534883721, 90.4950495049505, 91.14052953156823, 82.847533632287, 90.91858037578288, 91.73151750972762, 79.56878850102669, 83.44895936570862], [97.14285714285714, 97.09251101321586, 84.98062015503876, 89.00990099009901, 90.12219959266803, 85.98654708520179, 92.37995824634656, 90.85603112840467, 80.49281314168378, 87.71060455896928], [98.06122448979592, 97.26872246696036, 78.87596899224806, 90.99009900990099, 90.32586558044807, 87.5560538116592, 91.64926931106471, 89.6887159533074, 79.46611909650925, 91.77403369672943], [97.65306122448979, 97.5330396475771, 81.68604651162791, 91.68316831683168, 90.83503054989816, 87.10762331838565, 93.63256784968685, 90.6614785992218, 86.13963039014374, 89.89098116947473], [97.65306122448979, 98.23788546255507, 74.2248062015504, 92.87128712871286, 89.71486761710794, 87.21973094170404, 93.1106471816284, 90.6614785992218, 82.23819301848049, 93.85530227948463], [97.85714285714286, 98.59030837004406, 76.45348837209302, 92.47524752475248, 89.91853360488798, 89.68609865470852, 93.73695198329854, 91.53696498054475, 83.5728952772074, 93.55797819623389], [97.44897959183673, 98.76651982378854, 78.68217054263566, 93.36633663366337, 92.36252545824847, 89.79820627802691, 94.78079331941545, 90.95330739299611, 83.05954825462013, 93.3597621407334], [97.44897959183673, 98.23788546255507, 85.46511627906976, 91.78217821782178, 93.78818737270876, 90.5829596412556, 94.78079331941545, 91.73151750972762, 88.70636550308008, 93.3597621407334], [98.46938775510205, 98.8546255506608, 83.13953488372093, 92.97029702970298, 93.38085539714868, 92.04035874439462, 94.258872651357, 92.8988326848249, 86.85831622176592, 92.26957383548067], [98.36734693877551, 98.6784140969163, 85.85271317829458, 92.47524752475248, 92.76985743380855, 92.37668161434978, 93.63256784968685, 91.24513618677042, 91.37577002053388, 93.75619425173439], [97.34693877551021, 98.50220264317181, 88.17829457364341, 94.25742574257426, 94.39918533604887, 91.4798206278027, 95.30271398747391, 90.56420233463035, 89.11704312114989, 93.55797819623389], [98.06122448979592, 98.59030837004406, 79.26356589147287, 93.46534653465346, 92.4643584521385, 92.37668161434978, 94.98956158663883, 92.99610894941634, 91.17043121149898, 94.44995044598612], [97.95918367346938, 98.6784140969163, 76.74418604651163, 93.06930693069307, 93.89002036659878, 92.82511210762331, 95.30271398747391, 93.3852140077821, 87.88501026694045, 94.25173439048562], [97.75510204081633, 98.76651982378854, 79.65116279069767, 96.03960396039604, 92.87169042769857, 90.91928251121077, 95.51148225469728, 93.3852140077821, 87.67967145790554, 95.04459861248762], [97.95918367346938, 98.32599118942731, 89.53488372093024, 93.36633663366337, 96.02851323828921, 91.92825112107623, 95.51148225469728, 92.80155642023347, 92.91581108829568, 92.76511397423191], [98.36734693877551, 98.6784140969163, 79.16666666666667, 94.55445544554455, 91.95519348268839, 92.26457399103138, 96.24217118997912, 92.50972762645914, 90.65708418891171, 95.6392467789891], [98.46938775510205, 98.76651982378854, 79.16666666666667, 95.04950495049505, 92.4643584521385, 92.82511210762331, 95.72025052192066, 94.26070038910505, 91.17043121149898, 95.14370664023787], [97.95918367346938, 98.6784140969163, 87.8875968992248, 94.05940594059406, 93.68635437881873, 93.94618834080717, 95.82463465553236, 94.06614785992218, 90.14373716632444, 94.74727452923686], [97.95918367346938, 98.6784140969163, 87.6937984496124, 94.45544554455445, 95.82484725050917, 94.05829596412556, 95.92901878914405, 93.67704280155642, 91.27310061601642, 94.15262636273538], [98.46938775510205, 98.6784140969163, 65.98837209302326, 95.54455445544555, 93.68635437881873, 92.9372197309417, 95.30271398747391, 93.28793774319067, 93.42915811088295, 94.64816650148661], [98.06122448979592, 98.94273127753304, 90.98837209302326, 95.14851485148515, 92.76985743380855, 93.38565022421524, 96.24217118997912, 93.57976653696498, 92.40246406570841, 94.94549058473736], [97.95918367346938, 98.50220264317181, 84.10852713178295, 94.95049504950495, 94.39918533604887, 94.39461883408072, 95.51148225469728, 92.31517509727627, 92.91581108829568, 94.44995044598612], [98.06122448979592, 98.23788546255507, 80.52325581395348, 95.94059405940594, 94.60285132382892, 93.60986547085201, 95.92901878914405, 93.09338521400778, 91.9917864476386, 94.94549058473736], [98.26530612244898, 98.59030837004406, 90.40697674418605, 95.24752475247524, 95.11201629327903, 93.27354260089686, 96.65970772442589, 94.45525291828794, 91.06776180698152, 95.04459861248762], [98.36734693877551, 98.6784140969163, 91.66666666666667, 94.65346534653466, 94.39918533604887, 93.72197309417041, 96.03340292275574, 95.62256809338521, 92.60780287474333, 95.24281466798811], [98.77551020408163, 98.6784140969163, 84.49612403100775, 95.54455445544555, 94.39918533604887, 93.60986547085201, 95.19832985386222, 95.23346303501945, 92.60780287474333, 95.14370664023787]],