{"config": {"DATASET": "mnist", "TOTAL_CLIENTS": 100, "CLIENT_FRAC": 0.1, "POISON_FRAC": 0.1, "CREATE_DATASET": true, "RANDOM_DATA": true, "CLASS_RATIO": 10, "MODEL": "nnet", "LEARNING_RATE": 0.001, "BATCH_SIZE": 32, "LOCAL_EPOCHS": 10, "OPTIMIZER": "adam", "FED_ROUNDS": 30, "TEST_EVERY": 1, "RANDOM_PROCESS": false, "COS_DEFENCE": false, "SEL_METHOD": 1, "REDUCE_LR": 1, "COLLAB_MODE": true, "COLLAB_ALL": true, "CONSIDER_LAYERS": "l1", "GRAD_AGG": true, "FEATURE_FINDING_ALGO": "auror", "GRAD_COLLECTION_START": 0, "GRAD_COLLECT_FOR": -1, "CLUSTER_SEP": 0.005, "ALPHA": 0.8, "BETA": 0.8, "GAMMA": 0.1, "TRUST_INC": 2, "TRUST_CUT_METHOD": 1, "HONEST_PARDON_FACTOR": 0.8, "LOG_LEVEL": "INFO", "JSON_RESULTS": true}, "mean_poison_class_acc": 84.99515503875969, "mean_attack_srate": 3.091085271317829, "total_accuracies": [42.11, 74.8, 85.55, 86.88, 88.57, 90.02, 90.23, 91.33, 92.08, 92.11, 92.07, 91.09, 92.99, 90.99, 93.05, 93.38, 94.1, 94.46, 90.61, 94.74, 94.76, 94.95, 95.04, 93.41, 93.9, 95.37, 95.03, 93.89, 95.23, 94.92], "class_accuracies": [[99.08163265306122, 99.64757709251101, 1.1627906976744187, 27.128712871287128, 4.480651731160896, 15.695067264573991, 35.80375782881002, 86.47859922178988, 40.24640657084189, 1.4866204162537167], [97.44897959183673, 97.00440528634361, 48.25581395348837, 81.68316831683168, 94.60285132382892, 72.86995515695067, 90.6054279749478, 85.21400778210116, 66.94045174537987, 12.487611496531219], [95.71428571428571, 97.26872246696036, 73.74031007751938, 83.36633663366337, 89.5112016293279, 77.46636771300449, 91.7536534446764, 86.284046692607, 77.72073921971253, 80.97125867195243], [95.81632653061224, 96.74008810572687, 70.54263565891473, 88.11881188118812, 92.66802443991854, 76.34529147982063, 95.19832985386222, 90.27237354085604, 81.21149897330595, 80.37661050545094], [96.83673469387755, 96.12334801762114, 74.12790697674419, 86.93069306930693, 91.44602851323829, 83.5201793721973, 93.0062630480167, 89.59143968871595, 86.34496919917865, 87.01684836471755], [96.83673469387755, 97.79735682819383, 87.98449612403101, 89.10891089108911, 91.95519348268839, 82.95964125560538, 94.88517745302714, 91.05058365758755, 79.67145790554414, 86.32309217046581], [97.14285714285714, 98.14977973568281, 88.95348837209302, 88.91089108910892, 96.5376782077393, 84.30493273542601, 94.88517745302714, 88.91050583657588, 81.72484599589322, 81.46679881070366], [97.65306122448979, 97.18061674008811, 91.08527131782945, 89.3069306930693, 94.39918533604887, 90.24663677130044, 93.1106471816284, 90.75875486381322, 80.9034907597536, 87.80971258671953], [97.55102040816327, 97.18061674008811, 90.50387596899225, 89.3069306930693, 94.90835030549898, 87.21973094170404, 95.4070981210856, 92.99610894941634, 85.42094455852155, 89.29633300297324], [98.06122448979592, 97.26872246696036, 84.78682170542636, 90.0990099009901, 94.70468431771894, 88.78923766816143, 96.34655532359082, 92.80155642023347, 87.88501026694045, 89.79187314172448], [97.65306122448979, 97.70925110132158, 87.6937984496124, 93.56435643564356, 88.79837067209776, 90.24663677130044, 94.258872651357, 89.78599221789884, 85.83162217659138, 94.35084241823587], [97.95918367346938, 97.79735682819383, 72.18992248062015, 92.17821782178218, 96.13034623217922, 89.23766816143498, 94.57202505219206, 92.99610894941634, 86.75564681724846, 90.78295341922696], [97.75510204081633, 97.97356828193833, 85.94961240310077, 92.57425742574257, 95.72301425661914, 91.25560538116592, 95.4070981210856, 93.28793774319067, 88.60369609856262, 90.8820614469772], [97.75510204081633, 98.6784140969163, 64.72868217054264, 93.86138613861387, 94.90835030549898, 93.49775784753363, 95.09394572025052, 94.55252918287938, 86.44763860369609, 90.58473736372646], [98.26530612244898, 98.32599118942731, 83.23643410852713, 93.86138613861387, 96.02851323828921, 92.48878923766816, 94.67640918580376, 93.8715953307393, 87.57700205338809, 91.77403369672943], [98.36734693877551, 97.88546255506608, 84.88372093023256, 93.96039603960396, 95.41751527494908, 93.94618834080717, 93.94572025052192, 93.67704280155642, 89.63039014373716, 91.87314172447968], [97.75510204081633, 99.11894273127753, 92.92635658914729, 93.86138613861387, 95.92668024439918, 93.38565022421524, 96.5553235908142, 92.02334630350195, 88.09034907597535, 90.78295341922696], [98.16326530612245, 97.70925110132158, 91.95736434108527, 95.04950495049505, 94.90835030549898, 92.48878923766816, 95.19832985386222, 92.60700389105058, 92.50513347022587, 93.55797819623389], [98.26530612244898, 98.6784140969163, 56.007751937984494, 94.35643564356435, 93.89002036659878, 94.84304932735427, 93.21503131524008, 93.28793774319067, 90.4517453798768, 93.75619425173439], [98.26530612244898, 97.5330396475771, 92.92635658914729, 95.74257425742574, 96.13034623217922, 92.04035874439462, 96.34655532359082, 93.3852140077821, 92.09445585215606, 92.46778989098117], [98.77551020408163, 98.14977973568281, 93.7984496124031, 93.36633663366337, 94.09368635437882, 94.28251121076234, 94.88517745302714, 91.43968871595331, 95.17453798767967, 93.3597621407334], [98.26530612244898, 98.32599118942731, 94.18604651162791, 94.65346534653466, 95.72301425661914, 92.82511210762331, 95.72025052192066, 93.28793774319067, 92.29979466119096, 93.65708622398414], [97.55102040816327, 98.41409691629956, 93.7015503875969, 93.76237623762377, 96.13034623217922, 94.05829596412556, 95.82463465553236, 94.45525291828794, 94.96919917864476, 91.17938553022795], [98.16326530612245, 98.6784140969163, 76.74418604651163, 96.23762376237623, 96.02851323828921, 91.59192825112108, 96.13778705636743, 93.09338521400778, 93.83983572895278, 93.45887016848364], [98.26530612244898, 98.50220264317181, 81.5891472868217, 95.24752475247524, 93.89002036659878, 94.84304932735427, 95.51148225469728, 94.94163424124514, 91.47843942505133, 94.64816650148661], [98.57142857142857, 98.76651982378854, 94.76744186046511, 94.45544554455445, 96.13034623217922, 93.27354260089686, 96.03340292275574, 94.64980544747081, 93.83983572895278, 92.66600594648166], [98.26530612244898, 98.14977973568281, 90.79457364341086, 95.74257425742574, 95.92668024439918, 92.152466367713, 95.92901878914405, 93.77431906614785, 94.45585215605749, 94.64816650148661], [98.26530612244898, 98.8546255506608, 79.65116279069767, 96.03960396039604, 96.23217922606925, 93.60986547085201, 94.78079331941545, 94.74708171206225, 93.42915811088295, 93.1615460852329], [98.57142857142857, 98.8546255506608, 93.5077519379845, 93.46534653465346, 95.72301425661914, 94.84304932735427, 95.4070981210856, 94.74708171206225, 92.71047227926078, 94.05351833498513], [98.36734693877551, 98.32599118942731, 88.66279069767442, 95.74257425742574, 94.39918533604887, 94.39461883408072, 95.19832985386222, 95.42801556420234, 93.63449691991786, 94.74727452923686]],