{"config": {"DATASET": "mnist", "TOTAL_CLIENTS": 100, "CLIENT_FRAC": 0.2, "POISON_FRAC": 0.3, "CREATE_DATASET": false, "RANDOM_DATA": true, "CLASS_RATIO": 10, "MODEL": "nnet", "LEARNING_RATE": 0.001, "BATCH_SIZE": 32, "LOCAL_EPOCHS": 10, "OPTIMIZER": "adam", "FED_ROUNDS": 30, "TEST_EVERY": 1, "RANDOM_PROCESS": false, "COS_DEFENCE": true, "SEL_METHOD": 1, "REDUCE_LR": 1, "COLLAB_MODE": true, "COLLAB_ALL": true, "CONSIDER_LAYERS": "l1", "GRAD_AGG": true, "FEATURE_FINDING_ALGO": "auror", "GRAD_COLLECTION_START": 0, "GRAD_COLLECT_FOR": -1, "CLUSTER_SEP": 0.002, "ALPHA": 0.8, "BETA": 0.8, "GAMMA": 0.1, "TRUST_INC": 2, "TRUST_CUT_METHOD": 1, "HONEST_PARDON_FACTOR": 0.7, "LOG_LEVEL": "INFO", "JSON_RESULTS": true}, "mean_poison_class_acc": 79.47286821705427, "mean_attack_srate": 3.1395348837209305, "total_accuracies": [48.44, 65.34, 77.99, 84.28, 87.63, 89.16, 89.54, 90.2, 90.45, 90.16, 91.68, 89.71, 93.01, 92.68, 91.57, 93.49, 93.66, 91.56, 93.51, 94.19, 93.17, 93.74, 92.09, 94.1, 93.85, 93.75, 94.85, 94.57, 93.44, 94.47], "class_accuracies": [[99.28571428571429, 91.98237885462555, 0.0, 55.24752475247525, 64.15478615071284, 26.00896860986547, 25.5741127348643, 31.22568093385214, 31.62217659137577, 52.824578790882065], [97.24489795918367, 98.8546255506608, 0.0, 93.26732673267327, 76.27291242362526, 65.80717488789237, 75.88726513569938, 87.54863813229572, 25.359342915811087, 30.426164519326065], [95.61224489795919, 98.59030837004406, 40.79457364341085, 91.88118811881188, 86.15071283095723, 60.65022421524664, 89.66597077244259, 92.12062256809338, 74.94866529774127, 46.6798810703667], [97.34693877551021, 97.3568281938326, 53.48837209302326, 89.4059405940594, 84.92871690427698, 84.4170403587444, 90.7098121085595, 90.46692607003891, 73.92197125256673, 80.0792864222002], [97.24489795918367, 97.3568281938326, 67.92635658914729, 90.29702970297029, 92.4643584521385, 83.18385650224215, 92.06680584551148, 92.21789883268482, 81.41683778234086, 81.16947472745292], [96.83673469387755, 97.62114537444934, 77.22868217054264, 88.81188118811882, 92.4643584521385, 82.62331838565022, 93.42379958246346, 90.1750972762646, 83.36755646817248, 87.80971258671953], [97.34693877551021, 97.97356828193833, 77.81007751937985, 90.29702970297029, 90.12219959266803, 85.31390134529148, 93.21503131524008, 90.07782101167315, 81.93018480492813, 90.18830525272547], [97.75510204081633, 97.70925110132158, 77.81007751937985, 90.6930693069307, 93.07535641547861, 88.00448430493273, 91.9624217118998, 90.85603112840467, 84.08624229979466, 89.29633300297324], [96.83673469387755, 97.97356828193833, 74.8062015503876, 92.27722772277228, 90.83503054989816, 87.21973094170404, 93.63256784968685, 90.36964980544747, 87.37166324435319, 92.46778989098117], [97.95918367346938, 98.32599118942731, 69.76744186046511, 92.57425742574257, 89.91853360488798, 87.33183856502242, 93.84133611691023, 92.60700389105058, 86.75564681724846, 91.87314172447968], [97.55102040816327, 98.41409691629956, 81.3953488372093, 91.48514851485149, 93.78818737270876, 89.46188340807174, 94.46764091858037, 92.99610894941634, 86.96098562628337, 89.59365708622398], [97.65306122448979, 98.23788546255507, 57.65503875968992, 92.27722772277228, 94.5010183299389, 89.23766816143498, 94.57202505219206, 91.82879377431907, 89.3223819301848, 91.97224975222993], [98.06122448979592, 98.41409691629956, 90.98837209302326, 91.78217821782178, 93.58452138492872, 89.46188340807174, 94.36325678496868, 92.21789883268482, 89.73305954825462, 90.58473736372646], [98.06122448979592, 98.59030837004406, 84.39922480620154, 93.56435643564356, 94.60285132382892, 90.80717488789237, 94.57202505219206, 91.34241245136187, 89.21971252566735, 91.0802775024777], [97.75510204081633, 98.50220264317181, 69.47674418604652, 94.85148514851485, 94.5010183299389, 90.47085201793722, 93.73695198329854, 92.60700389105058, 90.55441478439425, 93.06243805748265], [97.65306122448979, 98.50220264317181, 85.65891472868218, 92.47524752475248, 94.09368635437882, 91.59192825112108, 95.92901878914405, 94.06614785992218, 92.50513347022587, 91.97224975222993], [97.65306122448979, 98.50220264317181, 87.79069767441861, 92.47524752475248, 93.27902240325865, 92.9372197309417, 95.61586638830897, 93.48249027237354, 90.4517453798768, 93.95441030723488], [97.65306122448979, 98.76651982378854, 66.56976744186046, 95.64356435643565, 94.5010183299389, 89.68609865470852, 95.72025052192066, 94.16342412451363, 89.3223819301848, 93.3597621407334], [97.34693877551021, 98.59030837004406, 83.81782945736434, 93.16831683168317, 96.02851323828921, 92.37668161434978, 95.4070981210856, 93.09338521400778, 91.78644763860369, 93.1615460852329], [98.16326530612245, 98.59030837004406, 88.66279069767442, 94.55445544554455, 94.80651731160896, 90.35874439461884, 96.24217118997912, 94.16342412451363, 92.09445585215606, 93.55797819623389], [98.26530612244898, 98.6784140969163, 78.10077519379846, 94.35643564356435, 93.89002036659878, 91.14349775784753, 96.13778705636743, 94.16342412451363, 92.71047227926078, 93.95441030723488], [98.16326530612245, 98.6784140969163, 82.94573643410853, 94.95049504950495, 94.80651731160896, 91.25560538116592, 96.65970772442589, 94.06614785992218, 91.78644763860369, 93.65708622398414], [97.14285714285714, 98.8546255506608, 65.98837209302326, 95.34653465346534, 96.94501018329939, 92.82511210762331, 96.65970772442589, 93.57976653696498, 90.86242299794661, 92.9633300297324], [98.06122448979592, 98.6784140969163, 82.84883720930233, 94.95049504950495, 95.11201629327903, 92.60089686098655, 95.92901878914405, 95.3307392996109, 93.63449691991786, 93.55797819623389], [97.14285714285714, 98.94273127753304, 83.43023255813954, 97.02970297029702, 94.60285132382892, 89.46188340807174, 96.5553235908142, 94.74708171206225, 92.09445585215606, 93.75619425173439], [98.06122448979592, 98.6784140969163, 81.87984496124031, 94.25742574257426, 95.010183299389, 93.16143497757848, 95.30271398747391, 92.70428015564202, 93.32648870636551, 94.94549058473736], [97.95918367346938, 98.59030837004406, 89.43798449612403, 95.64356435643565, 95.010183299389, 92.71300448430493, 96.65970772442589, 95.03891050583658, 92.71047227926078, 94.25173439048562], [97.85714285714286, 98.6784140969163, 87.98449612403101, 95.54455445544555, 95.72301425661914, 93.27354260089686, 96.76409185803757, 94.16342412451363, 91.47843942505133, 93.85530227948463], [97.85714285714286, 98.59030837004406, 75.67829457364341, 94.75247524752476, 96.13034623217922, 93.27354260089686, 95.61586638830897, 95.62256809338521, 92.19712525667352, 94.64816650148661], [98.26530612244898, 98.6784140969163, 84.68992248062015, 94.85148514851485, 95.41751527494908, 93.04932735426009, 96.13778705636743, 95.62256809338521, 93.1211498973306, 94.54905847373637]],