{"config": {"DATASET": "mnist", "TOTAL_CLIENTS": 100, "CLIENT_FRAC": 0.2, "POISON_FRAC": 0.1, "CREATE_DATASET": true, "RANDOM_DATA": true, "CLASS_RATIO": 10, "MODEL": "nnet", "LEARNING_RATE": 0.001, "BATCH_SIZE": 32, "LOCAL_EPOCHS": 10, "OPTIMIZER": "adam", "FED_ROUNDS": 30, "TEST_EVERY": 1, "RANDOM_PROCESS": false, "COS_DEFENCE": false, "SEL_METHOD": 1, "REDUCE_LR": 1, "COLLAB_MODE": true, "COLLAB_ALL": true, "CONSIDER_LAYERS": "l1", "GRAD_AGG": true, "FEATURE_FINDING_ALGO": "auror", "GRAD_COLLECTION_START": 0, "GRAD_COLLECT_FOR": -1, "CLUSTER_SEP": 0.002, "ALPHA": 0.8, "BETA": 0.8, "GAMMA": 0.1, "TRUST_INC": 2, "TRUST_CUT_METHOD": 1, "HONEST_PARDON_FACTOR": 0.7, "LOG_LEVEL": "INFO", "JSON_RESULTS": true}, "mean_poison_class_acc": 84.34108527131782, "mean_attack_srate": 3.023255813953489, "total_accuracies": [50.67, 74.43, 84.32, 87.02, 88.99, 90.12, 90.52, 91.13, 91.9, 92.43, 91.78, 92.46, 92.89, 91.49, 93.61, 92.61, 94.41, 92.57, 94.77, 94.79, 93.4, 93.6, 94.54, 94.95, 94.67, 94.71, 93.71, 93.79, 94.93, 95.16], "class_accuracies": [[97.14285714285714, 99.73568281938326, 2.2286821705426356, 55.54455445544554, 75.45824847250509, 15.807174887892376, 20.563674321503132, 75.38910505836576, 55.95482546201232, 0.0], [98.26530612244898, 98.06167400881057, 51.16279069767442, 74.75247524752476, 92.76985743380855, 77.91479820627802, 87.99582463465553, 85.7976653696498, 51.84804928131417, 24.578790882061448], [96.93877551020408, 97.79735682819383, 74.2248062015504, 83.66336633663366, 93.68635437881873, 78.1390134529148, 93.84133611691023, 91.73151750972762, 72.8952772073922, 58.67195242814668], [97.44897959183673, 97.3568281938326, 77.61627906976744, 85.64356435643565, 91.0386965376782, 86.54708520179372, 91.23173277661796, 90.1750972762646, 72.79260780287474, 79.28642220019822], [97.34693877551021, 96.91629955947137, 83.13953488372093, 88.7128712871287, 95.010183299389, 81.83856502242152, 93.84133611691023, 91.147859922179, 81.10882956878851, 79.48463825569871], [97.95918367346938, 96.38766519823788, 85.46511627906976, 87.92079207920793, 95.72301425661914, 83.07174887892377, 93.42379958246346, 89.39688715953308, 86.96098562628337, 83.84539147670961], [98.26530612244898, 98.06167400881057, 85.56201550387597, 91.18811881188118, 94.5010183299389, 87.89237668161435, 93.0062630480167, 89.98054474708171, 81.93018480492813, 83.84539147670961], [98.26530612244898, 97.62114537444934, 87.01550387596899, 90.79207920792079, 96.74134419551935, 87.10762331838565, 93.1106471816284, 91.147859922179, 83.26488706365502, 85.23290386521309], [97.85714285714286, 97.18061674008811, 86.43410852713178, 88.21782178217822, 94.39918533604887, 89.23766816143498, 95.30271398747391, 89.78599221789884, 89.83572895277207, 90.28741328047572], [97.95918367346938, 97.62114537444934, 90.31007751937985, 92.17821782178218, 95.51934826883911, 87.33183856502242, 94.98956158663883, 90.95330739299611, 88.29568788501027, 88.20614469772052], [97.85714285714286, 98.06167400881057, 80.71705426356588, 92.57425742574257, 95.92668024439918, 88.67713004484305, 95.72025052192066, 91.63424124513618, 86.44763860369609, 89.59365708622398], [97.85714285714286, 98.41409691629956, 82.07364341085271, 94.15841584158416, 95.82484725050917, 89.68609865470852, 95.92901878914405, 92.41245136186771, 88.09034907597535, 89.59365708622398], [98.16326530612245, 98.23788546255507, 86.82170542635659, 94.55445544554455, 95.72301425661914, 88.78923766816143, 96.65970772442589, 93.48249027237354, 86.24229979466119, 89.39544103072349], [98.26530612244898, 98.59030837004406, 69.76744186046511, 94.25742574257426, 95.51934826883911, 89.23766816143498, 95.30271398747391, 93.57976653696498, 88.60369609856262, 91.47670961347869], [98.06122448979592, 98.41409691629956, 88.85658914728683, 93.76237623762377, 96.74134419551935, 93.38565022421524, 95.92901878914405, 92.50972762645914, 89.3223819301848, 88.800792864222], [98.16326530612245, 98.59030837004406, 75.48449612403101, 93.16831683168317, 95.62118126272912, 92.04035874439462, 95.4070981210856, 94.8443579766537, 89.93839835728953, 92.66600594648166], [98.26530612244898, 98.14977973568281, 92.24806201550388, 95.94059405940594, 95.62118126272912, 89.91031390134529, 96.86847599164926, 93.57976653696498, 90.86242299794661, 91.87314172447968], [97.95918367346938, 98.6784140969163, 75.67829457364341, 92.97029702970298, 94.90835030549898, 92.9372197309417, 95.82463465553236, 93.3852140077821, 88.70636550308008, 94.54905847373637], [98.16326530612245, 98.50220264317181, 93.21705426356588, 93.26732673267327, 95.41751527494908, 92.60089686098655, 97.07724425887265, 93.3852140077821, 92.19712525667352, 93.3597621407334], [98.26530612244898, 98.76651982378854, 90.60077519379846, 94.15841584158416, 95.82484725050917, 92.152466367713, 96.97286012526096, 94.74708171206225, 92.60780287474333, 93.26065411298315], [98.77551020408163, 98.6784140969163, 79.45736434108527, 94.95049504950495, 96.84317718940937, 93.04932735426009, 96.34655532359082, 93.77431906614785, 90.24640657084188, 91.77403369672943], [98.46938775510205, 98.76651982378854, 79.06976744186046, 94.75247524752476, 95.62118126272912, 93.04932735426009, 96.5553235908142, 94.26070038910505, 91.88911704312115, 93.45887016848364], [97.95918367346938, 98.6784140969163, 86.14341085271317, 95.34653465346534, 96.02851323828921, 93.16143497757848, 96.86847599164926, 95.42801556420234, 92.60780287474333, 92.86422200198216], [98.57142857142857, 98.6784140969163, 89.92248062015504, 96.13861386138613, 96.13034623217922, 93.38565022421524, 96.86847599164926, 94.55252918287938, 92.29979466119096, 92.56689791873141], [98.46938775510205, 98.50220264317181, 86.14341085271317, 96.13861386138613, 96.5376782077393, 92.9372197309417, 96.24217118997912, 94.06614785992218, 92.81314168377824, 94.54905847373637], [98.36734693877551, 98.59030837004406, 87.1124031007752, 95.14851485148515, 96.5376782077393, 95.51569506726457, 95.82463465553236, 93.8715953307393, 92.40246406570841, 93.65708622398414], [98.6734693877551, 98.59030837004406, 77.81007751937985, 96.43564356435644, 97.14867617107943, 93.83408071748879, 96.24217118997912, 95.3307392996109, 91.06776180698152, 91.97224975222993], [98.6734693877551, 98.59030837004406, 77.22868217054264, 96.23762376237623, 95.72301425661914, 91.3677130044843, 97.7035490605428, 95.23346303501945, 93.32648870636551, 93.65708622398414], [98.6734693877551, 98.59030837004406, 87.1124031007752, 96.43564356435644, 96.63951120162933, 92.71300448430493, 97.07724425887265, 94.45525291828794, 93.42915811088295, 93.85530227948463], [98.26530612244898, 98.59030837004406, 88.2751937984496, 96.23762376237623, 96.33401221995926, 92.37668161434978, 97.18162839248434, 95.52529182879377, 94.35318275154005, 94.05351833498513]],