{"config": {"DATASET": "mnist", "TOTAL_CLIENTS": 100, "CLIENT_FRAC": 0.1, "POISON_FRAC": 0.1, "CREATE_DATASET": true, "RANDOM_DATA": true, "CLASS_RATIO": 10, "MODEL": "nnet", "LEARNING_RATE": 0.001, "BATCH_SIZE": 32, "LOCAL_EPOCHS": 10, "OPTIMIZER": "adam", "FED_ROUNDS": 30, "TEST_EVERY": 1, "RANDOM_PROCESS": true, "COS_DEFENCE": false, "SEL_METHOD": 1, "REDUCE_LR": 1, "COLLAB_MODE": true, "COLLAB_ALL": true, "CONSIDER_LAYERS": "l1", "GRAD_AGG": true, "FEATURE_FINDING_ALGO": "auror", "GRAD_COLLECTION_START": 0, "GRAD_COLLECT_FOR": -1, "CLUSTER_SEP": 0.0001, "ALPHA": 0.8, "BETA": 0.8, "GAMMA": 0.1, "TRUST_INC": 2, "TRUST_CUT_METHOD": 2, "HONEST_PARDON_FACTOR": 0.99, "LOG_LEVEL": "INFO", "JSON_RESULTS": true}, "mean_poison_class_acc": 84.86434108527132, "mean_attack_srate": 3.095930232558139, "total_accuracies": [34.71, 66.73, 81.26, 86.34, 87.93, 89.22, 88.82, 89.89, 91.24, 91.56, 92.24, 92.03, 93.09, 92.75, 93.65, 94.07, 93.86, 92.18, 92.86, 94.56, 94.02, 94.47, 94.46, 93.52, 94.26, 95.1, 94.03, 94.85, 94.39, 91.8], "class_accuracies": [[73.57142857142857, 63.348017621145374, 23.546511627906977, 0.0, 0.0, 97.86995515695067, 0.0, 84.92217898832685, 0.0, 4.162537165510407], [98.6734693877551, 98.59030837004406, 59.883720930232556, 92.17821782178218, 6.109979633401222, 56.16591928251121, 76.09603340292276, 65.75875486381322, 18.788501026694046, 88.10703666997027], [96.0204081632653, 99.11894273127753, 68.9922480620155, 79.00990099009901, 79.12423625254583, 80.71748878923766, 90.91858037578288, 83.56031128404669, 63.860369609856264, 69.47472745292369], [94.18367346938776, 97.97356828193833, 80.81395348837209, 82.87128712871286, 88.79837067209776, 81.83856502242152, 91.54488517745303, 89.00778210116732, 78.02874743326488, 76.70961347869178], [97.14285714285714, 97.44493392070484, 83.72093023255815, 85.94059405940594, 90.22403258655804, 77.3542600896861, 93.21503131524008, 90.85603112840467, 80.18480492813141, 81.16947472745292], [95.61224489795919, 96.82819383259911, 87.20930232558139, 90.5940594059406, 93.58452138492872, 79.26008968609865, 92.69311064718163, 86.96498054474708, 86.13963039014374, 81.66501486620416], [97.55102040816327, 97.79735682819383, 72.38372093023256, 92.17821782178218, 90.32586558044807, 85.31390134529148, 92.37995824634656, 89.29961089494164, 80.18480492813141, 89.79187314172448], [96.63265306122449, 97.5330396475771, 76.55038759689923, 88.7128712871287, 92.26069246435846, 90.13452914798206, 93.52818371607516, 90.36964980544747, 84.29158110882958, 88.50346878097126], [97.34693877551021, 97.44493392070484, 84.88372093023256, 87.72277227722772, 93.17718940936864, 89.01345291479821, 94.1544885177453, 90.27237354085604, 85.93429158110882, 91.77403369672943], [97.95918367346938, 96.56387665198238, 82.84883720930233, 91.08910891089108, 91.95519348268839, 86.7713004484305, 94.1544885177453, 92.50972762645914, 89.52772073921972, 91.47670961347869], [97.55102040816327, 97.26872246696036, 86.33720930232558, 91.78217821782178, 93.27902240325865, 89.68609865470852, 96.24217118997912, 91.53696498054475, 86.96098562628337, 91.17938553022795], [97.24489795918367, 97.79735682819383, 84.49612403100775, 89.5049504950495, 92.05702647657841, 89.68609865470852, 94.57202505219206, 92.21789883268482, 87.26899383983573, 94.74727452923686], [97.34693877551021, 98.23788546255507, 91.08527131782945, 91.2871287128713, 93.58452138492872, 90.47085201793722, 95.92901878914405, 92.31517509727627, 88.19301848049281, 91.67492566897918], [98.36734693877551, 97.70925110132158, 84.01162790697674, 92.27722772277228, 93.48268839103869, 92.152466367713, 94.46764091858037, 94.64980544747081, 88.19301848049281, 91.77403369672943], [97.95918367346938, 96.82819383259911, 88.85658914728683, 92.97029702970298, 95.21384928716904, 91.59192825112108, 94.46764091858037, 90.85603112840467, 94.35318275154005, 93.1615460852329], [98.06122448979592, 97.44493392070484, 92.63565891472868, 90.99009900990099, 96.13034623217922, 90.5829596412556, 96.24217118997912, 94.94163424124514, 93.53182751540041, 89.59365708622398], [97.95918367346938, 98.41409691629956, 86.14341085271317, 94.85148514851485, 95.92668024439918, 92.26457399103138, 96.45093945720251, 93.67704280155642, 90.75975359342915, 91.77403369672943], [98.36734693877551, 97.09251101321586, 71.22093023255815, 94.15841584158416, 94.09368635437882, 93.49775784753363, 94.46764091858037, 93.48249027237354, 93.1211498973306, 92.66600594648166], [97.65306122448979, 98.23788546255507, 77.51937984496124, 92.97029702970298, 95.41751527494908, 93.83408071748879, 96.45093945720251, 95.23346303501945, 89.83572895277207, 91.47670961347869], [97.95918367346938, 97.44493392070484, 93.02325581395348, 94.55445544554455, 93.68635437881873, 92.152466367713, 96.5553235908142, 92.99610894941634, 92.71047227926078, 94.05351833498513], [97.75510204081633, 97.88546255506608, 90.21317829457364, 91.98019801980197, 96.13034623217922, 94.05829596412556, 97.18162839248434, 93.8715953307393, 88.29568788501027, 92.56689791873141], [98.36734693877551, 98.41409691629956, 89.43798449612403, 94.25742574257426, 95.82484725050917, 93.49775784753363, 96.03340292275574, 92.50972762645914, 93.42915811088295, 92.66600594648166], [99.28571428571429, 98.32599118942731, 89.34108527131782, 92.57425742574257, 93.48268839103869, 94.28251121076234, 95.61586638830897, 93.48249027237354, 93.53182751540041, 94.44995044598612], [98.36734693877551, 98.59030837004406, 79.26356589147287, 95.34653465346534, 95.62118126272912, 92.60089686098655, 96.65970772442589, 93.8715953307393, 90.86242299794661, 93.85530227948463], [98.77551020408163, 98.23788546255507, 87.40310077519379, 94.35643564356435, 97.04684317718942, 93.94618834080717, 95.72025052192066, 92.8988326848249, 92.19712525667352, 91.87314172447968], [97.85714285714286, 98.50220264317181, 92.82945736434108, 93.46534653465346, 95.21384928716904, 93.38565022421524, 95.92901878914405, 95.91439688715953, 94.6611909650924, 92.76511397423191], [98.46938775510205, 98.6784140969163, 81.97674418604652, 94.85148514851485, 96.13034623217922, 95.4035874439462, 96.24217118997912, 93.96887159533074, 90.96509240246407, 93.65708622398414], [98.06122448979592, 97.88546255506608, 89.43798449612403, 94.85148514851485, 95.72301425661914, 91.92825112107623, 96.5553235908142, 93.77431906614785, 95.07186858316221, 94.84638255698711], [98.57142857142857, 98.8546255506608, 84.49612403100775, 95.54455445544555, 95.41751527494908, 93.83408071748879, 96.24217118997912, 94.8443579766537, 92.81314168377824, 93.06243805748265], [98.57142857142857, 98.59030837004406, 57.55813953488372, 95.04950495049505, 96.33401221995926, 95.17937219730942, 95.19832985386222, 95.52529182879377, 92.81314168377824, 93.95441030723488]],