{"config": {"DATASET": "mnist", "TOTAL_CLIENTS": 100, "CLIENT_FRAC": 0.1, "POISON_FRAC": 0.4, "CREATE_DATASET": false, "RANDOM_DATA": true, "CLASS_RATIO": 10, "MODEL": "nnet", "LEARNING_RATE": 0.001, "BATCH_SIZE": 32, "LOCAL_EPOCHS": 10, "OPTIMIZER": "adam", "FED_ROUNDS": 30, "TEST_EVERY": 1, "RANDOM_PROCESS": false, "COS_DEFENCE": true, "SEL_METHOD": 1, "REDUCE_LR": 1, "COLLAB_MODE": true, "COLLAB_ALL": true, "CONSIDER_LAYERS": "l1", "GRAD_AGG": true, "FEATURE_FINDING_ALGO": "auror", "GRAD_COLLECTION_START": 0, "GRAD_COLLECT_FOR": -1, "CLUSTER_SEP": 0.005, "ALPHA": 0.8, "BETA": 0.8, "GAMMA": 0.1, "TRUST_INC": 2, "TRUST_CUT_METHOD": 1, "HONEST_PARDON_FACTOR": 0.7, "LOG_LEVEL": "INFO", "JSON_RESULTS": true}, "mean_poison_class_acc": 70.83817829457365, "mean_attack_srate": 3.493217054263566, "total_accuracies": [40.31, 70.19, 76.56, 82.82, 86.81, 89.14, 87.96, 88.81, 87.29, 91.06, 90.71, 91.9, 92.36, 89.64, 92.29, 93.03, 93.54, 93.08, 91.62, 94.42, 86.93, 91.99, 93.98, 93.82, 87.87, 90.69, 94.54, 93.69, 89.79, 94.33], "class_accuracies": [[99.18367346938776, 94.53744493392071, 0.0, 50.198019801980195, 48.574338085539715, 2.914798206278027, 5.010438413361169, 0.9727626459143969, 0.0, 90.98116947472745], [96.22448979591837, 98.8546255506608, 0.0, 90.99009900990099, 84.82688391038697, 53.81165919282511, 83.40292275574113, 86.57587548638132, 57.59753593429158, 46.778989098116945], [96.83673469387755, 98.06167400881057, 2.0348837209302326, 89.9009900990099, 87.37270875763747, 74.66367713004485, 91.23173277661796, 86.96498054474708, 69.50718685831622, 68.97918731417245], [96.73469387755102, 96.91629955947137, 38.275193798449614, 88.91089108910892, 89.61303462321793, 73.76681614349776, 94.46764091858037, 88.61867704280155, 78.33675564681725, 81.66501486620416], [96.0204081632653, 95.94713656387665, 63.468992248062015, 87.22772277227723, 90.93686354378819, 84.30493273542601, 93.63256784968685, 89.10505836575875, 84.18891170431212, 82.95341922695738], [96.53061224489795, 98.32599118942731, 79.16666666666667, 89.10891089108911, 90.12219959266803, 85.31390134529148, 94.67640918580376, 89.6887159533074, 80.59548254620123, 86.7195242814668], [96.83673469387755, 98.50220264317181, 67.92635658914729, 88.51485148514851, 96.5376782077393, 88.56502242152466, 94.1544885177453, 87.84046692607004, 80.59548254620123, 79.8810703666997], [98.06122448979592, 96.65198237885463, 66.56976744186046, 90.39603960396039, 93.48268839103869, 90.80717488789237, 92.58872651356994, 89.6887159533074, 81.93018480492813, 88.00792864222002], [97.24489795918367, 97.62114537444934, 45.833333333333336, 90.1980198019802, 94.80651731160896, 89.01345291479821, 95.72025052192066, 90.46692607003891, 85.21560574948666, 87.41328047571854], [97.95918367346938, 97.79735682819383, 79.74806201550388, 89.8019801980198, 94.60285132382892, 90.02242152466367, 96.65970772442589, 91.73151750972762, 85.1129363449692, 86.81863230921705], [98.46938775510205, 97.3568281938326, 73.93410852713178, 93.06930693069307, 92.87169042769857, 86.21076233183857, 95.19832985386222, 89.59143968871595, 87.57700205338809, 92.26957383548067], [98.36734693877551, 97.97356828193833, 81.3953488372093, 91.88118811881188, 94.39918533604887, 91.25560538116592, 94.36325678496868, 92.02334630350195, 86.55030800821355, 90.38652130822597], [98.16326530612245, 98.14977973568281, 85.36821705426357, 91.38613861386139, 95.21384928716904, 88.78923766816143, 96.5553235908142, 92.70428015564202, 87.67967145790554, 88.89990089197225], [98.46938775510205, 97.44493392070484, 59.883720930232556, 94.65346534653466, 93.07535641547861, 92.37668161434978, 94.98956158663883, 86.96498054474708, 87.26899383983573, 91.87314172447968], [97.95918367346938, 98.6784140969163, 80.42635658914729, 91.88118811881188, 94.90835030549898, 93.38565022421524, 95.51148225469728, 92.41245136186771, 86.44763860369609, 91.0802775024777], [98.26530612244898, 97.79735682819383, 85.07751937984496, 92.47524752475248, 94.80651731160896, 91.81614349775785, 95.82463465553236, 91.92607003891051, 89.63039014373716, 92.36868186323092], [98.87755102040816, 97.70925110132158, 86.62790697674419, 93.76237623762377, 93.78818737270876, 91.70403587443946, 95.09394572025052, 92.50972762645914, 92.60780287474333, 92.36868186323092], [98.46938775510205, 98.50220264317181, 83.23643410852713, 94.05940594059406, 93.07535641547861, 91.4798206278027, 95.82463465553236, 91.82879377431907, 89.01437371663245, 94.84638255698711], [97.85714285714286, 97.97356828193833, 67.82945736434108, 95.64356435643565, 93.38085539714868, 90.69506726457399, 97.07724425887265, 93.77431906614785, 88.09034907597535, 93.85530227948463], [98.06122448979592, 98.6784140969163, 91.37596899224806, 94.65346534653466, 94.80651731160896, 90.91928251121077, 97.07724425887265, 93.3852140077821, 92.29979466119096, 92.26957383548067], [98.06122448979592, 99.11894273127753, 21.802325581395348, 94.35643564356435, 94.90835030549898, 94.17040358744394, 95.09394572025052, 92.80155642023347, 87.47433264887064, 93.1615460852329], [97.34693877551021, 98.94273127753304, 66.56976744186046, 95.44554455445545, 95.21384928716904, 92.71300448430493, 96.34655532359082, 94.3579766536965, 90.24640657084188, 92.86422200198216], [97.85714285714286, 99.03083700440529, 89.14728682170542, 92.17821782178218, 95.41751527494908, 92.37668161434978, 97.59916492693111, 92.99610894941634, 89.3223819301848, 93.3597621407334], [98.46938775510205, 98.41409691629956, 81.68604651162791, 94.15841584158416, 95.92668024439918, 92.60089686098655, 96.5553235908142, 93.48249027237354, 93.22381930184805, 93.55797819623389], [97.75510204081633, 98.59030837004406, 21.608527131782946, 95.04950495049505, 96.33401221995926, 93.49775784753363, 97.18162839248434, 93.8715953307393, 93.63449691991786, 93.06243805748265], [98.57142857142857, 98.94273127753304, 49.32170542635659, 94.15841584158416, 95.11201629327903, 93.16143497757848, 97.28601252609603, 94.06614785992218, 93.94250513347022, 93.26065411298315], [98.6734693877551, 99.03083700440529, 89.53488372093024, 94.25742574257426, 94.90835030549898, 92.48878923766816, 96.24217118997912, 93.67704280155642, 93.1211498973306, 92.9633300297324], [98.57142857142857, 99.11894273127753, 78.00387596899225, 96.23762376237623, 96.13034623217922, 93.04932735426009, 96.86847599164926, 93.19066147859922, 93.01848049281314, 92.66600594648166], [98.46938775510205, 99.03083700440529, 40.01937984496124, 95.04950495049505, 95.72301425661914, 94.95515695067265, 96.5553235908142, 92.80155642023347, 93.32648870636551, 93.3597621407334], [98.06122448979592, 98.94273127753304, 83.91472868217055, 93.66336633663366, 95.11201629327903, 93.27354260089686, 97.28601252609603, 93.57976653696498, 94.96919917864476, 94.35084241823587]],