{"config": {"DATASET": "mnist", "TOTAL_CLIENTS": 100, "CLIENT_FRAC": 0.1, "POISON_FRAC": 0.1, "CREATE_DATASET": true, "RANDOM_DATA": true, "CLASS_RATIO": 10, "MODEL": "nnet", "LEARNING_RATE": 0.001, "BATCH_SIZE": 32, "LOCAL_EPOCHS": 3, "OPTIMIZER": "adam", "FED_ROUNDS": 30, "TEST_EVERY": 1, "RANDOM_PROCESS": true, "COS_DEFENCE": false, "SEL_METHOD": 1, "REDUCE_LR": 1, "COLLAB_MODE": true, "COLLAB_ALL": true, "CONSIDER_LAYERS": "l1", "GRAD_AGG": true, "FEATURE_FINDING_ALGO": "auror", "GRAD_COLLECTION_START": 0, "GRAD_COLLECT_FOR": -1, "CLUSTER_SEP": 0.005, "ALPHA": 0.8, "BETA": 0.8, "GAMMA": 0.1, "TRUST_INC": 2, "TRUST_CUT_METHOD": 2, "HONEST_PARDON_FACTOR": 0.99, "LOG_LEVEL": "INFO", "JSON_RESULTS": true}, "mean_poison_class_acc": 76.94767441860463, "mean_attack_srate": 3.2315891472868215, "total_accuracies": [16.29, 28.21, 39.31, 44.8, 59.01, 71.05, 76.23, 79.81, 80.77, 81.51, 83.98, 83.93, 81.56, 85.37, 86.81, 87.23, 84.76, 87.68, 88.54, 89.16, 86.96, 89.54, 87.94, 89.83, 89.92, 90.74, 90.98, 89.47, 91.15, 91.46], "class_accuracies": [[0.0, 0.0, 0.0, 99.3069306930693, 0.0, 0.0, 0.0, 60.89494163424124, 0.0, 0.0], [99.6938775510204, 99.29515418502203, 8.914728682170542, 16.336633663366335, 33.19755600814664, 5.941704035874439, 5.219206680584551, 0.0, 0.0, 3.072348860257681], [97.65306122448979, 93.03964757709251, 35.27131782945737, 70.5940594059406, 0.0, 0.0, 0.6263048016701461, 0.0, 85.72895277207392, 0.0], [97.75510204081633, 99.55947136563877, 43.12015503875969, 79.10891089108911, 18.228105906313644, 33.18385650224215, 54.80167014613779, 13.229571984435797, 0.1026694045174538, 1.0901883052527255], [98.6734693877551, 99.20704845814979, 49.031007751937985, 94.95049504950495, 9.775967413441956, 18.04932735426009, 71.81628392484342, 61.86770428015564, 6.981519507186858, 68.78097125867195], [98.9795918367347, 95.94713656387665, 73.06201550387597, 89.3069306930693, 83.40122199592668, 14.573991031390134, 89.97912317327766, 63.2295719844358, 52.46406570841889, 41.427155599603566], [98.87755102040816, 97.79735682819383, 70.44573643410853, 87.12871287128714, 70.061099796334, 37.10762331838565, 91.44050104384134, 78.40466926070039, 58.62422997946612, 65.90683845391477], [98.26530612244898, 95.33039647577093, 74.6124031007752, 82.87128712871286, 80.5498981670061, 51.233183856502244, 91.33611691022965, 86.47859922178988, 76.38603696098562, 56.78889990089197], [94.89795918367346, 97.3568281938326, 65.21317829457364, 80.89108910891089, 83.5030549898167, 80.71748878923766, 91.54488517745303, 82.58754863813229, 67.5564681724846, 62.239841427155596], [97.34693877551021, 97.62114537444934, 68.6046511627907, 78.11881188118812, 76.68024439918534, 83.40807174887892, 90.18789144050105, 84.53307392996109, 60.47227926078029, 76.61050545094153], [98.26530612244898, 94.00881057268722, 77.61627906976744, 78.41584158415841, 81.46639511201629, 78.58744394618834, 90.7098121085595, 87.93774319066148, 82.4435318275154, 69.17740336967294], [97.75510204081633, 96.47577092511013, 76.64728682170542, 89.4059405940594, 81.67006109979633, 73.20627802690584, 91.7536534446764, 87.06225680933852, 74.33264887063655, 68.6818632309217], [97.04081632653062, 97.62114537444934, 61.627906976744185, 77.12871287128714, 62.830957230142566, 84.86547085201794, 91.44050104384134, 80.1556420233463, 71.56057494866529, 90.28741328047572], [96.73469387755102, 93.12775330396475, 74.4186046511628, 75.94059405940594, 81.05906313645622, 87.21973094170404, 93.63256784968685, 89.49416342412451, 83.36755646817248, 78.69177403369673], [97.65306122448979, 96.56387665198238, 80.81395348837209, 82.77227722772277, 84.11405295315683, 79.7085201793722, 94.78079331941545, 85.89494163424125, 81.51950718685832, 82.85431119920713], [97.44897959183673, 96.0352422907489, 80.52325581395348, 86.93069306930693, 86.55804480651732, 82.28699551569507, 91.64926931106471, 85.99221789883268, 85.72895277207392, 78.09712586719525], [97.04081632653062, 97.00440528634361, 57.55813953488372, 83.16831683168317, 87.67820773930754, 84.30493273542601, 91.8580375782881, 82.19844357976653, 78.33675564681725, 88.10703666997027], [97.14285714285714, 96.2114537444934, 74.03100775193798, 84.35643564356435, 87.4745417515275, 86.09865470852019, 91.64926931106471, 86.96498054474708, 82.95687885010267, 89.29633300297324], [97.34693877551021, 96.38766519823788, 85.85271317829458, 86.13861386138613, 96.02851323828921, 82.847533632287, 93.94572025052192, 86.284046692607, 83.47022587268994, 76.1149653121903], [96.73469387755102, 96.82819383259911, 80.71705426356588, 85.34653465346534, 88.39103869653768, 86.43497757847534, 93.52818371607516, 91.24513618677042, 83.5728952772074, 87.90882061446978], [97.34693877551021, 96.82819383259911, 62.8875968992248, 83.56435643564356, 92.36252545824847, 87.10762331838565, 95.19832985386222, 83.65758754863813, 83.47022587268994, 87.31417244796829], [97.14285714285714, 96.0352422907489, 84.20542635658914, 84.55445544554455, 91.14052953156823, 90.91928251121077, 92.17118997912317, 86.96498054474708, 84.39425051334702, 87.61149653121903], [97.65306122448979, 96.82819383259911, 69.37984496124031, 87.92079207920793, 89.20570264765784, 91.14349775784753, 92.27557411273486, 88.52140077821012, 76.48870636550308, 89.79187314172448], [96.63265306122449, 95.94713656387665, 82.07364341085271, 87.82178217821782, 94.70468431771894, 90.69506726457399, 94.05010438413362, 87.84046692607004, 81.41683778234086, 86.9177403369673], [97.75510204081633, 97.26872246696036, 77.81007751937985, 90.79207920792079, 93.27902240325865, 87.5560538116592, 93.0062630480167, 89.88326848249027, 83.16221765913758, 88.00792864222002], [97.95918367346938, 97.44493392070484, 86.82170542635659, 86.43564356435644, 93.9918533604888, 90.47085201793722, 93.31941544885177, 88.61867704280155, 84.08624229979466, 87.71060455896928], [98.46938775510205, 97.18061674008811, 86.14341085271317, 88.91089108910892, 94.09368635437882, 86.65919282511211, 93.21503131524008, 92.21789883268482, 84.49691991786447, 87.41328047571854], [97.34693877551021, 97.18061674008811, 68.7015503875969, 91.58415841584159, 92.87169042769857, 87.4439461883408, 96.13778705636743, 87.7431906614786, 85.1129363449692, 90.38652130822597], [97.04081632653062, 97.3568281938326, 83.91472868217055, 91.88118811881188, 93.38085539714868, 85.98654708520179, 96.76409185803757, 89.59143968871595, 85.62628336755647, 89.09811694747275], [97.24489795918367, 96.91629955947137, 87.20930232558139, 93.96039603960396, 92.76985743380855, 85.98654708520179, 95.82463465553236, 88.81322957198444, 83.9835728952772, 90.8820614469772]],