{"config": {"DATASET": "mnist", "TOTAL_CLIENTS": 100, "CLIENT_FRAC": 0.2, "POISON_FRAC": 0.4, "CREATE_DATASET": true, "RANDOM_DATA": true, "CLASS_RATIO": 10, "MODEL": "nnet", "LEARNING_RATE": 0.001, "BATCH_SIZE": 32, "LOCAL_EPOCHS": 10, "OPTIMIZER": "adam", "FED_ROUNDS": 30, "TEST_EVERY": 1, "RANDOM_PROCESS": false, "COS_DEFENCE": false, "SEL_METHOD": 1, "REDUCE_LR": 1, "COLLAB_MODE": true, "COLLAB_ALL": true, "CONSIDER_LAYERS": "l1", "GRAD_AGG": true, "FEATURE_FINDING_ALGO": "auror", "GRAD_COLLECTION_START": 0, "GRAD_COLLECT_FOR": -1, "CLUSTER_SEP": 0.002, "ALPHA": 0.8, "BETA": 0.8, "GAMMA": 0.1, "TRUST_INC": 2, "TRUST_CUT_METHOD": 1, "HONEST_PARDON_FACTOR": 0.7, "LOG_LEVEL": "INFO", "JSON_RESULTS": true}, "mean_poison_class_acc": 56.64341085271319, "mean_attack_srate": 3.837209302325582, "total_accuracies": [45.13, 61.98, 76.84, 83.93, 85.52, 87.96, 86.66, 90.11, 88.19, 90.85, 86.28, 91.73, 84.64, 91.71, 92.7, 84.54, 92.76, 92.48, 86.39, 92.33, 85.2, 92.65, 91.75, 94.41, 85.52, 94.43, 92.77, 94.26, 90.27, 92.36], "class_accuracies": [[97.95918367346938, 99.55947136563877, 0.0, 39.00990099009901, 82.28105906313645, 38.789237668161434, 4.697286012526096, 66.05058365758755, 15.503080082135524, 0.0], [97.65306122448979, 98.94273127753304, 0.09689922480620156, 76.53465346534654, 86.86354378818737, 83.6322869955157, 70.77244258872652, 82.00389105058366, 17.659137577002053, 5.153617443012884], [96.42857142857143, 99.03083700440529, 18.023255813953487, 84.55445544554455, 95.41751527494908, 77.46636771300449, 92.17118997912317, 91.05058365758755, 65.60574948665298, 48.46382556987116], [97.55102040816327, 98.23788546255507, 48.54651162790697, 87.92079207920793, 92.4643584521385, 84.97757847533633, 91.64926931106471, 89.6887159533074, 69.40451745379877, 78.39444995044599], [97.34693877551021, 98.6784140969163, 54.36046511627907, 89.70297029702971, 95.51934826883911, 82.62331838565022, 93.52818371607516, 91.147859922179, 76.48870636550308, 75.12388503468782], [97.85714285714286, 97.5330396475771, 64.43798449612403, 88.81188118811882, 94.80651731160896, 84.64125560538116, 94.46764091858037, 89.49416342412451, 82.95687885010267, 84.14271555996035], [97.85714285714286, 98.59030837004406, 53.10077519379845, 90.99009900990099, 95.82484725050917, 90.35874439461884, 92.90187891440502, 90.1750972762646, 75.35934291581108, 81.56590683845391], [98.26530612244898, 97.70925110132158, 77.32558139534883, 91.38613861386139, 96.74134419551935, 87.89237668161435, 93.84133611691023, 90.6614785992218, 83.26488706365502, 83.44895936570862], [97.65306122448979, 97.62114537444934, 52.325581395348834, 88.7128712871287, 94.70468431771894, 90.24663677130044, 95.19832985386222, 89.59143968871595, 87.16632443531827, 89.29633300297324], [98.16326530612245, 98.06167400881057, 78.29457364341086, 93.76237623762377, 96.33401221995926, 86.7713004484305, 94.78079331941545, 90.95330739299611, 85.1129363449692, 85.53022794846383], [97.95918367346938, 98.14977973568281, 29.941860465116278, 92.87128712871286, 95.62118126272912, 88.78923766816143, 95.19832985386222, 91.63424124513618, 83.05954825462013, 90.48562933597621], [97.95918367346938, 98.14977973568281, 78.58527131782945, 94.65346534653466, 96.63951120162933, 89.23766816143498, 95.4070981210856, 91.53696498054475, 87.06365503080082, 87.61149653121903], [96.93877551020408, 97.79735682819383, 9.30232558139535, 93.46534653465346, 96.13034623217922, 89.46188340807174, 96.86847599164926, 92.60700389105058, 86.652977412731, 88.9990089197225], [97.34693877551021, 98.14977973568281, 72.67441860465117, 94.45544554455445, 95.41751527494908, 89.34977578475336, 96.45093945720251, 93.3852140077821, 88.50102669404518, 91.0802775024777], [97.75510204081633, 98.06167400881057, 82.07364341085271, 95.04950495049505, 96.63951120162933, 92.26457399103138, 95.61586638830897, 93.09338521400778, 87.57700205338809, 88.60257680872151], [97.24489795918367, 98.23788546255507, 0.872093023255814, 92.37623762376238, 93.89002036659878, 93.27354260089686, 96.34655532359082, 94.16342412451363, 89.3223819301848, 92.07135777998018], [97.85714285714286, 97.97356828193833, 77.81007751937985, 95.44554455445545, 95.31568228105907, 89.12556053811659, 97.07724425887265, 93.67704280155642, 90.96509240246407, 91.97224975222993], [97.75510204081633, 98.14977973568281, 76.25968992248062, 92.97029702970298, 95.82484725050917, 92.9372197309417, 95.82463465553236, 91.92607003891051, 90.24640657084188, 92.9633300297324], [97.55102040816327, 97.97356828193833, 16.95736434108527, 91.68316831683168, 96.23217922606925, 92.9372197309417, 96.76409185803757, 92.02334630350195, 91.37577002053388, 92.46778989098117], [97.95918367346938, 98.50220264317181, 71.70542635658914, 93.06930693069307, 95.51934826883911, 92.04035874439462, 96.76409185803757, 93.96887159533074, 91.68377823408625, 92.17046580773042], [98.36734693877551, 98.23788546255507, 0.4844961240310077, 93.36633663366337, 96.13034623217922, 93.16143497757848, 96.24217118997912, 93.48249027237354, 91.68377823408625, 93.3597621407334], [98.16326530612245, 98.41409691629956, 70.73643410852713, 93.26732673267327, 95.82484725050917, 93.04932735426009, 96.34655532359082, 93.77431906614785, 93.53182751540041, 93.65708622398414], [97.65306122448979, 98.8546255506608, 64.05038759689923, 93.16831683168317, 96.23217922606925, 93.27354260089686, 97.18162839248434, 95.13618677042801, 91.9917864476386, 90.38652130822597], [98.57142857142857, 98.59030837004406, 86.53100775193798, 95.14851485148515, 96.33401221995926, 93.27354260089686, 97.07724425887265, 94.26070038910505, 91.68377823408625, 92.36868186323092], [97.85714285714286, 98.41409691629956, 0.09689922480620156, 94.35643564356435, 96.5376782077393, 94.28251121076234, 95.61586638830897, 93.48249027237354, 93.63449691991786, 93.55797819623389], [98.06122448979592, 98.41409691629956, 89.14728682170542, 93.36633663366337, 96.02851323828921, 94.95515695067265, 95.51148225469728, 93.57976653696498, 91.78644763860369, 93.26065411298315], [98.36734693877551, 98.41409691629956, 67.53875968992249, 94.95049504950495, 96.5376782077393, 94.28251121076234, 96.45093945720251, 95.3307392996109, 93.01848049281314, 93.26065411298315], [97.85714285714286, 98.23788546255507, 84.78682170542636, 95.84158415841584, 95.21384928716904, 91.81614349775785, 97.80793319415449, 95.03891050583658, 93.01848049281314, 92.66600594648166], [98.26530612244898, 98.14977973568281, 46.51162790697674, 95.24752475247524, 94.90835030549898, 92.26457399103138, 96.76409185803757, 93.8715953307393, 93.94250513347022, 93.75619425173439], [97.95918367346938, 98.23788546255507, 64.53488372093024, 95.44554455445545, 96.23217922606925, 92.37668161434978, 97.28601252609603, 94.8443579766537, 94.45585215605749, 92.66600594648166]],