{"config": {"DATASET": "mnist", "TOTAL_CLIENTS": 100, "CLIENT_FRAC": 0.2, "POISON_FRAC": 0.1, "CREATE_DATASET": false, "RANDOM_DATA": true, "CLASS_RATIO": 10, "MODEL": "nnet", "LEARNING_RATE": 0.001, "BATCH_SIZE": 32, "LOCAL_EPOCHS": 10, "OPTIMIZER": "adam", "FED_ROUNDS": 30, "TEST_EVERY": 1, "RANDOM_PROCESS": false, "COS_DEFENCE": true, "SEL_METHOD": 1, "REDUCE_LR": 1, "COLLAB_MODE": true, "COLLAB_ALL": true, "CONSIDER_LAYERS": "l2", "GRAD_AGG": true, "FEATURE_FINDING_ALGO": "none", "GRAD_COLLECTION_START": 0, "GRAD_COLLECT_FOR": -1, "CLUSTER_SEP": 0.02, "ALPHA": 0.8, "BETA": 0.8, "GAMMA": 0.1, "TRUST_INC": 2, "TRUST_CUT_METHOD": 2, "HONEST_PARDON_FACTOR": 0.8, "LOG_LEVEL": "INFO", "JSON_RESULTS": true}, "mean_poison_class_acc": 80.13565891472868, "mean_attack_srate": 3.2054263565891477, "total_accuracies": [50.1, 71.15, 81.88, 86.52, 88.43, 89.07, 90.28, 89.2, 91.62, 89.68, 91.27, 92.99, 89.88, 93.31, 91.17, 93.04, 93.89, 92.53, 94.44, 90.1, 93.98, 94.42, 94.89, 95.0, 92.29, 94.7, 94.48, 95.16, 93.91, 94.46], "class_accuracies": [[99.38775510204081, 93.83259911894272, 1.3565891472868217, 57.42574257425743, 66.90427698574338, 21.63677130044843, 28.079331941544886, 48.34630350194553, 31.62217659137577, 44.89593657086224], [96.73469387755102, 98.6784140969163, 45.93023255813954, 92.57425742574257, 75.86558044806517, 65.02242152466367, 82.4634655532359, 86.67315175097276, 35.318275154004105, 28.543111992071356], [95.91836734693878, 98.50220264317181, 54.457364341085274, 89.60396039603961, 85.23421588594705, 72.86995515695067, 89.35281837160751, 92.12062256809338, 72.48459958932239, 66.10505450941527], [97.14285714285714, 97.3568281938326, 74.51550387596899, 86.73267326732673, 85.13238289205702, 86.99551569506727, 90.7098121085595, 90.1750972762646, 73.81930184804928, 81.56590683845391], [97.55102040816327, 97.3568281938326, 76.25968992248062, 89.5049504950495, 92.36252545824847, 83.29596412556054, 91.64926931106471, 91.73151750972762, 81.62217659137578, 81.76412289395441], [97.55102040816327, 97.70925110132158, 79.16666666666667, 89.3069306930693, 87.37270875763747, 82.95964125560538, 92.48434237995825, 91.63424124513618, 82.54620123203286, 88.50346878097126], [97.65306122448979, 97.70925110132158, 82.84883720930233, 91.48514851485149, 91.0386965376782, 84.64125560538116, 94.1544885177453, 89.78599221789884, 82.34086242299794, 89.89098116947473], [98.16326530612245, 97.79735682819383, 72.77131782945736, 88.81188118811882, 91.34419551934828, 91.03139013452915, 90.81419624217119, 91.53696498054475, 81.10882956878851, 88.20614469772052], [97.65306122448979, 97.70925110132158, 85.36821705426357, 90.29702970297029, 90.32586558044807, 89.34977578475336, 93.73695198329854, 90.6614785992218, 87.782340862423, 92.56689791873141], [98.46938775510205, 99.11894273127753, 65.31007751937985, 92.27722772277228, 90.12219959266803, 88.90134529147981, 92.58872651356994, 92.41245136186771, 85.1129363449692, 91.97224975222993], [97.75510204081633, 98.76651982378854, 76.06589147286822, 93.56435643564356, 92.15885947046843, 89.79820627802691, 94.36325678496868, 93.28793774319067, 83.9835728952772, 92.26957383548067], [97.95918367346938, 97.97356828193833, 87.01550387596899, 91.88118811881188, 94.19551934826885, 90.5829596412556, 95.4070981210856, 91.147859922179, 90.96509240246407, 92.26957383548067], [98.87755102040816, 98.94273127753304, 58.81782945736434, 93.06930693069307, 94.60285132382892, 91.03139013452915, 92.06680584551148, 92.02334630350195, 86.34496919917865, 93.06243805748265], [98.57142857142857, 98.41409691629956, 87.01550387596899, 92.97029702970298, 94.60285132382892, 93.27354260089686, 94.36325678496868, 91.63424124513618, 90.24640657084188, 91.67492566897918], [98.36734693877551, 98.14977973568281, 66.76356589147287, 93.46534653465346, 95.010183299389, 92.37668161434978, 92.48434237995825, 93.28793774319067, 88.09034907597535, 93.75619425173439], [97.75510204081633, 98.06167400881057, 80.71705426356588, 93.16831683168317, 94.60285132382892, 92.71300448430493, 96.03340292275574, 92.60700389105058, 91.68377823408625, 92.9633300297324], [98.16326530612245, 98.41409691629956, 89.63178294573643, 91.78217821782178, 94.19551934826885, 93.94618834080717, 95.72025052192066, 93.09338521400778, 89.52772073921972, 94.05351833498513], [98.57142857142857, 98.76651982378854, 74.8062015503876, 95.54455445544555, 93.38085539714868, 91.92825112107623, 94.88517745302714, 93.09338521400778, 89.52772073921972, 94.54905847373637], [97.95918367346938, 98.6784140969163, 92.05426356589147, 93.76237623762377, 95.72301425661914, 91.81614349775785, 95.61586638830897, 93.67704280155642, 91.88911704312115, 92.56689791873141], [98.57142857142857, 98.41409691629956, 52.13178294573643, 94.45544554455445, 94.5010183299389, 93.04932735426009, 93.31941544885177, 91.63424124513618, 90.55441478439425, 95.04459861248762], [98.46938775510205, 98.76651982378854, 84.68992248062015, 93.46534653465346, 94.5010183299389, 92.9372197309417, 95.72025052192066, 94.74708171206225, 92.40246406570841, 93.75619425173439], [98.46938775510205, 98.8546255506608, 87.6937984496124, 94.15841584158416, 95.21384928716904, 92.26457399103138, 96.65970772442589, 94.06614785992218, 92.29979466119096, 94.05351833498513], [98.57142857142857, 98.8546255506608, 91.95736434108527, 94.85148514851485, 95.92668024439918, 93.04932735426009, 96.76409185803757, 93.96887159533074, 91.78644763860369, 92.66600594648166], [98.46938775510205, 98.6784140969163, 90.79457364341086, 95.04950495049505, 95.31568228105907, 93.27354260089686, 95.82463465553236, 93.96887159533074, 94.6611909650924, 93.55797819623389], [98.16326530612245, 98.76651982378854, 67.44186046511628, 96.53465346534654, 95.31568228105907, 91.4798206278027, 95.61586638830897, 94.26070038910505, 90.86242299794661, 94.44995044598612], [98.6734693877551, 98.8546255506608, 88.17829457364341, 93.46534653465346, 96.13034623217922, 94.05829596412556, 95.92901878914405, 93.77431906614785, 93.63449691991786, 94.05351833498513], [98.57142857142857, 98.50220264317181, 86.04651162790698, 95.24752475247524, 94.60285132382892, 93.38565022421524, 95.72025052192066, 94.06614785992218, 93.73716632443532, 94.64816650148661], [98.16326530612245, 98.8546255506608, 92.15116279069767, 95.24752475247524, 95.92668024439918, 93.83408071748879, 96.76409185803757, 93.67704280155642, 92.29979466119096, 94.25173439048562], [98.16326530612245, 98.8546255506608, 79.94186046511628, 94.45544554455445, 96.23217922606925, 94.61883408071749, 95.30271398747391, 95.62256809338521, 91.58110882956879, 94.25173439048562], [98.57142857142857, 98.76651982378854, 84.01162790697674, 93.96039603960396, 95.62118126272912, 94.05829596412556, 95.92901878914405, 95.03891050583658, 93.83983572895278, 94.64816650148661]],