{"config": {"DATASET": "mnist", "TOTAL_CLIENTS": 100, "CLIENT_FRAC": 0.1, "POISON_FRAC": 0.1, "CREATE_DATASET": true, "RANDOM_DATA": true, "CLASS_RATIO": 10, "MODEL": "nnet", "LEARNING_RATE": 0.001, "BATCH_SIZE": 32, "LOCAL_EPOCHS": 10, "OPTIMIZER": "adam", "FED_ROUNDS": 30, "TEST_EVERY": 1, "RANDOM_PROCESS": true, "COS_DEFENCE": false, "SEL_METHOD": 1, "REDUCE_LR": 1, "COLLAB_MODE": true, "COLLAB_ALL": true, "CONSIDER_LAYERS": "l1", "GRAD_AGG": true, "FEATURE_FINDING_ALGO": "auror", "GRAD_COLLECTION_START": 0, "GRAD_COLLECT_FOR": -1, "CLUSTER_SEP": 0.005, "ALPHA": 0.8, "BETA": 0.8, "GAMMA": 0.1, "TRUST_INC": 2, "TRUST_CUT_METHOD": 1, "HONEST_PARDON_FACTOR": 0.9, "LOG_LEVEL": "INFO", "JSON_RESULTS": true}, "mean_poison_class_acc": 87.43701550387598, "mean_attack_srate": 3.13468992248062, "total_accuracies": [38.76, 69.13, 85.22, 87.06, 87.69, 87.98, 89.24, 90.52, 91.36, 91.66, 92.16, 91.9, 93.21, 92.91, 92.54, 93.76, 93.53, 94.17, 93.8, 94.27, 92.74, 94.38, 94.8, 95.13, 93.7, 95.18, 95.15, 94.94, 95.43, 95.37], "class_accuracies": [[98.87755102040816, 94.44933920704845, 58.72093023255814, 6.930693069306931, 28.615071283095723, 42.488789237668165, 47.07724425887265, 0.0, 2.0533880903490758, 2.7750247770069376], [99.38775510204081, 95.94713656387665, 74.70930232558139, 53.26732673267327, 88.28920570264766, 65.80717488789237, 69.41544885177453, 75.09727626459144, 62.83367556468173, 3.7661050545094152], [97.65306122448979, 96.74008810572687, 80.32945736434108, 87.62376237623762, 81.67006109979633, 67.9372197309417, 90.91858037578288, 82.87937743190662, 79.56878850102669, 83.94449950445986], [97.55102040816327, 97.5330396475771, 74.03100775193798, 85.74257425742574, 84.72505091649694, 78.81165919282512, 93.94572025052192, 86.7704280155642, 82.85420944558521, 87.1159563924678], [97.75510204081633, 97.18061674008811, 81.0077519379845, 87.52475247524752, 93.38085539714868, 87.4439461883408, 91.12734864300626, 89.59143968871595, 76.59137577002053, 74.43012884043607], [98.06122448979592, 94.44933920704845, 69.47674418604652, 83.36633663366337, 93.48268839103869, 85.08968609865471, 91.23173277661796, 88.13229571984436, 88.39835728952772, 88.00792864222002], [97.95918367346938, 96.91629955947137, 74.12790697674419, 91.38613861386139, 89.61303462321793, 87.33183856502242, 91.44050104384134, 90.6614785992218, 84.29158110882958, 88.00792864222002], [97.34693877551021, 97.62114537444934, 81.2984496124031, 87.82178217821782, 94.5010183299389, 88.90134529147981, 93.73695198329854, 90.6614785992218, 84.49691991786447, 88.20614469772052], [96.73469387755102, 97.70925110132158, 84.20542635658914, 90.99009900990099, 93.58452138492872, 88.2286995515695, 95.09394572025052, 91.63424124513618, 85.52361396303901, 89.09811694747275], [97.95918367346938, 97.79735682819383, 83.04263565891473, 88.81188118811882, 92.9735234215886, 89.46188340807174, 95.51148225469728, 90.75875486381322, 88.39835728952772, 91.37760158572844], [98.46938775510205, 97.62114537444934, 84.30232558139535, 93.96039603960396, 93.48268839103869, 87.33183856502242, 96.03340292275574, 90.95330739299611, 88.60369609856262, 90.08919722497522], [97.95918367346938, 97.79735682819383, 76.55038759689923, 90.29702970297029, 92.36252545824847, 92.60089686098655, 95.72025052192066, 92.60700389105058, 90.65708418891171, 92.46778989098117], [96.83673469387755, 98.06167400881057, 89.53488372093024, 92.77227722772277, 93.17718940936864, 89.34977578475336, 96.97286012526096, 91.82879377431907, 91.27310061601642, 91.57581764122894], [98.16326530612245, 98.50220264317181, 89.14728682170542, 91.38613861386139, 95.41751527494908, 91.70403587443946, 96.97286012526096, 93.28793774319067, 87.37166324435319, 86.62041625371656], [98.36734693877551, 97.88546255506608, 77.32558139534883, 93.06930693069307, 93.9918533604888, 91.70403587443946, 95.19832985386222, 92.80155642023347, 93.32648870636551, 91.67492566897918], [97.34693877551021, 97.79735682819383, 89.72868217054264, 93.66336633663366, 95.11201629327903, 91.4798206278027, 95.82463465553236, 91.05058365758755, 92.40246406570841, 92.76511397423191], [98.46938775510205, 97.88546255506608, 84.78682170542636, 93.76237623762377, 93.38085539714868, 91.4798206278027, 97.18162839248434, 92.99610894941634, 93.1211498973306, 91.97224975222993], [98.57142857142857, 98.14977973568281, 89.05038759689923, 92.27722772277228, 94.90835030549898, 92.82511210762331, 95.61586638830897, 94.74708171206225, 93.73716632443532, 91.47670961347869], [98.46938775510205, 98.59030837004406, 86.43410852713178, 89.20792079207921, 95.010183299389, 95.06726457399103, 96.03340292275574, 94.64980544747081, 93.53182751540041, 90.98116947472745], [98.26530612244898, 98.50220264317181, 90.11627906976744, 94.05940594059406, 95.82484725050917, 91.92825112107623, 96.34655532359082, 92.50972762645914, 92.60780287474333, 92.07135777998018], [98.36734693877551, 98.50220264317181, 71.51162790697674, 94.65346534653466, 94.90835030549898, 93.94618834080717, 96.34655532359082, 93.3852140077821, 93.63449691991786, 92.46778989098117], [98.46938775510205, 98.59030837004406, 88.85658914728683, 93.46534653465346, 95.72301425661914, 92.82511210762331, 96.34655532359082, 93.57976653696498, 94.55852156057495, 91.0802775024777], [98.46938775510205, 98.76651982378854, 92.53875968992249, 93.36633663366337, 93.9918533604888, 93.83408071748879, 96.5553235908142, 94.06614785992218, 92.40246406570841, 93.55797819623389], [98.46938775510205, 98.50220264317181, 93.6046511627907, 92.17821782178218, 94.80651731160896, 93.27354260089686, 96.65970772442589, 94.74708171206225, 95.27720739219713, 93.3597621407334], [98.46938775510205, 98.94273127753304, 79.84496124031008, 93.66336633663366, 95.11201629327903, 95.96412556053812, 96.5553235908142, 93.28793774319067, 92.19712525667352, 93.1615460852329], [98.06122448979592, 98.6784140969163, 96.60852713178295, 91.98019801980197, 95.62118126272912, 93.49775784753363, 97.07724425887265, 92.41245136186771, 95.07186858316221, 92.36868186323092], [98.06122448979592, 98.76651982378854, 92.82945736434108, 93.16831683168317, 96.23217922606925, 94.61883408071749, 96.86847599164926, 93.67704280155642, 93.94250513347022, 93.06243805748265], [98.6734693877551, 98.6784140969163, 88.56589147286822, 96.13861386138613, 96.5376782077393, 93.72197309417041, 96.24217118997912, 95.52529182879377, 92.81314168377824, 92.17046580773042], [98.36734693877551, 98.6784140969163, 94.47674418604652, 94.05940594059406, 95.41751527494908, 94.84304932735427, 97.18162839248434, 93.67704280155642, 93.94250513347022, 93.3597621407334], [98.16326530612245, 98.50220264317181, 92.92635658914729, 95.44554455445545, 94.70468431771894, 94.28251121076234, 97.07724425887265, 94.16342412451363, 93.01848049281314, 95.04459861248762]],