{"config": {"DATASET": "mnist", "TOTAL_CLIENTS": 100, "CLIENT_FRAC": 0.1, "POISON_FRAC": 0.1, "CREATE_DATASET": true, "CLASS_RATIO": 10, "MODEL": "nnet", "LEARNING_RATE": 0.001, "BATCH_SIZE": 32, "LOCAL_EPOCHS": 3, "OPTIMIZER": "adam", "FED_ROUNDS": 30, "TEST_EVERY": 1, "RANDOM": true, "COS_DEFENCE": true, "SEL_METHOD": 1, "REDUCE_LR": 1, "COLLAB_MODE": true, "COLLAB_ALL": true, "CONSIDER_LAYERS": "l1", "GRAD_AGG": true, "FEATURE_FINDING_ALGO": "auror", "GRAD_COLLECTION_START": 0, "GRAD_COLLECT_FOR": -1, "CLUSTER_SEP": 0.1, "ALPHA": 0.7, "BETA": 0.7, "GAMMA": 0.1, "TRUST_INC": 2, "TRUST_CUT_METHOD": 2, "HONEST_PARDON_FACTOR": 0.99, "LOG_LEVEL": "INFO", "JSON_RESULTS": true}, "mean_poison_class_acc": 79.45736434108527, "mean_attack_srate": 3.158914728682171, "total_accuracies": [20.45, 29.23, 36.85, 54.22, 65.78, 75.09, 75.09, 77.63, 80.71, 83.0, 84.85, 84.91, 86.35, 87.11, 87.92, 87.87, 88.56, 88.85, 89.23, 89.86, 90.12, 90.18, 89.74, 90.17, 89.96, 91.3, 91.56, 90.55, 92.14, 89.01], "class_accuracies": [[85.81632653061224, 100.0, 0.0, 6.8316831683168315, 0.0, 0.0, 0.0, 0.0, 0.0, 0.0], [98.9795918367347, 89.77973568281938, 0.7751937984496124, 6.732673267326732, 0.0, 0.0, 0.0, 0.0, 0.0, 85.0346878097126], [97.85714285714286, 99.38325991189427, 9.496124031007753, 69.5049504950495, 10.285132382892057, 16.591928251121075, 52.609603340292274, 1.0700389105058365, 0.0, 3.3696729435084243], [97.24489795918367, 97.97356828193833, 30.03875968992248, 72.37623762376238, 1.5274949083503055, 51.90582959641256, 76.51356993736952, 19.844357976653697, 0.0, 89.29633300297324], [94.38775510204081, 98.76651982378854, 43.992248062015506, 70.89108910891089, 21.384928716904277, 78.81165919282512, 82.35908141962422, 62.159533073929964, 13.757700205338809, 87.90882061446978], [92.75510204081633, 97.5330396475771, 41.08527131782946, 71.48514851485149, 74.949083503055, 51.34529147982063, 86.22129436325679, 74.0272373540856, 87.67967145790554, 70.56491575817641], [92.04081632653062, 98.32599118942731, 73.64341085271317, 66.03960396039604, 38.69653767820774, 81.83856502242152, 88.83089770354906, 65.36964980544747, 51.64271047227926, 91.97224975222993], [93.6734693877551, 98.14977973568281, 73.74031007751938, 91.78217821782178, 68.32993890020367, 52.01793721973094, 90.91858037578288, 75.9727626459144, 39.630390143737166, 86.22398414271557], [90.3061224489796, 97.79735682819383, 64.63178294573643, 85.94059405940594, 80.44806517311609, 69.95515695067265, 92.17118997912317, 81.22568093385215, 57.186858316221766, 84.4400396432111], [92.44897959183673, 97.18061674008811, 80.9108527131783, 83.76237623762377, 89.5112016293279, 75.44843049327355, 92.48434237995825, 90.36964980544747, 65.19507186858316, 60.257680872150644], [90.3061224489796, 97.44493392070484, 80.42635658914729, 84.55445544554455, 84.0122199592668, 83.96860986547085, 90.6054279749478, 91.53696498054475, 72.07392197125257, 71.85332011892963], [96.0204081632653, 97.5330396475771, 68.7015503875969, 83.36633663366337, 86.86354378818737, 84.08071748878923, 91.54488517745303, 85.89494163424125, 69.50718685831622, 84.4400396432111], [95.0, 97.18061674008811, 78.77906976744185, 81.2871287128713, 94.80651731160896, 85.42600896860986, 90.39665970772442, 86.18677042801556, 78.54209445585215, 75.02477700693757], [93.6734693877551, 97.62114537444934, 80.71705426356588, 83.66336633663366, 93.68635437881873, 86.99551569506727, 90.6054279749478, 89.39688715953308, 74.64065708418892, 78.98909811694747], [94.79591836734694, 96.74008810572687, 80.52325581395348, 90.0990099009901, 84.41955193482688, 81.72645739910314, 92.27557411273486, 86.18677042801556, 82.4435318275154, 88.50346878097126], [95.40816326530613, 96.12334801762114, 79.26356589147287, 84.95049504950495, 92.05702647657841, 87.89237668161435, 90.50104384133611, 85.21400778210116, 81.51950718685832, 85.23290386521309], [95.91836734693878, 97.70925110132158, 84.78682170542636, 90.89108910891089, 85.4378818737271, 80.71748878923766, 91.7536534446764, 86.57587548638132, 78.64476386036961, 91.17938553022795], [96.63265306122449, 96.2114537444934, 81.5891472868217, 83.66336633663366, 95.82484725050917, 88.56502242152466, 91.64926931106471, 87.45136186770428, 83.16221765913758, 83.34985133795837], [96.93877551020408, 97.18061674008811, 77.71317829457364, 84.75247524752476, 93.17718940936864, 88.45291479820628, 90.6054279749478, 91.34241245136187, 86.13963039014374, 85.43111992071358], [96.42857142857143, 98.41409691629956, 85.56201550387597, 87.62376237623762, 92.26069246435846, 83.85650224215247, 94.98956158663883, 89.39688715953308, 81.3141683778234, 87.31417244796829], [96.0204081632653, 97.62114537444934, 84.88372093023256, 88.11881188118812, 93.07535641547861, 85.76233183856502, 95.92901878914405, 89.59143968871595, 82.13552361396304, 87.01684836471755], [97.55102040816327, 97.70925110132158, 83.91472868217055, 87.12871287128714, 89.20570264765784, 87.21973094170404, 94.88517745302714, 90.85603112840467, 82.54620123203286, 89.79187314172448], [97.75510204081633, 97.62114537444934, 79.06976744186046, 86.13861386138613, 89.30753564154786, 87.78026905829596, 94.258872651357, 88.13229571984436, 84.59958932238193, 92.07135777998018], [97.24489795918367, 98.23788546255507, 76.25968992248062, 89.4059405940594, 94.09368635437882, 87.5560538116592, 93.73695198329854, 90.75875486381322, 85.42094455852155, 88.30525272547077], [97.44897959183673, 97.09251101321586, 73.64341085271317, 89.20792079207921, 95.31568228105907, 84.86547085201794, 92.58872651356994, 89.00778210116732, 92.19712525667352, 87.71060455896928], [96.73469387755102, 98.06167400881057, 83.62403100775194, 93.06930693069307, 92.4643584521385, 87.5560538116592, 93.42379958246346, 90.85603112840467, 85.1129363449692, 91.0802775024777], [97.14285714285714, 96.47577092511013, 88.85658914728683, 85.04950495049505, 94.29735234215886, 91.14349775784753, 94.46764091858037, 90.75875486381322, 89.93839835728953, 87.21506442021804], [97.65306122448979, 97.26872246696036, 73.25581395348837, 92.97029702970298, 93.9918533604888, 88.2286995515695, 94.258872651357, 91.82879377431907, 85.52361396303901, 90.08919722497522], [97.65306122448979, 97.79735682819383, 89.14728682170542, 90.99009900990099, 92.66802443991854, 86.99551569506727, 94.1544885177453, 92.31517509727627, 87.26899383983573, 91.2784935579782], [97.55102040816327, 97.18061674008811, 58.43023255813954, 87.52475247524752, 94.29735234215886, 93.16143497757848, 91.7536534446764, 89.98054474708171, 90.04106776180699, 90.8820614469772]],