{"config": {"DATASET": "mnist", "TOTAL_CLIENTS": 100, "CLIENT_FRAC": 0.1, "POISON_FRAC": 0.1, "CREATE_DATASET": true, "CLASS_RATIO": 10, "MODEL": "nnet", "LEARNING_RATE": 0.001, "BATCH_SIZE": 32, "LOCAL_EPOCHS": 3, "OPTIMIZER": "adam", "FED_ROUNDS": 30, "TEST_EVERY": 1, "RANDOM": true, "COS_DEFENCE": true, "SEL_METHOD": 1, "REDUCE_LR": 1, "COLLAB_MODE": true, "COLLAB_ALL": true, "CONSIDER_LAYERS": "l1", "GRAD_AGG": true, "FEATURE_FINDING_ALGO": "auror", "GRAD_COLLECTION_START": 0, "GRAD_COLLECT_FOR": -1, "CLUSTER_SEP": 1.0, "ALPHA": 0.7, "BETA": 0.7, "GAMMA": 0.1, "TRUST_INC": 2, "TRUST_CUT_METHOD": 2, "HONEST_PARDON_FACTOR": 0.99, "LOG_LEVEL": "INFO", "JSON_RESULTS": true}, "mean_poison_class_acc": 81.55038759689923, "mean_attack_srate": 3.018410852713178, "total_accuracies": [14.35, 32.38, 36.8, 52.52, 69.37, 69.61, 73.37, 76.26, 78.38, 81.99, 83.66, 83.35, 84.35, 85.17, 85.22, 86.32, 86.42, 87.38, 87.03, 88.15, 88.91, 88.81, 88.65, 89.03, 90.26, 89.28, 90.4, 90.81, 90.78, 91.08], "class_accuracies": [[0.0, 0.0, 37.5968992248062, 0.0, 0.0, 4.484304932735426, 0.0, 0.0, 0.0, 99.8017839444995], [97.24489795918367, 99.8237885462555, 68.12015503875969, 0.0, 4.582484725050916, 2.3542600896860986, 21.920668058455114, 0.0, 0.0, 17.145688800792865], [98.87755102040816, 99.8237885462555, 53.97286821705426, 33.76237623762376, 65.9877800407332, 0.2242152466367713, 0.20876826722338204, 2.6264591439688716, 0.0, 0.09910802775024777], [96.63265306122449, 99.38325991189427, 48.35271317829457, 26.831683168316832, 75.25458248472505, 0.672645739910314, 4.906054279749478, 92.31517509727627, 61.29363449691992, 6.838453914767096], [96.3265306122449, 99.11894273127753, 31.782945736434108, 56.039603960396036, 67.41344195519348, 64.79820627802691, 78.18371607515658, 73.34630350194553, 51.84804928131417, 71.95242814667988], [96.93877551020408, 99.03083700440529, 58.333333333333336, 78.11881188118812, 62.93279022403259, 48.766816143497756, 82.77661795407099, 92.80155642023347, 32.13552361396304, 37.9583746283449], [97.34693877551021, 97.97356828193833, 70.25193798449612, 83.96039603960396, 90.42769857433808, 56.83856502242153, 83.7160751565762, 82.87937743190662, 39.83572895277207, 25.867195242814667], [95.20408163265306, 98.06167400881057, 52.22868217054263, 69.3069306930693, 85.13238289205702, 77.80269058295964, 91.64926931106471, 82.1011673151751, 55.030800821355236, 54.80673934588702], [96.93877551020408, 96.47577092511013, 56.87984496124031, 69.20792079207921, 84.72505091649694, 61.88340807174888, 89.77035490605428, 88.81322957198444, 82.64887063655031, 54.013875123885036], [97.24489795918367, 95.06607929515418, 69.67054263565892, 82.17821782178218, 73.0142566191446, 64.23766816143498, 89.77035490605428, 86.08949416342412, 79.36344969199179, 80.2775024777007], [96.22448979591837, 95.50660792951543, 80.71705426356588, 74.65346534653466, 84.5213849287169, 75.89686098654708, 86.32567849686848, 89.2023346303502, 82.54620123203286, 69.0782953419227], [95.71428571428571, 95.94713656387665, 81.78294573643412, 67.92079207920793, 81.46639511201629, 87.21973094170404, 91.02296450939457, 82.78210116731518, 68.37782340862422, 80.37661050545094], [95.40816326530613, 94.80176211453744, 79.65116279069767, 72.57425742574257, 78.81873727087576, 78.02690582959642, 93.94572025052192, 82.00389105058366, 85.01026694045174, 82.06144697720515], [97.34693877551021, 96.12334801762114, 82.46124031007751, 79.3069306930693, 92.26069246435846, 77.69058295964126, 91.02296450939457, 86.284046692607, 80.69815195071868, 66.9970267591675], [97.44897959183673, 95.94713656387665, 72.48062015503876, 81.98019801980197, 79.63340122199592, 81.27802690582959, 90.50104384133611, 91.92607003891051, 79.97946611909651, 79.68285431119921], [96.73469387755102, 97.44493392070484, 81.0077519379845, 86.33663366336634, 87.78004073319755, 76.90582959641256, 92.48434237995825, 86.67315175097276, 75.564681724846, 80.17839444995045], [96.93877551020408, 95.68281938325991, 77.61627906976744, 78.81188118811882, 92.36252545824847, 81.16591928251121, 94.258872651357, 86.7704280155642, 82.75154004106776, 77.00693756194252], [95.40816326530613, 95.06607929515418, 82.75193798449612, 85.74257425742574, 82.38289205702648, 86.88340807174887, 92.17118997912317, 84.24124513618678, 83.67556468172485, 84.83647175421208], [96.83673469387755, 94.7136563876652, 75.3875968992248, 82.17821782178218, 90.63136456211812, 83.29596412556054, 94.57202505219206, 84.92217898832685, 83.9835728952772, 83.34985133795837], [96.73469387755102, 96.74008810572687, 82.17054263565892, 84.75247524752476, 94.80651731160896, 80.60538116591928, 91.8580375782881, 85.7976653696498, 87.37166324435319, 79.48463825569871], [97.44897959183673, 96.12334801762114, 85.56201550387597, 87.52475247524752, 90.73319755600815, 83.6322869955157, 91.7536534446764, 85.50583657587549, 83.47022587268994, 86.22398414271557], [97.24489795918367, 96.29955947136564, 80.13565891472868, 90.6930693069307, 90.52953156822811, 84.30493273542601, 93.84133611691023, 86.67315175097276, 83.36755646817248, 84.14271555996035], [97.24489795918367, 95.15418502202643, 78.68217054263566, 84.65346534653466, 91.95519348268839, 82.51121076233184, 92.69311064718163, 88.03501945525292, 89.83572895277207, 85.0346878097126], [96.93877551020408, 96.29955947136564, 80.03875968992249, 84.15841584158416, 90.52953156822811, 86.43497757847534, 95.61586638830897, 85.40856031128405, 85.52361396303901, 88.89990089197225], [97.85714285714286, 95.59471365638767, 87.6937984496124, 88.41584158415841, 92.15885947046843, 83.6322869955157, 92.06680584551148, 88.91050583657588, 88.91170431211499, 86.32309217046581], [97.34693877551021, 96.29955947136564, 74.90310077519379, 86.83168316831683, 90.83503054989816, 87.89237668161435, 90.6054279749478, 91.05058365758755, 88.60369609856262, 88.00792864222002], [97.75510204081633, 94.7136563876652, 86.14341085271317, 89.60396039603961, 95.21384928716904, 84.97757847533633, 93.31941544885177, 88.03501945525292, 88.09034907597535, 85.53022794846383], [97.95918367346938, 97.00440528634361, 85.94961240310077, 91.38613861386139, 92.9735234215886, 87.66816143497758, 92.58872651356994, 89.98054474708171, 84.80492813141684, 86.9177403369673], [97.55102040816327, 96.91629955947137, 87.98449612403101, 89.20792079207921, 95.21384928716904, 89.23766816143498, 93.1106471816284, 87.54863813229572, 85.31827515400411, 85.13379583746284], [96.73469387755102, 96.82819383259911, 87.8875968992248, 85.64356435643565, 93.48268839103869, 90.80717488789237, 94.67640918580376, 89.59143968871595, 86.652977412731, 88.10703666997027]],