{"config": {"DATASET": "mnist", "TOTAL_CLIENTS": 100, "CLIENT_FRAC": 0.1, "POISON_FRAC": 0.2, "CREATE_DATASET": true, "RANDOM_DATA": true, "CLASS_RATIO": 10, "MODEL": "nnet", "LEARNING_RATE": 0.001, "BATCH_SIZE": 32, "LOCAL_EPOCHS": 10, "OPTIMIZER": "adam", "FED_ROUNDS": 30, "TEST_EVERY": 1, "RANDOM_PROCESS": false, "COS_DEFENCE": false, "SEL_METHOD": 1, "REDUCE_LR": 1, "COLLAB_MODE": true, "COLLAB_ALL": true, "CONSIDER_LAYERS": "l1", "GRAD_AGG": true, "FEATURE_FINDING_ALGO": "auror", "GRAD_COLLECTION_START": 0, "GRAD_COLLECT_FOR": -1, "CLUSTER_SEP": 0.005, "ALPHA": 0.8, "BETA": 0.8, "GAMMA": 0.1, "TRUST_INC": 2, "TRUST_CUT_METHOD": 1, "HONEST_PARDON_FACTOR": 0.7, "LOG_LEVEL": "INFO", "JSON_RESULTS": true}, "mean_poison_class_acc": 70.15503875968993, "mean_attack_srate": 3.391472868217054, "total_accuracies": [45.3, 73.31, 84.3, 87.42, 87.22, 86.49, 89.88, 91.2, 91.67, 91.2, 92.2, 91.5, 92.75, 91.81, 90.8, 91.29, 93.57, 92.15, 92.57, 93.86, 87.56, 93.48, 90.88, 94.18, 93.29, 93.96, 89.86, 94.53, 87.81, 93.9], "class_accuracies": [[98.77551020408163, 99.8237885462555, 0.1937984496124031, 30.792079207920793, 12.423625254582484, 9.417040358744394, 37.89144050104384, 85.40856031128405, 48.35728952772074, 19.62338949454906], [96.63265306122449, 97.70925110132158, 26.162790697674417, 80.0, 95.92668024439918, 75.44843049327355, 89.97912317327766, 85.11673151750973, 62.83367556468173, 23.09217046580773], [96.53061224489795, 96.91629955947137, 60.94961240310077, 85.14851485148515, 87.37270875763747, 79.14798206278027, 92.17118997912317, 88.91050583657588, 75.05133470225873, 79.58374628344896], [96.3265306122449, 95.77092511013215, 76.16279069767442, 88.31683168316832, 93.38085539714868, 74.43946188340807, 94.57202505219206, 88.81322957198444, 82.23819301848049, 82.45787908820614], [96.63265306122449, 95.59471365638767, 65.98837209302326, 83.36633663366337, 91.95519348268839, 83.5201793721973, 93.0062630480167, 88.42412451361868, 86.44763860369609, 86.9177403369673], [97.34693877551021, 98.06167400881057, 53.29457364341085, 90.0, 91.75152749490834, 82.28699551569507, 93.0062630480167, 90.46692607003891, 79.87679671457906, 88.10703666997027], [96.83673469387755, 97.97356828193833, 89.43798449612403, 88.31683168316832, 96.84317718940937, 85.31390134529148, 94.88517745302714, 89.2023346303502, 81.62217659137578, 77.20515361744302], [97.44897959183673, 96.82819383259911, 90.69767441860465, 88.7128712871287, 94.5010183299389, 89.79820627802691, 93.31941544885177, 91.05058365758755, 81.82751540041068, 87.01684836471755], [97.34693877551021, 97.09251101321586, 87.59689922480621, 87.82178217821782, 95.51934826883911, 89.12556053811659, 94.88517745302714, 91.53696498054475, 86.03696098562628, 89.09811694747275], [97.95918367346938, 97.5330396475771, 78.48837209302326, 87.82178217821782, 95.010183299389, 89.68609865470852, 96.03340292275574, 92.80155642023347, 87.26899383983573, 89.09811694747275], [97.75510204081633, 97.5330396475771, 88.95348837209302, 92.77227722772277, 89.91853360488798, 91.4798206278027, 93.94572025052192, 89.49416342412451, 85.42094455852155, 94.05351833498513], [98.26530612244898, 97.62114537444934, 77.81007751937985, 91.98019801980197, 96.02851323828921, 91.70403587443946, 93.31941544885177, 92.80155642023347, 84.70225872689939, 90.48562933597621], [97.75510204081633, 97.70925110132158, 84.20542635658914, 90.0, 95.31568228105907, 92.152466367713, 95.72025052192066, 92.8988326848249, 90.24640657084188, 91.2784935579782], [98.16326530612245, 98.59030837004406, 72.57751937984496, 94.85148514851485, 95.11201629327903, 89.68609865470852, 95.61586638830897, 93.3852140077821, 88.70636550308008, 91.0802775024777], [98.06122448979592, 97.70925110132158, 61.434108527131784, 92.57425742574257, 96.23217922606925, 92.9372197309417, 94.36325678496868, 94.06614785992218, 89.42505133470226, 91.67492566897918], [98.06122448979592, 97.70925110132158, 65.01937984496124, 92.77227722772277, 95.51934826883911, 93.83408071748879, 93.21503131524008, 93.77431906614785, 90.96509240246407, 92.46778989098117], [98.06122448979592, 98.6784140969163, 85.94961240310077, 92.47524752475248, 95.92668024439918, 92.82511210762331, 96.24217118997912, 93.09338521400778, 90.75975359342915, 91.37760158572844], [98.06122448979592, 97.97356828193833, 70.63953488372093, 93.76237623762377, 95.72301425661914, 93.27354260089686, 94.78079331941545, 92.70428015564202, 92.09445585215606, 92.76511397423191], [97.85714285714286, 98.59030837004406, 73.83720930232558, 93.06930693069307, 95.51934826883911, 94.28251121076234, 94.78079331941545, 92.70428015564202, 92.29979466119096, 92.9633300297324], [98.16326530612245, 97.79735682819383, 84.49612403100775, 95.14851485148515, 96.02851323828921, 92.152466367713, 96.03340292275574, 93.09338521400778, 93.1211498973306, 92.36868186323092], [98.77551020408163, 98.06167400881057, 24.515503875968992, 92.87128712871286, 95.11201629327903, 93.38565022421524, 94.05010438413362, 93.57976653696498, 93.94250513347022, 93.06243805748265], [97.75510204081633, 98.23788546255507, 80.23255813953489, 95.74257425742574, 97.14867617107943, 92.152466367713, 93.94572025052192, 94.8443579766537, 91.47843942505133, 92.9633300297324], [97.44897959183673, 98.23788546255507, 54.36046511627907, 93.86138613861387, 96.63951120162933, 93.04932735426009, 95.4070981210856, 95.8171206225681, 93.01848049281314, 91.67492566897918], [98.26530612244898, 98.41409691629956, 85.27131782945736, 95.74257425742574, 97.45417515274949, 92.71300448430493, 95.4070981210856, 93.19066147859922, 94.35318275154005, 90.78295341922696], [98.06122448979592, 98.50220264317181, 75.96899224806202, 93.86138613861387, 96.13034623217922, 94.95515695067265, 95.30271398747391, 94.8443579766537, 91.17043121149898, 94.25173439048562], [98.26530612244898, 98.50220264317181, 81.1046511627907, 94.85148514851485, 96.74134419551935, 92.9372197309417, 94.98956158663883, 96.69260700389106, 92.60780287474333, 92.66600594648166], [97.34693877551021, 98.06167400881057, 43.604651162790695, 95.04950495049505, 95.92668024439918, 92.04035874439462, 95.19832985386222, 94.64980544747081, 93.32648870636551, 94.35084241823587], [98.06122448979592, 98.94273127753304, 85.36821705426357, 95.64356435643565, 95.72301425661914, 93.04932735426009, 95.51148225469728, 95.52529182879377, 94.14784394250513, 92.9633300297324], [98.26530612244898, 98.6784140969163, 26.25968992248062, 93.76237623762377, 95.92668024439918, 92.37668161434978, 94.78079331941545, 93.67704280155642, 90.96509240246407, 94.84638255698711], [98.26530612244898, 98.23788546255507, 81.4922480620155, 94.35643564356435, 95.11201629327903, 92.9372197309417, 94.88517745302714, 96.20622568093385, 93.53182751540041, 93.75619425173439]],