{"config": {"DATASET": "mnist", "CLIENT_FRAC": 0.2, "POISON_FRAC": 0.4, "CREATE_DATASET": false, "CLASS_RATIO": 10, "MODEL": "nnet", "LEARNING_RATE": 0.001, "BATCH_SIZE": 32, "LOCAL_EPOCHS": 3, "OPTIMIZER": "adam", "FED_ROUNDS": 40, "TEST_EVERY": 1, "RANDOM": false, "COS_DEFENCE": true, "SEL_METHOD": 2, "COLLAB_MODE": true, "CONSIDER_LAYERS": "l1", "GRAD_AGG": true, "FEATURE_FINDING_ALGO": "auror_plus", "GRAD_COLLECTION_START": 0, "GRAD_COLLECT_FOR": -1, "CLUSTER_SEP": 2.0, "ALPHA": 0.5, "BETA": 0.5, "GAMMA": 0.5, "TRUST_INC": 2, "TRUST_CUT_METHOD": 1, "HONEST_PARDON_FACTOR": 0.99, "LOG_LEVEL": "INFO", "JSON_RESULTS": true}, "mean_poison_class_acc": 59.59302325581395, "mean_attack_srate": 3.709856035437431, "total_accuracies": [14.82, 44.3, 22.7, 43.27, 53.8, 45.48, 54.23, 67.38, 73.02, 71.49, 77.47, 82.93, 83.95, 82.05, 84.23, 85.06, 87.99, 87.83, 85.96, 87.07, 89.31, 89.73, 90.38, 85.11, 91.08, 91.0, 90.57, 90.75, 91.94, 92.47, 92.09, 83.88, 93.02, 93.42, 93.41, 91.94, 93.42, 93.68, 93.72, 93.71], "class_accuracies": [[32.142857142857146, 1.4096916299559472, 0.0, 0.0, 44.19551934826884, 0.0, 1.1482254697286012, 0.0, 0.0, 69.97026759167493], [95.10204081632654, 97.00440528634361, 0.0, 61.48514851485149, 65.58044806517312, 3.2511210762331837, 74.21711899791232, 0.38910505836575876, 0.0, 38.45391476709614], [87.04081632653062, 16.651982378854626, 0.0, 1.0891089108910892, 0.0, 0.0, 21.189979123173277, 2.237354085603113, 0.0, 98.21605550049554], [87.55102040816327, 87.57709251101322, 0.0, 21.287128712871286, 0.5091649694501018, 94.61883408071749, 52.08768267223382, 18.579766536964982, 0.0, 71.45688800792864], [97.04081632653062, 99.20704845814979, 0.0, 80.0, 36.55804480651731, 26.681614349775785, 71.50313152400835, 38.13229571984436, 0.3080082135523614, 81.07036669970267], [98.46938775510205, 99.03083700440529, 4.263565891472868, 84.45544554455445, 27.4949083503055, 21.63677130044843, 14.30062630480167, 12.354085603112841, 0.9240246406570842, 81.86323092170466], [98.9795918367347, 99.11894273127753, 9.108527131782946, 90.79207920792079, 32.89205702647658, 18.49775784753363, 76.20041753653445, 20.330739299610894, 2.8747433264887063, 85.43111992071358], [98.57142857142857, 99.38325991189427, 30.523255813953487, 82.57425742574257, 38.4928716904277, 46.18834080717489, 79.22755741127348, 71.69260700389106, 35.318275154004105, 85.72844400396433], [94.89795918367346, 98.76651982378854, 1.4534883720930232, 83.06930693069307, 61.09979633401222, 77.3542600896861, 87.36951983298539, 80.83657587548637, 59.856262833675565, 84.83647175421208], [97.44897959183673, 98.6784140969163, 11.821705426356589, 87.52475247524752, 93.27902240325865, 72.30941704035874, 89.77035490605428, 87.7431906614786, 54.92813141683778, 20.81268582755203], [96.53061224489795, 97.97356828193833, 32.36434108527132, 89.70297029702971, 92.4643584521385, 74.77578475336323, 90.39665970772442, 87.84046692607004, 59.445585215605746, 52.130822596630324], [97.85714285714286, 96.74008810572687, 64.82558139534883, 90.0, 88.90020366598777, 73.4304932735426, 92.27557411273486, 83.75486381322958, 70.02053388090349, 69.67294350842418], [97.85714285714286, 97.79735682819383, 59.01162790697674, 87.22772277227723, 88.18737270875764, 77.01793721973094, 89.14405010438414, 88.42412451361868, 73.92197125256673, 79.28642220019822], [96.53061224489795, 96.74008810572687, 29.26356589147287, 81.98019801980197, 84.41955193482688, 86.88340807174887, 91.44050104384134, 86.38132295719845, 79.67145790554414, 87.90882061446978], [97.75510204081633, 97.18061674008811, 53.10077519379845, 86.03960396039604, 93.27902240325865, 86.99551569506727, 91.44050104384134, 89.78599221789884, 74.74332648870636, 71.95242814667988], [97.75510204081633, 97.44493392070484, 49.6124031007752, 90.1980198019802, 93.9918533604888, 83.6322869955157, 92.27557411273486, 89.6887159533074, 75.15400410677618, 80.47571853320119], [97.75510204081633, 97.3568281938326, 77.51937984496124, 90.1980198019802, 93.78818737270876, 83.85650224215247, 93.94572025052192, 85.70038910505836, 79.05544147843942, 79.78196233894946], [97.65306122448979, 97.97356828193833, 68.7015503875969, 87.92079207920793, 90.52953156822811, 84.52914798206278, 92.06680584551148, 90.07782101167315, 82.75154004106776, 85.23290386521309], [97.34693877551021, 97.09251101321586, 49.7093023255814, 83.56435643564356, 90.12219959266803, 90.02242152466367, 92.37995824634656, 88.32684824902724, 82.54620123203286, 88.9990089197225], [98.16326530612245, 97.18061674008811, 54.36046511627907, 88.7128712871287, 93.58452138492872, 87.33183856502242, 92.58872651356994, 90.07782101167315, 83.5728952772074, 85.23290386521309], [97.75510204081633, 97.88546255506608, 73.54651162790698, 92.37623762376238, 94.70468431771894, 87.5560538116592, 93.31941544885177, 90.36964980544747, 80.18480492813141, 84.73736372646184], [97.75510204081633, 97.3568281938326, 76.45348837209302, 91.98019801980197, 95.21384928716904, 85.20179372197309, 94.98956158663883, 88.81322957198444, 83.77823408624229, 85.0346878097126], [97.95918367346938, 97.88546255506608, 78.58527131782945, 89.10891089108911, 92.87169042769857, 88.11659192825113, 94.46764091858037, 91.24513618677042, 86.34496919917865, 86.62041625371656], [97.65306122448979, 97.3568281938326, 27.906976744186046, 88.61386138613861, 90.12219959266803, 90.02242152466367, 93.84133611691023, 89.59143968871595, 84.70225872689939, 92.46778989098117], [98.06122448979592, 97.79735682819383, 81.2015503875969, 90.0990099009901, 94.09368635437882, 90.91928251121077, 94.258872651357, 90.85603112840467, 86.75564681724846, 86.42220019821606], [98.16326530612245, 97.79735682819383, 81.97674418604652, 93.06930693069307, 95.92668024439918, 87.33183856502242, 94.46764091858037, 90.46692607003891, 85.42094455852155, 84.63825569871159], [98.06122448979592, 97.18061674008811, 70.83333333333333, 92.17821782178218, 94.29735234215886, 88.78923766816143, 95.61586638830897, 90.6614785992218, 87.67967145790554, 90.28741328047572], [98.06122448979592, 98.14977973568281, 71.80232558139535, 91.78217821782178, 93.78818737270876, 88.67713004484305, 95.92901878914405, 91.82879377431907, 87.26899383983573, 89.89098116947473], [97.85714285714286, 98.06167400881057, 80.03875968992249, 92.07920792079207, 93.58452138492872, 91.70403587443946, 95.4070981210856, 91.24513618677042, 88.09034907597535, 91.0802775024777], [98.46938775510205, 97.88546255506608, 86.7248062015504, 91.68316831683168, 94.70468431771894, 90.69506726457399, 95.19832985386222, 91.73151750972762, 89.63039014373716, 87.51238850346878], [98.46938775510205, 97.62114537444934, 81.0077519379845, 92.57425742574257, 95.92668024439918, 90.47085201793722, 94.46764091858037, 90.95330739299611, 89.52772073921972, 89.59365708622398], [97.75510204081633, 97.88546255506608, 1.550387596899225, 93.06930693069307, 95.51934826883911, 88.45291479820628, 96.03340292275574, 90.95330739299611, 88.39835728952772, 91.17938553022795], [98.26530612244898, 98.6784140969163, 87.40310077519379, 93.56435643564356, 94.5010183299389, 91.14349775784753, 96.13778705636743, 92.70428015564202, 88.60369609856262, 88.60257680872151], [98.26530612244898, 97.79735682819383, 87.79069767441861, 93.26732673267327, 93.9918533604888, 90.69506726457399, 95.92901878914405, 91.63424124513618, 92.60780287474333, 91.77403369672943], [98.57142857142857, 98.06167400881057, 86.43410852713178, 93.36633663366337, 94.70468431771894, 92.48878923766816, 96.03340292275574, 92.41245136186771, 90.34907597535934, 91.37760158572844], [98.6734693877551, 98.32599118942731, 73.06201550387597, 93.06930693069307, 96.13034623217922, 93.94618834080717, 94.98956158663883, 92.02334630350195, 89.11704312114989, 90.28741328047572], [98.46938775510205, 98.14977973568281, 84.59302325581395, 94.95049504950495, 95.41751527494908, 90.80717488789237, 96.65970772442589, 93.48249027237354, 91.47843942505133, 89.79187314172448], [98.6734693877551, 98.59030837004406, 85.94961240310077, 94.55445544554455, 