{"config": {"DATASET": "mnist", "TOTAL_CLIENTS": 100, "CLIENT_FRAC": 0.2, "POISON_FRAC": 0.1, "CREATE_DATASET": false, "RANDOM_DATA": true, "CLASS_RATIO": 10, "MODEL": "nnet", "LEARNING_RATE": 0.001, "BATCH_SIZE": 32, "LOCAL_EPOCHS": 10, "OPTIMIZER": "adam", "FED_ROUNDS": 30, "TEST_EVERY": 1, "RANDOM_PROCESS": false, "COS_DEFENCE": true, "SEL_METHOD": 1, "REDUCE_LR": 1, "COLLAB_MODE": true, "COLLAB_ALL": true, "CONSIDER_LAYERS": "l1", "GRAD_AGG": true, "FEATURE_FINDING_ALGO": "auror", "GRAD_COLLECTION_START": 0, "GRAD_COLLECT_FOR": -1, "CLUSTER_SEP": 0.002, "ALPHA": 0.8, "BETA": 0.8, "GAMMA": 0.1, "TRUST_INC": 2, "TRUST_CUT_METHOD": 1, "HONEST_PARDON_FACTOR": 0.7, "LOG_LEVEL": "INFO", "JSON_RESULTS": true}, "mean_poison_class_acc": 84.98062015503876, "mean_attack_srate": 3.0775193798449614, "total_accuracies": [51.91, 72.15, 82.31, 86.87, 88.66, 89.74, 90.39, 91.08, 91.56, 91.09, 92.53, 92.89, 92.58, 91.94, 93.53, 94.06, 94.0, 92.48, 94.23, 93.16, 93.88, 94.05, 94.83, 94.56, 93.86, 94.2, 95.07, 94.9, 94.88, 95.3], "class_accuracies": [[99.28571428571429, 90.66079295154185, 12.5, 55.445544554455445, 65.4786150712831, 25.336322869955158, 34.864300626304804, 24.80544747081712, 50.10266940451746, 54.905847373637265], [97.14285714285714, 98.41409691629956, 57.945736434108525, 92.57425742574257, 78.61507128309572, 58.18385650224215, 79.54070981210856, 89.29961089494164, 36.03696098562629, 28.840436075322103], [96.42857142857143, 98.41409691629956, 64.72868217054264, 89.70297029702971, 86.45621181262729, 66.59192825112108, 90.91858037578288, 92.60700389105058, 74.02464065708419, 60.257680872150644], [96.63265306122449, 97.79735682819383, 80.62015503875969, 89.60396039603961, 82.79022403258656, 84.86547085201794, 90.50104384133611, 90.85603112840467, 71.86858316221766, 81.46679881070366], [97.75510204081633, 97.44493392070484, 79.26356589147287, 90.4950495049505, 91.34419551934828, 81.95067264573991, 91.9624217118998, 92.99610894941634, 80.9034907597536, 80.97125867195243], [97.14285714285714, 97.70925110132158, 85.56201550387597, 90.6930693069307, 89.20570264765784, 81.95067264573991, 93.1106471816284, 91.147859922179, 81.3141683778234, 87.80971258671953], [97.65306122448979, 97.5330396475771, 83.43023255813954, 91.38613861386139, 91.5478615071283, 83.5201793721973, 93.94572025052192, 90.85603112840467, 82.75154004106776, 89.89098116947473], [97.55102040816327, 97.70925110132158, 88.17829457364341, 88.7128712871287, 91.95519348268839, 89.79820627802691, 92.79749478079331, 91.73151750972762, 84.08624229979466, 87.41328047571854], [97.65306122448979, 97.5330396475771, 85.56201550387597, 92.27722772277228, 90.020366598778, 87.21973094170404, 94.258872651357, 91.82879377431907, 85.21560574948666, 92.9633300297324], [97.75510204081633, 98.8546255506608, 77.42248062015504, 93.26732673267327, 90.63136456211812, 87.66816143497758, 93.63256784968685, 92.31517509727627, 85.83162217659138, 92.56689791873141], [97.14285714285714, 98.6784140969163, 89.24418604651163, 93.16831683168317, 94.29735234215886, 87.21973094170404, 95.51148225469728, 93.19066147859922, 84.90759753593429, 90.68384539147671], [97.75510204081633, 98.14977973568281, 85.17441860465117, 92.57425742574257, 95.21384928716904, 89.23766816143498, 95.30271398747391, 92.70428015564202, 89.83572895277207, 92.26957383548067], [98.36734693877551, 98.76651982378854, 80.71705426356588, 93.96039603960396, 94.90835030549898, 91.03139013452915, 95.30271398747391, 93.28793774319067, 87.37166324435319, 91.57581764122894], [98.36734693877551, 97.97356828193833, 73.93410852713178, 93.16831683168317, 93.58452138492872, 90.5829596412556, 93.52818371607516, 93.19066147859922, 90.96509240246407, 93.85530227948463], [97.65306122448979, 98.76651982378854, 85.75581395348837, 94.85148514851485, 95.92668024439918, 91.14349775784753, 95.51148225469728, 94.64980544747081, 88.39835728952772, 91.97224975222993], [97.95918367346938, 98.6784140969163, 90.60077519379846, 93.26732673267327, 93.78818737270876, 90.5829596412556, 96.24217118997912, 94.26070038910505, 91.17043121149898, 93.26065411298315], [98.16326530612245, 98.41409691629956, 88.37209302325581, 94.45544554455445, 94.29735234215886, 91.4798206278027, 96.03340292275574, 94.16342412451363, 89.93839835728953, 94.05351833498513], [98.06122448979592, 98.76651982378854, 74.32170542635659, 96.43564356435644, 93.9918533604888, 90.35874439461884, 94.78079331941545, 95.03891050583658, 87.98767967145791, 94.54905847373637], [98.16326530612245, 98.41409691629956, 89.92248062015504, 93.36633663366337, 94.39918533604887, 92.04035874439462, 95.51148225469728, 94.06614785992218, 92.29979466119096, 93.55797819623389], [98.26530612244898, 98.50220264317181, 79.26356589147287, 95.54455445544555, 94.09368635437882, 91.03139013452915, 96.34655532359082, 93.3852140077821, 90.04106776180699, 94.74727452923686], [98.46938775510205, 98.76651982378854, 82.55813953488372, 94.65346534653466, 95.51934826883911, 92.04035874439462, 96.34655532359082, 94.74708171206225, 92.50513347022587, 92.86422200198216], [97.04081632653062, 98.76651982378854, 85.07751937984496, 93.56435643564356, 96.02851323828921, 94.28251121076234, 96.5553235908142, 94.74708171206225, 90.75975359342915, 93.45887016848364], [97.44897959183673, 98.76651982378854, 90.89147286821705, 94.65346534653466, 96.63951120162933, 93.72197309417041, 96.5553235908142, 94.74708171206225, 91.06776180698152, 93.3597621407334], [98.46938775510205, 98.50220264317181, 86.7248062015504, 96.33663366336634, 95.41751527494908, 91.4798206278027, 95.51148225469728, 94.16342412451363, 94.04517453798768, 94.44995044598612], [97.44897959183673, 98.94273127753304, 81.3953488372093, 96.53465346534654, 95.21384928716904, 91.25560538116592, 96.65970772442589, 94.55252918287938, 91.37577002053388, 94.74727452923686], [98.6734693877551, 98.59030837004406, 83.52713178294573, 96.23762376237623, 95.72301425661914, 93.27354260089686, 95.92901878914405, 94.45525291828794, 90.34907597535934, 94.94549058473736], [98.46938775510205, 98.59030837004406, 89.92248062015504, 96.03960396039604, 95.62118126272912, 93.16143497757848, 96.24217118997912, 95.23346303501945, 92.09445585215606, 94.84638255698711], [98.16326530612245, 98.59030837004406, 88.75968992248062, 95.64356435643565, 95.51934826883911, 93.04932735426009, 96.65970772442589, 96.01167315175097, 91.58110882956879, 94.54905847373637], [98.57142857142857, 98.6784140969163, 88.0813953488372, 95.04950495049505, 96.23217922606925, 94.73094170403587, 95.92901878914405, 95.52529182879377, 90.86242299794661, 94.84638255698711], [98.6734693877551, 98.6784140969163, 90.11627906976744, 96.63366336633663, 95.82484725050917, 92.60089686098655, 95.72025052192066, 95.71984435797665, 94.14784394250513, 94.35084241823587]],