{"config": {"DATASET": "mnist", "TOTAL_CLIENTS": 100, "CLIENT_FRAC": 0.2, "POISON_FRAC": 0.4, "CREATE_DATASET": false, "RANDOM_DATA": true, "CLASS_RATIO": 10, "MODEL": "nnet", "LEARNING_RATE": 0.001, "BATCH_SIZE": 32, "LOCAL_EPOCHS": 10, "OPTIMIZER": "adam", "FED_ROUNDS": 30, "TEST_EVERY": 1, "RANDOM_PROCESS": false, "COS_DEFENCE": true, "SEL_METHOD": 1, "REDUCE_LR": 1, "COLLAB_MODE": true, "COLLAB_ALL": true, "CONSIDER_LAYERS": "l1", "GRAD_AGG": true, "FEATURE_FINDING_ALGO": "auror", "GRAD_COLLECTION_START": 0, "GRAD_COLLECT_FOR": -1, "CLUSTER_SEP": 0.002, "ALPHA": 0.8, "BETA": 0.8, "GAMMA": 0.1, "TRUST_INC": 2, "TRUST_CUT_METHOD": 1, "HONEST_PARDON_FACTOR": 0.7, "LOG_LEVEL": "INFO", "JSON_RESULTS": true}, "mean_poison_class_acc": 75.37984496124031, "mean_attack_srate": 3.2906976744186043, "total_accuracies": [46.45, 67.41, 76.35, 80.87, 84.83, 88.24, 88.76, 90.56, 90.82, 91.33, 91.47, 91.61, 91.48, 92.45, 91.61, 91.54, 86.92, 93.83, 93.12, 94.13, 93.74, 93.04, 94.31, 93.55, 94.36, 92.41, 94.65, 93.85, 91.91, 93.06], "class_accuracies": [[99.38775510204081, 97.26872246696036, 0.0, 44.45544554455446, 80.14256619144602, 13.116591928251122, 5.010438413361169, 52.62645914396887, 7.084188911704312, 55.10406342913776], [97.65306122448979, 98.8546255506608, 0.0, 88.51485148514851, 86.76171079429736, 72.08520179372198, 71.71189979123173, 87.45136186770428, 39.83572895277207, 29.633300297324084], [96.83673469387755, 98.50220264317181, 8.817829457364342, 90.99009900990099, 89.40936863543789, 70.96412556053812, 89.66597077244259, 91.82879377431907, 69.19917864476386, 56.49157581764123], [97.55102040816327, 97.3568281938326, 23.15891472868217, 87.72277227722772, 86.86354378818737, 87.21973094170404, 89.4572025052192, 88.715953307393, 71.45790554414785, 79.78196233894946], [97.44897959183673, 97.44493392070484, 44.96124031007752, 90.5940594059406, 92.87169042769857, 82.62331838565022, 91.02296450939457, 91.73151750972762, 79.15811088295688, 80.0792864222002], [97.75510204081633, 97.5330396475771, 69.0891472868217, 90.5940594059406, 91.24236252545825, 82.73542600896862, 92.48434237995825, 90.46692607003891, 81.21149897330595, 88.20614469772052], [98.06122448979592, 96.82819383259911, 70.15503875968992, 89.4059405940594, 92.15885947046843, 88.56502242152466, 91.9624217118998, 89.49416342412451, 80.9034907597536, 89.69276511397423], [97.75510204081633, 97.26872246696036, 81.78294573643412, 89.8019801980198, 93.48268839103869, 88.67713004484305, 93.52818371607516, 90.46692607003891, 83.47022587268994, 88.70168483647176], [97.85714285714286, 97.88546255506608, 76.93798449612403, 92.87128712871286, 91.34419551934828, 88.45291479820628, 93.94572025052192, 91.24513618677042, 84.29158110882958, 92.66600594648166], [97.44897959183673, 98.50220264317181, 81.2984496124031, 90.89108910891089, 93.89002036659878, 88.90134529147981, 94.98956158663883, 91.05058365758755, 84.59958932238193, 90.98116947472745], [97.65306122448979, 98.14977973568281, 79.36046511627907, 92.57425742574257, 93.58452138492872, 89.46188340807174, 95.09394572025052, 91.53696498054475, 84.18891170431212, 92.46778989098117], [97.75510204081633, 97.88546255506608, 76.06589147286822, 91.78217821782178, 94.80651731160896, 89.23766816143498, 94.98956158663883, 91.147859922179, 89.52772073921972, 92.56689791873141], [98.46938775510205, 98.76651982378854, 74.2248062015504, 92.57425742574257, 93.9918533604888, 89.01345291479821, 95.51148225469728, 92.70428015564202, 86.85831622176592, 92.17046580773042], [98.26530612244898, 98.14977973568281, 79.74806201550388, 93.06930693069307, 94.09368635437882, 92.71300448430493, 94.57202505219206, 91.82879377431907, 89.63039014373716, 92.26957383548067], [97.55102040816327, 98.41409691629956, 68.6046511627907, 94.75247524752476, 94.29735234215886, 92.04035874439462, 95.61586638830897, 92.50972762645914, 89.3223819301848, 93.06243805748265], [97.85714285714286, 98.23788546255507, 67.24806201550388, 93.46534653465346, 94.39918533604887, 90.80717488789237, 96.86847599164926, 92.99610894941634, 90.65708418891171, 92.9633300297324], [97.95918367346938, 98.50220264317181, 24.127906976744185, 92.37623762376238, 92.9735234215886, 93.83408071748879, 94.36325678496868, 93.67704280155642, 88.50102669404518, 94.44995044598612], [98.06122448979592, 98.8546255506608, 88.2751937984496, 95.04950495049505, 94.19551934826885, 90.13452914798206, 96.24217118997912, 94.06614785992218, 89.11704312114989, 93.45887016848364], [98.16326530612245, 98.59030837004406, 78.97286821705427, 93.66336633663366, 95.92668024439918, 92.04035874439462, 96.5553235908142, 93.57976653696498, 89.93839835728953, 93.55797819623389], [98.06122448979592, 98.50220264317181, 88.46899224806202, 95.04950495049505, 94.5010183299389, 91.59192825112108, 96.65970772442589, 91.73151750972762, 92.09445585215606, 94.15262636273538], [99.08163265306122, 98.76651982378854, 81.5891472868217, 94.65346534653466, 94.70468431771894, 91.4798206278027, 95.92901878914405, 94.26070038910505, 92.91581108829568, 93.65708622398414], [98.77551020408163, 98.94273127753304, 74.32170542635659, 94.65346534653466, 95.62118126272912, 93.49775784753363, 96.24217118997912, 93.77431906614785, 90.4517453798768, 94.15262636273538], [97.65306122448979, 99.11894273127753, 87.98449612403101, 95.14851485148515, 96.74134419551935, 94.05829596412556, 96.5553235908142, 92.80155642023347, 90.24640657084188, 92.46778989098117], [97.44897959183673, 98.50220264317181, 78.97286821705427, 94.55445544554455, 95.51934826883911, 94.61883408071749, 96.34655532359082, 93.67704280155642, 91.88911704312115, 94.05351833498513], [98.77551020408163, 98.94273127753304, 86.9186046511628, 96.83168316831683, 93.68635437881873, 91.92825112107623, 96.24217118997912, 94.26070038910505, 91.9917864476386, 93.45887016848364], [97.95918367346938, 99.29515418502203, 67.34496124031008, 95.44554455445545, 96.23217922606925, 92.82511210762331, 96.03340292275574, 94.16342412451363, 90.65708418891171, 94.25173439048562], [98.36734693877551, 98.94273127753304, 87.98449612403101, 95.84158415841584, 95.11201629327903, 94.28251121076234, 96.5553235908142, 93.67704280155642, 91.58110882956879, 93.85530227948463], [98.36734693877551, 98.41409691629956, 79.26356589147287, 95.84158415841584, 95.21384928716904, 94.5067264573991, 96.13778705636743, 94.16342412451363, 92.50513347022587, 94.15262636273538], [97.65306122448979, 98.76651982378854, 63.17829457364341, 94.55445544554455, 95.92668024439918, 94.73094170403587, 96.45093945720251, 94.74708171206225, 89.52772073921972, 94.05351833498513], [98.87755102040816, 98.59030837004406, 72.57751937984496, 95.44554455445545, 95.31568228105907, 93.27354260089686, 95.51148225469728, 94.26070038910505, 92.60780287474333, 94.25173439048562]],