{"config": {"DATASET": "mnist", "TOTAL_CLIENTS": 100, "CLIENT_FRAC": 0.2, "POISON_FRAC": 0.1, "CREATE_DATASET": true, "RANDOM_DATA": true, "CLASS_RATIO": 10, "MODEL": "nnet", "LEARNING_RATE": 0.001, "BATCH_SIZE": 32, "LOCAL_EPOCHS": 10, "OPTIMIZER": "adam", "FED_ROUNDS": 30, "TEST_EVERY": 1, "RANDOM_PROCESS": false, "COS_DEFENCE": false, "SEL_METHOD": 1, "REDUCE_LR": 1, "COLLAB_MODE": true, "COLLAB_ALL": true, "CONSIDER_LAYERS": "l1", "GRAD_AGG": true, "FEATURE_FINDING_ALGO": "auror", "GRAD_COLLECTION_START": 0, "GRAD_COLLECT_FOR": -1, "CLUSTER_SEP": 0.005, "ALPHA": 0.8, "BETA": 0.8, "GAMMA": 0.1, "TRUST_INC": 2, "TRUST_CUT_METHOD": 1, "HONEST_PARDON_FACTOR": 0.7, "LOG_LEVEL": "INFO", "JSON_RESULTS": true}, "mean_poison_class_acc": 82.70155038759691, "mean_attack_srate": 2.945736434108527, "total_accuracies": [52.73, 71.48, 82.58, 87.08, 87.56, 90.1, 88.6, 91.1, 90.4, 91.11, 92.42, 91.82, 93.26, 92.51, 94.03, 90.97, 93.56, 92.42, 93.68, 94.2, 94.22, 93.66, 93.64, 93.83, 93.69, 94.78, 95.16, 95.31, 94.43, 95.49], "class_accuracies": [[97.24489795918367, 99.8237885462555, 3.391472868217054, 52.37623762376238, 78.10590631364562, 28.026905829596412, 22.338204592901878, 82.97665369649805, 55.3388090349076, 0.0], [97.75510204081633, 98.41409691629956, 39.825581395348834, 82.37623762376238, 91.34419551934828, 79.82062780269058, 87.05636743215031, 86.86770428015564, 35.42094455852156, 14.767096134786918], [96.73469387755102, 98.14977973568281, 56.201550387596896, 83.96039603960396, 92.9735234215886, 80.15695067264573, 93.84133611691023, 92.12062256809338, 70.63655030800821, 60.05946481665015], [97.55102040816327, 97.09251101321586, 79.45736434108527, 85.64356435643565, 91.24236252545825, 85.42600896860986, 91.9624217118998, 90.1750972762646, 74.22997946611909, 76.90782953419227], [97.24489795918367, 98.14977973568281, 70.05813953488372, 89.10891089108911, 95.41751527494908, 83.29596412556054, 93.42379958246346, 91.53696498054475, 76.79671457905545, 79.48463825569871], [97.75510204081633, 96.2114537444934, 87.5, 87.92079207920793, 95.31568228105907, 82.62331838565022, 94.258872651357, 90.95330739299611, 84.29158110882958, 82.95341922695738], [97.95918367346938, 98.6784140969163, 69.96124031007751, 90.0990099009901, 95.010183299389, 88.34080717488789, 93.21503131524008, 91.43968871595331, 76.79671457905545, 83.84539147670961], [98.16326530612245, 97.26872246696036, 88.95348837209302, 91.38613861386139, 96.02851323828921, 86.43497757847534, 93.1106471816284, 90.6614785992218, 81.82751540041068, 86.02576808721507], [97.65306122448979, 97.26872246696036, 71.51162790697674, 90.39603960396039, 94.70468431771894, 89.34977578475336, 94.57202505219206, 90.46692607003891, 87.57700205338809, 90.38652130822597], [97.65306122448979, 97.70925110132158, 76.74418604651163, 92.57425742574257, 96.02851323828921, 88.00448430493273, 94.67640918580376, 91.53696498054475, 87.16632443531827, 88.50346878097126], [97.85714285714286, 97.97356828193833, 86.62790697674419, 92.57425742574257, 96.43584521384929, 89.34977578475336, 95.92901878914405, 92.12062256809338, 86.652977412731, 88.00792864222002], [97.65306122448979, 98.23788546255507, 77.32558139534883, 93.36633663366337, 96.5376782077393, 91.03139013452915, 95.92901878914405, 92.99610894941634, 86.96098562628337, 87.90882061446978], [97.75510204081633, 98.14977973568281, 89.24418604651163, 92.77227722772277, 96.43584521384929, 91.59192825112108, 96.45093945720251, 93.67704280155642, 88.91170431211499, 87.1159563924678], [97.75510204081633, 98.23788546255507, 79.45736434108527, 93.46534653465346, 95.72301425661914, 90.5829596412556, 95.51148225469728, 93.57976653696498, 90.14373716632444, 90.28741328047572], [98.16326530612245, 97.79735682819383, 90.79457364341086, 93.86138613861387, 96.43584521384929, 92.37668161434978, 96.13778705636743, 93.96887159533074, 91.27310061601642, 89.09811694747275], [97.24489795918367, 98.41409691629956, 62.5968992248062, 93.16831683168317, 95.62118126272912, 93.27354260089686, 94.78079331941545, 94.16342412451363, 88.50102669404518, 92.26957383548067], [98.06122448979592, 98.23788546255507, 84.10852713178295, 95.64356435643565, 95.41751527494908, 90.02242152466367, 96.76409185803757, 94.55252918287938, 90.55441478439425, 91.67492566897918], [98.06122448979592, 98.41409691629956, 74.4186046511628, 92.77227722772277, 95.11201629327903, 93.04932735426009, 95.4070981210856, 93.3852140077821, 89.93839835728953, 93.65708622398414], [97.85714285714286, 98.50220264317181, 84.01162790697674, 92.47524752475248, 96.23217922606925, 93.94618834080717, 96.24217118997912, 94.06614785992218, 91.88911704312115, 91.47670961347869], [97.85714285714286, 98.8546255506608, 87.3062015503876, 93.26732673267327, 96.02851323828921, 93.38565022421524, 96.34655532359082, 94.3579766536965, 92.29979466119096, 91.97224975222993], [98.46938775510205, 98.41409691629956, 86.04651162790698, 93.96039603960396, 96.33401221995926, 93.27354260089686, 96.34655532359082, 95.03891050583658, 92.09445585215606, 91.97224975222993], [98.46938775510205, 98.59030837004406, 80.62015503875969, 93.96039603960396, 95.82484725050917, 93.94618834080717, 94.78079331941545, 94.3579766536965, 92.19712525667352, 93.75619425173439], [98.16326530612245, 98.8546255506608, 80.62015503875969, 93.66336633663366, 96.13034623217922, 93.83408071748879, 96.76409185803757, 95.42801556420234, 91.47843942505133, 91.37760158572844], [98.77551020408163, 98.59030837004406, 81.2015503875969, 95.54455445544555, 96.13034623217922, 93.04932735426009, 95.92901878914405, 94.74708171206225, 91.78644763860369, 92.36868186323092], [98.36734693877551, 98.50220264317181, 78.68217054263566, 94.75247524752476, 96.84317718940937, 93.72197309417041, 95.72025052192066, 94.06614785992218, 92.81314168377824, 93.45887016848364], [97.95918367346938, 98.59030837004406, 89.05038759689923, 94.55445544554455, 96.33401221995926, 95.51569506726457, 96.24217118997912, 94.3579766536965, 92.19712525667352, 92.86422200198216], [98.87755102040816, 98.6784140969163, 90.98837209302326, 95.74257425742574, 96.94501018329939, 93.38565022421524, 96.24217118997912, 95.52529182879377, 92.60780287474333, 92.17046580773042], [98.26530612244898, 98.50220264317181, 91.37596899224806, 95.74257425742574, 95.62118126272912, 92.60089686098655, 97.07724425887265, 95.3307392996109, 94.35318275154005, 93.75619425173439], [98.46938775510205, 98.14977973568281, 84.39922480620154, 95.64356435643565, 96.43584521384929, 92.26457399103138, 96.34655532359082, 94.3579766536965, 94.6611909650924, 93.3597621407334], [98.16326530612245, 98.32599118942731, 93.9922480620155, 95.34653465346534, 96.13034623217922, 92.152466367713, 96.86847599164926, 95.23346303501945, 94.86652977412732, 93.26065411298315]],