{"config": {"DATASET": "mnist", "TOTAL_CLIENTS": 100, "CLIENT_FRAC": 0.1, "POISON_FRAC": 0.2, "CREATE_DATASET": true, "RANDOM_DATA": true, "CLASS_RATIO": 10, "MODEL": "nnet", "LEARNING_RATE": 0.001, "BATCH_SIZE": 32, "LOCAL_EPOCHS": 10, "OPTIMIZER": "adam", "FED_ROUNDS": 30, "TEST_EVERY": 1, "RANDOM_PROCESS": false, "COS_DEFENCE": false, "SEL_METHOD": 1, "REDUCE_LR": 1, "COLLAB_MODE": true, "COLLAB_ALL": true, "CONSIDER_LAYERS": "l1", "GRAD_AGG": true, "FEATURE_FINDING_ALGO": "auror", "GRAD_COLLECTION_START": 0, "GRAD_COLLECT_FOR": -1, "CLUSTER_SEP": 0.005, "ALPHA": 0.8, "BETA": 0.8, "GAMMA": 0.1, "TRUST_INC": 2, "TRUST_CUT_METHOD": 1, "HONEST_PARDON_FACTOR": 0.8, "LOG_LEVEL": "INFO", "JSON_RESULTS": true}, "mean_poison_class_acc": 74.33139534883722, "mean_attack_srate": 3.415697674418604, "total_accuracies": [48.62, 68.69, 83.4, 83.39, 87.97, 88.78, 89.33, 91.1, 90.83, 90.17, 90.45, 92.43, 89.19, 93.11, 91.97, 94.13, 89.33, 94.52, 88.17, 94.38, 92.05, 94.5, 93.74, 94.71, 90.34, 94.5, 94.12, 94.2, 93.8, 93.25], "class_accuracies": [[98.6734693877551, 99.38325991189427, 0.0, 5.148514851485149, 56.41547861507129, 44.506726457399104, 25.260960334029228, 46.78988326848249, 47.43326488706366, 57.383548067393455], [96.3265306122449, 96.82819383259911, 3.488372093023256, 88.91089108910892, 92.36252545824847, 76.68161434977578, 79.12317327766179, 78.59922178988327, 43.121149897330596, 31.219028741328046], [97.14285714285714, 97.70925110132158, 51.84108527131783, 86.23762376237623, 88.59470468431772, 77.3542600896861, 91.33611691022965, 88.715953307393, 69.81519507186859, 83.84539147670961], [95.3061224489796, 96.82819383259911, 37.4031007751938, 88.21782178217822, 91.14052953156823, 78.58744394618834, 94.258872651357, 84.72762645914396, 79.87679671457906, 87.31417244796829], [96.53061224489795, 97.26872246696036, 70.15503875968992, 88.7128712871287, 93.68635437881873, 83.29596412556054, 93.73695198329854, 89.88326848249027, 84.80492813141684, 80.87215064420218], [97.14285714285714, 98.14977973568281, 72.67441860465117, 89.5049504950495, 93.27902240325865, 85.31390134529148, 94.67640918580376, 90.85603112840467, 78.85010266940452, 86.42220019821606], [97.14285714285714, 98.14977973568281, 75.67829457364341, 90.79207920792079, 96.5376782077393, 85.31390134529148, 94.88517745302714, 89.88326848249027, 79.56878850102669, 84.4400396432111], [97.55102040816327, 97.09251101321586, 86.82170542635659, 91.2871287128713, 94.19551934826885, 88.56502242152466, 93.73695198329854, 90.75875486381322, 82.03285420944559, 88.10703666997027], [97.65306122448979, 97.3568281938326, 77.13178294573643, 90.5940594059406, 94.80651731160896, 88.78923766816143, 94.98956158663883, 91.34241245136187, 85.31827515400411, 89.89098116947473], [98.06122448979592, 97.88546255506608, 66.95736434108527, 93.56435643564356, 96.02851323828921, 87.66816143497758, 95.82463465553236, 93.09338521400778, 82.64887063655031, 89.59365708622398], [98.06122448979592, 97.5330396475771, 71.51162790697674, 93.66336633663366, 90.73319755600815, 91.4798206278027, 94.1544885177453, 89.10505836575875, 83.67556468172485, 94.44995044598612], [98.16326530612245, 97.70925110132158, 85.07751937984496, 91.08910891089108, 96.84317718940937, 91.4798206278027, 94.78079331941545, 92.60700389105058, 86.55030800821355, 89.59365708622398], [98.06122448979592, 97.3568281938326, 48.15891472868217, 93.76237623762377, 95.92668024439918, 89.12556053811659, 95.72025052192066, 94.74708171206225, 87.06365503080082, 92.46778989098117], [98.16326530612245, 98.59030837004406, 86.53100775193798, 94.85148514851485, 96.13034623217922, 89.91031390134529, 97.07724425887265, 92.8988326848249, 86.55030800821355, 89.69276511397423], [98.16326530612245, 98.32599118942731, 73.74031007751938, 94.15841584158416, 97.35234215885947, 92.71300448430493, 95.19832985386222, 92.70428015564202, 86.85831622176592, 90.48562933597621], [98.46938775510205, 97.97356828193833, 91.18217054263566, 94.05940594059406, 96.13034623217922, 93.94618834080717, 94.46764091858037, 93.48249027237354, 89.3223819301848, 91.87314172447968], [97.44897959183673, 98.8546255506608, 46.60852713178294, 93.96039603960396, 95.21384928716904, 93.60986547085201, 96.45093945720251, 92.8988326848249, 85.83162217659138, 93.26065411298315], [98.06122448979592, 97.88546255506608, 93.4108527131783, 94.65346534653466, 95.31568228105907, 92.48878923766816, 96.34655532359082, 91.43968871595331, 92.19712525667352, 92.9633300297324], [98.26530612244898, 98.32599118942731, 29.26356589147287, 94.45544554455445, 96.02851323828921, 94.5067264573991, 95.4070981210856, 92.80155642023347, 89.73305954825462, 94.54905847373637], [98.06122448979592, 97.88546255506608, 87.98449612403101, 95.34653465346534, 95.92668024439918, 92.48878923766816, 96.76409185803757, 93.57976653696498, 92.71047227926078, 92.76511397423191], [98.87755102040816, 97.79735682819383, 66.08527131782945, 94.75247524752476, 94.19551934826885, 93.38565022421524, 95.82463465553236, 92.41245136186771, 93.83983572895278, 93.85530227948463], [97.85714285714286, 97.88546255506608, 87.40310077519379, 95.04950495049505, 97.55600814663951, 93.04932735426009, 96.34655532359082, 94.26070038910505, 92.29979466119096, 93.06243805748265], [97.34693877551021, 98.14977973568281, 80.32945736434108, 94.35643564356435, 97.86150712830957, 94.28251121076234, 96.13778705636743, 94.3579766536965, 93.32648870636551, 91.37760158572844], [98.16326530612245, 98.06167400881057, 90.50387596899225, 95.64356435643565, 97.04684317718942, 92.37668161434978, 96.76409185803757, 92.70428015564202, 93.01848049281314, 92.46778989098117], [97.95918367346938, 98.41409691629956, 47.96511627906977, 95.04950495049505, 95.21384928716904, 94.28251121076234, 95.72025052192066, 94.74708171206225, 89.93839835728953, 95.04459861248762], [98.77551020408163, 98.32599118942731, 85.17441860465117, 94.65346534653466, 96.63951120162933, 93.49775784753363, 95.92901878914405, 95.23346303501945, 93.73716632443532, 92.86422200198216], [97.65306122448979, 97.79735682819383, 82.26744186046511, 95.54455445544555, 96.23217922606925, 92.71300448430493, 96.65970772442589, 93.77431906614785, 93.94250513347022, 94.54905847373637], [98.46938775510205, 98.14977973568281, 81.5891472868217, 96.83168316831683, 96.13034623217922, 93.38565022421524, 96.03340292275574, 94.16342412451363, 93.94250513347022, 93.26065411298315], [98.46938775510205, 98.41409691629956, 79.16666666666667, 95.54455445544555, 96.33401221995926, 93.04932735426009, 95.82463465553236, 94.26070038910505, 92.91581108829568, 93.95441030723488], [98.16326530612245, 97.44493392070484, 72.67441860465117, 95.24752475247524, 94.90835030549898, 94.05829596412556, 95.51148225469728, 95.52529182879377, 94.14784394250513, 95.14370664023787]],