{"config": {"DATASET": "mnist", "TOTAL_CLIENTS": 100, "CLIENT_FRAC": 0.1, "POISON_FRAC": 0.1, "CREATE_DATASET": true, "CLASS_RATIO": 10, "MODEL": "nnet", "LEARNING_RATE": 0.001, "BATCH_SIZE": 32, "LOCAL_EPOCHS": 3, "OPTIMIZER": "adam", "FED_ROUNDS": 30, "TEST_EVERY": 1, "RANDOM": true, "COS_DEFENCE": false, "SEL_METHOD": 1, "REDUCE_LR": 1, "COLLAB_MODE": true, "COLLAB_ALL": true, "CONSIDER_LAYERS": "l1", "GRAD_AGG": true, "FEATURE_FINDING_ALGO": "auror", "GRAD_COLLECTION_START": 0, "GRAD_COLLECT_FOR": -1, "CLUSTER_SEP": 2.0, "ALPHA": 0.7, "BETA": 0.7, "GAMMA": 0.1, "TRUST_INC": 2, "TRUST_CUT_METHOD": 1, "HONEST_PARDON_FACTOR": 0.99, "LOG_LEVEL": "INFO", "JSON_RESULTS": true}, "mean_poison_class_acc": 79.90794573643412, "mean_attack_srate": 3.2025193798449614, "total_accuracies": [21.32, 38.54, 39.98, 51.24, 62.87, 68.15, 74.86, 77.74, 77.49, 81.6, 84.02, 85.61, 85.58, 84.23, 87.16, 86.95, 87.95, 86.16, 87.25, 88.13, 89.08, 89.37, 89.67, 89.54, 90.45, 90.17, 90.76, 88.52, 91.38, 91.52], "class_accuracies": [[19.489795918367346, 100.0, 29.55426356589147, 3.8613861386138613, 22.60692464358452, 0.0, 0.0, 0.2918287937743191, 22.484599589322382, 1.7839444995044598], [98.77551020408163, 96.65198237885463, 0.0, 56.83168316831683, 0.0, 0.0, 46.5553235908142, 0.38910505836575876, 0.0, 75.81764122893955], [98.87755102040816, 99.55947136563877, 23.643410852713178, 82.47524752475248, 11.812627291242363, 6.614349775784754, 29.227557411273487, 35.70038910505836, 0.0, 0.0], [96.12244897959184, 99.38325991189427, 9.593023255813954, 47.62376237623762, 1.0183299389002036, 79.82062780269058, 80.79331941544885, 46.30350194552529, 0.0, 49.75222993062438], [97.85714285714286, 98.32599118942731, 75.0, 62.772277227722775, 25.56008146639511, 75.33632286995515, 61.37787056367432, 60.40856031128405, 6.057494866529774, 60.75322101090188], [98.06122448979592, 97.97356828193833, 55.52325581395349, 86.83168316831683, 80.04073319755601, 48.09417040358744, 92.06680584551148, 82.58754863813229, 11.704312114989733, 22.993062438057482], [96.73469387755102, 98.06167400881057, 58.52713178294574, 87.72277227722772, 86.9653767820774, 56.83856502242153, 87.89144050104385, 79.37743190661479, 39.52772073921971, 52.62636273538157], [98.06122448979592, 97.26872246696036, 61.82170542635659, 78.31683168316832, 78.81873727087576, 67.48878923766816, 90.81419624217119, 87.35408560311284, 49.58932238193019, 64.71754212091179], [98.57142857142857, 97.26872246696036, 70.05813953488372, 78.81188118811882, 93.68635437881873, 72.19730941704036, 85.38622129436325, 86.67315175097276, 55.23613963039014, 34.58870168483647], [97.04081632653062, 95.68281938325991, 80.03875968992249, 83.86138613861387, 91.95519348268839, 67.04035874439462, 89.77035490605428, 87.2568093385214, 64.57905544147845, 55.79781962338949], [95.71428571428571, 95.06607929515418, 77.90697674418605, 69.8019801980198, 88.28920570264766, 84.64125560538116, 91.9624217118998, 86.47859922178988, 69.0965092402464, 80.37661050545094], [97.04081632653062, 96.74008810572687, 82.55813953488372, 74.55445544554455, 86.45621181262729, 85.65022421524664, 91.64926931106471, 86.284046692607, 72.07392197125257, 81.9623389494549], [97.55102040816327, 96.29955947136564, 78.29457364341086, 89.4059405940594, 86.9653767820774, 70.4035874439462, 91.44050104384134, 83.75486381322958, 74.22997946611909, 84.83647175421208], [97.44897959183673, 97.70925110132158, 62.1124031007752, 79.3069306930693, 88.08553971486762, 86.7713004484305, 87.36951983298539, 89.2023346303502, 66.73511293634498, 86.62041625371656], [98.16326530612245, 95.68281938325991, 83.33333333333333, 86.33663366336634, 84.72505091649694, 81.50224215246637, 89.66597077244259, 89.49416342412451, 73.61396303901438, 87.31417244796829], [96.53061224489795, 95.33039647577093, 86.53100775193798, 78.11881188118812, 94.90835030549898, 85.65022421524664, 92.17118997912317, 84.72762645914396, 81.00616016427105, 73.93458870168483], [98.06122448979592, 97.79735682819383, 79.45736434108527, 84.95049504950495, 89.5112016293279, 83.40807174887892, 91.8580375782881, 89.10505836575875, 79.36344969199179, 84.63825569871159], [97.95918367346938, 96.91629955947137, 64.14728682170542, 87.42574257425743, 85.23421588594705, 83.29596412556054, 89.87473903966597, 89.59143968871595, 76.48870636550308, 89.59365708622398], [97.65306122448979, 96.29955947136564, 72.28682170542636, 84.05940594059406, 89.61303462321793, 87.66816143497758, 92.17118997912317, 85.40856031128405, 79.15811088295688, 87.80971258671953], [97.04081632653062, 96.47577092511013, 79.84496124031008, 86.23762376237623, 85.64154786150714, 80.15695067264573, 93.21503131524008, 85.89494163424125, 82.95687885010267, 92.36868186323092], [96.63265306122449, 96.0352422907489, 82.36434108527132, 85.14851485148515, 91.0386965376782, 86.99551569506727, 92.17118997912317, 89.78599221789884, 83.05954825462013, 86.81863230921705], [97.24489795918367, 95.85903083700441, 81.68604651162791, 89.20792079207921, 91.14052953156823, 81.39013452914799, 93.52818371607516, 91.73151750972762, 83.36755646817248, 87.21506442021804], [96.53061224489795, 96.2114537444934, 87.5, 87.32673267326733, 87.16904276985743, 82.95964125560538, 95.4070981210856, 88.715953307393, 81.82751540041068, 91.67492566897918], [96.93877551020408, 96.38766519823788, 79.36046511627907, 89.5049504950495, 90.52953156822811, 87.4439461883408, 92.17118997912317, 91.92607003891051, 82.75154004106776, 87.61149653121903], [97.04081632653062, 96.82819383259911, 87.6937984496124, 85.84158415841584, 91.64969450101833, 83.96860986547085, 94.1544885177453, 91.73151750972762, 86.85831622176592, 87.51238850346878], [96.93877551020408, 97.3568281938326, 82.55813953488372, 85.74257425742574, 93.17718940936864, 88.00448430493273, 94.67640918580376, 90.1750972762646, 83.9835728952772, 88.40436075322101], [96.93877551020408, 96.29955947136564, 87.79069767441861, 91.68316831683168, 90.63136456211812, 85.65022421524664, 93.73695198329854, 90.46692607003891, 81.41683778234086, 91.77403369672943], [97.65306122448979, 96.74008810572687, 65.60077519379846, 86.83168316831683, 94.60285132382892, 85.76233183856502, 89.5615866388309, 91.24513618677042, 86.85831622176592, 89.89098116947473], [96.73469387755102, 96.74008810572687, 88.56589147286822, 92.47524752475248, 91.95519348268839, 86.65919282511211, 93.73695198329854, 91.34241245136187, 84.18891170431212, 90.28741328047572], [97.04081632653062, 96.74008810572687, 88.56589147286822, 94.05940594059406, 90.63136456211812, 87.4439461883408, 93.21503131524008, 89.98054474708171, 85.42094455852155, 91.0802775024777]],