{"config": {"DATASET": "mnist", "TOTAL_CLIENTS": 100, "CLIENT_FRAC": 0.1, "POISON_FRAC": 0.2, "CREATE_DATASET": true, "RANDOM_DATA": true, "CLASS_RATIO": 10, "MODEL": "nnet", "LEARNING_RATE": 0.001, "BATCH_SIZE": 32, "LOCAL_EPOCHS": 10, "OPTIMIZER": "adam", "FED_ROUNDS": 30, "TEST_EVERY": 1, "RANDOM_PROCESS": false, "COS_DEFENCE": false, "SEL_METHOD": 1, "REDUCE_LR": 1, "COLLAB_MODE": true, "COLLAB_ALL": true, "CONSIDER_LAYERS": "l1", "GRAD_AGG": true, "FEATURE_FINDING_ALGO": "auror", "GRAD_COLLECTION_START": 0, "GRAD_COLLECT_FOR": -1, "CLUSTER_SEP": 0.005, "ALPHA": 0.8, "BETA": 0.8, "GAMMA": 0.1, "TRUST_INC": 2, "TRUST_CUT_METHOD": 1, "HONEST_PARDON_FACTOR": 0.8, "LOG_LEVEL": "INFO", "JSON_RESULTS": true}, "mean_poison_class_acc": 74.50096899224806, "mean_attack_srate": 3.2025193798449614, "total_accuracies": [41.29, 74.15, 85.17, 84.69, 88.27, 89.75, 89.72, 91.06, 91.58, 86.18, 90.09, 91.98, 91.86, 89.42, 91.76, 88.22, 93.38, 94.19, 94.14, 92.52, 94.38, 92.55, 94.11, 89.01, 93.99, 95.04, 91.71, 93.22, 93.94, 94.41], "class_accuracies": [[99.18367346938776, 99.73568281938326, 0.09689922480620156, 24.752475247524753, 5.091649694501018, 12.556053811659194, 34.34237995824635, 87.7431906614786, 38.39835728952772, 0.6937561942517344], [97.14285714285714, 97.62114537444934, 39.24418604651163, 82.87128712871286, 94.70468431771894, 75.67264573991031, 88.83089770354906, 85.89494163424125, 60.780287474332646, 18.037661050545093], [95.81632653061224, 97.26872246696036, 72.77131782945736, 82.47524752475248, 90.52953156822811, 79.03587443946188, 92.69311064718163, 86.18677042801556, 78.85010266940452, 74.72745292368681], [95.81632653061224, 96.91629955947137, 51.065891472868216, 87.92079207920793, 92.56619144602851, 77.46636771300449, 94.67640918580376, 88.42412451361868, 79.46611909650925, 81.76412289395441], [96.73469387755102, 95.68281938325991, 76.16279069767442, 86.33663366336634, 92.56619144602851, 80.82959641255606, 92.37995824634656, 90.36964980544747, 86.55030800821355, 84.0436075322101], [96.83673469387755, 98.06167400881057, 86.7248062015504, 89.60396039603961, 92.15885947046843, 82.28699551569507, 94.98956158663883, 90.85603112840467, 79.15811088295688, 85.13379583746284], [96.83673469387755, 98.59030837004406, 84.49612403100775, 89.9009900990099, 96.63951120162933, 84.08071748878923, 94.98956158663883, 89.2023346303502, 79.46611909650925, 81.66501486620416], [97.24489795918367, 97.62114537444934, 87.98449612403101, 90.5940594059406, 94.29735234215886, 89.46188340807174, 92.79749478079331, 91.43968871595331, 79.87679671457906, 88.30525272547077], [96.63265306122449, 97.62114537444934, 90.60077519379846, 89.10891089108911, 95.92668024439918, 87.21973094170404, 95.82463465553236, 92.50972762645914, 82.85420944558521, 86.42220019821606], [97.95918367346938, 97.44493392070484, 30.232558139534884, 91.08910891089108, 95.51934826883911, 87.78026905829596, 94.78079331941545, 93.48249027237354, 85.62628336755647, 88.800792864222], [97.44897959183673, 98.14977973568281, 68.4108527131783, 92.07920792079207, 91.95519348268839, 90.91928251121077, 92.58872651356994, 91.05058365758755, 83.9835728952772, 94.05351833498513], [97.95918367346938, 97.88546255506608, 83.33333333333333, 90.99009900990099, 96.13034623217922, 92.48878923766816, 94.46764091858037, 93.96887159533074, 85.42094455852155, 86.81863230921705], [97.44897959183673, 97.88546255506608, 76.06589147286822, 90.29702970297029, 96.13034623217922, 93.04932735426009, 94.98956158663883, 93.77431906614785, 88.60369609856262, 90.38652130822597], [97.44897959183673, 98.6784140969163, 53.00387596899225, 94.85148514851485, 95.92668024439918, 89.34977578475336, 95.61586638830897, 93.48249027237354, 87.37166324435319, 88.70168483647176], [97.85714285714286, 97.97356828193833, 70.93023255813954, 93.66336633663366, 96.84317718940937, 93.04932735426009, 93.73695198329854, 94.45525291828794, 88.09034907597535, 91.0802775024777], [97.55102040816327, 98.23788546255507, 38.275193798449614, 94.45544554455445, 95.62118126272912, 92.71300448430493, 92.37995824634656, 93.3852140077821, 89.63039014373716, 90.98116947472745], [97.04081632653062, 99.11894273127753, 86.9186046511628, 93.36633663366337, 94.80651731160896, 93.04932735426009, 96.45093945720251, 92.50972762645914, 87.88501026694045, 92.17046580773042], [97.44897959183673, 97.88546255506608, 93.12015503875969, 94.05940594059406, 94.70468431771894, 91.3677130044843, 95.4070981210856, 92.31517509727627, 92.19712525667352, 92.76511397423191], [98.16326530612245, 98.50220264317181, 89.43798449612403, 93.46534653465346, 93.68635437881873, 94.05829596412556, 95.30271398747391, 92.50972762645914, 91.9917864476386, 93.95441030723488], [98.06122448979592, 98.06167400881057, 70.25193798449612, 95.34653465346534, 95.51934826883911, 93.27354260089686, 95.92901878914405, 94.16342412451363, 92.19712525667352, 92.66600594648166], [98.87755102040816, 98.23788546255507, 91.08527131782945, 92.97029702970298, 94.5010183299389, 93.04932735426009, 95.4070981210856, 92.21789883268482, 94.45585215605749, 92.66600594648166], [98.06122448979592, 98.59030837004406, 72.18992248062015, 95.64356435643565, 96.63951120162933, 92.48878923766816, 93.94572025052192, 94.26070038910505, 90.65708418891171, 92.9633300297324], [97.55102040816327, 98.8546255506608, 84.20542635658914, 94.55445544554455, 95.82484725050917, 94.39461883408072, 95.51148225469728, 95.71984435797665, 93.63449691991786, 90.68384539147671], [97.75510204081633, 98.94273127753304, 36.24031007751938, 96.03960396039604, 97.45417515274949, 93.16143497757848, 95.72025052192066, 93.77431906614785, 92.60780287474333, 89.69276511397423], [98.16326530612245, 98.8546255506608, 82.55813953488372, 95.24752475247524, 95.11201629327903, 94.5067264573991, 95.61586638830897, 95.03891050583658, 90.75975359342915, 93.85530227948463], [98.46938775510205, 98.94273127753304, 92.53875968992249, 94.65346534653466, 95.82484725050917, 93.04932735426009, 95.72025052192066, 95.3307392996109, 92.71047227926078, 92.56689791873141], [97.85714285714286, 98.41409691629956, 59.30232558139535, 96.23762376237623, 95.82484725050917, 93.04932735426009, 95.72025052192066, 94.06614785992218, 92.91581108829568, 94.25173439048562], [98.57142857142857, 98.6784140969163, 75.29069767441861, 96.53465346534654, 96.33401221995926, 92.71300448430493, 93.73695198329854, 94.74708171206225, 93.53182751540041, 91.97224975222993], [98.46938775510205, 99.11894273127753, 81.87984496124031, 94.35643564356435, 95.82484725050917, 95.06726457399103, 95.4070981210856, 94.74708171206225, 90.96509240246407, 93.45887016848364], [98.16326530612245, 98.76651982378854, 84.98062015503876, 95.24752475247524, 95.010183299389, 94.39461883408072, 94.67640918580376, 96.10894941634241, 92.71047227926078, 93.75619425173439]],