{"config": {"DATASET": "mnist", "TOTAL_CLIENTS": 100, "CLIENT_FRAC": 0.1, "POISON_FRAC": 0.2, "CREATE_DATASET": false, "RANDOM_DATA": true, "CLASS_RATIO": 10, "MODEL": "nnet", "LEARNING_RATE": 0.001, "BATCH_SIZE": 32, "LOCAL_EPOCHS": 10, "OPTIMIZER": "adam", "FED_ROUNDS": 30, "TEST_EVERY": 1, "RANDOM_PROCESS": false, "COS_DEFENCE": true, "SEL_METHOD": 1, "REDUCE_LR": 1, "COLLAB_MODE": true, "COLLAB_ALL": true, "CONSIDER_LAYERS": "l1", "GRAD_AGG": true, "FEATURE_FINDING_ALGO": "auror", "GRAD_COLLECTION_START": 0, "GRAD_COLLECT_FOR": -1, "CLUSTER_SEP": 0.005, "ALPHA": 0.8, "BETA": 0.8, "GAMMA": 0.1, "TRUST_INC": 2, "TRUST_CUT_METHOD": 1, "HONEST_PARDON_FACTOR": 0.7, "LOG_LEVEL": "INFO", "JSON_RESULTS": true}, "mean_poison_class_acc": 80.13081395348837, "mean_attack_srate": 3.2364341085271313, "total_accuracies": [41.6, 69.91, 81.95, 84.47, 87.25, 89.44, 89.54, 89.11, 89.13, 89.44, 91.13, 92.13, 92.26, 89.95, 92.89, 92.21, 90.15, 93.44, 93.71, 94.13, 91.87, 93.84, 93.11, 92.57, 94.37, 95.1, 93.48, 94.35, 95.21, 94.27], "class_accuracies": [[99.38775510204081, 92.33480176211454, 0.0, 53.366336633663366, 42.26069246435845, 6.053811659192825, 22.44258872651357, 0.5836575875486382, 0.8213552361396304, 89.29633300297324], [95.10204081632654, 98.94273127753304, 0.0, 89.8019801980198, 84.41955193482688, 62.780269058295964, 86.22129436325679, 87.7431906614786, 49.07597535934291, 43.012884043607535], [95.20408163265306, 97.97356828193833, 46.99612403100775, 87.62376237623762, 85.4378818737271, 77.01793721973094, 92.06680584551148, 86.284046692607, 73.61396303901438, 76.1149653121903], [96.42857142857143, 96.56387665198238, 50.1937984496124, 86.73267326732673, 89.91853360488798, 79.14798206278027, 94.78079331941545, 87.64591439688716, 80.80082135523614, 81.9623389494549], [96.53061224489795, 96.0352422907489, 68.8953488372093, 86.43564356435644, 92.15885947046843, 85.31390134529148, 93.0062630480167, 88.2295719844358, 85.83162217659138, 79.78196233894946], [95.91836734693878, 98.14977973568281, 86.04651162790698, 89.20792079207921, 89.10386965376782, 83.96860986547085, 93.73695198329854, 90.36964980544747, 80.59548254620123, 85.72844400396433], [96.63265306122449, 98.23788546255507, 82.46124031007751, 88.41584158415841, 96.5376782077393, 88.2286995515695, 94.258872651357, 89.00778210116732, 81.00616016427105, 79.8810703666997], [97.95918367346938, 97.09251101321586, 71.02713178294573, 89.9009900990099, 93.89002036659878, 89.46188340807174, 91.9624217118998, 90.1750972762646, 82.23819301848049, 87.1159563924678], [97.04081632653062, 97.62114537444934, 64.63178294573643, 89.9009900990099, 94.19551934826885, 89.57399103139014, 94.98956158663883, 89.78599221789884, 84.59958932238193, 88.9990089197225], [98.06122448979592, 97.09251101321586, 63.372093023255815, 91.78217821782178, 94.19551934826885, 87.89237668161435, 95.92901878914405, 92.31517509727627, 85.93429158110882, 87.80971258671953], [97.75510204081633, 97.26872246696036, 78.00387596899225, 93.36633663366337, 94.5010183299389, 86.21076233183857, 96.13778705636743, 90.27237354085604, 87.782340862423, 89.39544103072349], [98.26530612244898, 98.6784140969163, 85.27131782945736, 92.47524752475248, 94.70468431771894, 89.79820627802691, 95.19832985386222, 91.24513618677042, 86.03696098562628, 88.89990089197225], [98.06122448979592, 98.14977973568281, 84.20542635658914, 92.47524752475248, 95.31568228105907, 88.34080717488789, 96.45093945720251, 92.50972762645914, 87.88501026694045, 88.50346878097126], [98.46938775510205, 98.32599118942731, 59.593023255813954, 93.46534653465346, 93.38085539714868, 92.82511210762331, 94.57202505219206, 92.02334630350195, 85.01026694045174, 92.17046580773042], [97.55102040816327, 98.32599118942731, 86.62790697674419, 94.05940594059406, 95.51934826883911, 89.91031390134529, 95.61586638830897, 92.12062256809338, 87.16632443531827, 91.2784935579782], [98.57142857142857, 97.97356828193833, 78.00387596899225, 91.48514851485149, 93.9918533604888, 93.04932735426009, 95.09394572025052, 91.92607003891051, 87.98767967145791, 93.95441030723488], [98.57142857142857, 98.41409691629956, 53.10077519379845, 94.95049504950495, 94.39918533604887, 91.03139013452915, 94.98956158663883, 93.67704280155642, 89.93839835728953, 92.86422200198216], [97.44897959183673, 98.50220264317181, 86.53100775193798, 93.26732673267327, 95.010183299389, 91.3677130044843, 96.24217118997912, 90.6614785992218, 90.96509240246407, 93.95441030723488], [97.85714285714286, 98.23788546255507, 86.14341085271317, 95.04950495049505, 93.48268839103869, 91.4798206278027, 96.76409185803757, 92.80155642023347, 90.55441478439425, 94.25173439048562], [97.85714285714286, 98.6784140969163, 89.24418604651163, 94.05940594059406, 94.19551934826885, 90.80717488789237, 96.65970772442589, 93.19066147859922, 92.91581108829568, 93.06243805748265], [97.95918367346938, 99.11894273127753, 68.12015503875969, 94.55445544554455, 94.19551934826885, 91.81614349775785, 96.34655532359082, 92.60700389105058, 90.14373716632444, 93.85530227948463], [97.75510204081633, 98.8546255506608, 82.65503875968992, 93.96039603960396, 95.010183299389, 92.48878923766816, 96.65970772442589, 94.55252918287938, 92.60780287474333, 93.55797819623389], [97.65306122448979, 98.50220264317181, 78.58527131782945, 95.74257425742574, 94.90835030549898, 91.25560538116592, 96.65970772442589, 92.8988326848249, 90.34907597535934, 94.25173439048562], [98.26530612244898, 98.6784140969163, 70.54263565891473, 94.35643564356435, 96.23217922606925, 93.27354260089686, 95.30271398747391, 93.28793774319067, 92.19712525667352, 93.75619425173439], [97.85714285714286, 98.76651982378854, 87.20930232558139, 94.55445544554455, 96.63951120162933, 92.60089686098655, 96.65970772442589, 92.31517509727627, 94.86652977412732, 91.97224975222993], [98.06122448979592, 98.8546255506608, 91.86046511627907, 93.76237623762377, 94.80651731160896, 93.72197309417041, 97.07724425887265, 94.94163424124514, 94.14784394250513, 93.3597621407334], [98.77551020408163, 99.20704845814979, 76.25968992248062, 96.23762376237623, 95.31568228105907, 92.04035874439462, 95.72025052192066, 94.26070038910505, 92.60780287474333, 94.15262636273538], [98.16326530612245, 98.94273127753304, 84.59302325581395, 96.03960396039604, 95.62118126272912, 93.60986547085201, 96.24217118997912, 93.8715953307393, 93.53182751540041, 92.66600594648166], [98.36734693877551, 99.03083700440529, 92.63565891472868, 94.55445544554455, 96.02851323828921, 95.06726457399103, 95.92901878914405, 93.3852140077821, 94.04517453798768, 92.76511397423191], [98.16326530612245, 98.94273127753304, 83.43023255813954, 94.55445544554455, 94.60285132382892, 94.39461883408072, 96.24217118997912, 93.48249027237354, 93.63449691991786, 95.14370664023787]],