{"config": {"DATASET": "mnist", "TOTAL_CLIENTS": 100, "CLIENT_FRAC": 0.2, "POISON_FRAC": 0.2, "CREATE_DATASET": true, "RANDOM_DATA": true, "CLASS_RATIO": 10, "MODEL": "nnet", "LEARNING_RATE": 0.001, "BATCH_SIZE": 32, "LOCAL_EPOCHS": 10, "OPTIMIZER": "adam", "FED_ROUNDS": 30, "TEST_EVERY": 1, "RANDOM_PROCESS": false, "COS_DEFENCE": false, "SEL_METHOD": 1, "REDUCE_LR": 1, "COLLAB_MODE": true, "COLLAB_ALL": true, "CONSIDER_LAYERS": "l1", "GRAD_AGG": true, "FEATURE_FINDING_ALGO": "auror", "GRAD_COLLECTION_START": 0, "GRAD_COLLECT_FOR": -1, "CLUSTER_SEP": 0.002, "ALPHA": 0.8, "BETA": 0.8, "GAMMA": 0.1, "TRUST_INC": 2, "TRUST_CUT_METHOD": 1, "HONEST_PARDON_FACTOR": 0.7, "LOG_LEVEL": "INFO", "JSON_RESULTS": true}, "mean_poison_class_acc": 78.18217054263566, "mean_attack_srate": 3.093023255813954, "total_accuracies": [49.91, 66.08, 81.4, 85.31, 87.61, 88.84, 89.77, 88.99, 91.7, 90.67, 92.4, 91.26, 91.47, 90.78, 93.59, 93.75, 93.19, 92.66, 89.63, 94.33, 93.39, 91.64, 92.19, 92.6, 94.3, 94.53, 94.77, 94.86, 94.92, 95.01], "class_accuracies": [[97.65306122448979, 99.55947136563877, 0.0, 49.7029702970297, 77.69857433808554, 38.34080717488789, 21.50313152400835, 69.94163424124514, 38.19301848049281, 0.0], [98.46938775510205, 98.6784140969163, 9.786821705426357, 80.1980198019802, 89.30753564154786, 82.73542600896862, 78.60125260960334, 80.25291828793775, 35.42094455852156, 7.333994053518335], [97.14285714285714, 98.06167400881057, 61.14341085271318, 83.46534653465346, 95.82484725050917, 77.3542600896861, 92.37995824634656, 91.53696498054475, 73.10061601642711, 42.81466798810704], [97.24489795918367, 97.97356828193833, 63.95348837209303, 84.65346534653466, 93.07535641547861, 87.10762331838565, 91.8580375782881, 89.6887159533074, 74.33264887063655, 72.74529236868186], [97.34693877551021, 98.06167400881057, 72.57751937984496, 89.9009900990099, 95.51934826883911, 80.4932735426009, 93.31941544885177, 91.63424124513618, 77.92607802874743, 77.89890981169475], [97.85714285714286, 97.00440528634361, 75.48449612403101, 87.52475247524752, 96.02851323828921, 82.73542600896862, 93.73695198329854, 91.24513618677042, 85.31827515400411, 80.57482656095144], [97.95918367346938, 98.23788546255507, 79.84496124031008, 90.1980198019802, 95.72301425661914, 89.01345291479821, 92.90187891440502, 90.1750972762646, 81.82751540041068, 81.16947472745292], [97.65306122448979, 98.41409691629956, 66.66666666666667, 91.38613861386139, 96.43584521384929, 87.10762331838565, 93.31941544885177, 91.53696498054475, 81.51950718685832, 85.33201189296334], [97.55102040816327, 97.26872246696036, 85.56201550387597, 88.11881188118812, 95.11201629327903, 88.78923766816143, 95.09394572025052, 91.05058365758755, 89.42505133470226, 88.50346878097126], [97.95918367346938, 98.32599118942731, 74.2248062015504, 91.88118811881188, 96.23217922606925, 88.56502242152466, 94.258872651357, 91.92607003891051, 85.42094455852155, 87.41328047571854], [98.16326530612245, 98.23788546255507, 86.43410852713178, 92.07920792079207, 95.51934826883911, 90.02242152466367, 95.92901878914405, 92.02334630350195, 85.83162217659138, 89.09811694747275], [98.06122448979592, 98.6784140969163, 71.31782945736434, 93.66336633663366, 97.14867617107943, 91.25560538116592, 95.09394572025052, 92.70428015564202, 86.55030800821355, 88.00792864222002], [98.16326530612245, 98.23788546255507, 73.15891472868218, 93.06930693069307, 97.04684317718942, 90.5829596412556, 96.13778705636743, 93.09338521400778, 87.16632443531827, 87.90882061446978], [98.16326530612245, 98.59030837004406, 63.17829457364341, 92.87128712871286, 96.33401221995926, 91.81614349775785, 94.88517745302714, 93.48249027237354, 89.52772073921972, 89.197224975223], [98.36734693877551, 98.23788546255507, 87.6937984496124, 94.95049504950495, 96.02851323828921, 92.82511210762331, 95.72025052192066, 92.99610894941634, 89.21971252566735, 89.49454905847374], [98.36734693877551, 98.41409691629956, 87.01550387596899, 91.38613861386139, 95.21384928716904, 93.49775784753363, 95.51148225469728, 95.42801556420234, 90.24640657084188, 92.07135777998018], [98.26530612244898, 98.14977973568281, 81.68604651162791, 95.94059405940594, 95.82484725050917, 89.57399103139014, 96.45093945720251, 93.3852140077821, 89.93839835728953, 92.17046580773042], [98.16326530612245, 98.6784140969163, 77.03488372093024, 92.97029702970298, 95.21384928716904, 93.60986547085201, 93.94572025052192, 93.77431906614785, 89.73305954825462, 93.3597621407334], [98.06122448979592, 98.59030837004406, 47.86821705426357, 92.47524752475248, 97.25050916496944, 93.38565022421524, 95.4070981210856, 94.06614785992218, 89.42505133470226, 90.68384539147671], [98.16326530612245, 98.8546255506608, 90.11627906976744, 92.27722772277228, 95.82484725050917, 92.60089686098655, 96.5553235908142, 94.06614785992218, 92.09445585215606, 92.26957383548067], [98.46938775510205, 98.41409691629956, 78.68217054263566, 94.25742574257426, 96.43584521384929, 94.61883408071749, 94.88517745302714, 94.55252918287938, 91.17043121149898, 92.46778989098117], [98.36734693877551, 98.8546255506608, 63.66279069767442, 93.66336633663366, 96.02851323828921, 93.38565022421524, 94.88517745302714, 94.26070038910505, 91.27310061601642, 92.36868186323092], [98.06122448979592, 98.6784140969163, 65.89147286821705, 94.55445544554455, 96.5376782077393, 94.05829596412556, 96.03340292275574, 95.52529182879377, 91.27310061601642, 91.67492566897918], [98.77551020408163, 98.8546255506608, 71.51162790697674, 94.95049504950495, 96.43584521384929, 93.94618834080717, 95.61586638830897, 94.74708171206225, 90.55441478439425, 90.78295341922696], [98.26530612244898, 98.41409691629956, 84.78682170542636, 94.45544554455445, 96.43584521384929, 94.05829596412556, 94.78079331941545, 94.26070038910505, 94.14784394250513, 93.26065411298315], [98.06122448979592, 98.6784140969163, 88.0813953488372, 94.35643564356435, 96.63951120162933, 95.51569506726457, 95.61586638830897, 93.48249027237354, 93.01848049281314, 91.77403369672943], [98.46938775510205, 98.76651982378854, 89.34108527131782, 94.75247524752476, 96.94501018329939, 93.49775784753363, 96.24217118997912, 95.3307392996109, 93.53182751540041, 90.48562933597621], [98.16326530612245, 98.50220264317181, 88.0813953488372, 95.84158415841584, 95.82484725050917, 92.04035874439462, 96.86847599164926, 94.94163424124514, 94.55852156057495, 93.3597621407334], [98.46938775510205, 98.32599118942731, 89.43798449612403, 95.14851485148515, 95.82484725050917, 92.152466367713, 96.65970772442589, 94.55252918287938, 94.86652977412732, 93.3597621407334], [98.26530612244898, 98.59030837004406, 87.79069767441861, 95.04950495049505, 96.5376782077393, 93.27354260089686, 96.65970772442589, 95.62256809338521, 94.86652977412732, 93.1615460852329]],