{"config": {"DATASET": "mnist", "TOTAL_CLIENTS": 100, "CLIENT_FRAC": 0.2, "POISON_FRAC": 0.2, "CREATE_DATASET": true, "RANDOM_DATA": true, "CLASS_RATIO": 10, "MODEL": "nnet", "LEARNING_RATE": 0.001, "BATCH_SIZE": 32, "LOCAL_EPOCHS": 10, "OPTIMIZER": "adam", "FED_ROUNDS": 30, "TEST_EVERY": 1, "RANDOM_PROCESS": false, "COS_DEFENCE": false, "SEL_METHOD": 1, "REDUCE_LR": 1, "COLLAB_MODE": true, "COLLAB_ALL": true, "CONSIDER_LAYERS": "l1", "GRAD_AGG": true, "FEATURE_FINDING_ALGO": "auror", "GRAD_COLLECTION_START": 0, "GRAD_COLLECT_FOR": -1, "CLUSTER_SEP": 0.002, "ALPHA": 0.8, "BETA": 0.8, "GAMMA": 0.1, "TRUST_INC": 2, "TRUST_CUT_METHOD": 1, "HONEST_PARDON_FACTOR": 0.7, "LOG_LEVEL": "INFO", "JSON_RESULTS": true}, "mean_poison_class_acc": 78.15891472868218, "mean_attack_srate": 3.0271317829457365, "total_accuracies": [49.86, 70.49, 82.23, 86.42, 86.67, 87.3, 89.19, 88.28, 91.33, 90.76, 92.71, 90.54, 91.31, 93.21, 94.0, 92.63, 92.41, 94.38, 90.44, 94.28, 93.34, 93.84, 93.27, 95.09, 94.41, 94.72, 94.21, 93.96, 94.9, 94.77], "class_accuracies": [[97.75510204081633, 98.32599118942731, 0.09689922480620156, 53.16831683168317, 82.79022403258656, 22.982062780269057, 11.691022964509395, 79.28015564202335, 44.04517453798768, 0.0], [97.55102040816327, 98.59030837004406, 30.329457364341085, 80.0, 91.44602851323829, 82.39910313901345, 80.68893528183716, 84.43579766536965, 40.6570841889117, 18.13676907829534], [96.42857142857143, 98.23788546255507, 60.85271317829457, 84.25742574257426, 94.5010183299389, 78.36322869955157, 94.258872651357, 91.82879377431907, 71.04722792607802, 51.33795837462834], [96.83673469387755, 97.70925110132158, 71.80232558139535, 85.24752475247524, 91.64969450101833, 85.87443946188341, 92.90187891440502, 89.39688715953308, 73.81930184804928, 78.09712586719525], [97.04081632653062, 97.97356828193833, 65.01937984496124, 88.7128712871287, 96.43584521384929, 80.82959641255606, 93.31941544885177, 90.1750972762646, 80.28747433264887, 75.9167492566898], [97.65306122448979, 96.82819383259911, 59.689922480620154, 85.84158415841584, 95.31568228105907, 82.62331838565022, 92.48434237995825, 90.95330739299611, 85.01026694045174, 86.12487611496532], [97.75510204081633, 98.14977973568281, 75.96899224806202, 90.4950495049505, 95.82484725050917, 87.5560538116592, 93.0062630480167, 90.56420233463035, 83.26488706365502, 78.69177403369673], [97.85714285714286, 97.44493392070484, 59.98062015503876, 90.0990099009901, 96.74134419551935, 86.88340807174887, 93.21503131524008, 91.05058365758755, 83.47022587268994, 85.92666005946482], [97.75510204081633, 97.09251101321586, 84.20542635658914, 87.52475247524752, 95.31568228105907, 88.2286995515695, 95.4070981210856, 89.98054474708171, 90.14373716632444, 87.21506442021804], [97.75510204081633, 97.5330396475771, 74.8062015503876, 91.68316831683168, 95.51934826883911, 87.4439461883408, 94.67640918580376, 90.85603112840467, 88.09034907597535, 88.800792864222], [97.95918367346938, 97.88546255506608, 89.72868217054264, 92.67326732673267, 95.82484725050917, 88.2286995515695, 96.24217118997912, 91.73151750972762, 87.67967145790554, 88.30525272547077], [97.44897959183673, 98.23788546255507, 64.82558139534883, 93.66336633663366, 96.84317718940937, 89.79820627802691, 94.98956158663883, 91.82879377431907, 89.3223819301848, 88.50346878097126], [97.34693877551021, 98.23788546255507, 69.76744186046511, 92.07920792079207, 96.02851323828921, 91.03139013452915, 96.76409185803757, 94.3579766536965, 89.11704312114989, 88.40436075322101], [98.06122448979592, 98.23788546255507, 84.20542635658914, 93.66336633663366, 95.72301425661914, 91.14349775784753, 96.24217118997912, 93.09338521400778, 91.27310061601642, 90.08919722497522], [98.26530612244898, 97.88546255506608, 90.31007751937985, 94.05940594059406, 96.63951120162933, 92.48878923766816, 96.5553235908142, 92.99610894941634, 92.19712525667352, 88.30525272547077], [97.65306122448979, 98.41409691629956, 74.12790697674419, 92.87128712871286, 94.90835030549898, 93.38565022421524, 95.51148225469728, 95.42801556420234, 91.27310061601642, 92.76511397423191], [97.85714285714286, 98.32599118942731, 70.73643410852713, 95.84158415841584, 95.92668024439918, 90.13452914798206, 96.97286012526096, 94.45525291828794, 91.68377823408625, 92.07135777998018], [98.26530612244898, 98.6784140969163, 88.56589147286822, 94.05940594059406, 95.82484725050917, 92.71300448430493, 95.92901878914405, 93.57976653696498, 91.78644763860369, 93.95441030723488], [97.85714285714286, 98.06167400881057, 54.06976744186046, 92.67326732673267, 96.63951120162933, 93.16143497757848, 96.5553235908142, 93.3852140077821, 91.17043121149898, 91.67492566897918], [98.16326530612245, 98.76651982378854, 85.36821705426357, 94.15841584158416, 96.23217922606925, 93.94618834080717, 96.65970772442589, 94.45525291828794, 93.1211498973306, 91.77403369672943], [98.57142857142857, 98.50220264317181, 75.87209302325581, 94.55445544554455, 95.72301425661914, 94.05829596412556, 96.5553235908142, 95.62256809338521, 91.27310061601642, 92.76511397423191], [98.57142857142857, 98.76651982378854, 80.23255813953489, 94.15841584158416, 95.82484725050917, 94.17040358744394, 96.03340292275574, 94.06614785992218, 93.42915811088295, 93.1615460852329], [97.95918367346938, 98.6784140969163, 74.12790697674419, 94.85148514851485, 95.92668024439918, 94.17040358744394, 97.07724425887265, 95.91439688715953, 92.19712525667352, 91.97224975222993], [98.46938775510205, 98.6784140969163, 91.95736434108527, 95.24752475247524, 96.33401221995926, 94.05829596412556, 96.76409185803757, 94.45525291828794, 93.32648870636551, 91.2784935579782], [98.06122448979592, 98.76651982378854, 83.62403100775194, 94.65346534653466, 96.33401221995926, 94.73094170403587, 96.34655532359082, 94.8443579766537, 93.32648870636551, 93.3597621407334], [98.16326530612245, 98.50220264317181, 87.5, 94.45544554455445, 96.63951120162933, 95.4035874439462, 96.45093945720251, 94.74708171206225, 92.81314168377824, 92.46778989098117], [98.6734693877551, 98.59030837004406, 81.1046511627907, 94.75247524752476, 97.45417515274949, 95.17937219730942, 96.45093945720251, 95.71984435797665, 92.81314168377824, 91.47670961347869], [98.26530612244898, 98.41409691629956, 80.23255813953489, 95.44554455445545, 95.92668024439918, 92.71300448430493, 97.59916492693111, 95.13618677042801, 92.71047227926078, 93.06243805748265], [98.46938775510205, 98.32599118942731, 87.3062015503876, 95.94059405940594, 96.13034623217922, 93.38565022421524, 96.76409185803757, 94.3579766536965, 94.6611909650924, 93.45887016848364], [97.95918367346938, 98.50220264317181, 85.65891472868218, 95.54455445544555, 96.33401221995926, 92.60089686098655, 97.18162839248434, 95.8171206225681, 94.45585215605749, 93.3597621407334]],