{"config": {"DATASET": "mnist", "TOTAL_CLIENTS": 100, "CLIENT_FRAC": 0.2, "POISON_FRAC": 0.1, "CREATE_DATASET": false, "RANDOM_DATA": true, "CLASS_RATIO": 10, "MODEL": "nnet", "LEARNING_RATE": 0.001, "BATCH_SIZE": 32, "LOCAL_EPOCHS": 10, "OPTIMIZER": "adam", "FED_ROUNDS": 30, "TEST_EVERY": 1, "RANDOM_PROCESS": false, "COS_DEFENCE": true, "SEL_METHOD": 1, "REDUCE_LR": 1, "COLLAB_MODE": true, "COLLAB_ALL": true, "CONSIDER_LAYERS": "l1", "GRAD_AGG": true, "FEATURE_FINDING_ALGO": "auror", "GRAD_COLLECTION_START": 0, "GRAD_COLLECT_FOR": -1, "CLUSTER_SEP": 0.005, "ALPHA": 0.8, "BETA": 0.8, "GAMMA": 0.1, "TRUST_INC": 2, "TRUST_CUT_METHOD": 1, "HONEST_PARDON_FACTOR": 0.7, "LOG_LEVEL": "INFO", "JSON_RESULTS": true}, "mean_poison_class_acc": 84.91860465116278, "mean_attack_srate": 3.062015503875969, "total_accuracies": [48.85, 70.67, 82.41, 85.85, 88.44, 88.88, 89.94, 90.83, 91.28, 91.71, 91.61, 92.12, 92.34, 92.51, 93.41, 93.95, 93.41, 93.69, 93.92, 94.04, 94.66, 93.2, 93.63, 94.65, 93.94, 94.8, 94.87, 94.7, 95.28, 93.88], "class_accuracies": [[99.38775510204081, 92.95154185022027, 1.1627906976744187, 52.67326732673267, 64.35845213849286, 19.282511210762333, 26.096033402922757, 23.638132295719846, 49.48665297741273, 52.824578790882065], [97.44897959183673, 98.6784140969163, 36.724806201550386, 92.67326732673267, 77.69857433808554, 60.53811659192825, 79.74947807933194, 88.42412451361868, 36.4476386036961, 34.29137760158573], [95.91836734693878, 98.32599118942731, 67.05426356589147, 90.1980198019802, 86.9653767820774, 63.67713004484305, 89.66597077244259, 92.02334630350195, 78.02874743326488, 58.969276511397425], [97.14285714285714, 97.44493392070484, 71.12403100775194, 88.31683168316832, 81.16089613034623, 85.53811659192826, 89.4572025052192, 91.53696498054475, 73.71663244353182, 81.76412289395441], [97.75510204081633, 97.44493392070484, 77.71317829457364, 88.7128712871287, 91.0386965376782, 83.18385650224215, 91.8580375782881, 92.60700389105058, 81.51950718685832, 81.26858275520317], [97.04081632653062, 98.23788546255507, 76.45348837209302, 89.10891089108911, 89.61303462321793, 82.28699551569507, 93.52818371607516, 92.60700389105058, 81.82751540041068, 86.62041625371656], [97.85714285714286, 98.06167400881057, 81.2015503875969, 90.5940594059406, 89.91853360488798, 84.08071748878923, 93.63256784968685, 90.75875486381322, 82.95687885010267, 88.9990089197225], [97.24489795918367, 97.97356828193833, 83.72093023255815, 90.0990099009901, 92.66802443991854, 87.21973094170404, 94.1544885177453, 91.63424124513618, 84.49691991786447, 88.10703666997027], [97.24489795918367, 97.62114537444934, 82.26744186046511, 92.37623762376238, 90.93686354378819, 85.53811659192826, 93.94572025052192, 91.147859922179, 88.29568788501027, 92.36868186323092], [97.55102040816327, 99.03083700440529, 83.81782945736434, 91.78217821782178, 93.27902240325865, 87.78026905829596, 95.51148225469728, 91.53696498054475, 86.75564681724846, 89.09811694747275], [96.93877551020408, 98.6784140969163, 81.68604651162791, 93.36633663366337, 93.89002036659878, 87.10762331838565, 94.36325678496868, 93.09338521400778, 86.44763860369609, 89.49454905847374], [97.55102040816327, 98.06167400881057, 81.2015503875969, 90.89108910891089, 94.70468431771894, 89.79820627802691, 94.67640918580376, 91.53696498054475, 90.96509240246407, 91.37760158572844], [98.26530612244898, 98.59030837004406, 81.3953488372093, 91.98019801980197, 93.07535641547861, 90.47085201793722, 94.258872651357, 91.92607003891051, 91.17043121149898, 91.77403369672943], [98.06122448979592, 98.32599118942731, 81.2015503875969, 93.36633663366337, 93.89002036659878, 90.80717488789237, 94.258872651357, 92.12062256809338, 91.17043121149898, 91.47670961347869], [97.75510204081633, 98.06167400881057, 87.3062015503876, 93.96039603960396, 95.31568228105907, 90.02242152466367, 94.46764091858037, 92.60700389105058, 92.19712525667352, 91.77403369672943], [97.44897959183673, 98.50220264317181, 92.63565891472868, 92.27722772277228, 94.29735234215886, 90.13452914798206, 96.45093945720251, 93.3852140077821, 91.9917864476386, 91.57581764122894], [97.75510204081633, 98.50220264317181, 84.20542635658914, 92.17821782178218, 95.010183299389, 92.9372197309417, 96.03340292275574, 92.99610894941634, 90.86242299794661, 93.3597621407334], [98.06122448979592, 98.76651982378854, 85.94961240310077, 94.45544554455445, 95.11201629327903, 89.79820627802691, 95.19832985386222, 94.26070038910505, 91.06776180698152, 93.45887016848364], [97.75510204081633, 98.50220264317181, 88.2751937984496, 93.66336633663366, 95.62118126272912, 90.35874439461884, 95.82463465553236, 93.8715953307393, 91.47843942505133, 93.1615460852329], [98.36734693877551, 98.6784140969163, 87.3062015503876, 93.86138613861387, 94.39918533604887, 91.25560538116592, 95.61586638830897, 94.16342412451363, 91.88911704312115, 94.25173439048562], [98.26530612244898, 98.50220264317181, 93.5077519379845, 93.26732673267327, 93.58452138492872, 90.69506726457399, 95.82463465553236, 94.45525291828794, 94.55852156057495, 93.1615460852329], [98.46938775510205, 98.6784140969163, 77.61627906976744, 93.86138613861387, 95.21384928716904, 92.04035874439462, 96.13778705636743, 93.67704280155642, 91.78644763860369, 94.35084241823587], [97.75510204081633, 98.94273127753304, 83.23643410852713, 94.55445544554455, 97.45417515274949, 90.69506726457399, 96.34655532359082, 93.77431906614785, 90.96509240246407, 92.07135777998018], [98.16326530612245, 98.50220264317181, 89.53488372093024, 94.75247524752476, 95.11201629327903, 92.37668161434978, 95.4070981210856, 94.16342412451363, 94.25051334702259, 93.75619425173439], [98.46938775510205, 98.8546255506608, 82.07364341085271, 96.93069306930693, 95.11201629327903, 90.13452914798206, 96.13778705636743, 95.13618677042801, 91.88911704312115, 94.05351833498513], [98.46938775510205, 98.76651982378854, 90.89147286821705, 92.97029702970298, 96.23217922606925, 93.38565022421524, 95.61586638830897, 94.26070038910505, 93.32648870636551, 93.65708622398414], [98.36734693877551, 98.59030837004406, 89.24418604651163, 95.24752475247524, 95.21384928716904, 92.71300448430493, 95.82463465553236, 94.3579766536965, 93.63449691991786, 95.04459861248762], [98.26530612244898, 98.76651982378854, 87.8875968992248, 96.03960396039604, 96.23217922606925, 92.152466367713, 96.65970772442589, 94.06614785992218, 91.9917864476386, 94.44995044598612], [98.26530612244898, 98.6784140969163, 92.05426356589147, 94.25742574257426, 95.11201629327903, 93.83408071748879, 95.82463465553236, 95.8171206225681, 93.83983572895278, 94.64816650148661], [98.26530612244898, 98.8546255506608, 78.29457364341086, 94.55445544554455, 95.31568228105907, 93.94618834080717, 95.4070981210856, 95.62256809338521, 93.73716632443532, 94.74727452923686]],