{"config": {"DATASET": "mnist", "TOTAL_CLIENTS": 100, "CLIENT_FRAC": 0.1, "POISON_FRAC": 0.2, "CREATE_DATASET": true, "RANDOM_DATA": true, "CLASS_RATIO": 10, "MODEL": "nnet", "LEARNING_RATE": 0.001, "BATCH_SIZE": 32, "LOCAL_EPOCHS": 10, "OPTIMIZER": "adam", "FED_ROUNDS": 30, "TEST_EVERY": 1, "RANDOM_PROCESS": false, "COS_DEFENCE": false, "SEL_METHOD": 1, "REDUCE_LR": 1, "COLLAB_MODE": true, "COLLAB_ALL": true, "CONSIDER_LAYERS": "l1", "GRAD_AGG": true, "FEATURE_FINDING_ALGO": "auror", "GRAD_COLLECTION_START": 0, "GRAD_COLLECT_FOR": -1, "CLUSTER_SEP": 0.005, "ALPHA": 0.8, "BETA": 0.8, "GAMMA": 0.1, "TRUST_INC": 2, "TRUST_CUT_METHOD": 1, "HONEST_PARDON_FACTOR": 0.7, "LOG_LEVEL": "INFO", "JSON_RESULTS": true}, "mean_poison_class_acc": 73.29457364341086, "mean_attack_srate": 3.4060077519379846, "total_accuracies": [48.61, 70.57, 85.31, 86.07, 89.2, 88.27, 89.49, 90.94, 91.98, 88.64, 92.64, 93.31, 86.97, 92.54, 92.32, 94.04, 88.39, 93.06, 91.75, 92.75, 91.45, 92.6, 94.57, 88.35, 94.21, 94.22, 94.22, 91.88, 94.71, 94.73], "class_accuracies": [[98.77551020408163, 99.64757709251101, 0.0, 8.712871287128714, 48.77800407331976, 32.28699551569507, 42.379958246346554, 64.49416342412451, 19.815195071868583, 63.92467789890981], [96.63265306122449, 97.44493392070484, 34.49612403100775, 88.41584158415841, 92.15885947046843, 79.48430493273543, 82.15031315240084, 82.58754863813229, 20.739219712525667, 30.029732408325074], [94.89795918367346, 97.5330396475771, 70.83333333333333, 86.03960396039604, 87.57637474541751, 81.27802690582959, 91.7536534446764, 86.67315175097276, 73.40862422997947, 81.66501486620416], [96.63265306122449, 96.82819383259911, 63.275193798449614, 87.42574257425743, 91.44602851323829, 77.24215246636771, 95.09394572025052, 87.06225680933852, 78.13141683778234, 86.32309217046581], [96.63265306122449, 96.0352422907489, 83.81782945736434, 87.52475247524752, 94.90835030549898, 83.96860986547085, 93.94572025052192, 90.27237354085604, 82.64887063655031, 81.26858275520317], [97.24489795918367, 98.6784140969163, 68.8953488372093, 89.20792079207921, 92.36252545824847, 84.97757847533633, 93.73695198329854, 91.24513618677042, 77.20739219712526, 88.10703666997027], [97.24489795918367, 98.59030837004406, 77.51937984496124, 90.6930693069307, 96.02851323828921, 87.10762331838565, 94.78079331941545, 88.81322957198444, 77.92607802874743, 85.33201189296334], [98.06122448979592, 97.62114537444934, 85.85271317829458, 90.79207920792079, 93.48268839103869, 88.45291479820628, 93.63256784968685, 91.43968871595331, 79.46611909650925, 89.59365708622398], [97.55102040816327, 97.44493392070484, 87.79069767441861, 90.0, 94.70468431771894, 88.90134529147981, 95.61586638830897, 91.34241245136187, 85.1129363449692, 90.58473736372646], [98.26530612244898, 98.23788546255507, 53.00387596899225, 91.2871287128713, 94.29735234215886, 88.67713004484305, 96.76409185803757, 91.73151750972762, 83.26488706365502, 91.0802775024777], [97.95918367346938, 97.44493392070484, 88.66279069767442, 93.26732673267327, 91.24236252545825, 91.4798206278027, 94.36325678496868, 90.1750972762646, 87.37166324435319, 93.85530227948463], [97.85714285714286, 97.97356828193833, 92.44186046511628, 90.89108910891089, 95.31568228105907, 91.59192825112108, 95.72025052192066, 92.60700389105058, 87.47433264887064, 90.58473736372646], [97.85714285714286, 98.41409691629956, 27.810077519379846, 91.68316831683168, 95.62118126272912, 91.3677130044843, 94.67640918580376, 94.3579766536965, 86.34496919917865, 92.76511397423191], [98.36734693877551, 98.6784140969163, 80.81395348837209, 95.54455445544555, 94.70468431771894, 86.54708520179372, 95.72025052192066, 93.48249027237354, 87.782340862423, 92.76511397423191], [98.36734693877551, 98.59030837004406, 79.26356589147287, 95.14851485148515, 96.74134419551935, 91.70403587443946, 93.73695198329854, 92.99610894941634, 84.08624229979466, 92.07135777998018], [98.26530612244898, 98.23788546255507, 89.82558139534883, 94.25742574257426, 95.41751527494908, 93.16143497757848, 94.88517745302714, 93.77431906614785, 89.63039014373716, 92.46778989098117], [97.55102040816327, 98.50220264317181, 40.01937984496124, 93.76237623762377, 94.80651731160896, 93.27354260089686, 94.36325678496868, 92.60700389105058, 86.03696098562628, 93.95441030723488], [98.57142857142857, 98.32599118942731, 78.39147286821705, 95.54455445544555, 94.80651731160896, 92.152466367713, 94.98956158663883, 93.48249027237354, 91.17043121149898, 92.9633300297324], [98.77551020408163, 98.8546255506608, 65.21317829457364, 94.25742574257426, 95.62118126272912, 93.83408071748879, 94.98956158663883, 92.60700389105058, 90.04106776180699, 93.65708622398414], [98.16326530612245, 98.06167400881057, 74.12790697674419, 94.95049504950495, 95.62118126272912, 92.48878923766816, 95.30271398747391, 94.16342412451363, 91.88911704312115, 92.76511397423191], [98.87755102040816, 98.32599118942731, 62.6937984496124, 94.75247524752476, 93.27902240325865, 92.37668161434978, 94.36325678496868, 93.28793774319067, 92.81314168377824, 94.05351833498513], [98.46938775510205, 98.14977973568281, 71.31782945736434, 95.34653465346534, 95.72301425661914, 92.37668161434978, 94.46764091858037, 94.74708171206225, 91.68377823408625, 93.75619425173439], [97.95918367346938, 98.41409691629956, 87.98449612403101, 93.46534653465346, 96.23217922606925, 93.16143497757848, 95.92901878914405, 95.52529182879377, 94.25051334702259, 92.46778989098117], [98.77551020408163, 98.50220264317181, 30.329457364341085, 95.54455445544555, 96.33401221995926, 92.60089686098655, 95.30271398747391, 93.96887159533074, 91.27310061601642, 92.26957383548067], [98.26530612244898, 98.50220264317181, 87.1124031007752, 94.95049504950495, 95.21384928716904, 93.49775784753363, 94.78079331941545, 95.42801556420234, 90.65708418891171, 93.26065411298315], [98.9795918367347, 98.59030837004406, 85.27131782945736, 95.14851485148515, 95.72301425661914, 91.92825112107623, 95.19832985386222, 95.71984435797665, 91.88911704312115, 93.26065411298315], [98.16326530612245, 98.32599118942731, 84.39922480620154, 95.84158415841584, 95.21384928716904, 91.70403587443946, 96.34655532359082, 93.3852140077821, 93.63449691991786, 94.84638255698711], [98.6734693877551, 98.6784140969163, 60.174418604651166, 95.34653465346534, 95.51934826883911, 93.16143497757848, 95.30271398747391, 94.8443579766537, 93.73716632443532, 93.85530227948463], [98.87755102040816, 98.8546255506608, 91.27906976744185, 92.77227722772277, 95.31568228105907, 93.60986547085201, 95.72025052192066, 94.26070038910505, 92.40246406570841, 93.55797819623389], [98.26530612244898, 98.50220264317181, 88.75968992248062, 95.24752475247524, 94.60285132382892, 93.38565022421524, 94.1544885177453, 96.20622568093385, 92.71047227926078, 94.94549058473736]],