{"config": {"DATASET": "mnist", "TOTAL_CLIENTS": 100, "CLIENT_FRAC": 0.2, "POISON_FRAC": 0.5, "CREATE_DATASET": false, "RANDOM_DATA": true, "CLASS_RATIO": 10, "MODEL": "nnet", "LEARNING_RATE": 0.001, "BATCH_SIZE": 32, "LOCAL_EPOCHS": 10, "OPTIMIZER": "adam", "FED_ROUNDS": 30, "TEST_EVERY": 1, "RANDOM_PROCESS": false, "COS_DEFENCE": true, "SEL_METHOD": 1, "REDUCE_LR": 1, "COLLAB_MODE": true, "COLLAB_ALL": true, "CONSIDER_LAYERS": "l1", "GRAD_AGG": true, "FEATURE_FINDING_ALGO": "auror", "GRAD_COLLECTION_START": 0, "GRAD_COLLECT_FOR": -1, "CLUSTER_SEP": 0.002, "ALPHA": 0.8, "BETA": 0.8, "GAMMA": 0.1, "TRUST_INC": 2, "TRUST_CUT_METHOD": 1, "HONEST_PARDON_FACTOR": 0.7, "LOG_LEVEL": "INFO", "JSON_RESULTS": true}, "mean_poison_class_acc": 53.63178294573643, "mean_attack_srate": 4.104651162790698, "total_accuracies": [46.44, 67.45, 74.56, 83.48, 84.11, 87.21, 87.01, 88.81, 90.13, 88.82, 88.17, 89.79, 92.4, 86.46, 92.99, 89.62, 89.56, 86.2, 91.13, 92.94, 91.92, 87.67, 92.08, 92.89, 89.64, 89.04, 93.58, 92.6, 86.09, 94.41], "class_accuracies": [[99.28571428571429, 97.18061674008811, 0.0, 45.445544554455445, 63.23828920570265, 18.83408071748879, 15.34446764091858, 36.7704280155642, 6.365503080082136, 72.64618434093161], [97.75510204081633, 98.8546255506608, 0.0, 90.39603960396039, 84.82688391038697, 66.4798206278027, 72.65135699373695, 88.81322957198444, 35.01026694045174, 37.26461843409316], [96.0204081632653, 98.76651982378854, 0.0, 91.38613861386139, 86.76171079429736, 65.02242152466367, 89.35281837160751, 92.60700389105058, 70.2258726899384, 54.21209117938553], [97.34693877551021, 97.3568281938326, 47.96511627906977, 88.7128712871287, 86.55804480651732, 86.09865470852019, 88.51774530271399, 89.2023346303502, 74.435318275154, 78.29534192269574], [97.34693877551021, 98.14977973568281, 39.92248062015504, 90.6930693069307, 92.9735234215886, 83.40807174887892, 91.44050104384134, 92.12062256809338, 78.33675564681725, 76.51139742319128], [97.04081632653062, 97.62114537444934, 58.236434108527135, 89.8019801980198, 90.83503054989816, 84.4170403587444, 92.79749478079331, 90.6614785992218, 83.05954825462013, 87.1159563924678], [98.26530612244898, 97.88546255506608, 51.84108527131783, 92.37623762376238, 93.27902240325865, 85.98654708520179, 92.58872651356994, 89.39688715953308, 80.80082135523614, 87.51238850346878], [97.85714285714286, 97.62114537444934, 64.43798449612403, 90.99009900990099, 92.87169042769857, 89.34977578475336, 93.21503131524008, 90.75875486381322, 83.26488706365502, 87.61149653121903], [98.06122448979592, 97.70925110132158, 71.12403100775194, 91.48514851485149, 91.75152749490834, 88.90134529147981, 93.52818371607516, 89.98054474708171, 87.98767967145791, 90.48562933597621], [98.06122448979592, 98.32599118942731, 55.32945736434109, 93.36633663366337, 90.22403258655804, 88.45291479820628, 94.88517745302714, 91.82879377431907, 86.75564681724846, 90.98116947472745], [97.14285714285714, 98.8546255506608, 48.25581395348837, 93.66336633663366, 94.19551934826885, 89.68609865470852, 96.03340292275574, 92.60700389105058, 85.01026694045174, 86.62041625371656], [98.26530612244898, 98.6784140969163, 57.07364341085271, 91.68316831683168, 93.38085539714868, 91.03139013452915, 95.19832985386222, 91.43968871595331, 89.93839835728953, 91.57581764122894], [98.16326530612245, 98.6784140969163, 80.71705426356588, 94.65346534653466, 93.27902240325865, 89.57399103139014, 96.24217118997912, 92.12062256809338, 89.21971252566735, 90.78295341922696], [98.6734693877551, 98.6784140969163, 19.573643410852714, 94.95049504950495, 94.09368635437882, 92.82511210762331, 94.67640918580376, 91.92607003891051, 89.3223819301848, 91.57581764122894], [98.26530612244898, 98.76651982378854, 80.71705426356588, 93.76237623762377, 94.80651731160896, 92.04035874439462, 95.82463465553236, 92.12062256809338, 91.58110882956879, 91.77403369672943], [97.75510204081633, 98.76651982378854, 47.96511627906977, 95.54455445544555, 93.58452138492872, 91.3677130044843, 96.97286012526096, 93.57976653696498, 89.21971252566735, 92.07135777998018], [98.26530612244898, 98.8546255506608, 44.67054263565891, 93.76237623762377, 94.29735234215886, 94.17040358744394, 94.88517745302714, 94.16342412451363, 90.04106776180699, 93.45887016848364], [98.06122448979592, 98.94273127753304, 12.112403100775193, 96.73267326732673, 95.010183299389, 89.68609865470852, 96.24217118997912, 93.96887159533074, 89.52772073921972, 93.26065411298315], [97.95918367346938, 98.8546255506608, 56.68604651162791, 94.85148514851485, 95.21384928716904, 92.60089686098655, 96.65970772442589, 94.64980544747081, 90.55441478439425, 93.75619425173439], [98.26530612244898, 98.76651982378854, 74.8062015503876, 94.75247524752476, 94.39918533604887, 91.59192825112108, 96.86847599164926, 93.67704280155642, 93.01848049281314, 93.1615460852329], [98.06122448979592, 98.8546255506608, 63.565891472868216, 95.44554455445545, 93.68635437881873, 92.71300448430493, 96.97286012526096, 94.74708171206225, 91.88911704312115, 93.55797819623389], [98.16326530612245, 98.6784140969163, 21.22093023255814, 95.04950495049505, 94.90835030549898, 93.38565022421524, 96.86847599164926, 94.16342412451363, 92.29979466119096, 93.75619425173439], [97.95918367346938, 98.76651982378854, 64.05038759689923, 95.14851485148515, 96.33401221995926, 93.38565022421524, 96.76409185803757, 93.67704280155642, 91.68377823408625, 93.45887016848364], [98.16326530612245, 98.6784140969163, 69.57364341085271, 94.85148514851485, 94.5010183299389, 94.05829596412556, 96.86847599164926, 95.03891050583658, 93.22381930184805, 94.25173439048562], [98.6734693877551, 98.6784140969163, 37.7906976744186, 96.43564356435644, 95.11201629327903, 92.37668161434978, 96.86847599164926, 94.94163424124514, 93.22381930184805, 93.45887016848364], [98.36734693877551, 98.76651982378854, 33.81782945736434, 96.03960396039604, 95.72301425661914, 93.94618834080717, 96.45093945720251, 92.60700389105058, 91.78644763860369, 94.35084241823587], [98.16326530612245, 98.8546255506608, 75.7751937984496, 96.13861386138613, 94.80651731160896, 94.5067264573991, 96.65970772442589, 93.96887159533074, 92.71047227926078, 94.35084241823587], [98.06122448979592, 98.76651982378854, 66.66666666666667, 95.44554455445545, 95.41751527494908, 95.06726457399103, 97.07724425887265, 93.67704280155642, 92.29979466119096, 94.05351833498513], [97.75510204081633, 98.6784140969163, 1.6472868217054264, 95.04950495049505, 95.11201629327903, 94.39461883408072, 97.18162839248434, 95.62256809338521, 93.22381930184805, 94.74727452923686], [98.26530612244898, 98.76651982378854, 83.13953488372093, 95.74257425742574, 96.43584521384929, 93.94618834080717, 96.76409185803757, 94.3579766536965, 93.01848049281314, 93.55797819623389]],