{"config": {"DATASET": "mnist", "TOTAL_CLIENTS": 100, "CLIENT_FRAC": 0.2, "POISON_FRAC": 0.3, "CREATE_DATASET": true, "RANDOM_DATA": true, "CLASS_RATIO": 10, "MODEL": "nnet", "LEARNING_RATE": 0.001, "BATCH_SIZE": 32, "LOCAL_EPOCHS": 10, "OPTIMIZER": "adam", "FED_ROUNDS": 30, "TEST_EVERY": 1, "RANDOM_PROCESS": false, "COS_DEFENCE": false, "SEL_METHOD": 1, "REDUCE_LR": 1, "COLLAB_MODE": true, "COLLAB_ALL": true, "CONSIDER_LAYERS": "l1", "GRAD_AGG": true, "FEATURE_FINDING_ALGO": "auror", "GRAD_COLLECTION_START": 0, "GRAD_COLLECT_FOR": -1, "CLUSTER_SEP": 0.002, "ALPHA": 0.8, "BETA": 0.8, "GAMMA": 0.1, "TRUST_INC": 2, "TRUST_CUT_METHOD": 1, "HONEST_PARDON_FACTOR": 0.7, "LOG_LEVEL": "INFO", "JSON_RESULTS": true}, "mean_poison_class_acc": 75.85271317829456, "mean_attack_srate": 3.2829457364341086, "total_accuracies": [51.42, 68.78, 81.36, 83.89, 86.39, 86.07, 89.28, 88.4, 91.36, 90.3, 92.05, 91.61, 92.25, 93.42, 93.18, 93.81, 93.48, 93.72, 93.17, 93.06, 93.25, 92.75, 94.33, 91.7, 94.48, 94.96, 88.49, 94.65, 95.25, 92.99], "class_accuracies": [[97.24489795918367, 99.91189427312776, 2.131782945736434, 50.89108910891089, 75.45824847250509, 24.43946188340807, 20.041753653444676, 78.98832684824903, 57.08418891170431, 0.0], [97.95918367346938, 98.76651982378854, 3.9728682170542635, 83.06930693069307, 92.87169042769857, 77.91479820627802, 81.52400835073068, 86.7704280155642, 34.59958932238193, 29.73240832507433], [96.63265306122449, 98.32599118942731, 44.86434108527132, 83.56435643564356, 94.29735234215886, 78.47533632286995, 92.79749478079331, 90.75875486381322, 73.20328542094455, 59.9603567888999], [96.93877551020408, 98.41409691629956, 49.32170542635659, 84.85148514851485, 92.4643584521385, 87.21973094170404, 90.7098121085595, 89.00778210116732, 70.2258726899384, 79.48463825569871], [97.44897959183673, 98.06167400881057, 57.26744186046512, 90.39603960396039, 95.11201629327903, 80.94170403587444, 92.90187891440502, 91.53696498054475, 77.92607802874743, 81.36769078295342], [97.55102040816327, 96.82819383259911, 47.86821705426357, 87.22772277227723, 95.11201629327903, 83.5201793721973, 92.69311064718163, 90.36964980544747, 83.9835728952772, 85.53022794846383], [97.85714285714286, 98.32599118942731, 75.67829457364341, 90.1980198019802, 94.90835030549898, 87.10762331838565, 92.27557411273486, 90.75875486381322, 81.93018480492813, 82.95341922695738], [97.85714285714286, 97.3568281938326, 60.27131782945737, 91.48514851485149, 95.62118126272912, 86.7713004484305, 92.37995824634656, 90.75875486381322, 83.5728952772074, 87.71060455896928], [97.65306122448979, 96.74008810572687, 82.55813953488372, 89.3069306930693, 93.27902240325865, 86.99551569506727, 95.19832985386222, 89.98054474708171, 90.96509240246407, 90.38652130822597], [97.95918367346938, 97.44493392070484, 70.83333333333333, 93.26732673267327, 95.51934826883911, 85.08968609865471, 94.57202505219206, 91.73151750972762, 86.85831622176592, 89.09811694747275], [97.95918367346938, 97.97356828193833, 85.75581395348837, 92.77227722772277, 95.82484725050917, 88.11659192825113, 95.4070981210856, 91.24513618677042, 86.34496919917865, 88.30525272547077], [97.85714285714286, 98.23788546255507, 76.16279069767442, 94.35643564356435, 95.92668024439918, 88.90134529147981, 95.09394572025052, 91.82879377431907, 88.60369609856262, 88.70168483647176], [97.75510204081633, 98.23788546255507, 77.81007751937985, 94.25742574257426, 95.92668024439918, 89.57399103139014, 96.24217118997912, 93.67704280155642, 89.01437371663245, 89.59365708622398], [97.85714285714286, 98.59030837004406, 85.75581395348837, 93.96039603960396, 95.62118126272912, 89.79820627802691, 96.34655532359082, 93.09338521400778, 90.96509240246407, 91.57581764122894], [98.06122448979592, 98.14977973568281, 83.04263565891473, 93.76237623762377, 96.84317718940937, 91.25560538116592, 95.61586638830897, 93.57976653696498, 91.17043121149898, 89.99008919722498], [97.85714285714286, 98.6784140969163, 85.36821705426357, 92.97029702970298, 94.80651731160896, 91.70403587443946, 96.13778705636743, 94.94163424124514, 92.81314168377824, 92.36868186323092], [97.75510204081633, 98.41409691629956, 83.43023255813954, 95.34653465346534, 96.33401221995926, 88.78923766816143, 96.5553235908142, 93.8715953307393, 91.68377823408625, 91.97224975222993], [98.26530612244898, 98.32599118942731, 83.91472868217055, 94.15841584158416, 95.51934826883911, 91.92825112107623, 95.51148225469728, 93.96887159533074, 91.37577002053388, 93.85530227948463], [97.95918367346938, 98.8546255506608, 79.55426356589147, 93.36633663366337, 96.74134419551935, 92.04035874439462, 96.5553235908142, 93.09338521400778, 93.01848049281314, 90.38652130822597], [97.85714285714286, 98.8546255506608, 76.74418604651163, 93.96039603960396, 96.74134419551935, 92.37668161434978, 96.24217118997912, 93.8715953307393, 93.22381930184805, 90.68384539147671], [98.36734693877551, 98.76651982378854, 76.74418604651163, 93.66336633663366, 95.82484725050917, 93.16143497757848, 96.34655532359082, 94.06614785992218, 92.60780287474333, 92.9633300297324], [97.95918367346938, 98.76651982378854, 70.15503875968992, 94.45544554455445, 95.72301425661914, 93.27354260089686, 95.61586638830897, 94.55252918287938, 93.83983572895278, 93.3597621407334], [98.06122448979592, 98.8546255506608, 86.62790697674419, 94.35643564356435, 96.43584521384929, 92.9372197309417, 96.65970772442589, 95.03891050583658, 93.1211498973306, 90.8820614469772], [98.6734693877551, 98.76651982378854, 58.81782945736434, 95.74257425742574, 96.23217922606925, 93.16143497757848, 96.65970772442589, 94.16342412451363, 92.91581108829568, 92.46778989098117], [98.06122448979592, 98.76651982378854, 85.65891472868218, 94.35643564356435, 96.74134419551935, 93.60986547085201, 95.61586638830897, 94.06614785992218, 94.14784394250513, 93.55797819623389], [97.95918367346938, 98.59030837004406, 90.11627906976744, 94.45544554455445, 96.74134419551935, 95.06726457399103, 96.13778705636743, 93.67704280155642, 92.81314168377824, 93.85530227948463], [98.6734693877551, 98.50220264317181, 27.325581395348838, 95.94059405940594, 96.94501018329939, 92.48878923766816, 95.92901878914405, 94.74708171206225, 93.01848049281314, 92.86422200198216], [98.16326530612245, 98.59030837004406, 86.53100775193798, 95.54455445544555, 95.11201629327903, 91.81614349775785, 97.07724425887265, 95.23346303501945, 94.86652977412732, 93.1615460852329], [98.46938775510205, 98.6784140969163, 91.47286821705427, 95.84158415841584, 96.23217922606925, 91.92825112107623, 96.65970772442589, 93.77431906614785, 94.96919917864476, 93.95441030723488], [98.06122448979592, 98.41409691629956, 68.12015503875969, 95.64356435643565, 96.5376782077393, 91.92825112107623, 96.97286012526096, 95.52529182879377, 94.96919917864476, 93.95441030723488]],