{"config": {"DATASET": "mnist", "TOTAL_CLIENTS": 100, "CLIENT_FRAC": 0.1, "POISON_FRAC": 0.1, "CREATE_DATASET": false, "RANDOM_DATA": true, "CLASS_RATIO": 10, "MODEL": "nnet", "LEARNING_RATE": 0.001, "BATCH_SIZE": 32, "LOCAL_EPOCHS": 10, "OPTIMIZER": "adam", "FED_ROUNDS": 30, "TEST_EVERY": 1, "RANDOM_PROCESS": false, "COS_DEFENCE": true, "SEL_METHOD": 1, "REDUCE_LR": 1, "COLLAB_MODE": true, "COLLAB_ALL": true, "CONSIDER_LAYERS": "l1", "GRAD_AGG": true, "FEATURE_FINDING_ALGO": "auror", "GRAD_COLLECTION_START": 0, "GRAD_COLLECT_FOR": -1, "CLUSTER_SEP": 0.005, "ALPHA": 0.8, "BETA": 0.8, "GAMMA": 0.1, "TRUST_INC": 2, "TRUST_CUT_METHOD": 1, "HONEST_PARDON_FACTOR": 0.7, "LOG_LEVEL": "INFO", "JSON_RESULTS": true}, "mean_poison_class_acc": 83.90019379844962, "mean_attack_srate": 3.1104651162790695, "total_accuracies": [41.95, 76.58, 84.77, 86.82, 88.65, 89.07, 90.1, 91.09, 91.43, 91.52, 92.41, 92.41, 92.87, 92.95, 92.89, 93.16, 92.14, 94.12, 94.02, 94.23, 93.07, 94.72, 94.69, 94.86, 90.9, 94.09, 94.69, 93.92, 90.44, 94.77], "class_accuracies": [[99.59183673469387, 93.74449339207048, 0.1937984496124031, 42.17821782178218, 42.871690427698574, 2.1300448430493275, 41.127348643006265, 0.0, 0.2053388090349076, 88.30525272547077], [94.89795918367346, 98.6784140969163, 63.08139534883721, 91.2871287128713, 84.0122199592668, 57.399103139013455, 84.44676409185804, 83.75486381322958, 51.437371663244356, 52.22993062438057], [94.18367346938776, 97.97356828193833, 80.03875968992249, 87.12871287128714, 86.45621181262729, 73.76681614349776, 91.44050104384134, 84.72762645914396, 74.02464065708419, 75.42120911793856], [96.3265306122449, 96.56387665198238, 74.6124031007752, 88.41584158415841, 88.39103869653768, 76.12107623318386, 94.258872651357, 88.2295719844358, 81.93018480492813, 81.66501486620416], [95.40816326530613, 96.2114537444934, 81.2015503875969, 86.93069306930693, 91.14052953156823, 84.19282511210763, 93.52818371607516, 89.29961089494164, 85.72895277207392, 81.9623389494549], [96.53061224489795, 98.06167400881057, 79.45736434108527, 89.3069306930693, 89.40936863543789, 85.31390134529148, 93.21503131524008, 90.56420233463035, 79.7741273100616, 87.80971258671953], [96.73469387755102, 98.32599118942731, 86.53100775193798, 87.72277227722772, 95.92668024439918, 88.11659192825113, 94.57202505219206, 88.32684824902724, 81.93018480492813, 81.9623389494549], [97.34693877551021, 97.70925110132158, 90.50387596899225, 89.5049504950495, 93.68635437881873, 89.01345291479821, 93.52818371607516, 89.29961089494164, 82.54620123203286, 86.81863230921705], [97.55102040816327, 97.26872246696036, 84.98062015503876, 89.70297029702971, 95.010183299389, 88.78923766816143, 95.30271398747391, 89.59143968871595, 87.16632443531827, 88.40436075322101], [98.06122448979592, 97.79735682819383, 79.84496124031008, 91.2871287128713, 94.70468431771894, 87.89237668161435, 96.03340292275574, 91.63424124513618, 86.55030800821355, 90.78295341922696], [98.06122448979592, 97.88546255506608, 88.56589147286822, 91.78217821782178, 94.80651731160896, 90.02242152466367, 93.94572025052192, 90.27237354085604, 87.37166324435319, 90.68384539147671], [97.44897959183673, 98.50220264317181, 87.1124031007752, 92.67326732673267, 95.31568228105907, 91.4798206278027, 93.21503131524008, 90.75875486381322, 87.26899383983573, 89.69276511397423], [98.16326530612245, 97.62114537444934, 88.37209302325581, 91.68316831683168, 95.21384928716904, 93.38565022421524, 95.09394572025052, 92.12062256809338, 88.39835728952772, 88.40436075322101], [97.75510204081633, 98.41409691629956, 88.56589147286822, 94.25742574257426, 92.05702647657841, 91.25560538116592, 95.09394572025052, 91.34241245136187, 85.72895277207392, 94.25173439048562], [97.85714285714286, 98.06167400881057, 83.81782945736434, 93.86138613861387, 96.23217922606925, 91.59192825112108, 94.88517745302714, 92.99610894941634, 88.19301848049281, 90.98116947472745], [98.06122448979592, 98.59030837004406, 84.88372093023256, 93.56435643564356, 93.89002036659878, 91.59192825112108, 96.24217118997912, 90.95330739299611, 89.52772073921972, 93.85530227948463], [98.36734693877551, 98.59030837004406, 73.64341085271317, 93.56435643564356, 93.68635437881873, 92.37668161434978, 93.73695198329854, 92.41245136186771, 91.17043121149898, 93.75619425173439], [98.16326530612245, 98.8546255506608, 92.82945736434108, 94.75247524752476, 95.51934826883911, 91.70403587443946, 95.30271398747391, 91.147859922179, 89.21971252566735, 92.9633300297324], [98.06122448979592, 98.50220264317181, 88.46899224806202, 94.75247524752476, 95.62118126272912, 92.04035874439462, 95.72025052192066, 94.74708171206225, 91.17043121149898, 90.58473736372646], [97.95918367346938, 99.03083700440529, 88.85658914728683, 95.04950495049505, 94.29735234215886, 92.48878923766816, 96.24217118997912, 92.8988326848249, 91.27310061601642, 93.65708622398414], [98.36734693877551, 99.03083700440529, 79.55426356589147, 93.96039603960396, 95.82484725050917, 94.05829596412556, 95.30271398747391, 93.3852140077821, 88.09034907597535, 92.9633300297324], [97.95918367346938, 99.03083700440529, 91.95736434108527, 95.24752475247524, 95.11201629327903, 93.04932735426009, 95.92901878914405, 93.48249027237354, 91.37577002053388, 93.45887016848364], [97.95918367346938, 99.03083700440529, 93.31395348837209, 95.04950495049505, 94.60285132382892, 92.48878923766816, 97.07724425887265, 91.82879377431907, 90.75975359342915, 94.15262636273538], [98.26530612244898, 98.76651982378854, 92.44186046511628, 93.96039603960396, 94.29735234215886, 92.26457399103138, 96.5553235908142, 93.09338521400778, 93.83983572895278, 94.54905847373637], [98.16326530612245, 98.41409691629956, 54.748062015503876, 95.44554455445545, 96.63951120162933, 92.37668161434978, 95.30271398747391, 92.80155642023347, 92.81314168377824, 92.9633300297324], [97.24489795918367, 99.03083700440529, 87.40310077519379, 93.86138613861387, 94.60285132382892, 94.05829596412556, 95.72025052192066, 92.60700389105058, 91.9917864476386, 94.05351833498513], [98.36734693877551, 99.03083700440529, 91.47286821705427, 95.54455445544555, 94.90835030549898, 91.70403587443946, 96.13778705636743, 93.77431906614785, 90.65708418891171, 94.54905847373637], [98.77551020408163, 99.03083700440529, 81.2015503875969, 95.64356435643565, 94.80651731160896, 94.39461883408072, 96.13778705636743, 93.19066147859922, 92.50513347022587, 93.45887016848364], [98.36734693877551, 98.76651982378854, 51.35658914728682, 93.96039603960396, 96.23217922606925, 94.95515695067265, 94.67640918580376, 92.21789883268482, 92.29979466119096, 92.56689791873141], [97.85714285714286, 98.8546255506608, 89.43798449612403, 94.15841584158416, 94.39918533604887, 94.28251121076234, 96.65970772442589, 93.57976653696498, 92.60780287474333, 95.54013875123886]],