{"config": {"DATASET": "mnist", "TOTAL_CLIENTS": 100, "CLIENT_FRAC": 0.1, "POISON_FRAC": 0.1, "CREATE_DATASET": false, "RANDOM_DATA": true, "CLASS_RATIO": 10, "MODEL": "nnet", "LEARNING_RATE": 0.001, "BATCH_SIZE": 32, "LOCAL_EPOCHS": 10, "OPTIMIZER": "adam", "FED_ROUNDS": 30, "TEST_EVERY": 1, "RANDOM_PROCESS": false, "COS_DEFENCE": true, "SEL_METHOD": 1, "REDUCE_LR": 1, "COLLAB_MODE": true, "COLLAB_ALL": true, "CONSIDER_LAYERS": "l1", "GRAD_AGG": true, "FEATURE_FINDING_ALGO": "auror", "GRAD_COLLECTION_START": 0, "GRAD_COLLECT_FOR": -1, "CLUSTER_SEP": 0.005, "ALPHA": 0.8, "BETA": 0.8, "GAMMA": 0.1, "TRUST_INC": 2, "TRUST_CUT_METHOD": 1, "HONEST_PARDON_FACTOR": 0.7, "LOG_LEVEL": "INFO", "JSON_RESULTS": true}, "mean_poison_class_acc": 86.6375968992248, "mean_attack_srate": 3.105620155038759, "total_accuracies": [43.08, 76.65, 84.32, 85.3, 88.28, 89.88, 89.36, 90.21, 91.69, 91.98, 92.11, 92.47, 92.92, 93.17, 92.78, 93.77, 93.0, 93.55, 93.49, 93.71, 93.11, 93.94, 94.46, 92.16, 94.97, 94.97, 94.49, 94.49, 95.05, 95.16], "class_accuracies": [[99.48979591836735, 95.06607929515418, 0.0, 50.99009900990099, 57.73930753564155, 3.2511210762331837, 26.931106471816285, 1.556420233463035, 0.4106776180698152, 85.72844400396433], [96.12244897959184, 98.50220264317181, 55.32945736434109, 90.6930693069307, 88.08553971486762, 53.36322869955157, 87.89144050104385, 86.67315175097276, 60.98562628336756, 44.5986124876115], [95.3061224489796, 97.5330396475771, 71.02713178294573, 89.10891089108911, 84.11405295315683, 72.75784753363229, 92.06680584551148, 87.35408560311284, 74.84599589322382, 76.70961347869178], [96.42857142857143, 96.12334801762114, 59.39922480620155, 88.21782178217822, 87.9837067209776, 76.12107623318386, 94.258872651357, 88.13229571984436, 82.64887063655031, 82.55698711595639], [96.12244897959184, 95.68281938325991, 77.90697674418605, 87.32673267326733, 91.44602851323829, 82.39910313901345, 93.73695198329854, 89.00778210116732, 87.98767967145791, 80.37661050545094], [96.73469387755102, 98.06167400881057, 86.82170542635659, 88.51485148514851, 90.32586558044807, 83.74439461883408, 94.36325678496868, 90.75875486381322, 81.62217659137578, 86.32309217046581], [97.24489795918367, 98.14977973568281, 78.58527131782945, 87.92079207920793, 96.43584521384929, 88.90134529147981, 93.31941544885177, 88.81322957198444, 81.72484599589322, 81.9623389494549], [97.95918367346938, 97.70925110132158, 79.55426356589147, 89.4059405940594, 93.68635437881873, 90.5829596412556, 92.17118997912317, 90.46692607003891, 82.75154004106776, 87.31417244796829], [96.73469387755102, 97.44493392070484, 88.56589147286822, 89.20792079207921, 94.39918533604887, 88.11659192825113, 95.61586638830897, 90.46692607003891, 87.37166324435319, 88.20614469772052], [98.36734693877551, 97.88546255506608, 84.68992248062015, 91.2871287128713, 94.80651731160896, 87.10762331838565, 96.76409185803757, 92.02334630350195, 87.47433264887064, 88.60257680872151], [98.26530612244898, 97.62114537444934, 86.33720930232558, 92.97029702970298, 93.78818737270876, 85.20179372197309, 95.82463465553236, 91.147859922179, 88.19301848049281, 90.68384539147671], [97.95918367346938, 98.23788546255507, 88.37209302325581, 91.18811881188118, 95.72301425661914, 88.34080717488789, 96.24217118997912, 91.24513618677042, 89.01437371663245, 87.61149653121903], [98.06122448979592, 98.06167400881057, 89.43798449612403, 91.98019801980197, 91.85336048879837, 90.80717488789237, 97.07724425887265, 92.70428015564202, 86.96098562628337, 91.57581764122894], [97.85714285714286, 98.14977973568281, 90.40697674418605, 93.56435643564356, 92.36252545824847, 89.68609865470852, 95.09394572025052, 91.92607003891051, 88.19301848049281, 93.55797819623389], [98.16326530612245, 98.50220264317181, 84.10852713178295, 93.96039603960396, 95.11201629327903, 92.82511210762331, 92.69311064718163, 92.12062256809338, 87.98767967145791, 91.87314172447968], [98.6734693877551, 98.14977973568281, 88.46899224806202, 92.97029702970298, 93.89002036659878, 92.60089686098655, 95.51148225469728, 93.67704280155642, 90.34907597535934, 92.9633300297324], [98.26530612244898, 98.76651982378854, 79.06976744186046, 94.45544554455445, 93.9918533604888, 91.92825112107623, 95.19832985386222, 93.28793774319067, 90.75975359342915, 93.95441030723488], [97.85714285714286, 98.8546255506608, 88.37209302325581, 93.46534653465346, 93.58452138492872, 91.70403587443946, 95.51148225469728, 91.43968871595331, 89.3223819301848, 94.74727452923686], [98.16326530612245, 98.94273127753304, 85.27131782945736, 95.04950495049505, 90.020366598778, 91.03139013452915, 96.45093945720251, 94.8443579766537, 90.34907597535934, 94.05351833498513], [98.06122448979592, 98.8546255506608, 86.43410852713178, 95.24752475247524, 95.21384928716904, 90.13452914798206, 95.19832985386222, 92.02334630350195, 92.09445585215606, 93.1615460852329], [98.26530612244898, 99.03083700440529, 79.06976744186046, 93.86138613861387, 95.11201629327903, 91.25560538116592, 95.72025052192066, 93.8715953307393, 90.4517453798768, 94.05351833498513], [97.34693877551021, 98.94273127753304, 84.30232558139535, 95.64356435643565, 96.33401221995926, 92.26457399103138, 95.61586638830897, 95.62256809338521, 90.55441478439425, 92.26957383548067], [97.85714285714286, 99.03083700440529, 92.63565891472868, 94.25742574257426, 94.39918533604887, 91.81614349775785, 97.07724425887265, 92.12062256809338, 90.14373716632444, 94.54905847373637], [98.46938775510205, 98.59030837004406, 66.08527131782945, 94.55445544554455, 94.70468431771894, 92.71300448430493, 96.13778705636743, 93.57976653696498, 92.60780287474333, 94.44995044598612], [98.06122448979592, 98.8546255506608, 94.18604651162791, 93.46534653465346, 96.84317718940937, 92.60089686098655, 97.18162839248434, 92.70428015564202, 92.81314168377824, 92.46778989098117], [97.95918367346938, 98.94273127753304, 92.92635658914729, 95.34653465346534, 94.90835030549898, 92.26457399103138, 97.39039665970772, 93.48249027237354, 92.40246406570841, 93.45887016848364], [98.36734693877551, 99.03083700440529, 87.40310077519379, 96.43564356435644, 95.82484725050917, 92.37668161434978, 97.07724425887265, 93.8715953307393, 90.4517453798768, 93.55797819623389], [98.46938775510205, 99.03083700440529, 86.14341085271317, 96.33663366336634, 96.74134419551935, 92.60089686098655, 96.34655532359082, 93.67704280155642, 92.91581108829568, 92.26957383548067], [98.26530612244898, 98.76651982378854, 92.24806201550388, 93.86138613861387, 94.60285132382892, 93.72197309417041, 95.82463465553236, 92.31517509727627, 95.27720739219713, 95.24281466798811], [98.06122448979592, 99.03083700440529, 91.47286821705427, 94.55445544554455, 96.13034623217922, 94.61883408071749, 97.28601252609603, 95.03891050583658, 92.40246406570841, 92.66600594648166]],