{"config": {"DATASET": "mnist", "TOTAL_CLIENTS": 100, "CLIENT_FRAC": 0.2, "POISON_FRAC": 0.4, "CREATE_DATASET": true, "RANDOM_DATA": true, "CLASS_RATIO": 10, "MODEL": "nnet", "LEARNING_RATE": 0.001, "BATCH_SIZE": 32, "LOCAL_EPOCHS": 10, "OPTIMIZER": "adam", "FED_ROUNDS": 30, "TEST_EVERY": 1, "RANDOM_PROCESS": false, "COS_DEFENCE": false, "SEL_METHOD": 1, "REDUCE_LR": 1, "COLLAB_MODE": true, "COLLAB_ALL": true, "CONSIDER_LAYERS": "l1", "GRAD_AGG": true, "FEATURE_FINDING_ALGO": "auror", "GRAD_COLLECTION_START": 0, "GRAD_COLLECT_FOR": -1, "CLUSTER_SEP": 0.005, "ALPHA": 0.8, "BETA": 0.8, "GAMMA": 0.1, "TRUST_INC": 2, "TRUST_CUT_METHOD": 1, "HONEST_PARDON_FACTOR": 0.7, "LOG_LEVEL": "INFO", "JSON_RESULTS": true}, "mean_poison_class_acc": 60.86821705426356, "mean_attack_srate": 3.810077519379845, "total_accuracies": [50.19, 65.11, 78.29, 85.53, 84.98, 86.73, 88.55, 86.86, 91.39, 87.13, 88.91, 87.46, 92.58, 90.57, 90.05, 92.84, 84.79, 93.03, 90.24, 90.63, 94.15, 90.68, 93.74, 94.14, 88.36, 94.83, 93.09, 90.38, 93.36, 93.03], "class_accuracies": [[97.04081632653062, 99.47136563876651, 0.0, 61.584158415841586, 79.12423625254583, 37.219730941704036, 8.872651356993737, 78.6964980544747, 32.238193018480494, 0.0], [97.65306122448979, 98.6784140969163, 5.523255813953488, 81.08910891089108, 92.05702647657841, 84.64125560538116, 71.18997912317327, 85.11673151750973, 26.18069815195072, 8.622398414271556], [96.22448979591837, 98.41409691629956, 25.775193798449614, 86.33663366336634, 94.70468431771894, 73.09417040358744, 93.1106471816284, 91.24513618677042, 68.89117043121149, 54.31119920713578], [96.93877551020408, 98.14977973568281, 64.82558139534883, 85.34653465346534, 90.52953156822811, 85.20179372197309, 91.8580375782881, 90.56420233463035, 71.97125256673512, 78.98909811694747], [97.34693877551021, 97.70925110132158, 47.286821705426355, 90.0990099009901, 95.62118126272912, 81.83856502242152, 92.48434237995825, 90.56420233463035, 78.2340862422998, 78.1962338949455], [97.85714285714286, 97.09251101321586, 54.263565891472865, 88.41584158415841, 94.60285132382892, 83.5201793721973, 93.84133611691023, 90.75875486381322, 82.95687885010267, 83.74628344895936], [97.65306122448979, 98.6784140969163, 71.89922480620154, 90.6930693069307, 94.09368635437882, 87.66816143497758, 94.258872651357, 90.36964980544747, 79.15811088295688, 80.37661050545094], [98.06122448979592, 97.5330396475771, 45.251937984496124, 90.39603960396039, 95.92668024439918, 87.33183856502242, 92.79749478079331, 90.85603112840467, 83.67556468172485, 87.1159563924678], [97.65306122448979, 97.00440528634361, 83.81782945736434, 88.7128712871287, 94.19551934826885, 89.12556053811659, 94.57202505219206, 90.36964980544747, 90.04106776180699, 88.00792864222002], [97.95918367346938, 97.79735682819383, 40.98837209302326, 92.87128712871286, 95.82484725050917, 86.65919282511211, 93.52818371607516, 91.05058365758755, 86.55030800821355, 88.50346878097126], [97.65306122448979, 97.97356828193833, 53.87596899224806, 92.57425742574257, 96.02851323828921, 89.12556053811659, 94.36325678496868, 92.12062256809338, 86.24229979466119, 89.39544103072349], [97.65306122448979, 98.06167400881057, 36.434108527131784, 94.15841584158416, 96.74134419551935, 89.91031390134529, 95.4070981210856, 92.02334630350195, 87.57700205338809, 87.61149653121903], [97.44897959183673, 98.06167400881057, 84.20542635658914, 93.56435643564356, 96.02851323828921, 89.68609865470852, 96.76409185803757, 93.28793774319067, 88.80903490759754, 87.41328047571854], [97.75510204081633, 98.14977973568281, 60.65891472868217, 93.76237623762377, 95.51934826883911, 90.47085201793722, 94.88517745302714, 93.48249027237354, 90.14373716632444, 91.0802775024777], [97.44897959183673, 97.88546255506608, 53.48837209302326, 94.85148514851485, 95.92668024439918, 89.79820627802691, 96.45093945720251, 93.67704280155642, 91.37577002053388, 90.08919722497522], [97.65306122448979, 98.06167400881057, 77.13178294573643, 92.57425742574257, 94.29735234215886, 93.72197309417041, 96.13778705636743, 95.23346303501945, 91.78644763860369, 91.87314172447968], [97.44897959183673, 97.97356828193833, 0.4844961240310077, 94.85148514851485, 94.19551934826885, 89.46188340807174, 97.07724425887265, 93.8715953307393, 91.58110882956879, 93.06243805748265], [98.06122448979592, 98.06167400881057, 78.19767441860465, 93.46534653465346, 94.70468431771894, 93.16143497757848, 96.03340292275574, 93.67704280155642, 91.88911704312115, 93.06243805748265], [97.75510204081633, 98.23788546255507, 50.58139534883721, 92.97029702970298, 96.02851323828921, 92.48878923766816, 96.86847599164926, 93.77431906614785, 92.29979466119096, 92.26957383548067], [97.55102040816327, 98.41409691629956, 52.325581395348834, 93.06930693069307, 96.02851323828921, 94.05829596412556, 96.34655532359082, 94.16342412451363, 93.32648870636551, 91.97224975222993], [98.36734693877551, 98.14977973568281, 85.27131782945736, 94.05940594059406, 96.5376782077393, 93.04932735426009, 95.72025052192066, 94.3579766536965, 93.83983572895278, 91.97224975222993], [98.06122448979592, 98.6784140969163, 50.48449612403101, 93.86138613861387, 95.62118126272912, 94.28251121076234, 96.13778705636743, 94.26070038910505, 93.1211498973306, 93.26065411298315], [97.95918367346938, 98.76651982378854, 79.45736434108527, 94.15841584158416, 95.92668024439918, 93.04932735426009, 97.07724425887265, 95.3307392996109, 93.32648870636551, 92.26957383548067], [98.36734693877551, 98.76651982378854, 82.65503875968992, 95.14851485148515, 96.02851323828921, 93.72197309417041, 96.97286012526096, 94.64980544747081, 93.1211498973306, 91.87314172447968], [97.85714285714286, 98.32599118942731, 27.810077519379846, 94.85148514851485, 94.90835030549898, 93.83408071748879, 96.34655532359082, 94.06614785992218, 93.73716632443532, 93.55797819623389], [98.06122448979592, 98.41409691629956, 90.98837209302326, 94.15841584158416, 96.33401221995926, 95.17937219730942, 96.65970772442589, 93.96887159533074, 92.40246406570841, 91.97224975222993], [98.36734693877551, 98.50220264317181, 72.48062015503876, 95.34653465346534, 96.63951120162933, 93.72197309417041, 96.65970772442589, 95.71984435797665, 92.09445585215606, 91.57581764122894], [98.06122448979592, 98.50220264317181, 46.31782945736434, 95.54455445544555, 96.43584521384929, 92.37668161434978, 98.22546972860125, 94.74708171206225, 94.14784394250513, 90.48562933597621], [98.16326530612245, 98.32599118942731, 74.6124031007752, 94.95049504950495, 95.31568228105907, 92.82511210762331, 97.39039665970772, 94.16342412451363, 94.76386036960986, 93.26065411298315], [98.06122448979592, 98.23788546255507, 68.02325581395348, 95.64356435643565, 96.02851323828921, 93.94618834080717, 97.7035490605428, 95.91439688715953, 95.07186858316221, 92.17046580773042]],