{"config": {"DATASET": "mnist", "TOTAL_CLIENTS": 100, "CLIENT_FRAC": 0.1, "POISON_FRAC": 0.1, "CREATE_DATASET": true, "CLASS_RATIO": 10, "MODEL": "nnet", "LEARNING_RATE": 0.001, "BATCH_SIZE": 32, "LOCAL_EPOCHS": 3, "OPTIMIZER": "adam", "FED_ROUNDS": 30, "TEST_EVERY": 1, "RANDOM": true, "COS_DEFENCE": true, "SEL_METHOD": 1, "REDUCE_LR": 1, "COLLAB_MODE": true, "COLLAB_ALL": true, "CONSIDER_LAYERS": "l1", "GRAD_AGG": true, "FEATURE_FINDING_ALGO": "auror_plus", "GRAD_COLLECTION_START": 0, "GRAD_COLLECT_FOR": -1, "CLUSTER_SEP": 0.1, "ALPHA": 0.7, "BETA": 0.7, "GAMMA": 0.1, "TRUST_INC": 2, "TRUST_CUT_METHOD": 2, "HONEST_PARDON_FACTOR": 0.99, "LOG_LEVEL": "INFO", "JSON_RESULTS": true}, "mean_poison_class_acc": 81.57461240310079, "mean_attack_srate": 3.09593023255814, "total_accuracies": [20.93, 30.04, 42.73, 57.88, 60.04, 75.93, 74.4, 81.07, 80.2, 83.77, 85.13, 86.0, 87.44, 87.1, 88.67, 88.04, 89.2, 88.82, 89.92, 90.01, 89.67, 90.0, 90.33, 89.5, 90.49, 90.85, 91.28, 91.12, 91.58, 90.38], "class_accuracies": [[50.61224489795919, 100.0, 44.47674418604651, 0.0, 0.0, 0.336322869955157, 0.0, 0.0, 0.0, 0.0], [98.87755102040816, 97.79735682819383, 4.166666666666667, 0.0, 28.513238289205702, 35.31390134529148, 1.1482254697286012, 0.0, 28.33675564681725, 0.0], [99.18367346938776, 99.47136563876651, 49.51550387596899, 38.91089108910891, 0.0, 0.7847533632286996, 43.21503131524008, 0.0, 1.3347022587268993, 82.65609514370664], [98.9795918367347, 99.47136563876651, 56.68604651162791, 68.21782178217822, 32.89205702647658, 48.65470852017937, 35.80375782881002, 49.221789883268485, 2.8747433264887063, 77.40336967294351], [96.73469387755102, 98.32599118942731, 72.38372093023256, 92.37623762376238, 87.9837067209776, 33.07174887892376, 73.59081419624218, 18.09338521400778, 1.540041067761807, 19.326065411298316], [96.3265306122449, 96.38766519823788, 80.81395348837209, 73.36633663366337, 84.92871690427698, 68.83408071748879, 90.7098121085595, 71.88715953307393, 48.76796714579056, 44.49950445986125], [96.0204081632653, 97.44493392070484, 75.96899224806202, 80.89108910891089, 22.60692464358452, 67.9372197309417, 89.14405010438414, 47.66536964980545, 68.89117043121149, 94.05351833498513], [94.6938775510204, 96.74008810572687, 82.84883720930233, 73.16831683168317, 70.67209775967413, 87.89237668161435, 92.37995824634656, 77.62645914396887, 55.64681724845996, 77.70069375619426], [96.53061224489795, 97.79735682819383, 61.04651162790697, 81.18811881188118, 52.74949083503055, 75.67264573991031, 89.5615866388309, 87.64591439688716, 67.5564681724846, 89.59365708622398], [96.42857142857143, 96.2114537444934, 82.07364341085271, 79.70297029702971, 91.34419551934828, 84.52914798206278, 91.8580375782881, 86.38132295719845, 65.81108829568788, 62.239841427155596], [96.83673469387755, 95.59471365638767, 79.36046511627907, 75.64356435643565, 91.95519348268839, 81.16591928251121, 95.30271398747391, 85.70038910505836, 82.95687885010267, 66.10505450941527], [97.65306122448979, 96.12334801762114, 79.06976744186046, 85.34653465346534, 81.56822810590631, 76.34529147982063, 90.50104384133611, 88.03501945525292, 73.10061601642711, 89.99008919722498], [97.24489795918367, 96.0352422907489, 86.14341085271317, 82.37623762376238, 85.84521384928716, 85.20179372197309, 93.94572025052192, 85.99221789883268, 75.46201232032854, 85.0346878097126], [98.16326530612245, 96.38766519823788, 72.57751937984496, 88.31683168316832, 86.9653767820774, 78.81165919282512, 93.73695198329854, 85.21400778210116, 82.23819301848049, 87.31417244796829], [97.55102040816327, 96.0352422907489, 83.23643410852713, 84.35643564356435, 88.79837067209776, 84.30493273542601, 94.67640918580376, 88.32684824902724, 83.47022587268994, 85.0346878097126], [97.95918367346938, 97.18061674008811, 73.25581395348837, 87.32673267326733, 87.27087576374745, 83.5201793721973, 95.09394572025052, 86.38132295719845, 83.05954825462013, 88.50346878097126], [97.55102040816327, 97.09251101321586, 88.56589147286822, 84.55445544554455, 91.14052953156823, 82.39910313901345, 93.52818371607516, 88.13229571984436, 82.34086242299794, 85.23290386521309], [98.06122448979592, 97.09251101321586, 82.84883720930233, 88.21782178217822, 86.76171079429736, 86.09865470852019, 92.58872651356994, 91.43968871595331, 76.59137577002053, 87.21506442021804], [98.06122448979592, 96.74008810572687, 86.82170542635659, 84.15841584158416, 92.05702647657841, 86.09865470852019, 94.258872651357, 86.284046692607, 86.85831622176592, 87.1159563924678], [97.55102040816327, 96.56387665198238, 86.43410852713178, 89.9009900990099, 86.55804480651732, 84.86547085201794, 93.63256784968685, 90.1750972762646, 82.54620123203286, 90.58473736372646], [98.06122448979592, 96.47577092511013, 81.0077519379845, 87.22772277227723, 89.61303462321793, 86.99551569506727, 94.258872651357, 86.86770428015564, 83.47022587268994, 92.07135777998018], [97.55102040816327, 96.91629955947137, 81.5891472868217, 82.97029702970298, 92.4643584521385, 89.01345291479821, 95.72025052192066, 86.96498054474708, 87.88501026694045, 88.70168483647176], [97.04081632653062, 97.3568281938326, 80.71705426356588, 90.0, 93.48268839103869, 87.78026905829596, 95.09394572025052, 90.1750972762646, 82.34086242299794, 88.60257680872151], [97.85714285714286, 97.79735682819383, 74.32170542635659, 87.82178217821782, 94.80651731160896, 87.5560538116592, 95.51148225469728, 87.7431906614786, 84.08624229979466, 87.1159563924678], [97.55102040816327, 97.3568281938326, 82.07364341085271, 89.70297029702971, 93.17718940936864, 84.4170403587444, 96.24217118997912, 88.2295719844358, 86.55030800821355, 88.70168483647176], [97.75510204081633, 97.3568281938326, 79.26356589147287, 89.5049504950495, 93.9918533604888, 85.87443946188341, 93.73695198329854, 91.43968871595331, 90.24640657084188, 88.60257680872151], [98.16326530612245, 98.23788546255507, 85.17441860465117, 91.08910891089108, 93.48268839103869, 87.89237668161435, 95.4070981210856, 89.00778210116732, 86.24229979466119, 87.31417244796829], [97.04081632653062, 97.3568281938326, 85.94961240310077, 88.31683168316832, 88.59470468431772, 87.4439461883408, 95.30271398747391, 89.10505836575875, 86.34496919917865, 94.84638255698711], [97.24489795918367, 98.59030837004406, 86.82170542635659, 90.39603960396039, 92.15885947046843, 89.23766816143498, 96.24217118997912, 88.42412451361868, 85.21560574948666, 90.68384539147671], [97.85714285714286, 97.97356828193833, 76.25968992248062, 87.92079207920793, 92.26069246435846, 94.84304932735427, 93.52818371607516, 88.91050583657588, 83.67556468172485, 90.68384539147671]],