{"config": {"DATASET": "mnist", "TOTAL_CLIENTS": 100, "CLIENT_FRAC": 0.2, "POISON_FRAC": 0.1, "CREATE_DATASET": true, "RANDOM_DATA": true, "CLASS_RATIO": 10, "MODEL": "nnet", "LEARNING_RATE": 0.001, "BATCH_SIZE": 32, "LOCAL_EPOCHS": 10, "OPTIMIZER": "adam", "FED_ROUNDS": 30, "TEST_EVERY": 1, "RANDOM_PROCESS": false, "COS_DEFENCE": false, "SEL_METHOD": 1, "REDUCE_LR": 1, "COLLAB_MODE": true, "COLLAB_ALL": true, "CONSIDER_LAYERS": "l1", "GRAD_AGG": true, "FEATURE_FINDING_ALGO": "auror", "GRAD_COLLECTION_START": 0, "GRAD_COLLECT_FOR": -1, "CLUSTER_SEP": 0.002, "ALPHA": 0.8, "BETA": 0.8, "GAMMA": 0.1, "TRUST_INC": 2, "TRUST_CUT_METHOD": 1, "HONEST_PARDON_FACTOR": 0.7, "LOG_LEVEL": "INFO", "JSON_RESULTS": true}, "mean_poison_class_acc": 80.67441860465115, "mean_attack_srate": 3.023255813953489, "total_accuracies": [52.22, 73.74, 83.34, 87.07, 88.14, 88.79, 89.23, 89.62, 91.47, 91.7, 92.17, 88.58, 92.12, 92.69, 93.59, 94.37, 94.35, 94.15, 92.41, 89.06, 94.29, 92.74, 94.6, 92.93, 94.65, 94.61, 94.91, 94.94, 94.93, 95.37], "class_accuracies": [[97.44897959183673, 99.55947136563877, 2.0348837209302326, 55.54455445544554, 76.78207739307535, 26.569506726457398, 19.102296450939455, 77.14007782101167, 60.369609856262834, 0.0], [98.26530612244898, 98.23788546255507, 48.83720930232558, 80.79207920792079, 92.4643584521385, 75.89686098654708, 87.36951983298539, 86.7704280155642, 45.893223819301845, 21.308225966303272], [96.73469387755102, 97.97356828193833, 65.50387596899225, 82.47524752475248, 94.29735234215886, 78.9237668161435, 93.31941544885177, 91.05058365758755, 74.435318275154, 57.4826560951437], [97.55102040816327, 97.44493392070484, 77.61627906976744, 87.72277227722772, 90.83503054989816, 85.08968609865471, 91.9624217118998, 90.36964980544747, 71.97125256673512, 78.88999008919723], [97.34693877551021, 98.06167400881057, 75.29069767441861, 90.39603960396039, 94.60285132382892, 80.71748878923766, 94.05010438413362, 91.73151750972762, 77.82340862422998, 79.8810703666997], [97.75510204081633, 96.74008810572687, 74.03100775193798, 88.21782178217822, 95.31568228105907, 82.73542600896862, 93.31941544885177, 90.85603112840467, 82.75154004106776, 85.23290386521309], [97.95918367346938, 98.76651982378854, 75.29069767441861, 90.79207920792079, 95.72301425661914, 88.67713004484305, 91.54488517745303, 90.07782101167315, 80.59548254620123, 82.1605550049554], [98.26530612244898, 97.79735682819383, 74.2248062015504, 90.0990099009901, 96.84317718940937, 87.33183856502242, 92.58872651356994, 91.53696498054475, 81.93018480492813, 84.93557978196233], [97.55102040816327, 96.91629955947137, 83.33333333333333, 89.4059405940594, 95.010183299389, 88.2286995515695, 94.57202505219206, 89.98054474708171, 89.21971252566735, 89.99008919722498], [97.85714285714286, 97.97356828193833, 82.36434108527132, 92.97029702970298, 95.72301425661914, 86.99551569506727, 94.88517745302714, 90.6614785992218, 87.47433264887064, 89.29633300297324], [98.06122448979592, 98.14977973568281, 86.33720930232558, 91.08910891089108, 96.13034623217922, 90.24663677130044, 95.51148225469728, 91.05058365758755, 86.85831622176592, 87.71060455896928], [97.44897959183673, 98.32599118942731, 48.83720930232558, 93.86138613861387, 96.63951120162933, 89.46188340807174, 95.09394572025052, 91.63424124513618, 86.24229979466119, 88.70168483647176], [98.16326530612245, 98.50220264317181, 79.94186046511628, 92.67326732673267, 96.13034623217922, 90.13452914798206, 95.82463465553236, 94.3579766536965, 86.55030800821355, 88.40436075322101], [97.95918367346938, 98.41409691629956, 80.32945736434108, 94.05940594059406, 95.72301425661914, 88.67713004484305, 95.51148225469728, 93.67704280155642, 89.93839835728953, 91.97224975222993], [98.16326530612245, 98.14977973568281, 88.17829457364341, 94.15841584158416, 95.82484725050917, 92.37668161434978, 95.82463465553236, 92.8988326848249, 89.83572895277207, 90.08919722497522], [98.26530612244898, 98.14977973568281, 92.44186046511628, 92.27722772277228, 94.80651731160896, 91.81614349775785, 95.72025052192066, 94.64980544747081, 91.88911704312115, 93.06243805748265], [97.95918367346938, 98.32599118942731, 91.47286821705427, 95.14851485148515, 95.41751527494908, 89.46188340807174, 97.07724425887265, 93.3852140077821, 91.58110882956879, 92.86422200198216], [98.26530612244898, 98.6784140969163, 87.6937984496124, 92.87128712871286, 95.010183299389, 92.9372197309417, 96.13778705636743, 93.96887159533074, 90.86242299794661, 94.64816650148661], [98.16326530612245, 98.76651982378854, 72.67441860465117, 92.27722772277228, 95.92668024439918, 93.72197309417041, 96.24217118997912, 94.3579766536965, 89.63039014373716, 92.46778989098117], [98.06122448979592, 98.8546255506608, 42.34496124031008, 92.17821782178218, 96.5376782077393, 92.48878923766816, 95.19832985386222, 94.26070038910505, 89.52772073921972, 92.07135777998018], [98.36734693877551, 98.50220264317181, 88.37209302325581, 94.25742574257426, 96.23217922606925, 92.71300448430493, 95.72025052192066, 94.16342412451363, 91.78644763860369, 92.36868186323092], [98.36734693877551, 98.6784140969163, 72.96511627906976, 93.66336633663366, 95.21384928716904, 93.04932735426009, 95.09394572025052, 94.8443579766537, 90.96509240246407, 94.54905847373637], [98.26530612244898, 98.8546255506608, 88.75968992248062, 93.46534653465346, 96.43584521384929, 93.60986547085201, 96.45093945720251, 95.13618677042801, 92.60780287474333, 92.07135777998018], [98.46938775510205, 98.76651982378854, 74.12790697674419, 94.75247524752476, 96.43584521384929, 93.04932735426009, 96.03340292275574, 94.3579766536965, 91.27310061601642, 92.07135777998018], [98.36734693877551, 98.59030837004406, 88.17829457364341, 94.25742574257426, 96.43584521384929, 93.04932735426009, 96.13778705636743, 93.67704280155642, 93.83983572895278, 93.65708622398414], [98.16326530612245, 98.6784140969163, 86.53100775193798, 94.45544554455445, 96.43584521384929, 95.2914798206278, 95.92901878914405, 94.3579766536965, 92.29979466119096, 93.85530227948463], [98.57142857142857, 98.6784140969163, 89.34108527131782, 95.44554455445545, 97.04684317718942, 93.83408071748879, 96.24217118997912, 95.62256809338521, 91.58110882956879, 92.36868186323092], [98.06122448979592, 98.59030837004406, 88.37209302325581, 95.54455445544555, 95.82484725050917, 92.60089686098655, 97.07724425887265, 95.13618677042801, 94.14784394250513, 93.65708622398414], [98.36734693877551, 98.59030837004406, 89.14728682170542, 95.74257425742574, 96.02851323828921, 91.70403587443946, 96.65970772442589, 94.16342412451363, 94.45585215605749, 93.95441030723488], [98.16326530612245, 98.6784140969163, 91.56976744186046, 95.54455445544555, 96.84317718940937, 92.48878923766816, 96.76409185803757, 96.10894941634241, 93.94250513347022, 93.06243805748265]],