{"config": {"DATASET": "mnist", "TOTAL_CLIENTS": 100, "CLIENT_FRAC": 0.2, "POISON_FRAC": 0.1, "CREATE_DATASET": true, "RANDOM_DATA": true, "CLASS_RATIO": 10, "MODEL": "nnet", "LEARNING_RATE": 0.001, "BATCH_SIZE": 32, "LOCAL_EPOCHS": 10, "OPTIMIZER": "adam", "FED_ROUNDS": 30, "TEST_EVERY": 1, "RANDOM_PROCESS": false, "COS_DEFENCE": false, "SEL_METHOD": 1, "REDUCE_LR": 1, "COLLAB_MODE": true, "COLLAB_ALL": true, "CONSIDER_LAYERS": "l1", "GRAD_AGG": true, "FEATURE_FINDING_ALGO": "auror", "GRAD_COLLECTION_START": 0, "GRAD_COLLECT_FOR": -1, "CLUSTER_SEP": 0.002, "ALPHA": 0.8, "BETA": 0.8, "GAMMA": 0.1, "TRUST_INC": 2, "TRUST_CUT_METHOD": 1, "HONEST_PARDON_FACTOR": 0.7, "LOG_LEVEL": "INFO", "JSON_RESULTS": true}, "mean_poison_class_acc": 82.51937984496124, "mean_attack_srate": 3.011627906976744, "total_accuracies": [52.02, 71.8, 82.85, 87.16, 88.34, 89.63, 89.73, 90.49, 91.74, 92.1, 92.42, 90.58, 93.48, 92.89, 93.66, 92.72, 93.49, 93.49, 93.71, 92.29, 93.68, 92.53, 94.83, 93.39, 93.49, 95.13, 94.76, 94.77, 94.8, 95.38], "class_accuracies": [[97.34693877551021, 99.47136563876651, 8.430232558139535, 50.0, 72.30142566191446, 24.103139013452914, 21.816283924843425, 76.07003891050584, 62.73100616016427, 0.0], [97.95918367346938, 98.76651982378854, 27.228682170542637, 79.00990099009901, 92.26069246435846, 78.9237668161435, 84.9686847599165, 87.2568093385214, 47.125256673511295, 23.785926660059467], [96.63265306122449, 98.23788546255507, 64.72868217054264, 82.77227722772277, 94.29735234215886, 78.58744394618834, 93.84133611691023, 91.24513618677042, 74.84599589322382, 52.130822596630324], [97.34693877551021, 97.3568281938326, 78.00387596899225, 86.13861386138613, 90.83503054989816, 85.65022421524664, 92.27557411273486, 89.29961089494164, 75.25667351129364, 78.39444995044599], [97.04081632653062, 97.44493392070484, 77.51937984496124, 89.20792079207921, 95.21384928716904, 81.27802690582959, 93.42379958246346, 90.56420233463035, 80.39014373716633, 79.98017839444995], [97.65306122448979, 96.56387665198238, 80.23255813953489, 89.10891089108911, 95.51934826883911, 82.51121076233184, 93.42379958246346, 90.56420233463035, 85.31827515400411, 84.34093161546085], [98.16326530612245, 98.76651982378854, 79.94186046511628, 90.99009900990099, 94.70468431771894, 89.12556053811659, 92.06680584551148, 90.07782101167315, 79.26078028747433, 83.34985133795837], [97.95918367346938, 97.5330396475771, 80.9108527131783, 90.29702970297029, 96.63951120162933, 88.00448430493273, 93.0062630480167, 91.24513618677042, 83.47022587268994, 85.13379583746284], [97.55102040816327, 97.18061674008811, 83.81782945736434, 89.10891089108911, 93.58452138492872, 89.01345291479821, 94.88517745302714, 90.36964980544747, 89.63039014373716, 91.77403369672943], [97.85714285714286, 97.3568281938326, 87.5, 91.2871287128713, 95.82484725050917, 87.10762331838565, 94.78079331941545, 90.1750972762646, 90.04106776180699, 88.30525272547077], [97.95918367346938, 97.97356828193833, 84.68992248062015, 92.97029702970298, 96.02851323828921, 88.78923766816143, 95.61586638830897, 92.02334630350195, 87.88501026694045, 89.59365708622398], [97.75510204081633, 98.41409691629956, 65.98837209302326, 94.25742574257426, 96.84317718940937, 88.78923766816143, 95.09394572025052, 92.12062256809338, 87.16632443531827, 89.197224975223], [98.06122448979592, 98.50220264317181, 88.95348837209302, 92.97029702970298, 95.62118126272912, 91.03139013452915, 95.82463465553236, 93.77431906614785, 89.93839835728953, 89.49454905847374], [97.95918367346938, 98.6784140969163, 81.5891472868217, 93.76237623762377, 95.72301425661914, 89.79820627802691, 94.88517745302714, 93.09338521400778, 90.65708418891171, 92.17046580773042], [98.36734693877551, 98.32599118942731, 87.6937984496124, 95.24752475247524, 95.92668024439918, 90.47085201793722, 95.72025052192066, 92.99610894941634, 89.93839835728953, 91.2784935579782], [97.95918367346938, 98.6784140969163, 76.74418604651163, 93.26732673267327, 94.09368635437882, 91.92825112107623, 95.51148225469728, 94.8443579766537, 90.4517453798768, 93.45887016848364], [98.06122448979592, 98.41409691629956, 84.30232558139535, 95.44554455445545, 95.82484725050917, 89.12556053811659, 96.24217118997912, 93.96887159533074, 90.55441478439425, 92.26957383548067], [97.85714285714286, 98.50220264317181, 83.52713178294573, 92.77227722772277, 94.70468431771894, 92.26457399103138, 95.30271398747391, 93.48249027237354, 91.37577002053388, 94.74727452923686], [98.26530612244898, 98.59030837004406, 84.88372093023256, 92.27722772277228, 96.23217922606925, 93.27354260089686, 95.92901878914405, 93.19066147859922, 92.29979466119096, 91.97224975222993], [97.65306122448979, 98.94273127753304, 71.51162790697674, 93.46534653465346, 96.23217922606925, 92.37668161434978, 95.82463465553236, 94.06614785992218, 91.37577002053388, 91.47670961347869], [98.16326530612245, 98.76651982378854, 82.36434108527132, 94.65346534653466, 96.23217922606925, 92.82511210762331, 95.51148225469728, 94.45525291828794, 90.65708418891171, 92.86422200198216], [98.36734693877551, 98.94273127753304, 69.67054263565892, 93.96039603960396, 95.62118126272912, 93.04932735426009, 95.4070981210856, 94.55252918287938, 91.88911704312115, 93.95441030723488], [98.06122448979592, 98.94273127753304, 90.31007751937985, 94.05940594059406, 96.23217922606925, 93.27354260089686, 96.5553235908142, 95.13618677042801, 93.01848049281314, 92.26957383548067], [98.57142857142857, 98.76651982378854, 77.22868217054264, 95.54455445544555, 96.63951120162933, 92.37668161434978, 96.03340292275574, 94.16342412451363, 91.37577002053388, 93.06243805748265], [98.26530612244898, 98.76651982378854, 76.45348837209302, 95.24752475247524, 95.31568228105907, 93.49775784753363, 95.4070981210856, 94.26070038910505, 93.01848049281314, 94.64816650148661], [98.06122448979592, 98.8546255506608, 92.53875968992249, 93.96039603960396, 96.13034623217922, 95.51569506726457, 95.82463465553236, 93.77431906614785, 92.40246406570841, 93.95441030723488], [98.87755102040816, 98.76651982378854, 87.3062015503876, 96.33663366336634, 96.63951120162933, 93.27354260089686, 95.61586638830897, 94.74708171206225, 92.29979466119096, 93.3597621407334], [98.26530612244898, 98.59030837004406, 86.7248062015504, 96.63366336633663, 95.11201629327903, 92.04035874439462, 96.86847599164926, 95.13618677042801, 93.32648870636551, 94.54905847373637], [98.46938775510205, 98.76651982378854, 86.14341085271317, 96.43564356435644, 96.23217922606925, 92.60089686098655, 96.45093945720251, 93.77431906614785, 94.45585215605749, 94.35084241823587], [97.95918367346938, 98.59030837004406, 91.95736434108527, 95.74257425742574, 96.74134419551935, 92.04035874439462, 96.76409185803757, 94.74708171206225, 94.86652977412732, 93.85530227948463]],