{"config": {"DATASET": "mnist", "TOTAL_CLIENTS": 100, "CLIENT_FRAC": 0.2, "POISON_FRAC": 0.4, "CREATE_DATASET": false, "RANDOM_DATA": true, "CLASS_RATIO": 10, "MODEL": "nnet", "LEARNING_RATE": 0.001, "BATCH_SIZE": 32, "LOCAL_EPOCHS": 10, "OPTIMIZER": "adam", "FED_ROUNDS": 30, "TEST_EVERY": 1, "RANDOM_PROCESS": false, "COS_DEFENCE": true, "SEL_METHOD": 1, "REDUCE_LR": 1, "COLLAB_MODE": true, "COLLAB_ALL": true, "CONSIDER_LAYERS": "l1", "GRAD_AGG": true, "FEATURE_FINDING_ALGO": "auror", "GRAD_COLLECTION_START": 0, "GRAD_COLLECT_FOR": -1, "CLUSTER_SEP": 0.002, "ALPHA": 0.8, "BETA": 0.8, "GAMMA": 0.1, "TRUST_INC": 2, "TRUST_CUT_METHOD": 1, "HONEST_PARDON_FACTOR": 0.7, "LOG_LEVEL": "INFO", "JSON_RESULTS": true}, "mean_poison_class_acc": 69.68217054263566, "mean_attack_srate": 3.593023255813953, "total_accuracies": [46.82, 67.41, 75.58, 82.8, 84.72, 89.08, 88.74, 89.99, 89.39, 90.05, 91.48, 89.73, 92.09, 86.95, 93.04, 87.92, 93.44, 92.62, 93.38, 93.7, 92.1, 93.53, 92.94, 86.13, 94.36, 93.46, 94.01, 94.33, 92.67, 94.34], "class_accuracies": [[99.48979591836735, 96.2114537444934, 0.0, 38.51485148514851, 87.4745417515275, 7.73542600896861, 8.663883089770355, 37.2568093385214, 32.95687885010267, 50.64420218037661], [98.26530612244898, 98.76651982378854, 0.0, 88.31683168316832, 84.5213849287169, 67.48878923766816, 71.08559498956159, 88.52140077821012, 39.93839835728953, 34.98513379583746], [96.63265306122449, 98.32599118942731, 5.135658914728682, 91.68316831683168, 88.59470468431772, 69.39461883408072, 87.05636743215031, 92.21789883268482, 73.30595482546201, 52.62636273538157], [97.04081632653062, 97.18061674008811, 43.31395348837209, 88.31683168316832, 85.94704684317719, 86.43497757847534, 87.47390396659708, 89.29961089494164, 74.22997946611909, 78.59266600594648], [97.55102040816327, 97.5330396475771, 43.41085271317829, 90.0990099009901, 91.24236252545825, 82.51121076233184, 91.02296450939457, 92.21789883268482, 81.62217659137578, 79.68285431119921], [96.73469387755102, 97.79735682819383, 78.77906976744185, 89.20792079207921, 89.81670061099797, 85.42600896860986, 91.8580375782881, 89.29961089494164, 82.75154004106776, 88.00792864222002], [97.95918367346938, 97.3568281938326, 69.0891472868217, 90.79207920792079, 91.24236252545825, 87.4439461883408, 92.17118997912317, 87.7431906614786, 82.64887063655031, 90.48562933597621], [97.95918367346938, 97.44493392070484, 76.84108527131782, 88.91089108910892, 92.26069246435846, 89.79820627802691, 92.17118997912317, 89.88326848249027, 84.39425051334702, 89.79187314172448], [98.06122448979592, 97.62114537444934, 66.37596899224806, 92.07920792079207, 91.44602851323829, 89.12556053811659, 91.7536534446764, 89.2023346303502, 84.90759753593429, 93.06243805748265], [97.75510204081633, 98.76651982378854, 67.92635658914729, 93.46534653465346, 93.78818737270876, 87.33183856502242, 94.1544885177453, 90.75875486381322, 85.1129363449692, 90.8820614469772], [97.65306122448979, 98.76651982378854, 78.87596899224806, 91.88118811881188, 93.68635437881873, 90.35874439461884, 95.09394572025052, 91.43968871595331, 84.59958932238193, 91.87314172447968], [97.44897959183673, 98.41409691629956, 58.62403100775194, 91.88118811881188, 95.21384928716904, 91.3677130044843, 94.67640918580376, 89.78599221789884, 88.70636550308008, 91.57581764122894], [98.6734693877551, 98.76651982378854, 79.36046511627907, 92.77227722772277, 93.07535641547861, 89.79820627802691, 94.258872651357, 92.41245136186771, 89.3223819301848, 91.87314172447968], [98.77551020408163, 98.59030837004406, 26.74418604651163, 92.97029702970298, 93.58452138492872, 93.38565022421524, 93.84133611691023, 91.24513618677042, 89.11704312114989, 92.76511397423191], [97.65306122448979, 98.76651982378854, 82.07364341085271, 94.45544554455445, 95.010183299389, 92.04035874439462, 95.92901878914405, 92.12062256809338, 89.83572895277207, 92.17046580773042], [97.24489795918367, 98.50220264317181, 30.523255813953487, 94.45544554455445, 94.19551934826885, 91.3677130044843, 96.5553235908142, 92.80155642023347, 90.86242299794661, 93.95441030723488], [97.95918367346938, 98.76651982378854, 85.07751937984496, 91.58415841584159, 94.09368635437882, 94.95515695067265, 95.09394572025052, 92.60700389105058, 89.83572895277207, 94.25173439048562], [97.34693877551021, 99.03083700440529, 76.64728682170542, 96.13861386138613, 94.29735234215886, 91.92825112107623, 95.61586638830897, 93.8715953307393, 86.85831622176592, 94.05351833498513], [97.65306122448979, 98.76651982378854, 82.94573643410853, 93.16831683168317, 95.62118126272912, 92.48878923766816, 95.4070981210856, 93.28793774319067, 90.34907597535934, 93.75619425173439], [98.46938775510205, 98.6784140969163, 83.81782945736434, 93.76237623762377, 95.010183299389, 93.38565022421524, 96.5553235908142, 92.70428015564202, 90.55441478439425, 93.85530227948463], [98.46938775510205, 98.8546255506608, 66.95736434108527, 95.14851485148515, 94.80651731160896, 92.26457399103138, 95.4070981210856, 93.8715953307393, 91.68377823408625, 93.65708622398414], [98.46938775510205, 98.94273127753304, 80.03875968992249, 93.66336633663366, 95.51934826883911, 94.05829596412556, 96.34655532359082, 92.99610894941634, 91.27310061601642, 93.95441030723488], [98.16326530612245, 99.11894273127753, 73.25581395348837, 94.85148514851485, 96.84317718940937, 94.61883408071749, 96.5553235908142, 93.28793774319067, 90.34907597535934, 92.56689791873141], [98.26530612244898, 98.8546255506608, 6.2984496124031, 95.14851485148515, 95.21384928716904, 94.28251121076234, 96.03340292275574, 92.80155642023347, 92.60780287474333, 94.15262636273538], [98.26530612244898, 99.03083700440529, 84.39922480620154, 96.33663366336634, 95.72301425661914, 91.81614349775785, 97.07724425887265, 94.16342412451363, 92.29979466119096, 94.05351833498513], [98.26530612244898, 99.03083700440529, 75.87209302325581, 95.44554455445545, 96.33401221995926, 94.39461883408072, 96.5553235908142, 93.57976653696498, 91.37577002053388, 93.85530227948463], [98.46938775510205, 98.76651982378854, 79.74806201550388, 95.64356435643565, 95.92668024439918, 94.28251121076234, 96.97286012526096, 93.77431906614785, 92.50513347022587, 94.05351833498513], [98.57142857142857, 98.8546255506608, 83.33333333333333, 95.54455445544555, 97.04684317718942, 94.39461883408072, 96.86847599164926, 93.09338521400778, 91.37577002053388, 94.15262636273538], [98.16326530612245, 98.8546255506608, 66.47286821705427, 94.85148514851485, 95.51934826883911, 94.05829596412556, 96.45093945720251, 94.74708171206225, 93.1211498973306, 94.84638255698711], [98.46938775510205, 98.59030837004406, 81.97674418604652, 94.55445544554455, 96.02851323828921, 94.39461883408072, 96.45093945720251, 94.45525291828794, 94.04517453798768, 94.44995044598612]],