{"config": {"DATASET": "mnist", "TOTAL_CLIENTS": 100, "CLIENT_FRAC": 0.1, "POISON_FRAC": 0.1, "CREATE_DATASET": true, "RANDOM_DATA": true, "CLASS_RATIO": 10, "MODEL": "nnet", "LEARNING_RATE": 0.001, "BATCH_SIZE": 32, "LOCAL_EPOCHS": 10, "OPTIMIZER": "adam", "FED_ROUNDS": 30, "TEST_EVERY": 1, "RANDOM_PROCESS": true, "COS_DEFENCE": true, "SEL_METHOD": 1, "REDUCE_LR": 1, "COLLAB_MODE": true, "COLLAB_ALL": true, "CONSIDER_LAYERS": "l1", "GRAD_AGG": true, "FEATURE_FINDING_ALGO": "auror", "GRAD_COLLECTION_START": 0, "GRAD_COLLECT_FOR": -1, "CLUSTER_SEP": 0.005, "ALPHA": 0.8, "BETA": 0.8, "GAMMA": 0.1, "TRUST_INC": 2, "TRUST_CUT_METHOD": 2, "HONEST_PARDON_FACTOR": 0.99, "LOG_LEVEL": "INFO", "JSON_RESULTS": true}, "mean_poison_class_acc": 86.00290697674419, "mean_attack_srate": 3.0329457364341086, "total_accuracies": [50.85, 62.44, 81.53, 85.86, 88.42, 86.91, 89.2, 90.73, 88.58, 92.04, 92.4, 92.8, 91.63, 93.19, 93.15, 92.83, 94.12, 93.83, 94.28, 94.08, 92.01, 93.91, 94.38, 94.36, 95.12, 93.52, 92.61, 95.2, 94.77, 95.05], "class_accuracies": [[99.48979591836735, 98.76651982378854, 39.53488372093023, 20.89108910891089, 50.0, 14.910313901345292, 47.494780793319414, 50.778210116731515, 4.722792607802875, 71.65510406342914], [96.12244897959184, 98.76651982378854, 28.77906976744186, 59.00990099009901, 46.84317718940937, 92.04035874439462, 73.90396659707724, 36.08949416342413, 9.958932238193018, 82.3587710604559], [96.83673469387755, 97.09251101321586, 79.55426356589147, 77.42574257425743, 70.57026476578412, 78.69955156950672, 89.5615866388309, 64.98054474708171, 71.86858316221766, 87.01684836471755], [97.95918367346938, 96.91629955947137, 81.87984496124031, 85.44554455445545, 92.36252545824847, 73.20627802690584, 93.0062630480167, 84.53307392996109, 82.4435318275154, 68.8800792864222], [97.85714285714286, 95.85903083700441, 85.07751937984496, 88.81188118811882, 88.39103869653768, 83.85650224215247, 93.1106471816284, 89.39688715953308, 78.64476386036961, 81.9623389494549], [97.44897959183673, 97.5330396475771, 67.44186046511628, 87.12871287128714, 86.55804480651732, 88.2286995515695, 90.81419624217119, 89.78599221789884, 73.61396303901438, 89.79187314172448], [97.44897959183673, 96.38766519823788, 72.18992248062015, 88.7128712871287, 92.76985743380855, 86.65919282511211, 92.37995824634656, 90.95330739299611, 86.34496919917865, 87.71060455896928], [96.63265306122449, 97.18061674008811, 84.49612403100775, 91.58415841584159, 92.56619144602851, 86.99551569506727, 94.1544885177453, 91.24513618677042, 82.54620123203286, 88.89990089197225], [97.34693877551021, 97.62114537444934, 64.34108527131782, 89.9009900990099, 92.15885947046843, 87.4439461883408, 91.12734864300626, 89.10505836575875, 83.26488706365502, 93.06243805748265], [98.06122448979592, 97.09251101321586, 89.82558139534883, 91.98019801980197, 92.56619144602851, 88.34080717488789, 95.51148225469728, 91.92607003891051, 84.08624229979466, 90.08919722497522], [97.14285714285714, 97.62114537444934, 91.37596899224806, 91.48514851485149, 94.09368635437882, 89.01345291479821, 96.13778705636743, 91.05058365758755, 86.75564681724846, 88.50346878097126], [97.65306122448979, 97.88546255506608, 87.98449612403101, 94.25742574257426, 93.17718940936864, 89.34977578475336, 96.34655532359082, 92.41245136186771, 86.652977412731, 91.47670961347869], [98.26530612244898, 97.97356828193833, 77.03488372093024, 91.78217821782178, 95.51934826883911, 89.12556053811659, 96.45093945720251, 91.43968871595331, 89.11704312114989, 89.29633300297324], [98.16326530612245, 97.3568281938326, 92.63565891472868, 94.65346534653466, 93.9918533604888, 89.23766816143498, 96.34655532359082, 90.85603112840467, 87.782340862423, 90.08919722497522], [98.57142857142857, 98.8546255506608, 86.43410852713178, 92.47524752475248, 95.21384928716904, 92.04035874439462, 93.84133611691023, 93.3852140077821, 89.93839835728953, 90.18830525272547], [98.57142857142857, 97.62114537444934, 83.72093023255815, 92.27722772277228, 95.010183299389, 92.60089686098655, 94.57202505219206, 89.6887159533074, 94.35318275154005, 89.89098116947473], [98.16326530612245, 98.32599118942731, 93.9922480620155, 92.57425742574257, 95.11201629327903, 91.25560538116592, 96.24217118997912, 92.70428015564202, 90.65708418891171, 91.47670961347869], [97.65306122448979, 97.88546255506608, 86.43410852713178, 95.04950495049505, 94.80651731160896, 90.80717488789237, 96.76409185803757, 93.48249027237354, 92.40246406570841, 92.56689791873141], [96.93877551020408, 98.23788546255507, 92.53875968992249, 92.67326732673267, 95.21384928716904, 93.04932735426009, 96.45093945720251, 93.48249027237354, 90.86242299794661, 92.86422200198216], [98.16326530612245, 98.23788546255507, 88.56589147286822, 95.54455445544555, 93.38085539714868, 91.3677130044843, 97.18162839248434, 93.8715953307393, 89.3223819301848, 94.54905847373637], [98.26530612244898, 98.59030837004406, 66.66666666666667, 94.45544554455445, 96.84317718940937, 91.92825112107623, 96.45093945720251, 93.8715953307393, 92.40246406570841, 90.8820614469772], [97.75510204081633, 98.14977973568281, 86.14341085271317, 93.56435643564356, 95.72301425661914, 92.71300448430493, 95.82463465553236, 93.19066147859922, 93.32648870636551, 92.46778989098117], [97.95918367346938, 98.94273127753304, 85.46511627906976, 92.77227722772277, 95.31568228105907, 94.28251121076234, 96.97286012526096, 95.03891050583658, 93.53182751540041, 93.3597621407334], [98.06122448979592, 98.6784140969163, 85.94961240310077, 93.96039603960396, 95.82484725050917, 92.9372197309417, 97.49478079331942, 94.3579766536965, 92.60780287474333, 93.45887016848364], [97.95918367346938, 98.32599118942731, 94.57364341085271, 92.97029702970298, 95.41751527494908, 94.73094170403587, 97.39039665970772, 92.31517509727627, 94.04517453798768, 93.26065411298315], [98.46938775510205, 99.03083700440529, 77.71317829457364, 95.74257425742574, 96.23217922606925, 93.72197309417041, 96.03340292275574, 92.50972762645914, 91.06776180698152, 94.64816650148661], [98.26530612244898, 98.50220264317181, 68.02325581395348, 95.14851485148515, 95.82484725050917, 94.17040358744394, 96.24217118997912, 94.64980544747081, 90.24640657084188, 95.34192269573836], [97.95918367346938, 98.50220264317181, 94.57364341085271, 94.95049504950495, 94.70468431771894, 93.16143497757848, 97.39039665970772, 92.80155642023347, 92.29979466119096, 95.14370664023787], [97.85714285714286, 98.23788546255507, 88.85658914728683, 94.95049504950495, 93.58452138492872, 94.73094170403587, 97.91231732776617, 94.45525291828794, 92.29979466119096, 94.64816650148661], [98.46938775510205, 98.32599118942731, 91.37596899224806, 95.24752475247524, 95.11201629327903, 93.83408071748879, 97.59916492693111, 93.48249027237354, 92.09445585215606, 94.64816650148661]],