{"config": {"DATASET": "mnist", "TOTAL_CLIENTS": 100, "CLIENT_FRAC": 0.2, "POISON_FRAC": 0.5, "CREATE_DATASET": false, "RANDOM_DATA": true, "CLASS_RATIO": 10, "MODEL": "nnet", "LEARNING_RATE": 0.001, "BATCH_SIZE": 32, "LOCAL_EPOCHS": 10, "OPTIMIZER": "adam", "FED_ROUNDS": 30, "TEST_EVERY": 1, "RANDOM_PROCESS": false, "COS_DEFENCE": true, "SEL_METHOD": 1, "REDUCE_LR": 1, "COLLAB_MODE": true, "COLLAB_ALL": true, "CONSIDER_LAYERS": "l1", "GRAD_AGG": true, "FEATURE_FINDING_ALGO": "auror", "GRAD_COLLECTION_START": 0, "GRAD_COLLECT_FOR": -1, "CLUSTER_SEP": 0.002, "ALPHA": 0.8, "BETA": 0.8, "GAMMA": 0.1, "TRUST_INC": 2, "TRUST_CUT_METHOD": 1, "HONEST_PARDON_FACTOR": 0.7, "LOG_LEVEL": "INFO", "JSON_RESULTS": true}, "mean_poison_class_acc": 49.74031007751938, "mean_attack_srate": 4.232558139534883, "total_accuracies": [45.18, 68.79, 77.2, 84.16, 80.2, 87.44, 89.0, 89.76, 83.15, 90.15, 85.44, 91.37, 85.86, 89.77, 85.2, 91.6, 92.75, 84.83, 90.7, 93.41, 90.38, 90.54, 85.92, 93.72, 85.95, 92.15, 86.4, 94.23, 92.78, 94.13], "class_accuracies": [[99.38775510204081, 95.68281938325991, 0.0, 42.67326732673267, 75.050916496945, 11.547085201793722, 15.657620041753653, 39.688715953307394, 8.008213552361397, 54.60852329038652], [97.85714285714286, 98.6784140969163, 0.0, 87.62376237623762, 84.41955193482688, 72.98206278026906, 77.13987473903967, 87.93774319066148, 42.19712525667351, 37.760158572844404], [96.3265306122449, 98.32599118942731, 18.313953488372093, 91.2871287128713, 86.86354378818737, 67.82511210762331, 90.18789144050105, 91.63424124513618, 75.25667351129364, 54.70763131813677], [97.55102040816327, 97.09251101321586, 52.51937984496124, 88.51485148514851, 84.21588594704684, 87.66816143497758, 88.62212943632568, 89.00778210116732, 74.33264887063655, 81.76412289395441], [97.65306122448979, 97.18061674008811, 1.1627906976744187, 89.10891089108911, 92.05702647657841, 84.19282511210763, 90.91858037578288, 91.43968871595331, 79.87679671457906, 79.68285431119921], [97.55102040816327, 97.88546255506608, 63.66279069767442, 90.5940594059406, 92.05702647657841, 81.72645739910314, 92.79749478079331, 89.98054474708171, 81.10882956878851, 86.02576808721507], [98.06122448979592, 98.14977973568281, 71.60852713178295, 92.37623762376238, 92.26069246435846, 83.5201793721973, 93.52818371607516, 90.1750972762646, 81.10882956878851, 88.10703666997027], [97.95918367346938, 97.97356828193833, 76.35658914728683, 89.60396039603961, 94.90835030549898, 89.01345291479821, 93.21503131524008, 90.56420233463035, 85.01026694045174, 82.55698711595639], [98.16326530612245, 97.44493392070484, 5.62015503875969, 91.78217821782178, 90.73319755600815, 88.11659192825113, 93.42379958246346, 90.95330739299611, 86.55030800821355, 90.38652130822597], [97.55102040816327, 98.76651982378854, 70.44573643410853, 92.67326732673267, 93.48268839103869, 87.10762331838565, 96.13778705636743, 90.95330739299611, 84.59958932238193, 89.197224975223], [97.55102040816327, 98.41409691629956, 21.027131782945737, 92.27722772277228, 93.9918533604888, 91.03139013452915, 95.92901878914405, 91.24513618677042, 84.59958932238193, 89.79187314172448], [98.06122448979592, 98.32599118942731, 76.55038759689923, 90.79207920792079, 95.82484725050917, 89.79820627802691, 94.78079331941545, 90.75875486381322, 89.52772073921972, 88.9990089197225], [98.46938775510205, 98.59030837004406, 18.507751937984494, 94.75247524752476, 94.29735234215886, 89.12556053811659, 96.03340292275574, 91.05058365758755, 88.80903490759754, 90.38652130822597], [98.57142857142857, 98.6784140969163, 54.06976744186046, 92.67326732673267, 93.78818737270876, 91.59192825112108, 93.94572025052192, 90.85603112840467, 91.17043121149898, 92.86422200198216], [97.85714285714286, 98.8546255506608, 9.786821705426357, 94.95049504950495, 96.23217922606925, 91.14349775784753, 96.03340292275574, 91.73151750972762, 87.57700205338809, 89.69276511397423], [97.85714285714286, 98.6784140969163, 66.47286821705427, 93.46534653465346, 95.21384928716904, 92.48878923766816, 96.24217118997912, 92.80155642023347, 91.47843942505133, 91.57581764122894], [98.26530612244898, 98.76651982378854, 77.42248062015504, 92.87128712871286, 94.90835030549898, 93.38565022421524, 95.30271398747391, 92.60700389105058, 90.55441478439425, 93.3597621407334], [97.44897959183673, 98.8546255506608, 1.744186046511628, 96.13861386138613, 96.5376782077393, 90.24663677130044, 96.34655532359082, 91.147859922179, 89.73305954825462, 92.17046580773042], [97.95918367346938, 98.59030837004406, 54.748062015503876, 93.76237623762377, 95.21384928716904, 91.92825112107623, 96.13778705636743, 93.3852140077821, 92.60780287474333, 93.26065411298315], [98.57142857142857, 98.76651982378854, 80.13565891472868, 95.04950495049505, 92.76985743380855, 91.92825112107623, 96.5553235908142, 94.26070038910505, 91.37577002053388, 94.35084241823587], [98.36734693877551, 98.76651982378854, 49.224806201550386, 94.75247524752476, 94.80651731160896, 91.81614349775785, 96.65970772442589, 93.67704280155642, 93.01848049281314, 93.45887016848364], [98.06122448979592, 98.8546255506608, 52.810077519379846, 94.45544554455445, 96.02851323828921, 93.04932735426009, 96.45093945720251, 93.19066147859922, 89.73305954825462, 93.45887016848364], [98.26530612244898, 98.8546255506608, 5.717054263565892, 95.04950495049505, 97.04684317718942, 94.17040358744394, 96.34655532359082, 93.3852140077821, 90.96509240246407, 91.77403369672943], [98.57142857142857, 98.8546255506608, 79.84496124031008, 95.44554455445545, 95.41751527494908, 93.16143497757848, 96.34655532359082, 93.3852140077821, 92.91581108829568, 93.1615460852329], [98.26530612244898, 98.8546255506608, 3.9728682170542635, 95.04950495049505, 95.92668024439918, 93.27354260089686, 96.34655532359082, 93.67704280155642, 92.40246406570841, 94.05351833498513], [98.6734693877551, 98.94273127753304, 63.66279069767442, 95.64356435643565, 96.5376782077393, 93.38565022421524, 96.13778705636743, 92.21789883268482, 93.01848049281314, 93.75619425173439], [98.46938775510205, 98.76651982378854, 7.364341085271318, 95.64356435643565, 96.43584521384929, 93.49775784753363, 96.34655532359082, 92.99610894941634, 92.81314168377824, 93.95441030723488], [98.26530612244898, 98.76651982378854, 84.10852713178295, 95.54455445544555, 95.92668024439918, 92.37668161434978, 96.5553235908142, 94.26070038910505, 91.9917864476386, 94.15262636273538], [98.77551020408163, 98.59030837004406, 68.6046511627907, 95.24752475247524, 95.92668024439918, 93.27354260089686, 95.30271398747391, 94.06614785992218, 93.42915811088295, 94.84638255698711], [98.6734693877551, 99.11894273127753, 80.03875968992249, 95.94059405940594, 95.11201629327903, 92.60089686098655, 96.34655532359082, 93.8715953307393, 94.76386036960986, 94.64816650148661]],