{"config": {"DATASET": "mnist", "TOTAL_CLIENTS": 100, "CLIENT_FRAC": 0.2, "POISON_FRAC": 0.1, "CREATE_DATASET": false, "RANDOM_DATA": true, "CLASS_RATIO": 10, "MODEL": "nnet", "LEARNING_RATE": 0.001, "BATCH_SIZE": 32, "LOCAL_EPOCHS": 10, "OPTIMIZER": "adam", "FED_ROUNDS": 30, "TEST_EVERY": 1, "RANDOM_PROCESS": false, "COS_DEFENCE": true, "SEL_METHOD": 1, "REDUCE_LR": 1, "COLLAB_MODE": true, "COLLAB_ALL": true, "CONSIDER_LAYERS": "l1", "GRAD_AGG": true, "FEATURE_FINDING_ALGO": "auror", "GRAD_COLLECTION_START": 0, "GRAD_COLLECT_FOR": -1, "CLUSTER_SEP": 0.005, "ALPHA": 0.8, "BETA": 0.8, "GAMMA": 0.1, "TRUST_INC": 2, "TRUST_CUT_METHOD": 1, "HONEST_PARDON_FACTOR": 0.7, "LOG_LEVEL": "INFO", "JSON_RESULTS": true}, "mean_poison_class_acc": 85.62015503875969, "mean_attack_srate": 3.093023255813954, "total_accuracies": [50.46, 73.86, 83.18, 86.36, 88.2, 89.12, 89.76, 90.92, 91.26, 92.06, 91.86, 92.44, 92.8, 92.68, 93.56, 94.18, 93.79, 94.14, 94.2, 93.48, 94.29, 94.55, 94.46, 94.71, 93.98, 94.86, 94.68, 93.61, 95.07, 95.03], "class_accuracies": [[99.28571428571429, 91.62995594713657, 4.941860465116279, 58.31683168316832, 68.12627291242363, 25.7847533632287, 26.200417536534445, 25.09727626459144, 43.53182751540041, 55.599603567889], [97.14285714285714, 98.50220264317181, 58.91472868217054, 92.17821782178218, 80.24439918533605, 60.2017937219731, 79.33194154488518, 87.93774319066148, 41.27310061601643, 38.25569871159564], [96.12244897959184, 98.23788546255507, 77.61627906976744, 90.0, 87.06720977596741, 63.67713004484305, 89.97912317327766, 91.92607003891051, 73.81930184804928, 59.66303270564916], [97.04081632653062, 97.79735682819383, 75.1937984496124, 88.81188118811882, 83.5030549898167, 85.53811659192826, 89.77035490605428, 91.147859922179, 72.68993839835728, 80.67393458870168], [97.75510204081633, 97.44493392070484, 75.09689922480621, 90.89108910891089, 91.75152749490834, 80.71748878923766, 91.33611691022965, 92.8988326848249, 80.80082135523614, 81.76412289395441], [97.34693877551021, 97.70925110132158, 78.10077519379846, 90.1980198019802, 88.4928716904277, 82.39910313901345, 91.54488517745303, 91.34241245136187, 83.26488706365502, 89.29633300297324], [97.34693877551021, 97.79735682819383, 75.7751937984496, 91.68316831683168, 92.26069246435846, 84.30493273542601, 93.84133611691023, 90.27237354085604, 83.5728952772074, 89.69276511397423], [97.55102040816327, 97.5330396475771, 85.65891472868218, 89.20792079207921, 92.56619144602851, 88.56502242152466, 93.0062630480167, 91.147859922179, 85.21560574948666, 87.90882061446978], [97.34693877551021, 97.79735682819383, 83.43023255813954, 91.68316831683168, 89.61303462321793, 87.5560538116592, 94.258872651357, 90.95330739299611, 85.62628336755647, 93.3597621407334], [97.95918367346938, 98.50220264317181, 86.82170542635659, 93.56435643564356, 92.15885947046843, 86.7713004484305, 94.46764091858037, 92.21789883268482, 86.03696098562628, 90.8820614469772], [97.04081632653062, 98.6784140969163, 80.13565891472868, 93.06930693069307, 92.9735234215886, 88.78923766816143, 94.88517745302714, 92.41245136186771, 86.03696098562628, 93.75619425173439], [98.06122448979592, 98.14977973568281, 82.46124031007751, 89.5049504950495, 93.9918533604888, 91.03139013452915, 95.61586638830897, 91.73151750972762, 90.75975359342915, 92.76511397423191], [98.06122448979592, 98.6784140969163, 82.75193798449612, 93.76237623762377, 93.78818737270876, 88.56502242152466, 96.03340292275574, 91.73151750972762, 90.65708418891171, 93.26065411298315], [98.36734693877551, 98.59030837004406, 81.68604651162791, 94.25742574257426, 94.80651731160896, 91.59192825112108, 93.52818371607516, 91.34241245136187, 89.21971252566735, 92.9633300297324], [97.95918367346938, 98.14977973568281, 87.1124031007752, 93.26732673267327, 93.9918533604888, 90.02242152466367, 95.92901878914405, 92.99610894941634, 91.58110882956879, 93.95441030723488], [96.73469387755102, 98.32599118942731, 92.44186046511628, 94.35643564356435, 94.09368635437882, 91.25560538116592, 96.45093945720251, 92.99610894941634, 91.58110882956879, 92.86422200198216], [98.06122448979592, 98.6784140969163, 88.37209302325581, 92.17821782178218, 94.5010183299389, 93.16143497757848, 95.09394572025052, 94.3579766536965, 89.83572895277207, 93.1615460852329], [97.75510204081633, 98.59030837004406, 92.24806201550388, 94.65346534653466, 94.09368635437882, 90.24663677130044, 95.92901878914405, 93.28793774319067, 89.93839835728953, 93.75619425173439], [97.44897959183673, 98.59030837004406, 89.24418604651163, 93.56435643564356, 95.62118126272912, 92.26457399103138, 96.03340292275574, 92.99610894941634, 91.17043121149898, 94.54905847373637], [98.87755102040816, 98.50220264317181, 82.65503875968992, 94.15841584158416, 93.38085539714868, 91.81614349775785, 96.13778705636743, 92.80155642023347, 90.86242299794661, 95.24281466798811], [98.36734693877551, 98.76651982378854, 88.0813953488372, 93.46534653465346, 93.68635437881873, 91.81614349775785, 96.03340292275574, 94.74708171206225, 92.60780287474333, 94.74727452923686], [98.46938775510205, 99.03083700440529, 89.14728682170542, 94.85148514851485, 93.9918533604888, 92.26457399103138, 96.24217118997912, 93.77431906614785, 91.9917864476386, 95.14370664023787], [97.75510204081633, 98.59030837004406, 87.8875968992248, 95.14851485148515, 97.04684317718942, 93.16143497757848, 96.65970772442589, 93.57976653696498, 91.27310061601642, 93.1615460852329], [98.06122448979592, 98.50220264317181, 88.46899224806202, 94.05940594059406, 95.010183299389, 93.72197309417041, 95.72025052192066, 94.8443579766537, 93.83983572895278, 94.54905847373637], [97.95918367346938, 98.6784140969163, 81.68604651162791, 96.33663366336634, 94.5010183299389, 91.25560538116592, 96.24217118997912, 95.13618677042801, 92.71047227926078, 94.84638255698711], [98.46938775510205, 98.6784140969163, 91.18217054263566, 94.25742574257426, 94.80651731160896, 92.71300448430493, 96.24217118997912, 93.57976653696498, 93.32648870636551, 94.84638255698711], [98.46938775510205, 98.6784140969163, 87.8875968992248, 95.14851485148515, 95.62118126272912, 93.38565022421524, 95.72025052192066, 93.77431906614785, 93.32648870636551, 94.44995044598612], [97.95918367346938, 98.50220264317181, 78.29457364341086, 95.44554455445545, 96.43584521384929, 93.16143497757848, 96.24217118997912, 93.96887159533074, 91.37577002053388, 94.64816650148661], [97.65306122448979, 98.8546255506608, 91.27906976744185, 94.05940594059406, 95.11201629327903, 93.27354260089686, 96.45093945720251, 95.62256809338521, 92.91581108829568, 94.94549058473736], [98.26530612244898, 98.6784140969163, 87.6937984496124, 95.54455445544555, 95.82484725050917, 93.49775784753363, 95.61586638830897, 95.91439688715953, 93.94250513347022, 94.94549058473736]],