{"config": {"DATASET": "mnist", "TOTAL_CLIENTS": 100, "CLIENT_FRAC": 0.2, "POISON_FRAC": 0.4, "CREATE_DATASET": false, "RANDOM_DATA": true, "CLASS_RATIO": 10, "MODEL": "nnet", "LEARNING_RATE": 0.001, "BATCH_SIZE": 32, "LOCAL_EPOCHS": 10, "OPTIMIZER": "adam", "FED_ROUNDS": 30, "TEST_EVERY": 1, "RANDOM_PROCESS": false, "COS_DEFENCE": true, "SEL_METHOD": 1, "REDUCE_LR": 1, "COLLAB_MODE": true, "COLLAB_ALL": true, "CONSIDER_LAYERS": "l1", "GRAD_AGG": true, "FEATURE_FINDING_ALGO": "auror", "GRAD_COLLECTION_START": 0, "GRAD_COLLECT_FOR": -1, "CLUSTER_SEP": 0.002, "ALPHA": 0.8, "BETA": 0.8, "GAMMA": 0.1, "TRUST_INC": 2, "TRUST_CUT_METHOD": 1, "HONEST_PARDON_FACTOR": 0.7, "LOG_LEVEL": "INFO", "JSON_RESULTS": true}, "mean_poison_class_acc": 74.45348837209302, "mean_attack_srate": 3.3798449612403103, "total_accuracies": [45.1, 67.73, 81.49, 81.19, 85.68, 87.69, 88.58, 90.8, 90.83, 89.94, 84.57, 92.39, 91.44, 92.46, 93.1, 92.22, 93.52, 92.31, 93.19, 94.42, 92.75, 94.37, 92.11, 93.39, 92.54, 94.79, 92.19, 93.18, 95.04, 94.81], "class_accuracies": [[99.38775510204081, 97.70925110132158, 0.0, 35.34653465346535, 70.87576374745417, 8.632286995515695, 11.899791231732777, 58.65758754863813, 3.2854209445585214, 54.31119920713578], [98.26530612244898, 98.59030837004406, 3.197674418604651, 88.11881188118812, 81.05906313645622, 71.18834080717488, 74.00835073068893, 89.59143968871595, 32.340862422997944, 38.85034687809713], [96.42857142857143, 98.23788546255507, 55.32945736434109, 90.0990099009901, 86.35437881873727, 68.49775784753363, 89.77035490605428, 92.8988326848249, 72.48459958932239, 62.239841427155596], [97.04081632653062, 97.97356828193833, 28.003875968992247, 88.51485148514851, 86.0488798370672, 86.99551569506727, 89.14405010438414, 89.2023346303502, 66.94045174537987, 82.1605550049554], [97.65306122448979, 97.44493392070484, 53.68217054263566, 90.1980198019802, 91.95519348268839, 82.17488789237669, 91.12734864300626, 92.02334630350195, 79.46611909650925, 80.37661050545094], [97.14285714285714, 97.79735682819383, 65.01937984496124, 90.1980198019802, 92.26069246435846, 83.5201793721973, 92.79749478079331, 89.10505836575875, 80.69815195071868, 87.51238850346878], [98.06122448979592, 97.79735682819383, 64.92248062015504, 89.9009900990099, 91.75152749490834, 88.34080717488789, 92.58872651356994, 89.39688715953308, 82.34086242299794, 90.38652130822597], [97.65306122448979, 97.70925110132158, 83.33333333333333, 90.6930693069307, 91.85336048879837, 88.11659192825113, 93.21503131524008, 90.85603112840467, 83.16221765913758, 90.48562933597621], [97.44897959183673, 97.62114537444934, 79.26356589147287, 91.88118811881188, 92.4643584521385, 88.90134529147981, 92.69311064718163, 90.1750972762646, 84.80492813141684, 92.36868186323092], [97.85714285714286, 98.8546255506608, 65.40697674418605, 93.06930693069307, 92.56619144602851, 89.23766816143498, 94.05010438413362, 90.6614785992218, 85.21560574948666, 92.17046580773042], [97.14285714285714, 98.50220264317181, 11.24031007751938, 92.67326732673267, 93.27902240325865, 89.91031390134529, 95.19832985386222, 91.43968871595331, 85.01026694045174, 92.86422200198216], [97.75510204081633, 98.41409691629956, 84.78682170542636, 91.88118811881188, 94.5010183299389, 90.24663677130044, 94.67640918580376, 90.6614785992218, 88.60369609856262, 91.77403369672943], [98.6734693877551, 98.59030837004406, 71.02713178294573, 93.26732673267327, 92.9735234215886, 89.79820627802691, 95.92901878914405, 91.53696498054475, 89.83572895277207, 92.56689791873141], [98.36734693877551, 98.50220264317181, 78.77906976744185, 94.05940594059406, 93.07535641547861, 91.14349775784753, 94.67640918580376, 91.24513618677042, 90.96509240246407, 93.45887016848364], [98.06122448979592, 98.50220264317181, 84.20542635658914, 94.25742574257426, 93.89002036659878, 91.25560538116592, 95.51148225469728, 91.34241245136187, 89.52772073921972, 93.95441030723488], [97.75510204081633, 98.76651982378854, 73.44961240310077, 92.67326732673267, 93.27902240325865, 92.71300448430493, 96.5553235908142, 92.80155642023347, 91.58110882956879, 92.66600594648166], [98.16326530612245, 98.6784140969163, 86.43410852713178, 92.87128712871286, 92.66802443991854, 92.37668161434978, 96.13778705636743, 92.60700389105058, 90.04106776180699, 94.74727452923686], [97.75510204081633, 98.76651982378854, 71.99612403100775, 95.54455445544555, 94.39918533604887, 90.35874439461884, 96.24217118997912, 93.57976653696498, 89.3223819301848, 94.84638255698711], [98.26530612244898, 98.6784140969163, 78.77906976744185, 93.16831683168317, 95.31568228105907, 92.82511210762331, 95.92901878914405, 92.31517509727627, 92.71047227926078, 93.85530227948463], [98.36734693877551, 98.76651982378854, 90.11627906976744, 93.26732673267327, 94.19551934826885, 92.82511210762331, 96.24217118997912, 92.60700389105058, 92.60780287474333, 94.74727452923686], [98.06122448979592, 98.6784140969163, 72.09302325581395, 94.45544554455445, 95.010183299389, 92.9372197309417, 96.13778705636743, 92.80155642023347, 93.22381930184805, 94.25173439048562], [98.46938775510205, 98.76651982378854, 87.5, 93.96039603960396, 95.31568228105907, 93.16143497757848, 96.24217118997912, 93.67704280155642, 91.58110882956879, 94.64816650148661], [97.85714285714286, 98.94273127753304, 65.21317829457364, 94.65346534653466, 95.72301425661914, 94.05829596412556, 96.24217118997912, 93.09338521400778, 91.68377823408625, 94.05351833498513], [98.57142857142857, 98.6784140969163, 75.09689922480621, 94.65346534653466, 95.11201629327903, 94.17040358744394, 95.92901878914405, 94.06614785992218, 93.42915811088295, 94.35084241823587], [98.16326530612245, 98.6784140969163, 67.73255813953489, 95.34653465346534, 94.80651731160896, 93.16143497757848, 96.34655532359082, 93.19066147859922, 93.53182751540041, 94.74727452923686], [97.95918367346938, 98.6784140969163, 91.56976744186046, 93.06930693069307, 95.31568228105907, 94.17040358744394, 96.13778705636743, 93.48249027237354, 92.71047227926078, 94.44995044598612], [97.95918367346938, 98.76651982378854, 63.08139534883721, 94.85148514851485, 95.82484725050917, 94.84304932735427, 96.24217118997912, 93.09338521400778, 93.42915811088295, 94.44995044598612], [97.85714285714286, 98.6784140969163, 74.51550387596899, 95.44554455445545, 95.21384928716904, 93.27354260089686, 96.65970772442589, 93.67704280155642, 91.17043121149898, 95.34192269573836], [98.57142857142857, 98.76651982378854, 89.92248062015504, 93.96039603960396, 96.23217922606925, 93.83408071748879, 96.45093945720251, 94.8443579766537, 93.1211498973306, 94.35084241823587], [98.57142857142857, 98.76651982378854, 85.85271317829458, 95.04950495049505, 95.82484725050917, 94.28251121076234, 96.24217118997912, 95.23346303501945, 93.73716632443532, 94.35084241823587]],