{"config": {"DATASET": "mnist", "TOTAL_CLIENTS": 100, "CLIENT_FRAC": 0.1, "POISON_FRAC": 0.1, "CREATE_DATASET": true, "CLASS_RATIO": 10, "MODEL": "nnet", "LEARNING_RATE": 0.001, "BATCH_SIZE": 32, "LOCAL_EPOCHS": 3, "OPTIMIZER": "adam", "FED_ROUNDS": 30, "TEST_EVERY": 1, "RANDOM": true, "COS_DEFENCE": true, "SEL_METHOD": 1, "REDUCE_LR": 1, "COLLAB_MODE": true, "COLLAB_ALL": true, "CONSIDER_LAYERS": "l1", "GRAD_AGG": true, "FEATURE_FINDING_ALGO": "auror_plus", "GRAD_COLLECTION_START": 0, "GRAD_COLLECT_FOR": -1, "CLUSTER_SEP": 0.5, "ALPHA": 0.7, "BETA": 0.7, "GAMMA": 0.1, "TRUST_INC": 2, "TRUST_CUT_METHOD": 2, "HONEST_PARDON_FACTOR": 0.99, "LOG_LEVEL": "INFO", "JSON_RESULTS": true}, "mean_poison_class_acc": 72.63081395348838, "mean_attack_srate": 3.5368217054263567, "total_accuracies": [10.13, 27.61, 39.18, 45.93, 54.47, 71.51, 72.55, 79.76, 77.67, 81.43, 82.55, 79.03, 84.72, 85.77, 85.18, 85.55, 87.72, 85.54, 88.88, 87.8, 88.6, 89.13, 88.68, 89.61, 87.88, 86.87, 90.99, 91.39, 91.41, 88.98], "class_accuracies": [[0.0, 0.0, 0.0, 100.0, 0.0, 0.0, 0.0, 0.2918287937743191, 0.0, 0.0], [97.95918367346938, 0.0, 27.810077519379846, 21.287128712871286, 0.0, 0.0, 0.0, 94.64980544747081, 33.47022587268994, 0.0], [97.65306122448979, 99.20704845814979, 48.64341085271318, 0.49504950495049505, 48.574338085539715, 68.72197309417041, 9.916492693110648, 3.0155642023346303, 0.0, 11.10009910802775], [97.75510204081633, 99.47136563876651, 39.825581395348834, 33.46534653465346, 76.06924643584522, 70.73991031390135, 14.718162839248434, 21.011673151750973, 2.1560574948665296, 0.09910802775024777], [96.93877551020408, 96.47577092511013, 82.36434108527132, 83.56435643564356, 61.60896130346232, 9.192825112107624, 7.515657620041754, 87.35408560311284, 5.236139630390143, 0.0], [94.89795918367346, 96.74008810572687, 71.02713178294573, 77.02970297029702, 91.95519348268839, 67.48878923766816, 71.39874739039666, 80.1556420233463, 46.303901437371664, 14.66798810703667], [95.91836734693878, 96.0352422907489, 71.60852713178295, 89.4059405940594, 93.89002036659878, 56.39013452914798, 77.24425887265136, 81.90661478599222, 35.93429158110883, 22.398414271555996], [96.83673469387755, 94.53744493392071, 83.43023255813954, 77.52475247524752, 80.14256619144602, 75.56053811659193, 84.8643006263048, 83.94941634241245, 60.677618069815196, 57.680872150644205], [96.22448979591837, 97.26872246696036, 68.6046511627907, 85.64356435643565, 93.48268839103869, 76.23318385650224, 89.24843423799582, 89.98054474708171, 52.772073921971256, 25.27254707631318], [95.40816326530613, 96.47577092511013, 80.32945736434108, 70.5940594059406, 81.56822810590631, 86.65919282511211, 89.24843423799582, 84.3385214007782, 56.776180698151954, 71.55599603567889], [97.34693877551021, 98.6784140969163, 67.63565891472868, 79.4059405940594, 76.78207739307535, 81.83856502242152, 90.7098121085595, 89.78599221789884, 64.16837782340862, 77.30426164519326], [96.63265306122449, 98.23788546255507, 58.81782945736434, 80.1980198019802, 43.788187372708755, 83.07174887892377, 90.50104384133611, 81.22568093385215, 61.80698151950719, 94.05351833498513], [97.85714285714286, 96.12334801762114, 74.03100775193798, 79.10891089108911, 74.54175152749491, 85.20179372197309, 90.18789144050105, 89.39688715953308, 73.71663244353182, 85.82755203171457], [96.63265306122449, 96.74008810572687, 77.03488372093024, 82.17821782178218, 90.22403258655804, 83.6322869955157, 89.97912317327766, 88.91050583657588, 79.56878850102669, 71.75421209117938], [97.44897959183673, 97.3568281938326, 64.92248062015504, 81.08910891089108, 86.0488798370672, 81.27802690582959, 90.7098121085595, 87.54863813229572, 79.97946611909651, 84.34093161546085], [97.65306122448979, 97.5330396475771, 64.92248062015504, 84.55445544554455, 85.4378818737271, 84.30493273542601, 93.31941544885177, 92.02334630350195, 74.84599589322382, 79.98017839444995], [96.83673469387755, 95.15418502202643, 86.62790697674419, 80.79207920792079, 89.5112016293279, 85.65022421524664, 92.37995824634656, 85.7976653696498, 85.31827515400411, 78.49355797819624], [96.83673469387755, 97.3568281938326, 57.55813953488372, 86.43564356435644, 87.4745417515275, 85.98654708520179, 93.52818371607516, 87.84046692607004, 74.12731006160165, 87.80971258671953], [97.55102040816327, 96.29955947136564, 87.6937984496124, 83.66336633663366, 88.79837067209776, 84.08071748878923, 94.258872651357, 89.29961089494164, 83.5728952772074, 82.45787908820614], [96.93877551020408, 97.5330396475771, 70.93023255813954, 83.86138613861387, 87.27087576374745, 86.88340807174887, 93.73695198329854, 87.93774319066148, 81.00616016427105, 91.2784935579782], [97.55102040816327, 96.91629955947137, 75.87209302325581, 83.96039603960396, 88.39103869653768, 86.88340807174887, 91.7536534446764, 87.7431906614786, 85.01026694045174, 91.2784935579782], [97.55102040816327, 97.5330396475771, 78.00387596899225, 90.29702970297029, 90.52953156822811, 87.78026905829596, 91.8580375782881, 90.75875486381322, 79.05544147843942, 87.01684836471755], [97.34693877551021, 97.62114537444934, 74.2248062015504, 86.03960396039604, 92.9735234215886, 89.79820627802691, 91.64926931106471, 87.7431906614786, 81.10882956878851, 87.90882061446978], [97.65306122448979, 98.06167400881057, 79.26356589147287, 87.52475247524752, 93.27902240325865, 85.98654708520179, 93.1106471816284, 89.29961089494164, 80.28747433264887, 90.58473736372646], [97.14285714285714, 98.50220264317181, 59.30232558139535, 86.23762376237623, 91.85336048879837, 88.45291479820628, 92.90187891440502, 90.27237354085604, 83.05954825462013, 90.8820614469772], [96.53061224489795, 98.23788546255507, 49.224806201550386, 86.43564356435644, 93.9918533604888, 87.33183856502242, 94.36325678496868, 89.88326848249027, 83.5728952772074, 89.29633300297324], [97.65306122448979, 97.79735682819383, 88.46899224806202, 93.76237623762377, 95.92668024439918, 86.21076233183857, 93.31941544885177, 89.39688715953308, 82.54620123203286, 83.64717542120911], [97.24489795918367, 97.18061674008811, 87.6937984496124, 88.91089108910892, 95.11201629327903, 85.31390134529148, 97.28601252609603, 90.27237354085604, 88.60369609856262, 85.43111992071358], [98.06122448979592, 97.62114537444934, 84.68992248062015, 87.62376237623762, 91.5478615071283, 92.26457399103138, 91.8580375782881, 91.34241245136187, 87.16632443531827, 91.47670961347869], [96.93877551020408, 98.23788546255507, 65.69767441860465, 88.21782178217822, 89.5112016293279, 89.23766816143498, 93.0062630480167, 87.2568093385214, 86.44763860369609, 95.04459861248762]],