{"config": {"DATASET": "mnist", "CLIENT_FRAC": 0.2, "POISON_FRAC": 0.2, "CREATE_DATASET": false, "CLASS_RATIO": 10, "MODEL": "nnet", "LEARNING_RATE": 0.001, "BATCH_SIZE": 32, "LOCAL_EPOCHS": 3, "OPTIMIZER": "adam", "FED_ROUNDS": 30, "TEST_EVERY": 1, "RANDOM": true, "COS_DEFENCE": true, "SEL_METHOD": 1, "COLLAB_MODE": true, "COLLAB_ALL": false, "CONSIDER_LAYERS": "l1", "GRAD_AGG": true, "FEATURE_FINDING_ALGO": "auror_plus", "GRAD_COLLECTION_START": 0, "GRAD_COLLECT_FOR": -1, "CLUSTER_SEP": 2.0, "ALPHA": 0.5, "BETA": 0.5, "GAMMA": 0.5, "TRUST_INC": 2, "TRUST_CUT_METHOD": 1, "HONEST_PARDON_FACTOR": 0.99, "LOG_LEVEL": "INFO", "JSON_RESULTS": true}, "mean_poison_class_acc": 70.65503875968993, "mean_attack_srate": 2.5775193798449614, "total_accuracies": [9.81, 34.02, 27.71, 37.95, 41.41, 45.22, 63.74, 68.99, 74.9, 81.38, 82.41, 86.44, 86.25, 85.79, 87.97, 87.54, 89.34, 89.81, 89.13, 90.31, 90.5, 90.34, 90.68, 90.3, 92.11, 89.96, 91.81, 91.7, 92.7, 92.9], "class_accuracies": [[100.0, 0.0, 0.0, 0.0, 0.10183299389002037, 0.0, 0.0, 0.0, 0.0, 0.0], [98.06122448979592, 92.33480176211454, 1.065891472868217, 2.9702970297029703, 90.83503054989816, 16.47982062780269, 0.7306889352818372, 0.0, 0.0, 30.327056491575817], [97.24489795918367, 62.6431718061674, 0.0, 0.0, 0.0, 0.0, 15.24008350730689, 0.0, 0.0, 95.24281466798811], [96.42857142857143, 91.54185022026432, 8.624031007751938, 11.881188118811881, 14.562118126272912, 0.0, 50.208768267223384, 0.0, 0.0, 96.92765113974232], [95.51020408163265, 75.06607929515418, 1.2596899224806202, 69.8019801980198, 10.183299389002036, 2.690582959641256, 53.96659707724426, 0.9727626459143969, 0.0, 97.52229930624381], [93.36734693877551, 98.59030837004406, 12.887596899224807, 93.96039603960396, 66.19144602851324, 53.9237668161435, 17.014613778705638, 0.0, 11.498973305954825, 0.0], [97.44897959183673, 99.38325991189427, 56.87984496124031, 79.4059405940594, 90.93686354378819, 48.09417040358744, 63.569937369519835, 55.1556420233463, 6.262833675564682, 33.99405351833499], [96.93877551020408, 98.23788546255507, 40.50387596899225, 87.62376237623762, 95.72301425661914, 71.97309417040358, 79.12317327766179, 75.58365758754864, 22.689938398357288, 19.12784935579782], [96.73469387755102, 97.97356828193833, 51.35658914728682, 90.79207920792079, 94.90835030549898, 65.35874439461884, 87.89144050104385, 85.40856031128405, 54.82546201232033, 21.20911793855302], [95.81632653061224, 97.62114537444934, 68.21705426356588, 84.65346534653466, 91.95519348268839, 83.40807174887892, 90.18789144050105, 84.8249027237354, 66.0164271047228, 50.14866204162537], [95.81632653061224, 95.68281938325991, 63.372093023255815, 88.11881188118812, 95.41751527494908, 78.36322869955157, 88.4133611691023, 86.57587548638132, 77.31006160164272, 54.112983151635284], [95.71428571428571, 95.68281938325991, 78.68217054263566, 85.24752475247524, 89.71486761710794, 84.4170403587444, 90.08350730688936, 86.47859922178988, 79.7741273100616, 77.70069375619426], [96.42857142857143, 96.12334801762114, 70.54263565891473, 84.95049504950495, 92.56619144602851, 83.6322869955157, 91.33611691022965, 86.38132295719845, 84.29158110882958, 75.7185332011893], [96.53061224489795, 97.00440528634361, 61.33720930232558, 86.43564356435644, 90.83503054989816, 86.88340807174887, 90.81419624217119, 87.93774319066148, 78.2340862422998, 81.56590683845391], [96.93877551020408, 97.5330396475771, 81.97674418604652, 87.92079207920793, 91.75152749490834, 87.78026905829596, 91.44050104384134, 87.45136186770428, 76.38603696098562, 79.58374628344896], [96.83673469387755, 97.18061674008811, 68.12015503875969, 90.0990099009901, 93.9918533604888, 86.7713004484305, 92.48434237995825, 89.98054474708171, 77.92607802874743, 81.46679881070366], [97.24489795918367, 96.74008810572687, 78.29457364341086, 86.83168316831683, 94.39918533604887, 87.33183856502242, 93.21503131524008, 89.78599221789884, 85.93429158110882, 83.15163528245787], [96.93877551020408, 97.09251101321586, 83.33333333333333, 85.54455445544555, 94.29735234215886, 91.3677130044843, 92.58872651356994, 89.78599221789884, 85.21560574948666, 81.66501486620416], [97.65306122448979, 97.62114537444934, 73.44961240310077, 92.37623762376238, 92.66802443991854, 86.43497757847534, 92.58872651356994, 91.73151750972762, 80.49281314168378, 85.43111992071358], [97.75510204081633, 97.97356828193833, 83.81782945736434, 90.79207920792079, 95.62118126272912, 88.11659192825113, 94.36325678496868, 89.6887159533074, 82.23819301848049, 81.9623389494549], [97.75510204081633, 97.3568281938326, 78.10077519379846, 91.98019801980197, 94.90835030549898, 88.67713004484305, 93.94572025052192, 90.36964980544747, 86.24229979466119, 85.23290386521309], [97.95918367346938, 96.91629955947137, 77.90697674418605, 89.00990099009901, 95.92668024439918, 91.70403587443946, 93.73695198329854, 90.36964980544747, 86.44763860369609, 83.44895936570862], [97.95918367346938, 97.5330396475771, 76.64728682170542, 91.88118811881188, 95.72301425661914, 90.24663677130044, 93.84133611691023, 90.56420233463035, 87.57700205338809, 84.63825569871159], [98.06122448979592, 97.26872246696036, 74.6124031007752, 91.18811881188118, 96.02851323828921, 92.04035874439462, 93.31941544885177, 90.36964980544747, 83.5728952772074, 86.52130822596631], [97.75510204081633, 97.79735682819383, 86.9186046511628, 92.77227722772277, 95.31568228105907, 89.46188340807174, 95.92901878914405, 90.95330739299611, 89.01437371663245, 84.63825569871159], [97.55102040816327, 97.70925110132158, 65.69767441860465, 91.98019801980197, 95.51934826883911, 92.71300448430493, 93.63256784968685, 92.21789883268482, 84.39425051334702, 88.40436075322101], [98.06122448979592, 97.62114537444934, 81.87984496124031, 93.06930693069307, 95.62118126272912, 91.81614349775785, 94.98956158663883, 90.75875486381322, 85.42094455852155, 88.60257680872151], [97.75510204081633, 97.88546255506608, 77.13178294573643, 92.67326732673267, 95.51934826883911, 92.152466367713, 96.24217118997912, 93.09338521400778, 86.96098562628337, 87.51238850346878], [98.16326530612245, 97.97356828193833, 85.65891472868218, 94.45544554455445, 95.51934826883911, 89.79820627802691, 95.92901878914405, 92.99610894941634, 88.50102669404518, 87.41328047571854], [98.16326530612245, 97.79735682819383, 89.05038759689923, 93.16831683168317, 95.51934826883911, 93.16143497757848, 94.67640918580376, 92.02334630350195, 87.06365503080082, 88.00792864222002]],