{"config": {"DATASET": "mnist", "TOTAL_CLIENTS": 100, "CLIENT_FRAC": 0.2, "POISON_FRAC": 0.2, "CREATE_DATASET": false, "RANDOM_DATA": true, "CLASS_RATIO": 10, "MODEL": "nnet", "LEARNING_RATE": 0.001, "BATCH_SIZE": 32, "LOCAL_EPOCHS": 10, "OPTIMIZER": "adam", "FED_ROUNDS": 30, "TEST_EVERY": 1, "RANDOM_PROCESS": false, "COS_DEFENCE": true, "SEL_METHOD": 1, "REDUCE_LR": 1, "COLLAB_MODE": true, "COLLAB_ALL": true, "CONSIDER_LAYERS": "l1", "GRAD_AGG": true, "FEATURE_FINDING_ALGO": "auror", "GRAD_COLLECTION_START": 0, "GRAD_COLLECT_FOR": -1, "CLUSTER_SEP": 0.005, "ALPHA": 0.8, "BETA": 0.8, "GAMMA": 0.1, "TRUST_INC": 2, "TRUST_CUT_METHOD": 1, "HONEST_PARDON_FACTOR": 0.7, "LOG_LEVEL": "INFO", "JSON_RESULTS": true}, "mean_poison_class_acc": 78.18992248062014, "mean_attack_srate": 3.1317829457364343, "total_accuracies": [50.49, 66.68, 77.2, 84.34, 87.96, 88.93, 90.23, 90.67, 91.16, 91.86, 89.83, 92.19, 92.15, 90.74, 92.95, 92.78, 92.73, 93.62, 92.7, 92.98, 92.17, 92.13, 93.05, 94.03, 94.63, 94.03, 95.08, 89.6, 94.84, 94.09], "class_accuracies": [[99.38775510204081, 95.33039647577093, 0.0, 51.584158415841586, 70.46843177189409, 19.282511210762333, 22.44258872651357, 28.69649805447471, 49.794661190965094, 60.75322101090188], [97.44897959183673, 98.8546255506608, 5.135658914728682, 92.87128712871286, 78.30957230142566, 65.5829596412556, 77.24425887265136, 88.91050583657588, 33.36755646817249, 26.461843409316156], [96.42857142857143, 98.23788546255507, 18.992248062015506, 92.17821782178218, 86.15071283095723, 65.5829596412556, 91.02296450939457, 92.50972762645914, 74.74332648870636, 54.60852329038652], [97.55102040816327, 97.3568281938326, 54.554263565891475, 88.61386138613861, 87.06720977596741, 86.09865470852019, 89.24843423799582, 90.27237354085604, 73.92197125256673, 78.1962338949455], [97.65306122448979, 97.62114537444934, 72.18992248062015, 90.5940594059406, 93.07535641547861, 82.17488789237669, 92.69311064718163, 92.12062256809338, 80.80082135523614, 79.48463825569871], [97.65306122448979, 97.88546255506608, 77.03488372093024, 91.08910891089108, 88.59470468431772, 81.39013452914799, 92.69311064718163, 90.95330739299611, 81.62217659137578, 88.800792864222], [97.75510204081633, 97.5330396475771, 83.43023255813954, 90.5940594059406, 89.61303462321793, 85.20179372197309, 94.88517745302714, 90.07782101167315, 83.67556468172485, 88.40436075322101], [97.55102040816327, 97.79735682819383, 83.04263565891473, 90.0, 90.83503054989816, 88.45291479820628, 93.94572025052192, 91.05058365758755, 83.05954825462013, 90.08919722497522], [97.34693877551021, 97.3568281938326, 81.97674418604652, 89.70297029702971, 91.0386965376782, 89.57399103139014, 93.84133611691023, 90.36964980544747, 87.98767967145791, 91.87314172447968], [97.65306122448979, 98.14977973568281, 85.65891472868218, 91.58415841584159, 92.87169042769857, 87.33183856502242, 95.92901878914405, 91.34241245136187, 88.09034907597535, 89.09811694747275], [96.93877551020408, 98.59030837004406, 65.31007751937985, 92.27722772277228, 93.9918533604888, 88.2286995515695, 94.36325678496868, 92.41245136186771, 84.49691991786447, 91.2784935579782], [97.75510204081633, 98.06167400881057, 80.62015503875969, 90.79207920792079, 93.9918533604888, 90.69506726457399, 95.19832985386222, 92.21789883268482, 90.86242299794661, 91.37760158572844], [97.95918367346938, 98.41409691629956, 80.52325581395348, 93.36633663366337, 94.90835030549898, 89.12556053811659, 95.51148225469728, 91.63424124513618, 88.60369609856262, 90.8820614469772], [98.36734693877551, 98.59030837004406, 65.21317829457364, 93.86138613861387, 95.51934826883911, 91.92825112107623, 94.78079331941545, 91.82879377431907, 87.98767967145791, 89.49454905847374], [97.85714285714286, 98.06167400881057, 82.07364341085271, 92.57425742574257, 95.010183299389, 92.48878923766816, 95.09394572025052, 92.80155642023347, 91.9917864476386, 91.37760158572844], [97.75510204081633, 98.59030837004406, 79.16666666666667, 94.35643564356435, 94.60285132382892, 90.91928251121077, 96.24217118997912, 92.70428015564202, 90.65708418891171, 92.46778989098117], [98.06122448979592, 98.6784140969163, 79.55426356589147, 92.97029702970298, 94.70468431771894, 92.26457399103138, 94.67640918580376, 93.57976653696498, 89.93839835728953, 92.56689791873141], [97.95918367346938, 98.50220264317181, 87.59689922480621, 95.94059405940594, 93.78818737270876, 89.12556053811659, 96.5553235908142, 92.70428015564202, 89.3223819301848, 93.85530227948463], [98.16326530612245, 98.41409691629956, 75.09689922480621, 94.35643564356435, 94.60285132382892, 92.152466367713, 95.30271398747391, 94.45525291828794, 90.34907597535934, 93.95441030723488], [98.36734693877551, 98.6784140969163, 77.71317829457364, 94.75247524752476, 94.29735234215886, 91.3677130044843, 96.24217118997912, 92.21789883268482, 91.58110882956879, 94.35084241823587], [98.46938775510205, 98.6784140969163, 67.92635658914729, 94.05940594059406, 94.90835030549898, 91.81614349775785, 95.92901878914405, 95.23346303501945, 92.91581108829568, 91.87314172447968], [98.36734693877551, 98.6784140969163, 67.05426356589147, 94.05940594059406, 95.41751527494908, 91.25560538116592, 96.45093945720251, 94.26070038910505, 92.19712525667352, 93.65708622398414], [98.26530612244898, 98.76651982378854, 74.90310077519379, 95.04950495049505, 96.5376782077393, 92.82511210762331, 96.34655532359082, 93.8715953307393, 91.58110882956879, 92.36868186323092], [98.46938775510205, 98.59030837004406, 83.33333333333333, 94.55445544554455, 95.010183299389, 92.9372197309417, 96.34655532359082, 93.77431906614785, 94.04517453798768, 93.06243805748265], [98.57142857142857, 98.8546255506608, 89.72868217054264, 96.23762376237623, 94.39918533604887, 91.3677130044843, 96.24217118997912, 94.26070038910505, 92.81314168377824, 93.1615460852329], [98.26530612244898, 98.94273127753304, 84.30232558139535, 94.45544554455445, 95.31568228105907, 93.49775784753363, 96.03340292275574, 92.8988326848249, 93.01848049281314, 93.3597621407334], [98.46938775510205, 98.50220264317181, 92.44186046511628, 94.75247524752476, 95.11201629327903, 93.38565022421524, 96.76409185803757, 93.8715953307393, 93.32648870636551, 93.75619425173439], [98.26530612244898, 98.59030837004406, 41.666666666666664, 94.85148514851485, 96.5376782077393, 93.04932735426009, 96.97286012526096, 92.70428015564202, 91.06776180698152, 93.45887016848364], [98.46938775510205, 98.76651982378854, 89.34108527131782, 93.56435643564356, 95.62118126272912, 93.49775784753363, 96.34655532359082, 95.42801556420234, 93.01848049281314, 93.95441030723488], [98.6734693877551, 98.8546255506608, 80.03875968992249, 94.65346534653466, 95.62118126272912, 93.60986547085201, 96.65970772442589, 94.74708171206225, 93.73716632443532, 94.25173439048562]],