{"config": {"DATASET": "mnist", "TOTAL_CLIENTS": 100, "CLIENT_FRAC": 0.2, "POISON_FRAC": 0.4, "CREATE_DATASET": true, "RANDOM_DATA": true, "CLASS_RATIO": 10, "MODEL": "nnet", "LEARNING_RATE": 0.001, "BATCH_SIZE": 32, "LOCAL_EPOCHS": 10, "OPTIMIZER": "adam", "FED_ROUNDS": 30, "TEST_EVERY": 1, "RANDOM_PROCESS": false, "COS_DEFENCE": false, "SEL_METHOD": 1, "REDUCE_LR": 1, "COLLAB_MODE": true, "COLLAB_ALL": true, "CONSIDER_LAYERS": "l1", "GRAD_AGG": true, "FEATURE_FINDING_ALGO": "auror", "GRAD_COLLECTION_START": 0, "GRAD_COLLECT_FOR": -1, "CLUSTER_SEP": 0.002, "ALPHA": 0.8, "BETA": 0.8, "GAMMA": 0.1, "TRUST_INC": 2, "TRUST_CUT_METHOD": 1, "HONEST_PARDON_FACTOR": 0.7, "LOG_LEVEL": "INFO", "JSON_RESULTS": true}, "mean_poison_class_acc": 67.93798449612403, "mean_attack_srate": 3.4341085271317837, "total_accuracies": [48.55, 65.72, 77.82, 82.95, 85.66, 88.77, 87.64, 87.54, 90.79, 88.55, 86.62, 91.96, 91.49, 92.78, 92.91, 93.11, 88.94, 93.7, 85.51, 93.61, 93.77, 93.72, 93.6, 91.57, 92.72, 93.83, 94.27, 90.56, 94.92, 94.26], "class_accuracies": [[97.24489795918367, 99.55947136563877, 0.0, 33.76237623762376, 67.41344195519348, 31.95067264573991, 22.860125260960334, 91.43968871595331, 33.36755646817249, 0.0], [97.24489795918367, 98.8546255506608, 0.29069767441860467, 79.3069306930693, 89.20570264765784, 85.98654708520179, 73.79958246346555, 87.06225680933852, 21.765913757700204, 23.389494549058472], [96.93877551020408, 98.14977973568281, 23.25581395348837, 87.52475247524752, 94.60285132382892, 75.7847533632287, 93.31941544885177, 92.21789883268482, 67.04312114989733, 48.9593657086224], [97.04081632653062, 97.97356828193833, 40.98837209302326, 84.95049504950495, 91.85336048879837, 86.32286995515695, 90.91858037578288, 88.91050583657588, 72.68993839835728, 77.89890981169475], [96.63265306122449, 97.79735682819383, 54.457364341085274, 90.29702970297029, 94.80651731160896, 82.0627802690583, 93.42379958246346, 90.07782101167315, 79.97946611909651, 76.51139742319128], [97.55102040816327, 96.74008810572687, 73.64341085271317, 88.31683168316832, 93.78818737270876, 82.17488789237669, 94.46764091858037, 91.24513618677042, 84.18891170431212, 84.63825569871159], [97.95918367346938, 98.41409691629956, 59.883720930232556, 91.58415841584159, 94.80651731160896, 87.33183856502242, 92.90187891440502, 90.36964980544747, 79.7741273100616, 83.05252725470763], [98.26530612244898, 97.62114537444934, 51.84108527131783, 91.38613861386139, 95.82484725050917, 86.7713004484305, 93.63256784968685, 92.21789883268482, 81.21149897330595, 86.62041625371656], [97.75510204081633, 97.09251101321586, 75.48449612403101, 90.4950495049505, 94.39918533604887, 88.00448430493273, 95.82463465553236, 90.85603112840467, 88.70636550308008, 88.9990089197225], [98.16326530612245, 97.3568281938326, 52.51937984496124, 92.97029702970298, 95.72301425661914, 87.33183856502242, 95.30271398747391, 91.43968871595331, 87.06365503080082, 87.90882061446978], [97.85714285714286, 97.5330396475771, 30.329457364341085, 93.66336633663366, 95.82484725050917, 87.78026905829596, 96.24217118997912, 91.82879377431907, 86.55030800821355, 89.59365708622398], [98.16326530612245, 98.06167400881057, 77.71317829457364, 94.25742574257426, 96.5376782077393, 89.57399103139014, 96.24217118997912, 92.21789883268482, 88.70636550308008, 87.80971258671953], [97.75510204081633, 98.23788546255507, 72.09302325581395, 94.75247524752476, 96.02851323828921, 89.68609865470852, 96.65970772442589, 93.57976653696498, 87.06365503080082, 88.800792864222], [97.95918367346938, 98.23788546255507, 80.71705426356588, 94.25742574257426, 94.60285132382892, 90.24663677130044, 96.76409185803757, 93.67704280155642, 90.75975359342915, 90.18830525272547], [98.06122448979592, 98.14977973568281, 81.3953488372093, 94.85148514851485, 96.43584521384929, 91.59192825112108, 96.97286012526096, 94.06614785992218, 89.21971252566735, 88.10703666997027], [97.95918367346938, 98.59030837004406, 79.65116279069767, 93.76237623762377, 94.5010183299389, 91.59192825112108, 96.76409185803757, 94.8443579766537, 90.75975359342915, 92.36868186323092], [97.75510204081633, 97.88546255506608, 41.08527131782946, 95.64356435643565, 95.92668024439918, 88.90134529147981, 96.86847599164926, 94.45525291828794, 90.4517453798768, 91.17938553022795], [98.06122448979592, 98.50220264317181, 85.75581395348837, 93.36633663366337, 94.80651731160896, 92.60089686098655, 96.65970772442589, 93.19066147859922, 90.34907597535934, 93.3597621407334], [97.75510204081633, 98.59030837004406, 4.844961240310077, 92.67326732673267, 96.43584521384929, 93.16143497757848, 96.5553235908142, 94.06614785992218, 91.78644763860369, 91.57581764122894], [98.16326530612245, 98.6784140969163, 82.84883720930233, 93.36633663366337, 96.33401221995926, 93.04932735426009, 96.97286012526096, 93.8715953307393, 92.91581108829568, 89.79187314172448], [98.46938775510205, 98.59030837004406, 82.26744186046511, 94.75247524752476, 95.72301425661914, 93.38565022421524, 96.86847599164926, 94.16342412451363, 90.75975359342915, 92.56689791873141], [98.46938775510205, 98.6784140969163, 80.52325581395348, 94.75247524752476, 95.51934826883911, 93.49775784753363, 96.45093945720251, 94.06614785992218, 92.71047227926078, 92.46778989098117], [97.75510204081633, 98.8546255506608, 79.16666666666667, 94.45544554455445, 95.82484725050917, 93.94618834080717, 97.18162839248434, 95.3307392996109, 92.40246406570841, 91.0802775024777], [98.26530612244898, 98.8546255506608, 58.042635658914726, 95.54455445544555, 96.33401221995926, 93.49775784753363, 96.24217118997912, 94.94163424124514, 93.73716632443532, 90.8820614469772], [98.16326530612245, 98.76651982378854, 68.4108527131783, 95.54455445544555, 96.02851323828921, 94.05829596412556, 96.76409185803757, 94.3579766536965, 93.01848049281314, 92.46778989098117], [98.16326530612245, 98.76651982378854, 80.03875968992249, 94.95049504950495, 96.13034623217922, 95.2914798206278, 96.13778705636743, 94.45525291828794, 91.9917864476386, 92.46778989098117], [98.6734693877551, 98.8546255506608, 83.13953488372093, 95.94059405940594, 96.63951120162933, 93.72197309417041, 96.5553235908142, 95.52529182879377, 92.09445585215606, 91.37760158572844], [98.16326530612245, 98.76651982378854, 45.542635658914726, 96.23762376237623, 95.72301425661914, 92.48878923766816, 97.59916492693111, 95.3307392996109, 94.04517453798768, 92.66600594648166], [98.6734693877551, 98.41409691629956, 89.63178294573643, 95.64356435643565, 95.62118126272912, 91.25560538116592, 97.80793319415449, 93.67704280155642, 95.27720739219713, 92.76511397423191], [97.95918367346938, 98.50220264317181, 81.87984496124031, 95.64356435643565, 95.41751527494908, 93.04932735426009, 97.59916492693111, 95.13618677042801, 94.04517453798768, 93.26065411298315]],