{"config": {"DATASET": "mnist", "TOTAL_CLIENTS": 100, "CLIENT_FRAC": 0.1, "POISON_FRAC": 0.1, "CREATE_DATASET": true, "RANDOM_DATA": true, "CLASS_RATIO": 10, "MODEL": "nnet", "LEARNING_RATE": 0.001, "BATCH_SIZE": 32, "LOCAL_EPOCHS": 3, "OPTIMIZER": "adam", "FED_ROUNDS": 30, "TEST_EVERY": 1, "RANDOM_PROCESS": true, "COS_DEFENCE": false, "SEL_METHOD": 1, "REDUCE_LR": 1, "COLLAB_MODE": true, "COLLAB_ALL": true, "CONSIDER_LAYERS": "l1", "GRAD_AGG": true, "FEATURE_FINDING_ALGO": "auror", "GRAD_COLLECTION_START": 0, "GRAD_COLLECT_FOR": -1, "CLUSTER_SEP": 0.005, "ALPHA": 0.8, "BETA": 0.8, "GAMMA": 0.1, "TRUST_INC": 2, "TRUST_CUT_METHOD": 2, "HONEST_PARDON_FACTOR": 0.99, "LOG_LEVEL": "INFO", "JSON_RESULTS": true}, "mean_poison_class_acc": 78.96317829457364, "mean_attack_srate": 3.1395348837209296, "total_accuracies": [26.71, 30.04, 38.79, 50.54, 59.25, 67.39, 74.17, 77.82, 74.65, 79.58, 83.1, 84.37, 84.85, 86.32, 86.24, 86.59, 88.07, 88.27, 88.94, 88.65, 89.57, 90.01, 87.65, 90.44, 88.06, 90.31, 91.31, 89.67, 91.66, 91.29], "class_accuracies": [[11.428571428571429, 82.90748898678414, 19.089147286821706, 0.0, 27.80040733197556, 44.84304932735426, 0.0, 0.0, 76.79671457905545, 0.0], [99.48979591836735, 97.3568281938326, 31.2984496124031, 0.0, 0.6109979633401222, 0.0, 62.004175365344466, 0.0, 0.0, 0.09910802775024777], [98.9795918367347, 99.8237885462555, 47.093023255813954, 18.415841584158414, 85.64154786150714, 24.43946188340807, 2.2964509394572024, 0.19455252918287938, 2.1560574948665296, 0.0], [96.83673469387755, 99.29515418502203, 69.86434108527132, 51.386138613861384, 94.09368635437882, 18.04932735426009, 65.76200417536535, 0.0, 0.7186858316221766, 1.5857284440039643], [97.14285714285714, 97.09251101321586, 80.52325581395348, 63.26732673267327, 79.32790224032587, 37.89237668161435, 75.26096033402922, 1.7509727626459144, 18.480492813141684, 36.174430128840434], [92.34693877551021, 96.2114537444934, 86.04651162790698, 73.86138613861387, 63.44195519348269, 64.34977578475336, 64.92693110647181, 29.474708171206224, 37.474332648870636, 61.54608523290386], [92.95918367346938, 95.94713656387665, 81.68604651162791, 63.663366336633665, 67.31160896130346, 82.73542600896862, 81.3152400835073, 71.01167315175097, 35.728952772073924, 66.89791873141725], [94.28571428571429, 92.59911894273128, 63.565891472868216, 70.0, 73.21792260692465, 73.65470852017937, 87.36951983298539, 82.78210116731518, 82.34086242299794, 57.28444003964321], [93.36734693877551, 94.09691629955947, 68.12015503875969, 68.81188118811882, 36.76171079429735, 78.02690582959642, 93.21503131524008, 51.36186770428016, 67.45379876796714, 94.05351833498513], [91.12244897959184, 96.38766519823788, 65.21317829457364, 69.4059405940594, 88.79837067209776, 86.32286995515695, 91.54488517745303, 85.40856031128405, 66.4271047227926, 54.80673934588702], [96.12244897959184, 96.12334801762114, 74.90310077519379, 72.37623762376238, 76.17107942973523, 87.21973094170404, 87.99582463465553, 87.7431906614786, 72.99794661190965, 78.39444995044599], [94.08163265306122, 95.41850220264317, 75.29069767441861, 83.36633663366337, 77.69857433808554, 79.5964125560538, 89.03966597077245, 84.43579766536965, 82.4435318275154, 80.87215064420218], [95.20408163265306, 96.74008810572687, 72.28682170542636, 85.44554455445545, 75.76374745417515, 79.03587443946188, 91.64926931106471, 83.56031128404669, 78.43942505133471, 88.70168483647176], [95.81632653061224, 95.68281938325991, 73.64341085271317, 83.96039603960396, 82.68839103869654, 82.51121076233184, 91.54488517745303, 89.2023346303502, 82.75154004106776, 84.34093161546085], [97.44897959183673, 97.3568281938326, 75.96899224806202, 80.6930693069307, 96.33401221995926, 82.95964125560538, 90.81419624217119, 87.35408560311284, 82.85420944558521, 69.77205153617443], [96.22448979591837, 97.79735682819383, 74.51550387596899, 80.99009900990099, 87.06720977596741, 87.21973094170404, 90.91858037578288, 86.96498054474708, 76.38603696098562, 86.9177403369673], [95.91836734693878, 96.56387665198238, 83.43023255813954, 86.83168316831683, 86.35437881873727, 85.20179372197309, 91.33611691022965, 87.7431906614786, 78.85010266940452, 87.21506442021804], [96.83673469387755, 96.47577092511013, 76.55038759689923, 86.63366336633663, 93.68635437881873, 82.39910313901345, 93.1106471816284, 88.03501945525292, 86.24229979466119, 81.86323092170466], [96.3265306122449, 96.82819383259911, 87.5, 87.32673267326733, 88.69653767820773, 82.17488789237669, 94.258872651357, 86.7704280155642, 80.69815195071868, 87.31417244796829], [96.22448979591837, 98.50220264317181, 75.48449612403101, 88.21782178217822, 87.57637474541751, 86.88340807174887, 93.42379958246346, 89.39688715953308, 80.9034907597536, 88.89990089197225], [97.34693877551021, 97.3568281938326, 82.46124031007751, 89.5049504950495, 89.81670061099797, 83.07174887892377, 94.78079331941545, 88.91050583657588, 81.82751540041068, 89.29633300297324], [97.34693877551021, 97.79735682819383, 89.24418604651163, 87.92079207920793, 90.83503054989816, 86.43497757847534, 93.84133611691023, 89.6887159533074, 79.87679671457906, 85.82755203171457], [96.53061224489795, 98.06167400881057, 61.531007751937985, 92.17821782178218, 89.71486761710794, 83.74439461883408, 91.9624217118998, 88.42412451361868, 82.03285420944559, 91.47670961347869], [97.44897959183673, 97.00440528634361, 86.43410852713178, 85.74257425742574, 92.56619144602851, 83.85650224215247, 94.05010438413362, 88.32684824902724, 89.01437371663245, 88.89990089197225], [96.93877551020408, 98.14977973568281, 62.6937984496124, 88.91089108910892, 89.91853360488798, 85.87443946188341, 91.54488517745303, 89.10505836575875, 85.52361396303901, 91.37760158572844], [97.95918367346938, 97.79735682819383, 82.65503875968992, 88.41584158415841, 94.39918533604887, 85.53811659192826, 93.31941544885177, 88.81322957198444, 85.62628336755647, 87.61149653121903], [97.85714285714286, 97.18061674008811, 89.53488372093024, 89.9009900990099, 93.48268839103869, 86.7713004484305, 93.42379958246346, 90.6614785992218, 86.34496919917865, 86.9177403369673], [97.04081632653062, 98.14977973568281, 73.54651162790698, 91.2871287128713, 90.22403258655804, 86.99551569506727, 92.90187891440502, 90.46692607003891, 83.5728952772074, 91.67492566897918], [97.24489795918367, 97.97356828193833, 90.31007751937985, 90.1980198019802, 93.9918533604888, 86.65919282511211, 94.1544885177453, 90.07782101167315, 85.62628336755647, 89.197224975223], [97.34693877551021, 97.70925110132158, 91.27906976744185, 86.33663366336634, 94.80651731160896, 90.91928251121077, 94.36325678496868, 89.10505836575875, 83.47022587268994, 86.9177403369673]],