{"config": {"DATASET": "mnist", "TOTAL_CLIENTS": 100, "CLIENT_FRAC": 0.1, "POISON_FRAC": 0.4, "CREATE_DATASET": true, "RANDOM_DATA": true, "CLASS_RATIO": 10, "MODEL": "nnet", "LEARNING_RATE": 0.001, "BATCH_SIZE": 32, "LOCAL_EPOCHS": 10, "OPTIMIZER": "adam", "FED_ROUNDS": 30, "TEST_EVERY": 1, "RANDOM_PROCESS": false, "COS_DEFENCE": false, "SEL_METHOD": 1, "REDUCE_LR": 1, "COLLAB_MODE": true, "COLLAB_ALL": true, "CONSIDER_LAYERS": "l1", "GRAD_AGG": true, "FEATURE_FINDING_ALGO": "auror", "GRAD_COLLECTION_START": 0, "GRAD_COLLECT_FOR": -1, "CLUSTER_SEP": 0.005, "ALPHA": 0.8, "BETA": 0.8, "GAMMA": 0.1, "TRUST_INC": 2, "TRUST_CUT_METHOD": 1, "HONEST_PARDON_FACTOR": 0.7, "LOG_LEVEL": "INFO", "JSON_RESULTS": true}, "mean_poison_class_acc": 54.73837209302326, "mean_attack_srate": 3.8905038759689923, "total_accuracies": [49.92, 70.81, 79.73, 80.22, 86.63, 87.23, 89.19, 90.3, 90.17, 91.67, 88.83, 90.64, 91.34, 92.76, 85.5, 92.18, 89.66, 94.18, 85.28, 94.18, 93.1, 85.22, 93.07, 88.4, 94.56, 85.81, 94.11, 91.2, 94.67, 86.71], "class_accuracies": [[99.38775510204081, 99.11894273127753, 0.0, 23.366336633663366, 37.169042769857434, 30.15695067264574, 38.83089770354906, 76.55642023346303, 54.0041067761807, 33.49851337958375], [96.63265306122449, 98.76651982378854, 0.0, 86.73267326732673, 92.66802443991854, 77.80269058295964, 87.05636743215031, 82.97665369649805, 51.12936344969199, 34.489593657086225], [96.42857142857143, 97.62114537444934, 19.573643410852714, 84.55445544554455, 88.18737270875764, 82.62331838565022, 91.12734864300626, 86.7704280155642, 69.40451745379877, 81.26858275520317], [95.3061224489796, 97.5330396475771, 8.13953488372093, 87.32673267326733, 90.63136456211812, 79.5964125560538, 95.19832985386222, 86.96498054474708, 79.15811088295688, 83.05252725470763], [96.53061224489795, 97.09251101321586, 57.65503875968992, 88.01980198019803, 94.09368635437882, 85.65022421524664, 93.21503131524008, 88.91050583657588, 84.59958932238193, 80.47571853320119], [97.04081632653062, 97.88546255506608, 58.81782945736434, 89.70297029702971, 92.66802443991854, 84.19282511210763, 95.19832985386222, 89.49416342412451, 81.00616016427105, 85.82755203171457], [96.93877551020408, 97.79735682819383, 78.58527131782945, 89.3069306930693, 96.63951120162933, 86.43497757847534, 94.05010438413362, 90.07782101167315, 81.21149897330595, 80.0792864222002], [97.55102040816327, 97.26872246696036, 82.65503875968992, 90.79207920792079, 94.60285132382892, 88.45291479820628, 92.37995824634656, 91.73151750972762, 81.21149897330595, 85.53022794846383], [97.55102040816327, 97.44493392070484, 72.96511627906976, 89.70297029702971, 94.90835030549898, 88.56502242152466, 95.72025052192066, 91.24513618677042, 84.59958932238193, 88.70168483647176], [97.65306122448979, 97.5330396475771, 85.36821705426357, 90.5940594059406, 95.010183299389, 87.21973094170404, 96.34655532359082, 92.80155642023347, 86.652977412731, 86.7195242814668], [97.85714285714286, 97.97356828193833, 54.748062015503876, 93.76237623762377, 91.5478615071283, 91.14349775784753, 93.52818371607516, 89.98054474708171, 84.39425051334702, 93.65708622398414], [98.06122448979592, 98.06167400881057, 65.50387596899225, 93.06930693069307, 95.72301425661914, 90.35874439461884, 95.51148225469728, 93.8715953307393, 86.75564681724846, 89.49454905847374], [97.34693877551021, 97.5330396475771, 71.80232558139535, 93.36633663366337, 96.13034623217922, 88.56502242152466, 96.86847599164926, 91.53696498054475, 89.3223819301848, 90.78295341922696], [98.36734693877551, 98.41409691629956, 84.01162790697674, 95.04950495049505, 95.010183299389, 88.00448430493273, 95.92901878914405, 94.74708171206225, 86.55030800821355, 90.58473736372646], [97.65306122448979, 98.32599118942731, 10.852713178294573, 93.76237623762377, 96.84317718940937, 92.60089686098655, 95.19832985386222, 94.06614785992218, 85.83162217659138, 91.77403369672943], [98.26530612244898, 98.06167400881057, 71.31782945736434, 93.86138613861387, 95.11201629327903, 94.17040358744394, 95.09394572025052, 94.45525291828794, 89.73305954825462, 91.97224975222993], [97.44897959183673, 98.6784140969163, 50.58139534883721, 93.06930693069307, 96.33401221995926, 93.27354260089686, 96.45093945720251, 93.28793774319067, 87.47433264887064, 90.78295341922696], [98.46938775510205, 97.79735682819383, 89.72868217054264, 94.75247524752476, 95.31568228105907, 93.27354260089686, 95.4070981210856, 92.21789883268482, 93.01848049281314, 91.57581764122894], [97.85714285714286, 98.50220264317181, 3.5852713178294575, 93.26732673267327, 95.11201629327903, 95.62780269058295, 95.61586638830897, 92.99610894941634, 91.27310061601642, 91.57581764122894], [98.26530612244898, 97.70925110132158, 90.01937984496124, 94.75247524752476, 96.02851323828921, 94.28251121076234, 95.92901878914405, 92.99610894941634, 92.50513347022587, 89.197224975223], [98.36734693877551, 97.88546255506608, 78.58527131782945, 93.76237623762377, 95.51934826883911, 94.17040358744394, 96.13778705636743, 92.21789883268482, 94.96919917864476, 89.69276511397423], [97.34693877551021, 98.06167400881057, 0.29069767441860467, 94.95049504950495, 96.5376782077393, 93.27354260089686, 94.88517745302714, 94.16342412451363, 91.88911704312115, 93.26065411298315], [97.24489795918367, 98.41409691629956, 74.12790697674419, 94.05940594059406, 96.94501018329939, 94.5067264573991, 96.45093945720251, 95.8171206225681, 94.04517453798768, 89.39544103072349], [98.46938775510205, 98.06167400881057, 28.100775193798448, 95.24752475247524, 97.45417515274949, 94.5067264573991, 95.82463465553236, 93.96887159533074, 94.14784394250513, 90.08919722497522], [98.26530612244898, 98.6784140969163, 89.72868217054264, 93.76237623762377, 95.92668024439918, 95.17937219730942, 96.03340292275574, 95.3307392996109, 90.96509240246407, 91.47670961347869], [98.26530612244898, 98.76651982378854, 2.5193798449612403, 95.04950495049505, 96.74134419551935, 94.17040358744394, 96.24217118997912, 95.42801556420234, 92.09445585215606, 91.2784935579782], [98.16326530612245, 98.41409691629956, 80.42635658914729, 96.03960396039604, 95.92668024439918, 93.94618834080717, 96.86847599164926, 94.64980544747081, 93.32648870636551, 93.3597621407334], [98.16326530612245, 98.6784140969163, 53.39147286821706, 96.13861386138613, 96.63951120162933, 94.84304932735427, 95.92901878914405, 94.8443579766537, 93.94250513347022, 90.38652130822597], [98.46938775510205, 98.94273127753304, 86.7248062015504, 93.86138613861387, 95.62118126272912, 95.2914798206278, 96.97286012526096, 95.62256809338521, 92.19712525667352, 92.86422200198216], [97.85714285714286, 98.41409691629956, 8.720930232558139, 94.75247524752476, 96.13034623217922, 95.06726457399103, 95.82463465553236, 95.91439688715953, 93.53182751540041, 93.26065411298315]],