{"config": {"DATASET": "mnist", "TOTAL_CLIENTS": 100, "CLIENT_FRAC": 0.1, "POISON_FRAC": 0.1, "CREATE_DATASET": true, "CLASS_RATIO": 10, "MODEL": "nnet", "LEARNING_RATE": 0.001, "BATCH_SIZE": 32, "LOCAL_EPOCHS": 3, "OPTIMIZER": "adam", "FED_ROUNDS": 30, "TEST_EVERY": 1, "RANDOM": true, "COS_DEFENCE": true, "SEL_METHOD": 1, "REDUCE_LR": 1, "COLLAB_MODE": true, "COLLAB_ALL": true, "CONSIDER_LAYERS": "l1", "GRAD_AGG": true, "FEATURE_FINDING_ALGO": "auror_plus", "GRAD_COLLECTION_START": 0, "GRAD_COLLECT_FOR": -1, "CLUSTER_SEP": 1.0, "ALPHA": 0.7, "BETA": 0.7, "GAMMA": 0.1, "TRUST_INC": 2, "TRUST_CUT_METHOD": 2, "HONEST_PARDON_FACTOR": 0.99, "LOG_LEVEL": "INFO", "JSON_RESULTS": true}, "mean_poison_class_acc": 80.10658914728683, "mean_attack_srate": 3.2655038759689914, "total_accuracies": [10.17, 33.05, 52.28, 49.8, 62.86, 68.18, 74.0, 75.56, 78.7, 81.96, 81.01, 82.29, 85.96, 85.24, 86.99, 87.97, 87.55, 88.05, 88.33, 89.45, 86.88, 89.49, 90.67, 88.85, 90.71, 90.55, 90.13, 91.52, 89.42, 91.78], "class_accuracies": [[0.0, 0.0, 0.1937984496124031, 100.0, 0.0, 0.0, 0.0, 0.0, 0.0, 0.49554013875123887], [99.6938775510204, 98.76651982378854, 2.810077519379845, 40.2970297029703, 0.0, 0.0, 1.5657620041753653, 0.0, 0.0, 74.92566897918731], [97.95918367346938, 98.8546255506608, 72.57751937984496, 62.772277227722775, 81.87372708757637, 6.165919282511211, 21.711899791231733, 66.82879377431907, 0.0, 0.8919722497522299], [94.48979591836735, 94.44933920704845, 48.64341085271318, 91.68316831683168, 99.18533604887983, 8.183856502242152, 47.494780793319414, 5.058365758754864, 0.0, 0.0], [95.10204081632654, 98.6784140969163, 53.48837209302326, 70.6930693069307, 89.30753564154786, 76.5695067264574, 82.4634655532359, 42.12062256809339, 0.0, 18.334985133795836], [97.95918367346938, 98.41409691629956, 79.45736434108527, 88.91089108910892, 82.4847250509165, 38.00448430493274, 80.1670146137787, 69.16342412451363, 0.1026694045174538, 39.04856293359762], [94.89795918367346, 98.6784140969163, 78.77906976744185, 80.0, 63.13645621181263, 66.4798206278027, 92.69311064718163, 73.83268482490273, 9.137577002053389, 77.30426164519326], [97.75510204081633, 98.41409691629956, 70.34883720930233, 79.60396039603961, 93.07535641547861, 65.13452914798206, 90.39665970772442, 79.1828793774319, 61.08829568788501, 17.938553022794846], [96.83673469387755, 97.88546255506608, 80.23255813953489, 89.4059405940594, 62.016293279022406, 65.91928251121077, 89.5615866388309, 77.43190661478599, 36.34496919917864, 86.62041625371656], [98.57142857142857, 98.14977973568281, 70.34883720930233, 80.0, 68.83910386965377, 77.57847533632287, 89.03966597077245, 87.2568093385214, 64.37371663244353, 82.95341922695738], [97.34693877551021, 98.76651982378854, 75.48449612403101, 88.91089108910892, 58.65580448065173, 66.3677130044843, 92.17118997912317, 82.19844357976653, 55.544147843942504, 90.38652130822597], [96.42857142857143, 97.3568281938326, 70.63953488372093, 79.5049504950495, 93.27902240325865, 83.18385650224215, 93.31941544885177, 82.58754863813229, 71.35523613963039, 54.60852329038652], [96.93877551020408, 97.70925110132158, 80.13565891472868, 87.42574257425743, 78.30957230142566, 79.93273542600897, 93.94572025052192, 82.58754863813229, 74.74332648870636, 86.02576808721507], [96.93877551020408, 97.79735682819383, 84.88372093023256, 78.51485148514851, 94.19551934826885, 88.11659192825113, 91.9624217118998, 87.84046692607004, 70.94455852156058, 60.35678889990089], [96.83673469387755, 96.29955947136564, 80.13565891472868, 82.77227722772277, 93.38085539714868, 82.62331838565022, 93.63256784968685, 86.86770428015564, 80.9034907597536, 75.52031714568881], [97.95918367346938, 96.91629955947137, 83.23643410852713, 86.73267326732673, 85.4378818737271, 81.05381165919283, 91.54488517745303, 89.49416342412451, 79.05544147843942, 86.52130822596631], [97.65306122448979, 97.79735682819383, 79.06976744186046, 91.78217821782178, 86.0488798370672, 81.50224215246637, 92.69311064718163, 86.18677042801556, 74.12731006160165, 86.9177403369673], [97.75510204081633, 96.65198237885463, 78.39147286821705, 87.32673267326733, 86.25254582484725, 81.61434977578476, 93.52818371607516, 87.45136186770428, 79.26078028747433, 90.8820614469772], [97.75510204081633, 96.82819383259911, 76.84108527131782, 87.52475247524752, 87.06720977596741, 83.29596412556054, 93.21503131524008, 88.81322957198444, 80.59548254620123, 90.18830525272547], [97.04081632653062, 96.47577092511013, 88.56589147286822, 87.02970297029702, 88.59470468431772, 83.29596412556054, 93.42379958246346, 86.08949416342412, 82.4435318275154, 90.18830525272547], [97.44897959183673, 97.79735682819383, 64.43798449612403, 88.11881188118812, 87.67820773930754, 85.65022421524664, 93.63256784968685, 83.26848249027238, 78.54209445585215, 91.67492566897918], [97.55102040816327, 97.5330396475771, 82.17054263565892, 89.8019801980198, 86.65987780040733, 84.64125560538116, 93.73695198329854, 89.59143968871595, 80.18480492813141, 91.67492566897918], [97.14285714285714, 97.18061674008811, 89.82558139534883, 90.29702970297029, 89.40936863543789, 84.30493273542601, 93.73695198329854, 90.36964980544747, 84.59958932238193, 88.40436075322101], [97.55102040816327, 97.26872246696036, 74.32170542635659, 89.20792079207921, 90.52953156822811, 86.7713004484305, 94.05010438413362, 86.47859922178988, 80.59548254620123, 91.0802775024777], [97.04081632653062, 96.74008810572687, 87.98449612403101, 88.01980198019803, 88.90020366598777, 86.54708520179372, 93.1106471816284, 88.715953307393, 88.19301848049281, 90.8820614469772], [97.44897959183673, 97.79735682819383, 85.07751937984496, 88.51485148514851, 95.62118126272912, 88.56502242152466, 93.31941544885177, 89.29961089494164, 82.4435318275154, 86.62041625371656], [97.75510204081633, 97.70925110132158, 79.84496124031008, 90.0, 90.42769857433808, 90.24663677130044, 93.31941544885177, 89.78599221789884, 80.39014373716633, 91.17938553022795], [97.24489795918367, 97.97356828193833, 89.92248062015504, 90.5940594059406, 92.56619144602851, 85.87443946188341, 94.46764091858037, 88.2295719844358, 86.13963039014374, 90.98116947472745], [97.75510204081633, 98.06167400881057, 65.60077519379846, 93.76237623762377, 93.07535641547861, 89.12556053811659, 93.84133611691023, 88.52140077821012, 84.90759753593429, 89.39544103072349], [97.65306122448979, 97.5330396475771, 85.56201550387597, 93.06930693069307, 92.4643584521385, 88.2286995515695, 93.52818371607516, 90.46692607003891, 87.47433264887064, 90.98116947472745]],