{"config": {"DATASET": "mnist", "TOTAL_CLIENTS": 100, "CLIENT_FRAC": 0.2, "POISON_FRAC": 0.4, "CREATE_DATASET": false, "RANDOM_DATA": true, "CLASS_RATIO": 10, "MODEL": "nnet", "LEARNING_RATE": 0.001, "BATCH_SIZE": 32, "LOCAL_EPOCHS": 10, "OPTIMIZER": "adam", "FED_ROUNDS": 30, "TEST_EVERY": 1, "RANDOM_PROCESS": false, "COS_DEFENCE": true, "SEL_METHOD": 1, "REDUCE_LR": 1, "COLLAB_MODE": true, "COLLAB_ALL": true, "CONSIDER_LAYERS": "l1", "GRAD_AGG": true, "FEATURE_FINDING_ALGO": "auror", "GRAD_COLLECTION_START": 0, "GRAD_COLLECT_FOR": -1, "CLUSTER_SEP": 0.005, "ALPHA": 0.8, "BETA": 0.8, "GAMMA": 0.1, "TRUST_INC": 2, "TRUST_CUT_METHOD": 1, "HONEST_PARDON_FACTOR": 0.7, "LOG_LEVEL": "INFO", "JSON_RESULTS": true}, "mean_poison_class_acc": 72.18217054263566, "mean_attack_srate": 3.2868217054263567, "total_accuracies": [44.99, 67.04, 74.84, 82.72, 85.71, 88.26, 88.3, 88.84, 89.86, 89.44, 90.54, 91.27, 91.92, 91.95, 91.72, 92.62, 92.97, 92.58, 91.34, 93.84, 93.86, 92.71, 92.51, 94.01, 89.53, 94.1, 94.86, 93.09, 90.12, 94.27], "class_accuracies": [[99.38775510204081, 97.3568281938326, 0.0, 51.18811881188119, 70.46843177189409, 18.161434977578477, 9.812108559498956, 27.042801556420233, 7.084188911704312, 60.257680872150644], [97.24489795918367, 98.94273127753304, 0.0, 88.91089108910892, 82.68839103869654, 71.52466367713005, 77.13987473903967, 87.35408560311284, 35.831622176591374, 29.137760158572846], [96.53061224489795, 98.8546255506608, 8.042635658914728, 90.39603960396039, 88.28920570264766, 65.80717488789237, 90.81419624217119, 91.92607003891051, 71.97125256673512, 44.5986124876115], [97.24489795918367, 97.88546255506608, 42.53875968992248, 87.42574257425743, 87.67820773930754, 85.76233183856502, 89.87473903966597, 89.98054474708171, 73.20328542094455, 75.42120911793856], [97.85714285714286, 97.44493392070484, 56.78294573643411, 88.7128712871287, 93.38085539714868, 81.83856502242152, 92.17118997912317, 92.12062256809338, 80.80082135523614, 75.32210109018831], [96.83673469387755, 97.97356828193833, 72.38372093023256, 89.60396039603961, 93.27902240325865, 82.847533632287, 93.21503131524008, 90.36964980544747, 81.41683778234086, 83.54806739345887], [98.26530612244898, 97.26872246696036, 66.86046511627907, 91.2871287128713, 91.24236252545825, 86.99551569506727, 92.69311064718163, 89.59143968871595, 79.36344969199179, 88.89990089197225], [98.06122448979592, 97.18061674008811, 65.60077519379846, 90.0, 92.4643584521385, 87.5560538116592, 93.52818371607516, 90.07782101167315, 83.77823408624229, 89.89098116947473], [98.06122448979592, 97.44493392070484, 71.22093023255815, 92.97029702970298, 90.020366598778, 86.88340807174887, 93.63256784968685, 90.27237354085604, 84.39425051334702, 93.06243805748265], [98.16326530612245, 98.23788546255507, 65.11627906976744, 92.07920792079207, 92.9735234215886, 85.87443946188341, 94.98956158663883, 90.6614785992218, 87.47433264887064, 88.40436075322101], [97.34693877551021, 98.41409691629956, 70.83333333333333, 94.15841584158416, 92.76985743380855, 86.99551569506727, 95.72025052192066, 92.02334630350195, 85.1129363449692, 91.37760158572844], [97.95918367346938, 97.79735682819383, 75.29069767441861, 91.18811881188118, 94.5010183299389, 88.67713004484305, 95.82463465553236, 90.1750972762646, 91.17043121149898, 89.89098116947473], [98.77551020408163, 98.76651982378854, 78.68217054263566, 93.96039603960396, 93.27902240325865, 87.33183856502242, 95.4070981210856, 91.92607003891051, 89.01437371663245, 91.2784935579782], [98.46938775510205, 98.32599118942731, 75.09689922480621, 93.36633663366337, 94.09368635437882, 92.71300448430493, 95.61586638830897, 90.6614785992218, 90.65708418891171, 90.58473736372646], [97.44897959183673, 98.32599118942731, 71.12403100775194, 94.75247524752476, 94.70468431771894, 91.92825112107623, 95.19832985386222, 91.43968871595331, 90.4517453798768, 91.87314172447968], [97.75510204081633, 98.23788546255507, 78.10077519379846, 93.56435643564356, 93.07535641547861, 91.4798206278027, 96.24217118997912, 93.19066147859922, 91.06776180698152, 93.26065411298315], [98.16326530612245, 98.59030837004406, 80.13565891472868, 93.16831683168317, 93.38085539714868, 93.27354260089686, 96.03340292275574, 92.60700389105058, 90.55441478439425, 93.65708622398414], [98.06122448979592, 98.59030837004406, 75.29069767441861, 96.13861386138613, 94.39918533604887, 91.4798206278027, 96.34655532359082, 92.31517509727627, 89.73305954825462, 93.26065411298315], [97.65306122448979, 98.41409691629956, 62.98449612403101, 92.97029702970298, 94.70468431771894, 92.37668161434978, 96.34655532359082, 92.99610894941634, 91.47843942505133, 93.85530227948463], [98.57142857142857, 98.8546255506608, 86.04651162790698, 93.26732673267327, 94.19551934826885, 92.60089686098655, 96.65970772442589, 91.82879377431907, 92.29979466119096, 93.75619425173439], [98.36734693877551, 98.59030837004406, 82.55813953488372, 94.85148514851485, 93.58452138492872, 92.9372197309417, 96.34655532359082, 94.06614785992218, 93.1211498973306, 93.95441030723488], [98.26530612244898, 99.03083700440529, 74.03100775193798, 95.24752475247524, 94.60285132382892, 91.70403587443946, 96.76409185803757, 93.09338521400778, 90.55441478439425, 93.65708622398414], [98.06122448979592, 98.6784140969163, 68.7015503875969, 95.74257425742574, 95.72301425661914, 93.04932735426009, 96.76409185803757, 93.77431906614785, 91.78644763860369, 93.06243805748265], [98.26530612244898, 98.59030837004406, 82.36434108527132, 95.64356435643565, 93.89002036659878, 93.83408071748879, 96.65970772442589, 94.64980544747081, 93.01848049281314, 93.06243805748265], [98.26530612244898, 98.76651982378854, 37.98449612403101, 95.84158415841584, 95.21384928716904, 92.9372197309417, 96.76409185803757, 93.48249027237354, 93.83983572895278, 93.45887016848364], [98.6734693877551, 98.8546255506608, 82.84883720930233, 95.14851485148515, 96.23217922606925, 92.9372197309417, 96.65970772442589, 94.06614785992218, 91.58110882956879, 93.75619425173439], [98.46938775510205, 98.50220264317181, 88.17829457364341, 96.43564356435644, 95.11201629327903, 93.83408071748879, 97.07724425887265, 93.57976653696498, 93.1211498973306, 94.05351833498513], [98.16326530612245, 98.94273127753304, 71.60852713178295, 95.64356435643565, 96.33401221995926, 94.39461883408072, 97.28601252609603, 93.28793774319067, 91.9917864476386, 93.55797819623389], [98.36734693877551, 98.76651982378854, 41.08527131782946, 95.44554455445545, 95.51934826883911, 94.05829596412556, 96.5553235908142, 94.94163424124514, 93.1211498973306, 94.54905847373637], [98.77551020408163, 98.6784140969163, 80.42635658914729, 95.94059405940594, 96.02851323828921, 93.94618834080717, 96.45093945720251, 94.26070038910505, 94.04517453798768, 94.15262636273538]],