{"config": {"DATASET": "mnist", "TOTAL_CLIENTS": 100, "CLIENT_FRAC": 0.1, "POISON_FRAC": 0.1, "CREATE_DATASET": true, "RANDOM_DATA": true, "CLASS_RATIO": 10, "MODEL": "nnet", "LEARNING_RATE": 0.001, "BATCH_SIZE": 32, "LOCAL_EPOCHS": 3, "OPTIMIZER": "adam", "FED_ROUNDS": 30, "TEST_EVERY": 1, "RANDOM_PROCESS": true, "COS_DEFENCE": true, "SEL_METHOD": 1, "REDUCE_LR": 1, "COLLAB_MODE": true, "COLLAB_ALL": true, "CONSIDER_LAYERS": "f1l1", "GRAD_AGG": true, "FEATURE_FINDING_ALGO": "auror", "GRAD_COLLECTION_START": 0, "GRAD_COLLECT_FOR": -1, "CLUSTER_SEP": 0.005, "ALPHA": 0.8, "BETA": 0.8, "GAMMA": 0.1, "TRUST_INC": 2, "TRUST_CUT_METHOD": 2, "HONEST_PARDON_FACTOR": 0.99, "LOG_LEVEL": "INFO", "JSON_RESULTS": true}, "mean_poison_class_acc": 82.20445736434108, "mean_attack_srate": 2.994186046511628, "total_accuracies": [30.69, 38.45, 43.1, 56.1, 65.51, 72.75, 76.64, 80.53, 83.84, 83.68, 85.0, 86.15, 87.27, 87.19, 87.55, 88.31, 88.21, 88.85, 88.19, 89.47, 90.4, 89.22, 90.82, 90.69, 90.72, 91.07, 90.59, 91.77, 91.76, 91.41], "class_accuracies": [[85.61224489795919, 80.88105726872247, 15.116279069767442, 97.82178217821782, 16.4969450101833, 0.2242152466367713, 0.31315240083507306, 0.0, 0.0, 0.09910802775024777], [99.79591836734694, 99.03083700440529, 31.1046511627907, 26.138613861386137, 33.29938900203666, 0.0, 18.684759916492695, 60.11673151750973, 0.0, 3.3696729435084243], [94.18367346938776, 83.17180616740089, 5.426356589147287, 60.495049504950494, 0.0, 0.0, 97.28601252609603, 82.1011673151751, 0.0, 0.0], [97.04081632653062, 98.94273127753304, 84.39922480620154, 82.37623762376238, 21.079429735234214, 31.838565022421523, 62.63048016701461, 64.29961089494164, 0.0, 8.027750247770069], [98.36734693877551, 98.8546255506608, 54.457364341085274, 88.11881188118812, 86.25254582484725, 19.955156950672645, 91.7536534446764, 90.27237354085604, 17.761806981519506, 0.7928642220019821], [97.14285714285714, 98.59030837004406, 72.57751937984496, 78.7128712871287, 86.86354378818737, 77.57847533632287, 83.40292275574113, 89.00778210116732, 17.5564681724846, 22.794846382556987], [96.93877551020408, 98.14977973568281, 63.17829457364341, 91.58415841584159, 90.63136456211812, 56.39013452914798, 88.72651356993737, 87.84046692607004, 48.97330595482546, 39.64321110009911], [96.83673469387755, 96.91629955947137, 75.1937984496124, 82.67326732673267, 87.67820773930754, 79.26008968609865, 93.31941544885177, 91.92607003891051, 52.97741273100616, 46.58077304261645], [96.53061224489795, 94.97797356828194, 71.99612403100775, 80.5940594059406, 75.66191446028513, 75.7847533632287, 91.8580375782881, 87.06225680933852, 81.21149897330595, 81.07036669970267], [96.3265306122449, 96.74008810572687, 63.468992248062015, 81.58415841584159, 86.15071283095723, 80.60538116591928, 92.27557411273486, 83.852140077821, 75.97535934291581, 78.88999008919723], [95.51020408163265, 97.5330396475771, 75.87209302325581, 87.22772277227723, 91.14052953156823, 78.9237668161435, 93.73695198329854, 88.61867704280155, 73.51129363449692, 66.30327056491576], [96.12244897959184, 97.62114537444934, 77.32558139534883, 82.97029702970298, 84.41955193482688, 83.5201793721973, 94.258872651357, 87.35408560311284, 76.38603696098562, 80.2775024777007], [97.04081632653062, 97.44493392070484, 85.65891472868218, 82.67326732673267, 86.15071283095723, 79.93273542600897, 93.73695198329854, 86.57587548638132, 78.2340862422998, 83.44895936570862], [96.93877551020408, 97.97356828193833, 82.26744186046511, 83.76237623762377, 84.5213849287169, 84.19282511210763, 93.52818371607516, 85.50583657587549, 75.97535934291581, 85.82755203171457], [96.63265306122449, 97.97356828193833, 82.17054263565892, 84.75247524752476, 85.84521384928716, 79.93273542600897, 94.258872651357, 84.24124513618678, 78.74743326488706, 89.197224975223], [97.55102040816327, 97.5330396475771, 83.52713178294573, 86.33663366336634, 83.60488798370672, 83.96860986547085, 92.79749478079331, 90.46692607003891, 78.64476386036961, 87.1159563924678], [97.44897959183673, 97.3568281938326, 74.32170542635659, 88.41584158415841, 87.06720977596741, 83.96860986547085, 95.09394572025052, 89.6887159533074, 81.00616016427105, 86.7195242814668], [97.34693877551021, 96.82819383259911, 80.03875968992249, 91.08910891089108, 89.71486761710794, 84.30493273542601, 94.57202505219206, 90.95330739299611, 79.26078028747433, 83.25074331020812], [97.14285714285714, 96.82819383259911, 74.32170542635659, 83.16831683168317, 91.75152749490834, 83.07174887892377, 95.30271398747391, 84.43579766536965, 85.52361396303901, 89.69276511397423], [97.85714285714286, 97.70925110132158, 81.2984496124031, 85.44554455445545, 95.21384928716904, 87.33183856502242, 93.94572025052192, 89.10505836575875, 83.9835728952772, 82.1605550049554], [97.55102040816327, 97.09251101321586, 89.34108527131782, 87.82178217821782, 89.61303462321793, 84.52914798206278, 93.84133611691023, 89.59143968871595, 84.29158110882958, 88.9990089197225], [97.85714285714286, 97.62114537444934, 76.25968992248062, 86.03960396039604, 94.09368635437882, 89.68609865470852, 92.79749478079331, 88.42412451361868, 83.16221765913758, 85.92666005946482], [97.34693877551021, 97.44493392070484, 86.04651162790698, 90.99009900990099, 92.56619144602851, 83.5201793721973, 94.36325678496868, 90.85603112840467, 85.21560574948666, 88.50346878097126], [97.95918367346938, 97.62114537444934, 85.46511627906976, 87.52475247524752, 94.29735234215886, 86.21076233183857, 95.09394572025052, 88.61867704280155, 85.01026694045174, 88.20614469772052], [97.65306122448979, 97.26872246696036, 82.55813953488372, 87.32673267326733, 92.87169042769857, 86.21076233183857, 95.19832985386222, 88.715953307393, 89.52772073921972, 89.197224975223], [97.75510204081633, 96.82819383259911, 88.37209302325581, 86.03960396039604, 89.81670061099797, 89.79820627802691, 93.63256784968685, 88.91050583657588, 86.34496919917865, 92.56689791873141], [97.55102040816327, 96.91629955947137, 80.42635658914729, 87.62376237623762, 90.63136456211812, 89.34977578475336, 95.4070981210856, 89.00778210116732, 85.72895277207392, 92.86422200198216], [97.75510204081633, 96.82819383259911, 89.14728682170542, 90.4950495049505, 91.44602851323829, 88.45291479820628, 94.46764091858037, 89.00778210116732, 88.91170431211499, 90.48562933597621], [97.55102040816327, 97.62114537444934, 88.46899224806202, 87.92079207920793, 93.58452138492872, 90.02242152466367, 95.30271398747391, 89.78599221789884, 87.67967145790554, 89.09811694747275], [97.34693877551021, 97.26872246696036, 81.2015503875969, 90.99009900990099, 92.56619144602851, 88.67713004484305, 95.92901878914405, 92.41245136186771, 87.26899383983573, 89.89098116947473]],