{"config": {"DATASET": "mnist", "TOTAL_CLIENTS": 100, "CLIENT_FRAC": 0.1, "POISON_FRAC": 0.1, "CREATE_DATASET": true, "RANDOM_DATA": true, "CLASS_RATIO": 10, "MODEL": "nnet", "LEARNING_RATE": 0.001, "BATCH_SIZE": 32, "LOCAL_EPOCHS": 10, "OPTIMIZER": "adam", "FED_ROUNDS": 30, "TEST_EVERY": 1, "RANDOM_PROCESS": false, "COS_DEFENCE": false, "SEL_METHOD": 1, "REDUCE_LR": 1, "COLLAB_MODE": true, "COLLAB_ALL": true, "CONSIDER_LAYERS": "l1", "GRAD_AGG": true, "FEATURE_FINDING_ALGO": "auror", "GRAD_COLLECTION_START": 0, "GRAD_COLLECT_FOR": -1, "CLUSTER_SEP": 0.005, "ALPHA": 0.8, "BETA": 0.8, "GAMMA": 0.1, "TRUST_INC": 2, "TRUST_CUT_METHOD": 1, "HONEST_PARDON_FACTOR": 0.7, "LOG_LEVEL": "INFO", "JSON_RESULTS": true}, "mean_poison_class_acc": 85.94961240310079, "mean_attack_srate": 3.081395348837209, "total_accuracies": [43.86, 76.46, 85.67, 85.51, 88.74, 90.2, 89.98, 90.22, 92.1, 91.91, 89.92, 93.32, 93.07, 93.06, 93.27, 90.64, 94.1, 94.23, 93.84, 94.7, 94.15, 94.48, 94.68, 95.13, 94.09, 94.98, 93.52, 94.72, 94.9, 95.22], "class_accuracies": [[99.08163265306122, 99.47136563876651, 0.872093023255814, 19.900990099009903, 15.173116089613035, 16.47982062780269, 48.53862212943633, 81.6147859922179, 48.15195071868583, 0.6937561942517344], [96.83673469387755, 97.26872246696036, 64.63178294573643, 76.73267326732673, 94.09368635437882, 79.14798206278027, 91.33611691022965, 83.36575875486382, 65.29774127310061, 15.163528245787909], [96.73469387755102, 97.5330396475771, 75.96899224806202, 82.87128712871286, 87.57637474541751, 81.16591928251121, 91.7536534446764, 86.57587548638132, 74.12731006160165, 80.87215064420218], [95.20408163265306, 97.09251101321586, 60.46511627906977, 86.73267326732673, 93.48268839103869, 79.37219730941705, 95.09394572025052, 88.91050583657588, 79.56878850102669, 78.29534192269574], [97.04081632653062, 96.2114537444934, 78.87596899224806, 84.55445544554455, 94.29735234215886, 83.6322869955157, 93.73695198329854, 89.00778210116732, 86.75564681724846, 82.55698711595639], [96.93877551020408, 98.32599118942731, 87.40310077519379, 89.00990099009901, 91.64969450101833, 83.96860986547085, 94.98956158663883, 90.56420233463035, 80.80082135523614, 86.81863230921705], [97.44897959183673, 97.88546255506608, 80.42635658914729, 89.60396039603961, 95.82484725050917, 86.21076233183857, 93.94572025052192, 90.1750972762646, 81.82751540041068, 85.53022794846383], [97.75510204081633, 96.82819383259911, 77.13178294573643, 90.29702970297029, 93.9918533604888, 90.24663677130044, 91.8580375782881, 90.07782101167315, 83.67556468172485, 89.99008919722498], [97.14285714285714, 97.18061674008811, 90.79457364341086, 88.7128712871287, 95.31568228105907, 89.46188340807174, 95.92901878914405, 92.60700389105058, 85.01026694045174, 88.10703666997027], [97.75510204081633, 97.3568281938326, 83.04263565891473, 87.82178217821782, 94.80651731160896, 89.46188340807174, 96.65970772442589, 93.28793774319067, 88.70636550308008, 89.79187314172448], [98.06122448979592, 97.44493392070484, 67.24806201550388, 93.66336633663366, 90.93686354378819, 91.25560538116592, 91.64926931106471, 88.61867704280155, 85.93429158110882, 94.35084241823587], [97.65306122448979, 97.44493392070484, 93.31395348837209, 91.68316831683168, 95.21384928716904, 91.03139013452915, 94.88517745302714, 92.8988326848249, 88.80903490759754, 89.59365708622398], [97.95918367346938, 97.97356828193833, 86.14341085271317, 92.77227722772277, 95.31568228105907, 90.24663677130044, 95.92901878914405, 93.77431906614785, 88.60369609856262, 91.37760158572844], [98.26530612244898, 98.59030837004406, 87.40310077519379, 95.64356435643565, 95.010183299389, 84.97757847533633, 96.13778705636743, 93.77431906614785, 87.67967145790554, 91.77403369672943], [98.26530612244898, 98.6784140969163, 85.46511627906976, 92.67326732673267, 96.74134419551935, 92.60089686098655, 94.1544885177453, 93.57976653696498, 88.50102669404518, 91.57581764122894], [98.16326530612245, 97.70925110132158, 57.751937984496124, 93.66336633663366, 95.51934826883911, 94.05829596412556, 92.90187891440502, 93.77431906614785, 91.17043121149898, 92.36868186323092], [97.44897959183673, 99.03083700440529, 94.0891472868217, 93.96039603960396, 94.29735234215886, 92.60089686098655, 96.97286012526096, 91.82879377431907, 87.88501026694045, 92.17046580773042], [98.16326530612245, 97.79735682819383, 88.66279069767442, 95.14851485148515, 94.09368635437882, 92.9372197309417, 94.78079331941545, 92.80155642023347, 93.32648870636551, 94.25173439048562], [98.26530612244898, 98.59030837004406, 86.04651162790698, 92.67326732673267, 94.5010183299389, 95.06726457399103, 94.57202505219206, 92.50972762645914, 92.50513347022587, 93.55797819623389], [97.95918367346938, 98.06167400881057, 94.28294573643412, 94.55445544554455, 95.62118126272912, 92.71300448430493, 96.5553235908142, 92.31517509727627, 92.91581108829568, 91.57581764122894], [98.57142857142857, 98.41409691629956, 88.46899224806202, 93.06930693069307, 94.09368635437882, 91.81614349775785, 95.92901878914405, 92.50972762645914, 95.48254620123203, 92.76511397423191], [97.75510204081633, 98.50220264317181, 88.56589147286822, 95.14851485148515, 96.33401221995926, 92.152466367713, 95.30271398747391, 94.64980544747081, 92.19712525667352, 93.65708622398414], [97.24489795918367, 98.94273127753304, 89.92248062015504, 93.46534653465346, 95.92668024439918, 94.17040358744394, 96.13778705636743, 95.23346303501945, 93.42915811088295, 91.97224975222993], [98.36734693877551, 98.50220264317181, 94.37984496124031, 95.54455445544555, 96.5376782077393, 91.70403587443946, 95.82463465553236, 93.28793774319067, 94.55852156057495, 91.97224975222993], [98.16326530612245, 98.94273127753304, 81.4922480620155, 94.95049504950495, 95.51934826883911, 95.51569506726457, 95.09394572025052, 95.3307392996109, 91.78644763860369, 94.05351833498513], [98.36734693877551, 98.6784140969163, 90.69767441860465, 95.04950495049505, 96.33401221995926, 92.71300448430493, 96.13778705636743, 94.26070038910505, 93.94250513347022, 93.1615460852329], [97.85714285714286, 98.59030837004406, 75.09689922480621, 95.54455445544555, 95.72301425661914, 92.60089686098655, 95.30271398747391, 94.94163424124514, 94.55852156057495, 94.94549058473736], [98.46938775510205, 99.11894273127753, 87.1124031007752, 96.03960396039604, 96.02851323828921, 93.83408071748879, 94.78079331941545, 95.03891050583658, 94.04517453798768, 92.36868186323092], [98.46938775510205, 99.03083700440529, 89.24418604651163, 94.15841584158416, 95.31568228105907, 94.61883408071749, 96.24217118997912, 95.8171206225681, 91.88911704312115, 93.85530227948463], [98.36734693877551, 98.6784140969163, 93.6046511627907, 95.04950495049505, 93.9918533604888, 93.72197309417041, 94.05010438413362, 95.3307392996109, 94.35318275154005, 94.44995044598612]],