{"config": {"DATASET": "mnist", "TOTAL_CLIENTS": 100, "CLIENT_FRAC": 0.1, "POISON_FRAC": 0.1, "CREATE_DATASET": true, "RANDOM_DATA": true, "CLASS_RATIO": 10, "MODEL": "nnet", "LEARNING_RATE": 0.001, "BATCH_SIZE": 32, "LOCAL_EPOCHS": 3, "OPTIMIZER": "adam", "FED_ROUNDS": 30, "TEST_EVERY": 1, "RANDOM_PROCESS": true, "COS_DEFENCE": true, "SEL_METHOD": 1, "REDUCE_LR": 1, "COLLAB_MODE": true, "COLLAB_ALL": true, "CONSIDER_LAYERS": "l2", "GRAD_AGG": true, "FEATURE_FINDING_ALGO": "auror", "GRAD_COLLECTION_START": 0, "GRAD_COLLECT_FOR": -1, "CLUSTER_SEP": 0.01, "ALPHA": 0.8, "BETA": 0.8, "GAMMA": 0.1, "TRUST_INC": 2, "TRUST_CUT_METHOD": 2, "HONEST_PARDON_FACTOR": 0.99, "LOG_LEVEL": "INFO", "JSON_RESULTS": true}, "mean_poison_class_acc": 84.72383720930233, "mean_attack_srate": 3.280038759689922, "total_accuracies": [26.56, 28.02, 47.67, 55.64, 64.68, 72.22, 77.99, 82.07, 83.76, 84.25, 85.33, 86.44, 85.94, 87.95, 88.02, 88.22, 88.95, 88.52, 89.96, 89.96, 90.77, 90.79, 90.45, 91.27, 91.46, 91.65, 90.65, 92.08, 92.08, 92.1], "class_accuracies": [[66.0204081632653, 99.91189427312776, 2.0348837209302326, 0.0, 3.258655804480652, 0.0, 0.0, 17.217898832684824, 66.22176591375771, 0.0], [95.51020408163265, 99.29515418502203, 7.461240310077519, 0.0, 18.83910386965377, 53.026905829596416, 0.4175365344467641, 0.0, 0.0, 0.0], [96.53061224489795, 99.38325991189427, 73.93410852713178, 69.9009900990099, 0.3054989816700611, 0.0, 50.73068893528184, 71.49805447470817, 0.0, 0.0], [97.55102040816327, 99.47136563876651, 60.07751937984496, 29.900990099009903, 88.79837067209776, 44.17040358744394, 53.65344467640919, 12.54863813229572, 59.24024640657084, 7.0366699702675914], [96.22448979591837, 98.76651982378854, 29.748062015503876, 95.14851485148515, 56.313645621181266, 1.5695067264573992, 87.47390396659708, 78.6964980544747, 15.503080082135524, 76.41228939544104], [98.26530612244898, 98.06167400881057, 77.61627906976744, 83.66336633663366, 88.08553971486762, 30.94170403587444, 82.6722338204593, 89.78599221789884, 53.08008213552361, 12.586719524281467], [96.22448979591837, 98.14977973568281, 68.02325581395348, 82.67326732673267, 93.89002036659878, 63.67713004484305, 89.97912317327766, 71.88715953307393, 70.53388090349075, 42.319127849355795], [96.3265306122449, 97.62114537444934, 80.62015503875969, 78.31683168316832, 85.74338085539715, 79.37219730941705, 89.5615866388309, 76.75097276264592, 64.06570841889118, 70.46580773042616], [96.63265306122449, 95.06607929515418, 74.12790697674419, 81.68316831683168, 78.71690427698574, 73.54260089686099, 91.23173277661796, 83.46303501945525, 81.41683778234086, 79.8810703666997], [96.53061224489795, 95.85903083700441, 75.0, 72.27722772277228, 77.39307535641548, 85.65022421524664, 91.12734864300626, 84.14396887159533, 77.82340862422998, 85.92666005946482], [98.06122448979592, 97.00440528634361, 79.06976744186046, 83.76237623762377, 79.32790224032587, 73.87892376681614, 92.69311064718163, 86.47859922178988, 73.40862422997947, 87.1159563924678], [96.53061224489795, 96.65198237885463, 82.84883720930233, 85.24752475247524, 80.5498981670061, 78.1390134529148, 90.08350730688936, 82.97665369649805, 82.23819301848049, 87.21506442021804], [97.55102040816327, 94.62555066079295, 76.25968992248062, 79.8019801980198, 82.17922606924644, 80.60538116591928, 89.66597077244259, 80.73929961089495, 88.29568788501027, 88.800792864222], [98.16326530612245, 95.94713656387665, 85.75581395348837, 84.45544554455445, 86.65987780040733, 80.4932735426009, 91.54488517745303, 88.2295719844358, 81.21149897330595, 85.43111992071358], [96.63265306122449, 97.18061674008811, 80.71705426356588, 82.87128712871286, 90.12219959266803, 86.99551569506727, 91.33611691022965, 89.59143968871595, 79.56878850102669, 84.2418235877106], [96.63265306122449, 95.15418502202643, 86.82170542635659, 79.4059405940594, 93.58452138492872, 82.62331838565022, 91.12734864300626, 84.8249027237354, 89.42505133470226, 81.76412289395441], [97.85714285714286, 96.2114537444934, 84.49612403100775, 81.88118811881188, 88.28920570264766, 88.78923766816143, 93.1106471816284, 85.99221789883268, 83.47022587268994, 88.89990089197225], [97.85714285714286, 96.82819383259911, 78.87596899224806, 84.35643564356435, 96.84317718940937, 83.96860986547085, 93.31941544885177, 88.52140077821012, 82.34086242299794, 81.46679881070366], [97.55102040816327, 96.82819383259911, 83.52713178294573, 89.8019801980198, 91.14052953156823, 85.08968609865471, 93.63256784968685, 87.06225680933852, 84.80492813141684, 89.197224975223], [97.34693877551021, 96.0352422907489, 81.3953488372093, 87.82178217821782, 90.73319755600815, 86.09865470852019, 93.31941544885177, 88.61867704280155, 86.652977412731, 90.8820614469772], [97.04081632653062, 97.5330396475771, 89.24418604651163, 88.51485148514851, 93.27902240325865, 86.65919282511211, 93.73695198329854, 88.03501945525292, 83.16221765913758, 89.39544103072349], [97.85714285714286, 97.26872246696036, 85.85271317829458, 88.41584158415841, 93.58452138492872, 87.33183856502242, 93.0062630480167, 89.78599221789884, 85.62628336755647, 88.30525272547077], [97.34693877551021, 96.29955947136564, 86.33720930232558, 86.93069306930693, 96.13034623217922, 85.65022421524664, 94.258872651357, 87.7431906614786, 89.93839835728953, 83.25074331020812], [97.55102040816327, 97.09251101321586, 88.2751937984496, 89.9009900990099, 91.95519348268839, 86.32286995515695, 93.63256784968685, 88.03501945525292, 87.782340862423, 91.17938553022795], [97.85714285714286, 96.91629955947137, 89.34108527131782, 87.62376237623762, 93.07535641547861, 90.02242152466367, 94.05010438413362, 87.64591439688716, 86.44763860369609, 91.0802775024777], [98.16326530612245, 97.70925110132158, 89.72868217054264, 87.92079207920793, 93.27902240325865, 88.34080717488789, 94.98956158663883, 87.7431906614786, 87.47433264887064, 90.38652130822597], [98.57142857142857, 96.74008810572687, 77.32558139534883, 92.37623762376238, 91.64969450101833, 85.65022421524664, 93.63256784968685, 89.59143968871595, 87.06365503080082, 93.1615460852329], [97.14285714285714, 97.5330396475771, 93.21705426356588, 89.70297029702971, 94.19551934826885, 90.13452914798206, 93.84133611691023, 87.35408560311284, 87.06365503080082, 89.89098116947473], [97.55102040816327, 97.00440528634361, 89.24418604651163, 88.41584158415841, 92.76985743380855, 88.90134529147981, 95.72025052192066, 89.00778210116732, 89.73305954825462, 91.87314172447968], [97.95918367346938, 97.26872246696036, 86.14341085271317, 92.97029702970298, 93.27902240325865, 87.5560538116592, 94.05010438413362, 91.82879377431907, 87.57700205338809, 91.47670961347869]],