{"config": {"DATASET": "mnist", "TOTAL_CLIENTS": 100, "CLIENT_FRAC": 0.2, "POISON_FRAC": 0.1, "CREATE_DATASET": false, "RANDOM_DATA": true, "CLASS_RATIO": 10, "MODEL": "nnet", "LEARNING_RATE": 0.001, "BATCH_SIZE": 32, "LOCAL_EPOCHS": 10, "OPTIMIZER": "adam", "FED_ROUNDS": 30, "TEST_EVERY": 1, "RANDOM_PROCESS": false, "COS_DEFENCE": true, "SEL_METHOD": 1, "REDUCE_LR": 1, "COLLAB_MODE": true, "COLLAB_ALL": true, "CONSIDER_LAYERS": "l1", "GRAD_AGG": true, "FEATURE_FINDING_ALGO": "auror", "GRAD_COLLECTION_START": 0, "GRAD_COLLECT_FOR": -1, "CLUSTER_SEP": 0.005, "ALPHA": 0.8, "BETA": 0.8, "GAMMA": 0.1, "TRUST_INC": 2, "TRUST_CUT_METHOD": 1, "HONEST_PARDON_FACTOR": 0.7, "LOG_LEVEL": "INFO", "JSON_RESULTS": true}, "mean_poison_class_acc": 86.51162790697676, "mean_attack_srate": 3.0348837209302326, "total_accuracies": [48.91, 72.17, 82.42, 86.87, 88.23, 89.78, 89.49, 91.43, 91.04, 91.94, 92.55, 91.62, 92.96, 93.32, 93.35, 93.9, 93.5, 93.73, 94.26, 94.39, 94.61, 94.36, 94.15, 94.92, 94.33, 94.81, 95.01, 94.98, 95.12, 93.75], "class_accuracies": [[99.28571428571429, 91.18942731277534, 4.844961240310077, 53.26732673267327, 64.4602851323829, 31.16591928251121, 32.98538622129436, 27.529182879377434, 27.61806981519507, 51.13974231912785], [97.55102040816327, 98.6784140969163, 52.616279069767444, 92.77227722772277, 80.95723014256619, 58.18385650224215, 80.27139874739039, 88.32684824902724, 37.474332648870636, 30.22794846382557], [96.12244897959184, 98.41409691629956, 64.82558139534883, 90.1980198019802, 87.78004073319755, 66.14349775784753, 90.39665970772442, 91.92607003891051, 76.07802874743327, 59.365708622398415], [97.34693877551021, 97.62114537444934, 78.29457364341086, 89.60396039603961, 82.28105906313645, 83.5201793721973, 90.29227557411274, 90.6614785992218, 74.74332648870636, 82.65609514370664], [97.85714285714286, 97.3568281938326, 73.64341085271317, 90.4950495049505, 92.66802443991854, 81.72645739910314, 91.8580375782881, 92.31517509727627, 81.3141683778234, 81.76412289395441], [96.93877551020408, 98.06167400881057, 81.5891472868217, 90.1980198019802, 92.9735234215886, 81.16591928251121, 93.52818371607516, 92.12062256809338, 82.54620123203286, 87.01684836471755], [96.83673469387755, 98.14977973568281, 74.51550387596899, 91.98019801980197, 92.26069246435846, 85.20179372197309, 93.1106471816284, 91.05058365758755, 80.59548254620123, 90.08919722497522], [97.65306122448979, 97.70925110132158, 86.82170542635659, 90.1980198019802, 92.36252545824847, 88.45291479820628, 93.73695198329854, 92.12062256809338, 85.21560574948666, 89.09811694747275], [97.65306122448979, 98.14977973568281, 78.48837209302326, 93.06930693069307, 91.14052953156823, 85.98654708520179, 94.1544885177453, 92.02334630350195, 85.62628336755647, 93.06243805748265], [97.34693877551021, 98.76651982378854, 85.17441860465117, 92.17821782178218, 92.15885947046843, 87.78026905829596, 94.88517745302714, 91.63424124513618, 86.03696098562628, 92.36868186323092], [97.65306122448979, 98.59030837004406, 90.40697674418605, 90.89108910891089, 93.68635437881873, 87.10762331838565, 94.88517745302714, 93.8715953307393, 86.652977412731, 90.48562933597621], [97.85714285714286, 98.23788546255507, 72.48062015503876, 91.48514851485149, 95.31568228105907, 90.13452914798206, 95.61586638830897, 92.70428015564202, 90.34907597535934, 91.87314172447968], [98.16326530612245, 98.76651982378854, 85.85271317829458, 92.87128712871286, 92.66802443991854, 89.34977578475336, 95.30271398747391, 94.06614785992218, 88.60369609856262, 93.06243805748265], [98.06122448979592, 98.23788546255507, 88.46899224806202, 93.16831683168317, 92.9735234215886, 90.91928251121077, 93.94572025052192, 92.60700389105058, 91.37577002053388, 92.76511397423191], [97.55102040816327, 98.59030837004406, 84.39922480620154, 93.96039603960396, 94.60285132382892, 92.152466367713, 95.82463465553236, 93.77431906614785, 89.83572895277207, 92.36868186323092], [97.85714285714286, 98.32599118942731, 88.66279069767442, 92.67326732673267, 93.48268839103869, 91.92825112107623, 96.13778705636743, 93.96887159533074, 91.78644763860369, 93.65708622398414], [97.44897959183673, 98.76651982378854, 86.43410852713178, 92.87128712871286, 93.38085539714868, 92.9372197309417, 95.4070981210856, 93.19066147859922, 89.52772073921972, 94.54905847373637], [97.65306122448979, 98.59030837004406, 85.65891472868218, 96.03960396039604, 94.09368635437882, 89.68609865470852, 95.72025052192066, 94.74708171206225, 90.4517453798768, 93.85530227948463], [97.75510204081633, 98.59030837004406, 89.34108527131782, 93.96039603960396, 95.31568228105907, 91.81614349775785, 95.82463465553236, 94.3579766536965, 91.17043121149898, 93.85530227948463], [98.16326530612245, 98.6784140969163, 91.56976744186046, 94.15841584158416, 93.78818737270876, 91.4798206278027, 96.13778705636743, 93.48249027237354, 91.58110882956879, 94.15262636273538], [97.85714285714286, 98.6784140969163, 94.28294573643412, 93.26732673267327, 93.38085539714868, 91.3677130044843, 95.4070981210856, 94.8443579766537, 92.50513347022587, 93.65708622398414], [97.75510204081633, 98.8546255506608, 88.2751937984496, 93.76237623762377, 95.31568228105907, 92.26457399103138, 96.45093945720251, 94.45525291828794, 91.88911704312115, 94.05351833498513], [97.04081632653062, 98.8546255506608, 85.75581395348837, 94.95049504950495, 96.5376782077393, 92.26457399103138, 96.45093945720251, 93.67704280155642, 91.78644763860369, 93.75619425173439], [97.95918367346938, 98.6784140969163, 93.02325581395348, 93.86138613861387, 94.70468431771894, 93.27354260089686, 95.61586638830897, 94.8443579766537, 93.1211498973306, 93.55797819623389], [97.55102040816327, 98.94273127753304, 86.24031007751938, 97.32673267326733, 94.19551934826885, 90.35874439461884, 95.61586638830897, 96.01167315175097, 92.50513347022587, 93.75619425173439], [98.36734693877551, 98.59030837004406, 91.76356589147287, 94.15841584158416, 95.010183299389, 93.16143497757848, 95.61586638830897, 93.96887159533074, 92.09445585215606, 94.84638255698711], [98.26530612244898, 98.41409691629956, 92.34496124031008, 95.04950495049505, 95.72301425661914, 92.152466367713, 95.82463465553236, 94.8443579766537, 92.91581108829568, 93.95441030723488], [98.06122448979592, 98.59030837004406, 91.18217054263566, 94.65346534653466, 95.41751527494908, 93.72197309417041, 96.24217118997912, 94.45525291828794, 91.9917864476386, 95.04459861248762], [97.85714285714286, 98.50220264317181, 92.15116279069767, 94.35643564356435, 95.11201629327903, 93.38565022421524, 95.82463465553236, 95.3307392996109, 93.42915811088295, 94.74727452923686], [97.95918367346938, 98.6784140969163, 77.90697674418605, 95.44554455445545, 96.02851323828921, 93.27354260089686, 94.78079331941545, 95.52529182879377, 92.81314168377824, 94.94549058473736]],