{"config": {"DATASET": "mnist", "TOTAL_CLIENTS": 100, "CLIENT_FRAC": 0.1, "POISON_FRAC": 0.1, "CREATE_DATASET": true, "RANDOM_DATA": true, "CLASS_RATIO": 10, "MODEL": "nnet", "LEARNING_RATE": 0.001, "BATCH_SIZE": 32, "LOCAL_EPOCHS": 3, "OPTIMIZER": "adam", "FED_ROUNDS": 30, "TEST_EVERY": 1, "RANDOM_PROCESS": true, "COS_DEFENCE": true, "SEL_METHOD": 1, "REDUCE_LR": 1, "COLLAB_MODE": true, "COLLAB_ALL": true, "CONSIDER_LAYERS": "f1l1", "GRAD_AGG": true, "FEATURE_FINDING_ALGO": "auror", "GRAD_COLLECTION_START": 0, "GRAD_COLLECT_FOR": -1, "CLUSTER_SEP": 0.005, "ALPHA": 0.8, "BETA": 0.8, "GAMMA": 0.1, "TRUST_INC": 2, "TRUST_CUT_METHOD": 2, "HONEST_PARDON_FACTOR": 0.99, "LOG_LEVEL": "INFO", "JSON_RESULTS": true}, "mean_poison_class_acc": 81.31298449612402, "mean_attack_srate": 3.1928294573643408, "total_accuracies": [29.02, 30.1, 40.34, 59.56, 64.0, 68.91, 77.06, 79.65, 81.86, 82.72, 84.27, 85.45, 85.87, 86.79, 85.94, 87.03, 86.25, 88.87, 89.19, 89.66, 87.27, 90.01, 89.63, 90.7, 90.8, 90.67, 91.04, 91.4, 89.61, 91.43], "class_accuracies": [[41.83673469387755, 98.41409691629956, 0.09689922480620156, 0.0, 80.75356415478615, 0.0, 3.1315240083507305, 0.0, 0.0, 54.60852329038652], [86.0204081632653, 94.09691629955947, 92.53875968992249, 0.09900990099009901, 14.562118126272912, 0.0, 0.0, 0.0, 0.0, 0.0], [95.40816326530613, 99.64757709251101, 20.44573643410853, 64.25742574257426, 0.3054989816700611, 0.0, 18.789144050104383, 20.622568093385215, 0.0, 70.66402378592666], [96.93877551020408, 99.38325991189427, 59.49612403100775, 83.56435643564356, 18.635437881873727, 0.0, 74.21711899791232, 69.74708171206225, 0.1026694045174538, 80.0792864222002], [95.40816326530613, 98.94273127753304, 73.54651162790698, 89.4059405940594, 73.42158859470469, 4.596412556053812, 78.91440501043841, 89.49416342412451, 0.6160164271047228, 23.389494549058472], [95.20408163265306, 97.5330396475771, 85.85271317829458, 79.4059405940594, 83.70672097759675, 46.0762331838565, 80.68893528183716, 90.85603112840467, 9.137577002053389, 13.280475718533202], [96.12244897959184, 98.14977973568281, 71.02713178294573, 89.60396039603961, 74.33808553971487, 33.63228699551569, 88.51774530271399, 88.03501945525292, 55.85215605749487, 67.88899900891973], [96.63265306122449, 97.88546255506608, 68.6046511627907, 65.44554455445545, 80.5498981670061, 79.82062780269058, 87.68267223382045, 87.2568093385214, 68.37782340862422, 62.636273538156594], [96.22448979591837, 95.85903083700441, 81.68604651162791, 76.03960396039604, 83.09572301425662, 74.43946188340807, 83.61169102296451, 83.94941634241245, 62.012320328542096, 78.88999008919723], [96.63265306122449, 97.88546255506608, 72.38372093023256, 80.6930693069307, 85.03054989816701, 81.05381165919283, 91.7536534446764, 86.284046692607, 59.856262833675565, 73.83548067393458], [95.81632653061224, 94.09691629955947, 82.84883720930233, 75.44554455445545, 86.35437881873727, 86.54708520179372, 89.87473903966597, 87.15953307392996, 71.45790554414785, 72.34886025768087], [96.22448979591837, 95.77092511013215, 83.04263565891473, 82.37623762376238, 85.94704684317719, 83.29596412556054, 88.93528183716076, 89.98054474708171, 68.89117043121149, 78.39444995044599], [97.55102040816327, 93.48017621145374, 78.77906976744185, 79.8019801980198, 84.0122199592668, 75.44843049327355, 90.81419624217119, 89.59143968871595, 84.18891170431212, 83.44895936570862], [96.83673469387755, 95.50660792951543, 82.26744186046511, 80.99009900990099, 84.21588594704684, 88.11659192825113, 90.18789144050105, 92.50972762645914, 73.71663244353182, 82.55698711595639], [96.0204081632653, 94.80176211453744, 77.42248062015504, 92.07920792079207, 76.68024439918534, 71.8609865470852, 90.39665970772442, 91.24513618677042, 75.87268993839835, 90.28741328047572], [96.42857142857143, 96.82819383259911, 80.32945736434108, 89.8019801980198, 93.78818737270876, 81.05381165919283, 91.02296450939457, 88.91050583657588, 73.20328542094455, 77.30426164519326], [96.63265306122449, 97.44493392070484, 64.14728682170542, 90.29702970297029, 91.5478615071283, 78.69955156950672, 90.7098121085595, 90.95330739299611, 74.435318275154, 86.02576808721507], [97.34693877551021, 95.15418502202643, 83.91472868217055, 85.84158415841584, 94.90835030549898, 81.16591928251121, 90.39665970772442, 90.07782101167315, 86.55030800821355, 82.1605550049554], [96.63265306122449, 96.47577092511013, 85.27131782945736, 83.86138613861387, 95.21384928716904, 82.95964125560538, 92.06680584551148, 88.81322957198444, 85.31827515400411, 84.14271555996035], [96.42857142857143, 95.77092511013215, 86.33720930232558, 83.56435643564356, 94.29735234215886, 88.67713004484305, 92.27557411273486, 89.98054474708171, 83.36755646817248, 85.33201189296334], [96.73469387755102, 98.14977973568281, 62.4031007751938, 90.4950495049505, 89.61303462321793, 86.7713004484305, 91.7536534446764, 89.00778210116732, 74.94866529774127, 92.07135777998018], [96.93877551020408, 97.09251101321586, 86.24031007751938, 91.38613861386139, 92.56619144602851, 83.6322869955157, 93.1106471816284, 91.34241245136187, 78.64476386036961, 87.61149653121903], [96.93877551020408, 96.82819383259911, 78.97286821705427, 90.6930693069307, 90.12219959266803, 89.01345291479821, 92.37995824634656, 90.1750972762646, 78.74743326488706, 91.67492566897918], [97.44897959183673, 95.94713656387665, 84.98062015503876, 89.5049504950495, 92.15885947046843, 86.32286995515695, 94.05010438413362, 88.42412451361868, 86.75564681724846, 90.68384539147671], [96.63265306122449, 95.33039647577093, 90.11627906976744, 87.92079207920793, 93.58452138492872, 85.87443946188341, 93.1106471816284, 90.36964980544747, 86.13963039014374, 88.00792864222002], [96.22448979591837, 96.82819383259911, 84.20542635658914, 91.88118811881188, 90.73319755600815, 87.21973094170404, 92.79749478079331, 91.05058365758755, 82.64887063655031, 92.07135777998018], [97.14285714285714, 97.09251101321586, 86.9186046511628, 87.22772277227723, 92.36252545824847, 84.30493273542601, 93.94572025052192, 89.29961089494164, 89.42505133470226, 91.57581764122894], [97.04081632653062, 97.26872246696036, 87.5, 91.78217821782178, 93.07535641547861, 87.89237668161435, 93.84133611691023, 90.1750972762646, 84.59958932238193, 89.89098116947473], [96.63265306122449, 97.70925110132158, 73.44961240310077, 92.87128712871286, 88.79837067209776, 82.847533632287, 93.31941544885177, 93.57976653696498, 81.10882956878851, 94.35084241823587], [97.14285714285714, 96.47577092511013, 87.1124031007752, 85.34653465346534, 92.66802443991854, 90.24663677130044, 94.1544885177453, 91.63424124513618, 90.86242299794661, 88.30525272547077]],