{"config": {"DATASET": "mnist", "TOTAL_CLIENTS": 100, "CLIENT_FRAC": 0.1, "POISON_FRAC": 0.1, "CREATE_DATASET": true, "RANDOM_DATA": true, "CLASS_RATIO": 10, "MODEL": "nnet", "LEARNING_RATE": 0.001, "BATCH_SIZE": 32, "LOCAL_EPOCHS": 3, "OPTIMIZER": "adam", "FED_ROUNDS": 30, "TEST_EVERY": 1, "RANDOM_PROCESS": true, "COS_DEFENCE": true, "SEL_METHOD": 1, "REDUCE_LR": 1, "COLLAB_MODE": true, "COLLAB_ALL": true, "CONSIDER_LAYERS": "l1", "GRAD_AGG": true, "FEATURE_FINDING_ALGO": "auror", "GRAD_COLLECTION_START": 0, "GRAD_COLLECT_FOR": -1, "CLUSTER_SEP": 0.001, "ALPHA": 0.8, "BETA": 0.8, "GAMMA": 0.1, "TRUST_INC": 2, "TRUST_CUT_METHOD": 2, "HONEST_PARDON_FACTOR": 0.99, "LOG_LEVEL": "INFO", "JSON_RESULTS": true}, "mean_poison_class_acc": 81.00290697674419, "mean_attack_srate": 3.2122093023255807, "total_accuracies": [25.3, 30.34, 40.46, 47.18, 53.99, 72.7, 77.11, 80.7, 81.41, 83.43, 84.24, 85.21, 84.69, 86.58, 87.55, 88.17, 84.89, 89.04, 88.5, 89.04, 89.35, 89.69, 89.12, 90.24, 90.75, 91.39, 90.84, 91.41, 91.85, 91.67], "class_accuracies": [[7.755102040816326, 99.38325991189427, 0.0, 59.00990099009901, 74.33808553971487, 0.0, 0.0, 0.0, 0.0, 0.0], [97.65306122448979, 99.64757709251101, 5.813953488372093, 73.36633663366337, 3.054989816700611, 0.0, 0.10438413361169102, 0.0, 11.704312114989733, 0.0], [98.87755102040816, 99.64757709251101, 41.47286821705426, 56.336633663366335, 33.503054989816704, 4.260089686098655, 29.54070981210856, 0.0, 18.8911704312115, 11.397423191278493], [96.42857142857143, 99.64757709251101, 31.007751937984494, 80.89108910891089, 46.84317718940937, 29.37219730941704, 35.281837160751564, 0.0, 43.634496919917865, 1.9821605550049555], [96.3265306122449, 98.59030837004406, 72.28682170542636, 92.67326732673267, 90.42769857433808, 24.663677130044842, 31.210855949895617, 16.731517509727627, 3.593429158110883, 3.964321110009911], [95.91836734693878, 99.38325991189427, 65.40697674418605, 84.65346534653466, 73.11608961303462, 69.05829596412556, 85.90814196242171, 63.91050583657587, 28.747433264887064, 57.28444003964321], [96.63265306122449, 97.97356828193833, 76.35658914728683, 88.31683168316832, 60.9979633401222, 66.92825112107623, 84.13361169102296, 74.80544747081711, 37.885010266940455, 82.45787908820614], [95.10204081632654, 97.09251101321586, 65.79457364341086, 77.32673267326733, 84.92871690427698, 78.69955156950672, 91.12734864300626, 80.83657587548637, 71.25256673511294, 63.62735381565907], [97.95918367346938, 97.44493392070484, 66.18217054263566, 85.54455445544555, 71.07942973523421, 76.23318385650224, 87.57828810020877, 86.18677042801556, 62.114989733059545, 81.26858275520317], [97.85714285714286, 95.15418502202643, 82.75193798449612, 81.38613861386139, 86.25254582484725, 73.4304932735426, 92.58872651356994, 84.53307392996109, 72.68993839835728, 65.60951437066403], [97.24489795918367, 96.38766519823788, 78.68217054263566, 76.53465346534654, 85.03054989816701, 81.50224215246637, 94.57202505219206, 90.75875486381322, 72.38193018480493, 67.98810703666997], [98.16326530612245, 96.38766519823788, 84.49612403100775, 84.85148514851485, 88.69653767820773, 76.34529147982063, 91.9624217118998, 84.3385214007782, 74.33264887063655, 70.56491575817641], [97.24489795918367, 97.62114537444934, 67.44186046511628, 77.02970297029702, 89.30753564154786, 85.87443946188341, 91.54488517745303, 85.21400778210116, 76.89938398357289, 78.1962338949455], [97.14285714285714, 94.00881057268722, 86.7248062015504, 87.22772277227723, 79.53156822810591, 76.45739910313901, 93.0062630480167, 84.14396887159533, 79.46611909650925, 86.22398414271557], [97.55102040816327, 97.70925110132158, 86.7248062015504, 86.13861386138613, 79.32790224032587, 82.17488789237669, 92.90187891440502, 88.42412451361868, 74.435318275154, 88.10703666997027], [97.85714285714286, 96.91629955947137, 87.59689922480621, 83.06930693069307, 89.61303462321793, 86.32286995515695, 91.64926931106471, 89.00778210116732, 76.69404517453799, 81.76412289395441], [97.44897959183673, 98.50220264317181, 51.35658914728682, 87.22772277227723, 87.78004073319755, 84.97757847533633, 89.97912317327766, 88.42412451361868, 74.12731006160165, 88.40436075322101], [97.34693877551021, 97.18061674008811, 83.52713178294573, 89.9009900990099, 88.4928716904277, 84.30493273542601, 91.64926931106471, 88.52140077821012, 81.82751540041068, 86.32309217046581], [97.34693877551021, 96.82819383259911, 78.97286821705427, 83.46534653465346, 90.73319755600815, 86.7713004484305, 94.98956158663883, 87.2568093385214, 80.9034907597536, 87.1159563924678], [97.65306122448979, 97.09251101321586, 77.81007751937985, 90.5940594059406, 87.37270875763747, 83.18385650224215, 94.98956158663883, 90.27237354085604, 79.67145790554414, 90.48562933597621], [96.93877551020408, 96.91629955947137, 81.97674418604652, 84.95049504950495, 90.020366598778, 87.4439461883408, 93.73695198329854, 85.01945525291829, 85.93429158110882, 89.99008919722498], [97.44897959183673, 96.74008810572687, 78.87596899224806, 88.21782178217822, 91.75152749490834, 86.99551569506727, 92.17118997912317, 91.05058365758755, 86.55030800821355, 86.42220019821606], [97.85714285714286, 97.26872246696036, 74.6124031007752, 86.83168316831683, 93.58452138492872, 87.10762331838565, 92.37995824634656, 89.49416342412451, 82.64887063655031, 88.800792864222], [97.85714285714286, 96.82819383259911, 85.94961240310077, 88.21782178217822, 88.69653767820773, 89.12556053811659, 93.21503131524008, 87.15953307392996, 82.54620123203286, 92.07135777998018], [97.24489795918367, 96.91629955947137, 87.6937984496124, 87.82178217821782, 94.90835030549898, 88.56502242152466, 93.42379958246346, 86.7704280155642, 85.42094455852155, 88.10703666997027], [97.14285714285714, 96.91629955947137, 88.2751937984496, 90.39603960396039, 91.75152749490834, 86.99551569506727, 93.73695198329854, 89.10505836575875, 88.50102669404518, 90.18830525272547], [97.34693877551021, 96.12334801762114, 83.72093023255815, 84.75247524752476, 93.89002036659878, 86.32286995515695, 94.88517745302714, 89.29961089494164, 93.01848049281314, 88.60257680872151], [97.95918367346938, 97.26872246696036, 84.98062015503876, 90.79207920792079, 94.19551934826885, 89.91031390134529, 93.52818371607516, 89.88326848249027, 86.34496919917865, 88.70168483647176], [97.14285714285714, 97.44493392070484, 86.04651162790698, 89.60396039603961, 92.26069246435846, 89.01345291479821, 93.84133611691023, 91.24513618677042, 89.3223819301848, 91.87314172447968], [97.55102040816327, 96.91629955947137, 84.59302325581395, 89.70297029702971, 93.58452138492872, 91.14349775784753, 94.67640918580376, 89.10505836575875, 87.67967145790554, 91.47670961347869]],