{"config": {"DATASET": "mnist", "TOTAL_CLIENTS": 100, "CLIENT_FRAC": 0.2, "POISON_FRAC": 0.4, "CREATE_DATASET": true, "RANDOM_DATA": true, "CLASS_RATIO": 10, "MODEL": "nnet", "LEARNING_RATE": 0.001, "BATCH_SIZE": 32, "LOCAL_EPOCHS": 10, "OPTIMIZER": "adam", "FED_ROUNDS": 30, "TEST_EVERY": 1, "RANDOM_PROCESS": false, "COS_DEFENCE": false, "SEL_METHOD": 1, "REDUCE_LR": 1, "COLLAB_MODE": true, "COLLAB_ALL": true, "CONSIDER_LAYERS": "l1", "GRAD_AGG": true, "FEATURE_FINDING_ALGO": "auror", "GRAD_COLLECTION_START": 0, "GRAD_COLLECT_FOR": -1, "CLUSTER_SEP": 0.002, "ALPHA": 0.8, "BETA": 0.8, "GAMMA": 0.1, "TRUST_INC": 2, "TRUST_CUT_METHOD": 1, "HONEST_PARDON_FACTOR": 0.7, "LOG_LEVEL": "INFO", "JSON_RESULTS": true}, "mean_poison_class_acc": 60.46511627906976, "mean_attack_srate": 3.7984496124031004, "total_accuracies": [48.15, 60.81, 76.46, 82.11, 85.05, 88.31, 88.76, 87.8, 89.73, 84.16, 89.94, 91.47, 90.07, 85.97, 93.17, 93.85, 86.8, 93.18, 92.51, 92.06, 93.18, 93.97, 94.54, 85.62, 94.84, 91.25, 94.54, 91.99, 94.95, 87.13], "class_accuracies": [[97.85714285714286, 98.14977973568281, 0.0, 33.46534653465346, 78.41140529531569, 40.69506726457399, 1.2526096033402923, 86.08949416342412, 38.39835728952772, 0.0], [97.14285714285714, 98.8546255506608, 0.29069767441860467, 78.31683168316832, 87.57637474541751, 84.75336322869956, 55.636743215031316, 86.67315175097276, 10.061601642710473, 7.433102081268583], [96.83673469387755, 98.50220264317181, 12.693798449612403, 87.52475247524752, 94.39918533604887, 77.24215246636771, 90.7098121085595, 91.82879377431907, 66.4271047227926, 48.364717542120914], [96.22448979591837, 98.59030837004406, 33.72093023255814, 86.13861386138613, 90.42769857433808, 86.7713004484305, 89.77035490605428, 89.2023346303502, 71.45790554414785, 78.88999008919723], [96.63265306122449, 98.50220264317181, 52.03488372093023, 88.91089108910892, 95.010183299389, 84.64125560538116, 93.0062630480167, 90.85603112840467, 76.69404517453799, 73.83548067393458], [97.65306122448979, 96.91629955947137, 70.73643410852713, 87.02970297029702, 94.19551934826885, 84.19282511210763, 93.31941544885177, 91.53696498054475, 83.36755646817248, 83.44895936570862], [97.44897959183673, 98.32599118942731, 68.6046511627907, 90.5940594059406, 93.27902240325865, 88.00448430493273, 92.79749478079331, 91.63424124513618, 80.28747433264887, 86.02576808721507], [97.85714285714286, 97.79735682819383, 53.48837209302326, 90.89108910891089, 96.13034623217922, 88.56502242152466, 92.27557411273486, 91.92607003891051, 82.54620123203286, 86.62041625371656], [97.24489795918367, 97.44493392070484, 65.50387596899225, 88.7128712871287, 91.34419551934828, 90.13452914798206, 94.98956158663883, 91.73151750972762, 88.39835728952772, 91.87314172447968], [97.44897959183673, 97.79735682819383, 8.914728682170542, 93.46534653465346, 94.09368635437882, 86.99551569506727, 94.258872651357, 91.53696498054475, 87.47433264887064, 91.0802775024777], [97.34693877551021, 97.88546255506608, 62.01550387596899, 91.88118811881188, 96.23217922606925, 91.25560538116592, 95.19832985386222, 92.21789883268482, 86.75564681724846, 88.89990089197225], [97.75510204081633, 98.41409691629956, 71.70542635658914, 93.66336633663366, 95.72301425661914, 90.91928251121077, 96.03340292275574, 92.70428015564202, 87.47433264887064, 90.18830525272547], [97.44897959183673, 98.50220264317181, 58.042635658914726, 92.87128712871286, 93.89002036659878, 91.03139013452915, 96.24217118997912, 94.3579766536965, 86.24229979466119, 92.26957383548067], [97.44897959183673, 98.41409691629956, 14.534883720930232, 92.87128712871286, 93.48268839103869, 92.48878923766816, 96.5553235908142, 94.3579766536965, 88.80903490759754, 92.56689791873141], [98.26530612244898, 97.70925110132158, 81.2015503875969, 93.76237623762377, 95.31568228105907, 93.27354260089686, 95.72025052192066, 93.96887159533074, 90.96509240246407, 91.47670961347869], [97.75510204081633, 98.23788546255507, 86.33720930232558, 92.87128712871286, 94.39918533604887, 93.27354260089686, 96.65970772442589, 94.74708171206225, 91.47843942505133, 92.46778989098117], [97.85714285714286, 98.06167400881057, 16.86046511627907, 95.64356435643565, 95.010183299389, 90.47085201793722, 96.5553235908142, 94.3579766536965, 90.96509240246407, 93.85530227948463], [98.06122448979592, 98.41409691629956, 79.65116279069767, 92.57425742574257, 94.09368635437882, 94.28251121076234, 96.45093945720251, 94.16342412451363, 90.4517453798768, 93.65708622398414], [97.95918367346938, 98.41409691629956, 72.86821705426357, 90.89108910891089, 95.11201629327903, 94.28251121076234, 96.86847599164926, 93.8715953307393, 92.50513347022587, 92.66600594648166], [97.95918367346938, 98.50220264317181, 66.66666666666667, 92.57425742574257, 95.41751527494908, 93.94618834080717, 96.65970772442589, 94.94163424124514, 91.68377823408625, 92.66600594648166], [98.36734693877551, 98.32599118942731, 75.5813953488372, 93.26732673267327, 96.02851323828921, 94.61883408071749, 96.03340292275574, 95.03891050583658, 92.09445585215606, 92.66600594648166], [98.46938775510205, 98.59030837004406, 81.97674418604652, 93.06930693069307, 94.80651731160896, 94.95515695067265, 96.13778705636743, 95.3307392996109, 92.50513347022587, 93.85530227948463], [97.95918367346938, 98.94273127753304, 87.01550387596899, 93.86138613861387, 95.31568228105907, 94.84304932735427, 96.65970772442589, 96.3035019455253, 91.47843942505133, 92.76511397423191], [98.6734693877551, 98.41409691629956, 0.0, 94.65346534653466, 95.41751527494908, 95.17937219730942, 96.13778705636743, 95.13618677042801, 92.19712525667352, 93.06243805748265], [98.26530612244898, 98.50220264317181, 89.24418604651163, 94.65346534653466, 95.11201629327903, 94.95515695067265, 95.92901878914405, 94.3579766536965, 93.53182751540041, 93.65708622398414], [97.95918367346938, 98.59030837004406, 55.81395348837209, 93.36633663366337, 95.72301425661914, 96.74887892376681, 95.92901878914405, 94.94163424124514, 90.75975359342915, 93.65708622398414], [98.36734693877551, 98.6784140969163, 84.39922480620154, 95.74257425742574, 96.23217922606925, 94.73094170403587, 96.34655532359082, 95.52529182879377, 92.81314168377824, 92.46778989098117], [98.06122448979592, 98.59030837004406, 61.14341085271318, 95.94059405940594, 93.89002036659878, 93.27354260089686, 97.07724425887265, 95.23346303501945, 93.01848049281314, 94.15262636273538], [98.57142857142857, 98.59030837004406, 88.46899224806202, 96.13861386138613, 95.31568228105907, 92.60089686098655, 97.07724425887265, 94.45525291828794, 94.25051334702259, 93.65708622398414], [97.95918367346938, 98.32599118942731, 10.852713178294573, 95.74257425742574, 96.23217922606925, 94.61883408071749, 96.65970772442589, 95.62256809338521, 94.04517453798768, 93.55797819623389]],