{"config": {"DATASET": "mnist", "TOTAL_CLIENTS": 100, "CLIENT_FRAC": 0.1, "POISON_FRAC": 0.1, "CREATE_DATASET": false, "RANDOM_DATA": true, "CLASS_RATIO": 10, "MODEL": "nnet", "LEARNING_RATE": 0.001, "BATCH_SIZE": 32, "LOCAL_EPOCHS": 10, "OPTIMIZER": "adam", "FED_ROUNDS": 30, "TEST_EVERY": 1, "RANDOM_PROCESS": false, "COS_DEFENCE": true, "SEL_METHOD": 1, "REDUCE_LR": 1, "COLLAB_MODE": true, "COLLAB_ALL": true, "CONSIDER_LAYERS": "l1", "GRAD_AGG": true, "FEATURE_FINDING_ALGO": "auror", "GRAD_COLLECTION_START": 0, "GRAD_COLLECT_FOR": -1, "CLUSTER_SEP": 0.005, "ALPHA": 0.8, "BETA": 0.8, "GAMMA": 0.1, "TRUST_INC": 2, "TRUST_CUT_METHOD": 1, "HONEST_PARDON_FACTOR": 0.8, "LOG_LEVEL": "INFO", "JSON_RESULTS": true}, "mean_poison_class_acc": 85.36821705426357, "mean_attack_srate": 3.1104651162790695, "total_accuracies": [36.3, 76.41, 81.97, 87.13, 88.36, 89.17, 89.51, 90.75, 90.98, 91.93, 91.65, 92.13, 92.44, 91.85, 92.96, 93.71, 93.15, 92.88, 90.25, 93.67, 94.11, 93.99, 94.47, 94.67, 93.61, 95.05, 94.87, 95.09, 95.24, 94.53], "class_accuracies": [[99.59183673469387, 83.34801762114537, 0.0, 29.207920792079207, 43.890020366598776, 0.7847533632286996, 8.1419624217119, 0.0, 0.2053388090349076, 88.70168483647176], [96.0204081632653, 98.76651982378854, 52.03488372093023, 90.29702970297029, 85.74338085539715, 57.847533632286996, 83.92484342379959, 81.42023346303502, 65.40041067761807, 48.9593657086224], [96.22448979591837, 97.79735682819383, 46.31782945736434, 89.4059405940594, 80.24439918533605, 74.77578475336323, 90.08350730688936, 86.67315175097276, 75.87268993839835, 80.77304261645193], [96.22448979591837, 96.38766519823788, 81.0077519379845, 88.31683168316832, 87.16904276985743, 76.68161434977578, 93.94572025052192, 89.29961089494164, 78.85010266940452, 81.46679881070366], [95.51020408163265, 97.00440528634361, 78.10077519379846, 87.72277227722772, 92.05702647657841, 83.74439461883408, 93.31941544885177, 88.91050583657588, 84.39425051334702, 81.86323092170466], [96.83673469387755, 98.23788546255507, 82.94573643410853, 88.81188118811882, 89.20570264765784, 84.19282511210763, 93.63256784968685, 91.147859922179, 78.74743326488706, 86.42220019821606], [96.53061224489795, 98.32599118942731, 87.20930232558139, 87.12871287128714, 96.63951120162933, 86.88340807174887, 93.94572025052192, 89.2023346303502, 79.05544147843942, 79.08820614469772], [96.93877551020408, 97.44493392070484, 90.50387596899225, 90.29702970297029, 92.4643584521385, 89.23766816143498, 92.58872651356994, 89.88326848249027, 80.18480492813141, 86.9177403369673], [97.55102040816327, 97.79735682819383, 82.84883720930233, 89.10891089108911, 95.51934826883911, 87.89237668161435, 95.51148225469728, 90.56420233463035, 84.90759753593429, 87.41328047571854], [98.06122448979592, 97.5330396475771, 87.59689922480621, 91.38613861386139, 95.82484725050917, 86.99551569506727, 95.72025052192066, 92.41245136186771, 85.1129363449692, 87.71060455896928], [98.16326530612245, 98.32599118942731, 85.17441860465117, 91.78217821782178, 93.89002036659878, 86.21076233183857, 95.4070981210856, 89.59143968871595, 84.08624229979466, 92.76511397423191], [98.46938775510205, 97.97356828193833, 86.43410852713178, 90.99009900990099, 94.60285132382892, 89.79820627802691, 94.258872651357, 91.34241245136187, 84.80492813141684, 91.87314172447968], [98.26530612244898, 97.62114537444934, 87.59689922480621, 91.18811881188118, 95.010183299389, 90.35874439461884, 96.03340292275574, 91.82879377431907, 87.88501026694045, 88.10703666997027], [98.36734693877551, 97.97356828193833, 77.81007751937985, 93.76237623762377, 93.07535641547861, 92.71300448430493, 95.09394572025052, 92.12062256809338, 85.21560574948666, 92.17046580773042], [97.75510204081633, 97.97356828193833, 86.53100775193798, 92.37623762376238, 95.21384928716904, 91.70403587443946, 95.51148225469728, 92.41245136186771, 86.96098562628337, 92.66600594648166], [97.65306122448979, 98.76651982378854, 90.40697674418605, 92.97029702970298, 93.89002036659878, 91.70403587443946, 96.5553235908142, 91.92607003891051, 89.21971252566735, 93.3597621407334], [98.26530612244898, 98.23788546255507, 82.65503875968992, 93.96039603960396, 93.9918533604888, 90.91928251121077, 94.67640918580376, 91.73151750972762, 92.29979466119096, 94.35084241823587], [98.26530612244898, 98.59030837004406, 81.87984496124031, 95.14851485148515, 94.29735234215886, 91.25560538116592, 95.09394572025052, 91.73151750972762, 86.96098562628337, 95.04459861248762], [98.16326530612245, 98.14977973568281, 52.616279069767444, 95.24752475247524, 93.89002036659878, 92.26457399103138, 94.57202505219206, 95.03891050583658, 89.42505133470226, 93.65708622398414], [98.16326530612245, 98.94273127753304, 84.68992248062015, 94.25742574257426, 94.80651731160896, 91.92825112107623, 96.03340292275574, 92.31517509727627, 92.19712525667352, 92.9633300297324], [98.26530612244898, 98.8546255506608, 87.01550387596899, 94.85148514851485, 93.78818737270876, 93.60986547085201, 96.34655532359082, 92.8988326848249, 90.75975359342915, 94.35084241823587], [96.83673469387755, 98.94273127753304, 85.07751937984496, 94.75247524752476, 94.80651731160896, 92.82511210762331, 96.76409185803757, 94.55252918287938, 91.68377823408625, 93.26065411298315], [97.34693877551021, 98.8546255506608, 93.12015503875969, 93.16831683168317, 95.41751527494908, 93.49775784753363, 96.86847599164926, 91.82879377431907, 89.83572895277207, 94.25173439048562], [98.26530612244898, 98.76651982378854, 90.11627906976744, 94.55445544554455, 95.41751527494908, 93.72197309417041, 95.92901878914405, 93.19066147859922, 92.40246406570841, 93.95441030723488], [97.75510204081633, 98.06167400881057, 78.77906976744185, 95.24752475247524, 96.84317718940937, 93.83408071748879, 96.65970772442589, 93.19066147859922, 93.83983572895278, 92.07135777998018], [97.24489795918367, 98.8546255506608, 94.57364341085271, 93.16831683168317, 95.11201629327903, 93.27354260089686, 96.34655532359082, 93.09338521400778, 94.76386036960986, 93.55797819623389], [98.57142857142857, 99.11894273127753, 92.34496124031008, 95.74257425742574, 95.010183299389, 92.152466367713, 96.5553235908142, 93.28793774319067, 91.17043121149898, 94.05351833498513], [98.77551020408163, 98.8546255506608, 93.02325581395348, 95.74257425742574, 94.5010183299389, 93.27354260089686, 96.5553235908142, 93.28793774319067, 93.01848049281314, 93.3597621407334], [98.6734693877551, 99.11894273127753, 91.86046511627907, 94.75247524752476, 96.33401221995926, 94.95515695067265, 95.51148225469728, 92.50972762645914, 94.6611909650924, 93.75619425173439], [98.06122448979592, 99.20704845814979, 85.65891472868218, 95.54455445544555, 95.31568228105907, 93.94618834080717, 95.09394572025052, 92.8988326848249, 93.94250513347022, 95.34192269573836]],