{"config": {"DATASET": "mnist", "TOTAL_CLIENTS": 100, "CLIENT_FRAC": 0.2, "POISON_FRAC": 0.4, "CREATE_DATASET": true, "RANDOM_DATA": true, "CLASS_RATIO": 10, "MODEL": "nnet", "LEARNING_RATE": 0.001, "BATCH_SIZE": 32, "LOCAL_EPOCHS": 10, "OPTIMIZER": "adam", "FED_ROUNDS": 30, "TEST_EVERY": 1, "RANDOM_PROCESS": false, "COS_DEFENCE": false, "SEL_METHOD": 1, "REDUCE_LR": 1, "COLLAB_MODE": true, "COLLAB_ALL": true, "CONSIDER_LAYERS": "l1", "GRAD_AGG": true, "FEATURE_FINDING_ALGO": "auror", "GRAD_COLLECTION_START": 0, "GRAD_COLLECT_FOR": -1, "CLUSTER_SEP": 0.005, "ALPHA": 0.8, "BETA": 0.8, "GAMMA": 0.1, "TRUST_INC": 2, "TRUST_CUT_METHOD": 1, "HONEST_PARDON_FACTOR": 0.7, "LOG_LEVEL": "INFO", "JSON_RESULTS": true}, "mean_poison_class_acc": 64.20542635658916, "mean_attack_srate": 3.6201550387596906, "total_accuracies": [44.65, 64.6, 77.82, 83.57, 83.96, 86.91, 85.65, 89.57, 90.62, 90.26, 90.74, 84.88, 92.71, 93.49, 92.69, 90.82, 93.83, 88.84, 94.2, 87.23, 93.92, 94.07, 87.36, 93.92, 86.07, 93.3, 94.33, 94.55, 94.22, 94.96], "class_accuracies": [[97.34693877551021, 70.9251101321586, 0.0, 46.633663366336634, 95.82484725050917, 24.327354260089685, 7.724425887265136, 83.36575875486382, 14.989733059548255, 0.0], [97.34693877551021, 99.03083700440529, 0.0, 80.6930693069307, 89.20570264765784, 80.94170403587444, 80.06263048016702, 87.93774319066148, 19.404517453798768, 10.802775024777008], [95.91836734693878, 98.50220264317181, 26.25968992248062, 86.83168316831683, 94.70468431771894, 75.56053811659193, 92.17118997912317, 92.31517509727627, 67.65913757700206, 47.67096134786918], [96.53061224489795, 98.41409691629956, 45.348837209302324, 86.73267326732673, 92.4643584521385, 87.21973094170404, 92.27557411273486, 89.2023346303502, 73.40862422997947, 74.13280475718533], [96.83673469387755, 98.32599118942731, 40.89147286821706, 90.5940594059406, 94.90835030549898, 82.39910313901345, 92.37995824634656, 91.43968871595331, 75.25667351129364, 76.21407333994054], [97.65306122448979, 97.09251101321586, 56.298449612403104, 88.11881188118812, 95.51934826883911, 83.5201793721973, 93.94572025052192, 91.73151750972762, 82.4435318275154, 82.45787908820614], [97.55102040816327, 98.8546255506608, 40.98837209302326, 91.58415841584159, 94.60285132382892, 87.5560538116592, 93.0062630480167, 91.05058365758755, 78.54209445585215, 82.95341922695738], [98.16326530612245, 97.5330396475771, 71.51162790697674, 90.0990099009901, 95.82484725050917, 87.66816143497758, 93.42379958246346, 92.60700389105058, 83.5728952772074, 84.83647175421208], [97.65306122448979, 97.18061674008811, 72.96511627906976, 90.4950495049505, 93.68635437881873, 88.67713004484305, 95.72025052192066, 91.53696498054475, 88.60369609856262, 89.49454905847374], [98.06122448979592, 97.5330396475771, 67.82945736434108, 92.97029702970298, 95.82484725050917, 88.11659192825113, 95.09394572025052, 92.31517509727627, 87.47433264887064, 87.21506442021804], [97.85714285714286, 97.70925110132158, 68.21705426356588, 93.16831683168317, 96.02851323828921, 89.34977578475336, 96.13778705636743, 92.99610894941634, 87.06365503080082, 88.800792864222], [97.85714285714286, 97.97356828193833, 10.271317829457365, 94.75247524752476, 96.94501018329939, 90.13452914798206, 96.5553235908142, 92.50972762645914, 86.44763860369609, 87.21506442021804], [98.06122448979592, 98.59030837004406, 81.68604651162791, 93.16831683168317, 95.72301425661914, 92.152466367713, 96.45093945720251, 94.8443579766537, 87.782340862423, 88.30525272547077], [97.85714285714286, 98.14977973568281, 87.59689922480621, 94.25742574257426, 95.31568228105907, 90.47085201793722, 96.34655532359082, 92.50972762645914, 91.17043121149898, 90.68384539147671], [98.06122448979592, 98.23788546255507, 79.06976744186046, 94.85148514851485, 96.94501018329939, 91.25560538116592, 96.24217118997912, 94.16342412451363, 88.70636550308008, 89.09811694747275], [97.95918367346938, 98.06167400881057, 57.36434108527132, 93.86138613861387, 94.60285132382892, 92.04035874439462, 96.86847599164926, 94.74708171206225, 90.86242299794661, 92.36868186323092], [97.95918367346938, 98.06167400881057, 86.24031007751938, 95.64356435643565, 95.82484725050917, 90.13452914798206, 97.07724425887265, 93.96887159533074, 91.17043121149898, 91.67492566897918], [98.16326530612245, 98.41409691629956, 37.3062015503876, 93.46534653465346, 95.62118126272912, 92.71300448430493, 96.24217118997912, 93.77431906614785, 90.24640657084188, 93.65708622398414], [98.06122448979592, 98.59030837004406, 86.43410852713178, 93.66336633663366, 95.62118126272912, 93.83408071748879, 96.86847599164926, 94.55252918287938, 92.91581108829568, 91.2784935579782], [97.95918367346938, 98.76651982378854, 18.6046511627907, 94.45544554455445, 96.74134419551935, 92.9372197309417, 96.86847599164926, 94.26070038910505, 92.09445585215606, 91.47670961347869], [98.46938775510205, 98.50220264317181, 82.84883720930233, 94.65346534653466, 96.33401221995926, 93.16143497757848, 96.5553235908142, 94.55252918287938, 92.19712525667352, 91.77403369672943], [98.36734693877551, 99.03083700440529, 83.13953488372093, 94.75247524752476, 96.33401221995926, 94.17040358744394, 96.34655532359082, 93.67704280155642, 92.71047227926078, 92.07135777998018], [97.65306122448979, 98.8546255506608, 18.023255813953487, 94.35643564356435, 96.63951120162933, 94.5067264573991, 96.86847599164926, 95.03891050583658, 91.68377823408625, 91.97224975222993], [98.36734693877551, 98.50220264317181, 81.2015503875969, 95.34653465346534, 96.63951120162933, 93.49775784753363, 96.5553235908142, 95.03891050583658, 92.40246406570841, 91.57581764122894], [98.36734693877551, 98.50220264317181, 4.166666666666667, 95.34653465346534, 96.23217922606925, 93.94618834080717, 95.51148225469728, 93.96887159533074, 93.63449691991786, 93.45887016848364], [98.06122448979592, 98.50220264317181, 73.93410852713178, 94.95049504950495, 96.84317718940937, 95.62780269058295, 96.45093945720251, 94.55252918287938, 92.50513347022587, 91.97224975222993], [98.87755102040816, 98.59030837004406, 84.30232558139535, 95.34653465346534, 96.43584521384929, 94.17040358744394, 96.34655532359082, 95.42801556420234, 91.9917864476386, 91.67492566897918], [98.16326530612245, 98.32599118942731, 85.17441860465117, 94.85148514851485, 96.02851323828921, 93.38565022421524, 97.49478079331942, 95.52529182879377, 94.04517453798768, 92.36868186323092], [98.6734693877551, 98.59030837004406, 82.46124031007751, 95.34653465346534, 96.23217922606925, 93.49775784753363, 97.07724425887265, 93.28793774319067, 94.55852156057495, 92.46778989098117], [98.06122448979592, 98.06167400881057, 87.5, 94.95049504950495, 96.63951120162933, 93.72197309417041, 97.07724425887265, 95.52529182879377, 94.96919917864476, 92.9633300297324]],