{"config": {"DATASET": "mnist", "TOTAL_CLIENTS": 100, "CLIENT_FRAC": 0.2, "POISON_FRAC": 0.3, "CREATE_DATASET": true, "RANDOM_DATA": true, "CLASS_RATIO": 10, "MODEL": "nnet", "LEARNING_RATE": 0.001, "BATCH_SIZE": 32, "LOCAL_EPOCHS": 10, "OPTIMIZER": "adam", "FED_ROUNDS": 30, "TEST_EVERY": 1, "RANDOM_PROCESS": false, "COS_DEFENCE": false, "SEL_METHOD": 1, "REDUCE_LR": 1, "COLLAB_MODE": true, "COLLAB_ALL": true, "CONSIDER_LAYERS": "l1", "GRAD_AGG": true, "FEATURE_FINDING_ALGO": "auror", "GRAD_COLLECTION_START": 0, "GRAD_COLLECT_FOR": -1, "CLUSTER_SEP": 0.002, "ALPHA": 0.8, "BETA": 0.8, "GAMMA": 0.1, "TRUST_INC": 2, "TRUST_CUT_METHOD": 1, "HONEST_PARDON_FACTOR": 0.7, "LOG_LEVEL": "INFO", "JSON_RESULTS": true}, "mean_poison_class_acc": 72.75193798449612, "mean_attack_srate": 3.27906976744186, "total_accuracies": [47.7, 64.96, 76.4, 84.16, 85.66, 88.48, 88.48, 89.07, 90.88, 90.5, 91.39, 91.18, 91.36, 92.19, 92.36, 92.56, 93.75, 87.83, 93.95, 92.6, 93.72, 94.38, 94.38, 93.03, 94.99, 89.47, 94.93, 93.53, 94.88, 90.15], "class_accuracies": [[97.34693877551021, 80.88105726872247, 0.0, 50.396039603960396, 92.87169042769857, 30.381165919282513, 7.828810020876826, 80.25291828793775, 31.416837782340863, 0.0], [97.95918367346938, 98.94273127753304, 8.13953488372093, 81.68316831683168, 89.40936863543789, 80.15695067264573, 71.08559498956159, 87.15953307392996, 25.359342915811087, 8.622398414271556], [97.24489795918367, 97.70925110132158, 7.848837209302325, 84.15841584158416, 95.72301425661914, 76.90582959641256, 92.17118997912317, 90.36964980544747, 72.58726899383984, 49.75222993062438], [97.04081632653062, 98.23788546255507, 52.03488372093023, 85.04950495049505, 91.5478615071283, 86.65919282511211, 91.54488517745303, 89.29961089494164, 76.28336755646818, 73.73637264618434], [97.04081632653062, 97.26872246696036, 52.713178294573645, 89.8019801980198, 95.92668024439918, 81.39013452914799, 92.48434237995825, 90.95330739299611, 80.59548254620123, 77.89890981169475], [97.55102040816327, 97.09251101321586, 71.22093023255815, 87.32673267326733, 94.80651731160896, 83.96860986547085, 93.31941544885177, 91.53696498054475, 83.67556468172485, 83.54806739345887], [97.85714285714286, 98.41409691629956, 72.77131782945736, 90.0, 96.13034623217922, 88.34080717488789, 93.0062630480167, 89.88326848249027, 81.82751540041068, 76.1149653121903], [98.16326530612245, 97.62114537444934, 65.50387596899225, 91.48514851485149, 96.5376782077393, 87.21973094170404, 93.1106471816284, 91.63424124513618, 83.47022587268994, 85.62933597621408], [97.65306122448979, 97.26872246696036, 76.64728682170542, 88.81188118811882, 93.27902240325865, 88.67713004484305, 95.30271398747391, 91.05058365758755, 89.73305954825462, 90.08919722497522], [98.26530612244898, 97.62114537444934, 70.25193798449612, 93.16831683168317, 96.02851323828921, 85.53811659192826, 95.51148225469728, 91.73151750972762, 88.19301848049281, 88.20614469772052], [98.06122448979592, 97.70925110132158, 76.64728682170542, 91.08910891089108, 96.02851323828921, 89.91031390134529, 95.61586638830897, 91.43968871595331, 88.19301848049281, 88.9990089197225], [97.85714285714286, 97.88546255506608, 71.31782945736434, 93.96039603960396, 96.5376782077393, 89.12556053811659, 96.24217118997912, 91.63424124513618, 88.50102669404518, 88.60257680872151], [97.85714285714286, 97.97356828193833, 70.05813953488372, 93.86138613861387, 95.62118126272912, 89.91031390134529, 96.13778705636743, 93.28793774319067, 89.21971252566735, 89.59365708622398], [98.16326530612245, 98.14977973568281, 73.93410852713178, 93.56435643564356, 95.11201629327903, 90.24663677130044, 96.34655532359082, 93.67704280155642, 90.86242299794661, 91.67492566897918], [98.16326530612245, 97.88546255506608, 75.0, 93.36633663366337, 96.13034623217922, 91.70403587443946, 96.24217118997912, 93.3852140077821, 92.19712525667352, 89.59365708622398], [97.55102040816327, 98.06167400881057, 74.90310077519379, 91.88118811881188, 94.39918533604887, 92.60089686098655, 96.5553235908142, 94.8443579766537, 92.19712525667352, 92.66600594648166], [98.06122448979592, 98.06167400881057, 86.04651162790698, 94.55445544554455, 95.72301425661914, 89.12556053811659, 96.97286012526096, 94.06614785992218, 92.09445585215606, 92.17046580773042], [97.95918367346938, 98.14977973568281, 29.55426356589147, 91.68316831683168, 95.41751527494908, 93.38565022421524, 95.51148225469728, 93.28793774319067, 91.06776180698152, 93.85530227948463], [97.85714285714286, 98.41409691629956, 89.24418604651163, 90.79207920792079, 96.43584521384929, 93.60986547085201, 96.76409185803757, 93.28793774319067, 93.94250513347022, 88.9990089197225], [97.75510204081633, 98.41409691629956, 71.60852713178295, 92.67326732673267, 96.13034623217922, 93.60986547085201, 96.45093945720251, 93.96887159533074, 92.91581108829568, 92.76511397423191], [98.36734693877551, 98.41409691629956, 80.9108527131783, 93.16831683168317, 95.92668024439918, 93.27354260089686, 96.5553235908142, 94.26070038910505, 93.63449691991786, 92.66600594648166], [98.46938775510205, 98.76651982378854, 86.33720930232558, 93.66336633663366, 95.92668024439918, 93.04932735426009, 95.82463465553236, 94.64980544747081, 93.53182751540041, 93.26065411298315], [98.06122448979592, 98.50220264317181, 85.56201550387597, 93.46534653465346, 96.43584521384929, 93.94618834080717, 96.76409185803757, 95.03891050583658, 93.83983572895278, 92.07135777998018], [98.46938775510205, 98.23788546255507, 72.28682170542636, 94.05940594059406, 96.84317718940937, 94.17040358744394, 96.86847599164926, 94.45525291828794, 94.04517453798768, 91.2784935579782], [98.6734693877551, 98.32599118942731, 89.53488372093024, 94.15841584158416, 96.23217922606925, 94.39461883408072, 95.82463465553236, 94.3579766536965, 94.96919917864476, 93.26065411298315], [97.34693877551021, 98.59030837004406, 37.7906976744186, 93.86138613861387, 96.84317718940937, 95.17937219730942, 96.03340292275574, 94.16342412451363, 93.01848049281314, 93.3597621407334], [98.6734693877551, 98.50220264317181, 89.63178294573643, 94.55445544554455, 96.63951120162933, 93.94618834080717, 96.5553235908142, 95.62256809338521, 93.42915811088295, 91.47670961347869], [98.36734693877551, 98.14977973568281, 74.8062015503876, 95.34653465346534, 95.92668024439918, 92.71300448430493, 97.07724425887265, 95.3307392996109, 94.35318275154005, 93.3597621407334], [98.6734693877551, 98.32599118942731, 86.9186046511628, 94.95049504950495, 96.43584521384929, 92.60089686098655, 96.97286012526096, 94.64980544747081, 95.7905544147844, 93.26065411298315], [98.16326530612245, 98.14977973568281, 40.310077519379846, 94.75247524752476, 96.94501018329939, 93.49775784753363, 97.39039665970772, 95.62256809338521, 95.07186858316221, 92.9633300297324]],