{"config": {"DATASET": "mnist", "TOTAL_CLIENTS": 100, "CLIENT_FRAC": 0.1, "POISON_FRAC": 0.1, "CREATE_DATASET": true, "RANDOM_DATA": true, "CLASS_RATIO": 10, "MODEL": "nnet", "LEARNING_RATE": 0.001, "BATCH_SIZE": 32, "LOCAL_EPOCHS": 10, "OPTIMIZER": "adam", "FED_ROUNDS": 30, "TEST_EVERY": 1, "RANDOM_PROCESS": true, "COS_DEFENCE": false, "SEL_METHOD": 1, "REDUCE_LR": 1, "COLLAB_MODE": true, "COLLAB_ALL": true, "CONSIDER_LAYERS": "l1", "GRAD_AGG": true, "FEATURE_FINDING_ALGO": "auror", "GRAD_COLLECTION_START": 0, "GRAD_COLLECT_FOR": -1, "CLUSTER_SEP": 0.005, "ALPHA": 0.8, "BETA": 0.8, "GAMMA": 0.1, "TRUST_INC": 2, "TRUST_CUT_METHOD": 1, "HONEST_PARDON_FACTOR": 0.7, "LOG_LEVEL": "INFO", "JSON_RESULTS": true}, "mean_poison_class_acc": 78.52713178294574, "mean_attack_srate": 3.1686046511627906, "total_accuracies": [50.52, 72.32, 83.31, 86.69, 88.59, 89.47, 90.5, 88.68, 90.13, 91.16, 92.32, 89.48, 91.59, 93.45, 92.53, 91.47, 93.25, 93.04, 93.42, 93.81, 90.36, 92.92, 94.02, 93.68, 93.01, 91.14, 93.26, 93.26, 95.01, 94.23], "class_accuracies": [[97.85714285714286, 99.11894273127753, 0.29069767441860467, 71.08910891089108, 0.0, 10.31390134529148, 81.10647181628393, 0.0, 72.58726899383984, 66.50148662041626], [96.93877551020408, 97.26872246696036, 62.98449612403101, 89.10891089108911, 73.42158859470469, 47.309417040358746, 93.42379958246346, 56.6147859922179, 74.435318275154, 28.047571853320118], [94.08163265306122, 98.14977973568281, 70.73643410852713, 87.12871287128714, 80.85539714867618, 73.65470852017937, 95.51148225469728, 86.08949416342412, 79.46611909650925, 65.41129831516353], [97.04081632653062, 96.65198237885463, 74.90310077519379, 88.01980198019803, 85.74338085539715, 74.88789237668162, 92.37995824634656, 89.2023346303502, 82.03285420944559, 84.0436075322101], [97.14285714285714, 97.18061674008811, 84.59302325581395, 85.44554455445545, 94.5010183299389, 85.20179372197309, 92.58872651356994, 88.61867704280155, 79.7741273100616, 79.78196233894946], [97.44897959183673, 98.32599118942731, 85.36821705426357, 93.46534653465346, 88.18737270875764, 81.50224215246637, 94.1544885177453, 87.7431906614786, 78.54209445585215, 88.10703666997027], [97.85714285714286, 97.26872246696036, 87.3062015503876, 90.0, 90.22403258655804, 84.86547085201794, 93.84133611691023, 89.29961089494164, 82.85420944558521, 90.18830525272547], [97.75510204081633, 97.00440528634361, 63.372093023255815, 86.43564356435644, 94.60285132382892, 91.59192825112108, 92.90187891440502, 88.2295719844358, 87.47433264887064, 87.90882061446978], [97.95918367346938, 96.91629955947137, 79.26356589147287, 88.01980198019803, 96.33401221995926, 91.4798206278027, 91.02296450939457, 90.36964980544747, 81.93018480492813, 87.71060455896928], [97.65306122448979, 97.97356828193833, 73.83720930232558, 94.25742574257426, 93.17718940936864, 89.68609865470852, 94.05010438413362, 90.6614785992218, 87.37166324435319, 92.56689791873141], [98.16326530612245, 97.97356828193833, 85.65891472868218, 92.47524752475248, 95.51934826883911, 90.47085201793722, 94.57202505219206, 92.12062256809338, 87.88501026694045, 87.80971258671953], [98.26530612244898, 98.6784140969163, 58.72093023255814, 94.15841584158416, 95.51934826883911, 88.2286995515695, 93.31941544885177, 92.31517509727627, 83.67556468172485, 91.67492566897918], [98.16326530612245, 97.97356828193833, 74.70930232558139, 94.05940594059406, 96.33401221995926, 90.80717488789237, 93.94572025052192, 93.3852140077821, 87.47433264887064, 88.800792864222], [97.95918367346938, 97.79735682819383, 89.72868217054264, 95.74257425742574, 96.5376782077393, 89.23766816143498, 95.30271398747391, 92.02334630350195, 90.4517453798768, 88.9990089197225], [98.46938775510205, 98.41409691629956, 81.97674418604652, 96.13861386138613, 95.41751527494908, 89.23766816143498, 95.09394572025052, 91.73151750972762, 85.93429158110882, 92.17046580773042], [98.26530612244898, 98.06167400881057, 72.86821705426357, 96.43564356435644, 96.94501018329939, 90.80717488789237, 93.1106471816284, 92.12062256809338, 86.24229979466119, 89.59365708622398], [97.85714285714286, 97.79735682819383, 87.59689922480621, 94.05940594059406, 95.31568228105907, 90.5829596412556, 94.1544885177453, 93.57976653696498, 87.98767967145791, 92.86422200198216], [98.36734693877551, 98.6784140969163, 83.81782945736434, 95.64356435643565, 96.84317718940937, 91.4798206278027, 92.48434237995825, 93.57976653696498, 88.60369609856262, 90.28741328047572], [97.75510204081633, 98.94273127753304, 84.49612403100775, 96.13861386138613, 97.55600814663951, 90.69506726457399, 95.19832985386222, 93.09338521400778, 90.55441478439425, 89.197224975223], [98.36734693877551, 97.97356828193833, 85.56201550387597, 95.14851485148515, 96.02851323828921, 93.60986547085201, 94.258872651357, 94.74708171206225, 91.27310061601642, 90.8820614469772], [98.26530612244898, 97.5330396475771, 55.13565891472868, 93.56435643564356, 97.35234215885947, 91.81614349775785, 95.30271398747391, 93.28793774319067, 91.9917864476386, 90.08919722497522], [97.95918367346938, 98.14977973568281, 75.7751937984496, 97.02970297029702, 95.82484725050917, 91.14349775784753, 95.72025052192066, 94.06614785992218, 90.75975359342915, 92.56689791873141], [98.36734693877551, 98.14977973568281, 87.40310077519379, 96.93069306930693, 96.23217922606925, 90.80717488789237, 96.86847599164926, 94.26070038910505, 89.11704312114989, 91.47670961347869], [98.57142857142857, 98.32599118942731, 82.07364341085271, 95.84158415841584, 97.9633401221996, 92.9372197309417, 93.94572025052192, 94.3579766536965, 90.86242299794661, 91.67492566897918], [98.46938775510205, 97.79735682819383, 76.16279069767442, 96.03960396039604, 96.94501018329939, 92.04035874439462, 95.61586638830897, 93.57976653696498, 90.34907597535934, 93.06243805748265], [98.46938775510205, 98.32599118942731, 55.52325581395349, 96.53465346534654, 98.06517311608961, 93.04932735426009, 95.09394572025052, 94.64980544747081, 91.17043121149898, 91.17938553022795], [98.6734693877551, 97.79735682819383, 78.19767441860465, 96.23762376237623, 97.35234215885947, 91.81614349775785, 96.45093945720251, 93.09338521400778, 91.37577002053388, 91.57581764122894], [97.75510204081633, 98.23788546255507, 76.93798449612403, 93.96039603960396, 95.72301425661914, 92.9372197309417, 95.92901878914405, 94.16342412451363, 92.81314168377824, 94.15262636273538], [98.26530612244898, 98.23788546255507, 94.0891472868217, 94.85148514851485, 97.35234215885947, 92.152466367713, 96.34655532359082, 92.41245136186771, 93.22381930184805, 92.66600594648166], [98.06122448979592, 98.50220264317181, 84.10852713178295, 95.54455445544555, 98.06517311608961, 93.94618834080717, 95.4070981210856, 93.96887159533074, 92.29979466119096, 92.26957383548067]],