{"config": {"DATASET": "mnist", "TOTAL_CLIENTS": 100, "CLIENT_FRAC": 0.2, "POISON_FRAC": 0.2, "CREATE_DATASET": false, "RANDOM_DATA": true, "CLASS_RATIO": 10, "MODEL": "nnet", "LEARNING_RATE": 0.001, "BATCH_SIZE": 32, "LOCAL_EPOCHS": 10, "OPTIMIZER": "adam", "FED_ROUNDS": 10, "TEST_EVERY": 1, "RANDOM_PROCESS": false, "COS_DEFENCE": true, "SEL_METHOD": 1, "REDUCE_LR": 1, "COLLAB_MODE": true, "COLLAB_ALL": true, "CONSIDER_LAYERS": "l1", "GRAD_AGG": true, "FEATURE_FINDING_ALGO": "auror", "GRAD_COLLECTION_START": 0, "GRAD_COLLECT_FOR": -1, "CLUSTER_SEP": 0.01, "ALPHA": 0.8, "BETA": 0.8, "GAMMA": 0.1, "TRUST_INC": 2, "TRUST_CUT_METHOD": 1, "HONEST_PARDON_FACTOR": 1.0, "TRUST_MODIFY_STRATEGY": 0, "TRUST_SAMPLING": false, "TRUST_NORMALIZATION": false, "LOG_LEVEL": "ERROR", "JSON_RESULTS": true}, "mean_poison_class_acc": 80.54263565891472, "avg_accs": [47.05, 70.74, 82.48, 85.06, 87.33, 89.51, 89.32, 91.29, 91.17, 91.29], "avg_precisions": [0.6608664730016645, 0.7529453055000549, 0.8329478405506354, 0.8556987563784222, 0.876743186247067, 0.8953821942975395, 0.8951786907509753, 0.9127738814768083, 0.9137400374161316, 0.9143461321442459], "avg_recalls": [0.4705, 0.7074, 0.8248, 0.8506, 0.8733, 0.8951, 0.8932, 0.9129, 0.9117, 0.9129], "avg_f1_scores": [0.42161770164651846, 0.6779193033830646, 0.8198041484810172, 0.8483014621754894, 0.8713838517528917, 0.8944264134421692, 0.8923826500865467, 0.9126246588348739, 0.9112900579977204, 0.9121815350509234], "poison_class_accs": [0.9689922480620154, 17.829457364341085, 66.08527131782945, 62.6937984496124, 68.12015503875969, 80.81395348837209, 76.25968992248062, 89.14728682170542, 78.97286821705427, 77.51937984496124], "poison_class_precisions": [1.0, 0.9787234042553191, 0.9459084604715673, 0.9714714714714715, 0.9643347050754458, 0.9402480270574972, 0.9644607843137255, 0.9172482552342971, 0.9702380952380952, 0.97442143727162], "poison_class_recalls": [0.009689922480620155, 0.17829457364341086, 0.6608527131782945, 0.626937984496124, 0.6812015503875969, 0.8081395348837209, 0.7625968992248062, 0.8914728682170543, 0.7897286821705426, 0.7751937984496124], "poison_class_f1_scores": [0.019193857965451054, 0.3016393442622951, 0.778094694808899, 0.762073027090695, 0.7984099943214082, 0.8692027097446587, 0.8517316017316017, 0.9041769041769042, 0.8707264957264957, 0.8634646519158122], "all_class_metric_vals": [{"cls_accs": [99.59183673469387, 92.42290748898678, 0.9689922480620154, 65.94059405940594, 67.71894093686355, 4.708520179372197, 25.991649269311065, 65.07782101167315, 1.3347022587268993, 36.27353815659068], "cls_precisions": [0.2542328731440479, 0.8208137715179968, 1.0, 0.32220609579100146, 0.6279508970727101, 0.267515923566879, 0.7196531791907514, 0.9202200825309491, 0.8666666666666667, 0.7290836653386454], "cls_recalls": [0.9959183673469387, 0.9242290748898678, 0.009689922480620155, 0.6594059405940594, 0.6771894093686355, 0.04708520179372197, 0.2599164926931106, 0.6507782101167315, 0.013347022587268994, 0.36273538156590684], "cls_f1_scores": [0.4050632911392405, 0.8694571073352674, 0.019193857965451054, 0.4328891777705558, 0.651641352278295, 0.08007626310772163, 0.38190184049079756, 0.7623931623931625, 0.026289180990899903, 0.4844473858371939]}, {"cls_accs": [97.55102040816327, 98.50220264317181, 17.829457364341085, 91.38613861386139, 83.91038696537679, 59.97757847533632, 85.80375782881002, 83.852140077821, 47.63860369609856, 38.25569871159564], "cls_precisions": [0.745128604832424, 0.7508394895903291, 0.9787234042553191, 0.5484254307783719, 0.6377708978328174, 0.7482517482517482, 0.6539379474940334, 0.8217349857006673, 0.8013816925734024, 0.8301075268817204], "cls_recalls": [0.9755102040816327, 0.9850220264317181, 0.17829457364341086, 0.9138613861386139, 0.8391038696537678, 0.5997757847533632, 0.8580375782881002, 0.8385214007782101, 0.47638603696098564, 0.38255698711595637], "cls_f1_scores": [0.8448961555457357, 0.8521341463414634, 0.3016393442622951, 0.6854808763460825, 0.7247141600703606, 0.6658369632856254, 0.7422121896162529, 0.8300433317284546, 0.5975531229877655, 0.5237449118046132]}, {"cls_accs": [96.22448979591837, 97.18061674008811, 66.08527131782945, 87.82178217821782, 89.5112016293279, 69.5067264573991, 91.7536534446764, 90.75875486381322, 79.05544147843942, 54.70763131813677], "cls_precisions": [0.8946869070208728, 0.8816946442845723, 0.9459084604715673, 0.759417808219178, 0.7169657422512234, 0.8299866131191432, 0.8308128544423441, 0.8177037686240141, 0.7707707707707707, 0.8692913385826772], "cls_recalls": [0.9622448979591837, 0.9718061674008811, 0.6608527131782945, 0.8782178217821782, 0.895112016293279, 0.695067264573991, 0.9175365344467641, 0.9075875486381323, 0.7905544147843943, 0.5470763131813677], "cls_f1_scores": [0.927236971484759, 0.9245599329421627, 0.778094694808899, 0.8145087235996327, 0.7961956521739129, 0.7565588773642465, 0.8720238095238095, 0.8603042876901799, 0.7805372529143436, 0.6715328467153284]}, {"cls_accs": [97.04081632653062, 97.18061674008811, 62.6937984496124, 87.72277227722772, 85.74338085539715, 85.98654708520179, 90.29227557411274, 89.10505836575875, 74.74332648870636, 79.38553022794846], "cls_precisions": [0.9074427480916031, 0.8816946442845723, 0.9714714714714715, 0.7903657448706513, 0.8353174603174603, 0.7654690618762475, 0.8871794871794871, 0.8962818003913894, 0.8207440811724915, 0.7852941176470588], "cls_recalls": [0.9704081632653061, 0.9718061674008811, 0.626937984496124, 0.8772277227722772, 0.8574338085539714, 0.8598654708520179, 0.9029227557411273, 0.8910505836575876, 0.7474332648870636, 0.7938553022794846], "cls_f1_scores": [0.9378698224852071, 0.9245599329421627, 0.762073027090695, 0.8315344908493666, 0.8462311557788945, 0.8099260823653642, 0.8949818934299018, 0.8936585365853658, 0.7823750671681892, 0.7895515032035485]}, {"cls_accs": [97.55102040816327, 97.18061674008811, 68.12015503875969, 90.0990099009901, 93.27902240325865, 81.39013452914799, 93.0062630480167, 91.05058365758755, 82.54620123203286, 78.09712586719525], "cls_precisions": [0.9281553398058252, 0.9070723684210527, 0.9643347050754458, 0.8183453237410072, 0.8185880250223414, 0.8571428571428571, 0.8848063555114201, 0.8939828080229226, 0.8121212121212121, 0.8726467331118494], "cls_recalls": [0.9755102040816327, 0.9718061674008811, 0.6812015503875969, 0.900990099009901, 0.9327902240325866, 0.8139013452914798, 0.930062630480167, 0.9105058365758755, 0.8254620123203286, 0.7809712586719524], "cls_f1_scores": [0.9512437810945273, 0.9383241173968524, 0.7984099943214082, 0.8576814326107447, 0.871965730604474, 0.8349626221966647, 0.9068702290076335, 0.9021686746987952, 0.8187372708757638, 0.8242677824267782]}, {"cls_accs": [96.42857142857143, 97.44493392070484, 80.81395348837209, 89.3069306930693, 92.15885947046843, 82.51121076233184, 93.84133611691023, 91.82879377431907, 83.67556468172485, 85.72844400396433], "cls_precisions": [0.9459459459459459, 0.9193682460515378, 0.9402480270574972, 0.8834476003917727, 0.8743961352657005, 0.866902237926973, 0.8936381709741551, 0.8922495274102079, 0.8569926393270242, 0.8728557013118062], "cls_recalls": [0.9642857142857143, 0.9744493392070485, 0.8081395348837209, 0.8930693069306931, 0.9215885947046843, 0.8251121076233184, 0.9384133611691023, 0.9182879377431906, 0.8367556468172485, 0.8572844400396432], "cls_f1_scores": [0.9550277918140475, 0.9461077844311376, 0.8692027097446587, 0.8882323978335794, 0.8973723351512147, 0.8454910970706491, 0.9154786150712833, 0.9050814956855225, 0.8467532467532468, 0.865]}, {"cls_accs": [97.75510204081633, 97.44493392070484, 76.25968992248062, 87.12871287128714, 91.75152749490834, 89.91031390134529, 92.58872651356994, 90.85603112840467, 80.69815195071868, 88.30525272547077], "cls_precisions": [0.9229287090558767, 0.9132947976878613, 0.9644607843137255, 0.8934010152284264, 0.8833333333333333, 0.8158697863682605, 0.8977732793522267, 0.9229249011857708, 0.8713968957871396, 0.8526315789473684],