{"config": {"DATASET": "mnist", "CLIENT_FRAC": 0.2, "POISON_FRAC": 0.0, "CREATE_DATASET": false, "CLASS_RATIO": 10, "MODEL": "nnet", "LEARNING_RATE": 0.001, "BATCH_SIZE": 32, "LOCAL_EPOCHS": 3, "OPTIMIZER": "adam", "FED_ROUNDS": 30, "TEST_EVERY": 1, "RANDOM": true, "COS_DEFENCE": false, "SEL_METHOD": 1, "COLLAB_MODE": true, "COLLAB_ALL": false, "CONSIDER_LAYERS": "l1", "GRAD_AGG": true, "FEATURE_FINDING_ALGO": "auror_plus", "GRAD_COLLECTION_START": 0, "GRAD_COLLECT_FOR": -1, "CLUSTER_SEP": 2.0, "ALPHA": 0.5, "BETA": 0.5, "GAMMA": 0.5, "TRUST_INC": 2, "TRUST_CUT_METHOD": 1, "HONEST_PARDON_FACTOR": 0.99, "LOG_LEVEL": "INFO", "JSON_RESULTS": true}, "mean_poison_class_acc": 85.76356589147287, "mean_attack_srate": 2.9224806201550395, "total_accuracies": [32.39, 37.55, 46.52, 54.01, 65.68, 72.42, 77.81, 80.08, 82.89, 84.57, 85.65, 86.67, 87.09, 88.28, 88.55, 89.2, 89.78, 90.43, 90.57, 90.72, 91.37, 91.76, 91.83, 92.14, 92.18, 92.53, 92.77, 92.72, 92.97, 93.1], "class_accuracies": [[72.55102040816327, 98.6784140969163, 0.0, 24.85148514851485, 1.0183299389002036, 0.0, 0.0, 87.45136186770428, 0.0, 24.578790882061448], [98.26530612244898, 99.38325991189427, 7.655038759689923, 62.67326732673267, 90.83503054989816, 0.0, 0.0, 5.836575875486381, 0.0, 0.0], [97.44897959183673, 99.29515418502203, 47.48062015503876, 77.72277227722772, 87.16904276985743, 5.941704035874439, 13.883089770354905, 24.41634241245136, 0.2053388090349076, 0.0], [95.91836734693878, 99.11894273127753, 54.84496124031008, 82.17821782178218, 93.27902240325865, 9.977578475336323, 77.8705636743215, 6.712062256809339, 12.320328542094456, 0.0], [97.04081632653062, 99.20704845814979, 67.82945736434108, 88.11881188118812, 90.63136456211812, 25.44843049327354, 79.85386221294364, 79.1828793774319, 19.71252566735113, 1.288404360753221], [97.65306122448979, 98.50220264317181, 74.32170542635659, 82.87128712871286, 91.14052953156823, 50.224215246636774, 87.89144050104385, 78.89105058365759, 31.519507186858316, 25.76808721506442], [96.42857142857143, 97.97356828193833, 79.45736434108527, 80.4950495049505, 82.07739307535641, 71.18834080717488, 89.03966597077245, 85.11673151750973, 39.01437371663244, 53.71655104063429], [96.3265306122449, 97.97356828193833, 76.25968992248062, 87.32673267326733, 78.92057026476579, 65.13452914798206, 90.6054279749478, 83.75486381322958, 50.92402464065709, 69.57383548067394], [95.0, 96.2114537444934, 77.13178294573643, 78.81188118811882, 80.95723014256619, 84.75336322869956, 89.97912317327766, 83.26848249027238, 61.70431211498973, 79.68285431119921], [95.51020408163265, 96.12334801762114, 78.00387596899225, 82.67326732673267, 80.85539714867618, 83.74439461883408, 91.9624217118998, 84.63035019455253, 70.84188911704312, 80.0792864222002], [95.71428571428571, 96.12334801762114, 82.26744186046511, 85.14851485148515, 79.12423625254583, 80.71748878923766, 90.81419624217119, 85.11673151750973, 74.12731006160165, 85.53022794846383], [96.83673469387755, 96.12334801762114, 82.36434108527132, 82.97029702970298, 84.5213849287169, 83.5201793721973, 90.91858037578288, 87.7431906614786, 80.49281314168378, 79.98017839444995], [96.12244897959184, 96.2114537444934, 83.43023255813954, 82.57425742574257, 91.14052953156823, 85.20179372197309, 93.0062630480167, 87.2568093385214, 79.87679671457906, 75.22299306243806], [96.93877551020408, 96.12334801762114, 84.88372093023256, 85.44554455445545, 83.80855397148676, 82.95964125560538, 92.37995824634656, 86.86770428015564, 84.39425051334702, 87.71060455896928], [96.73469387755102, 97.00440528634361, 87.20930232558139, 82.87128712871286, 88.08553971486762, 89.34977578475336, 91.8580375782881, 89.6887159533074, 80.08213552361396, 81.76412289395441], [96.42857142857143, 96.91629955947137, 86.82170542635659, 86.53465346534654, 90.52953156822811, 85.87443946188341, 92.37995824634656, 89.29961089494164, 83.47022587268994, 82.65609514370664], [97.44897959183673, 96.74008810572687, 87.8875968992248, 85.34653465346534, 93.38085539714868, 87.89237668161435, 93.21503131524008, 89.00778210116732, 83.77823408624229, 82.3587710604559], [96.83673469387755, 96.82819383259911, 88.75968992248062, 87.42574257425743, 89.81670061099797, 89.12556053811659, 93.94572025052192, 88.61867704280155, 85.21560574948666, 87.01684836471755], [97.44897959183673, 96.12334801762114, 88.66279069767442, 86.43564356435644, 94.90835030549898, 88.11659192825113, 93.73695198329854, 89.59143968871595, 87.57700205338809, 82.55698711595639], [96.93877551020408, 97.5330396475771, 87.8875968992248, 88.51485148514851, 92.56619144602851, 88.67713004484305, 93.52818371607516, 89.00778210116732, 82.95687885010267, 88.70168483647176], [97.24489795918367, 97.18061674008811, 88.17829457364341, 92.77227722772277, 92.36252545824847, 87.78026905829596, 94.1544885177453, 89.59143968871595, 84.59958932238193, 88.89990089197225], [97.65306122448979, 97.18061674008811, 90.11627906976744, 87.92079207920793, 95.31568228105907, 90.5829596412556, 94.46764091858037, 90.95330739299611, 86.652977412731, 86.22398414271557], [97.14285714285714, 97.70925110132158, 88.85658914728683, 88.7128712871287, 94.29735234215886, 91.59192825112108, 95.19832985386222, 91.63424124513618, 85.42094455852155, 87.21506442021804], [97.65306122448979, 97.3568281938326, 89.82558139534883, 89.9009900990099, 93.07535641547861, 89.91031390134529, 95.51148225469728, 92.41245136186771, 87.37166324435319, 87.71060455896928], [97.44897959183673, 97.5330396475771, 88.46899224806202, 89.60396039603961, 92.56619144602851, 92.71300448430493, 94.46764091858037, 91.34241245136187, 87.37166324435319, 89.89098116947473], [97.34693877551021, 97.3568281938326, 89.34108527131782, 89.8019801980198, 92.87169042769857, 90.5829596412556, 96.65970772442589, 91.24513618677042, 89.63039014373716, 89.99008919722498], [97.44897959183673, 97.3568281938326, 90.89147286821705, 90.29702970297029, 93.78818737270876, 91.92825112107623, 95.92901878914405, 91.73151750972762, 89.11704312114989, 88.800792864222], [97.14285714285714, 98.06167400881057, 90.11627906976744, 90.5940594059406, 92.66802443991854, 93.94618834080717, 95.30271398747391, 91.53696498054475, 86.55030800821355, 90.8820614469772], [97.44897959183673, 97.3568281938326, 91.47286821705427, 90.4950495049505, 93.38085539714868, 89.57399103139014, 96.45093945720251, 92.12062256809338, 90.14373716632444, 90.58473736372646], [97.24489795918367, 97.88546255506608, 91.47286821705427, 93.16831683168317, 94.5010183299389, 91.14349775784753, 96.45093945720251, 90.75875486381322, 88.09034907597535, 89.69276511397423]],