{"config": {"DATASET": "mnist", "TOTAL_CLIENTS": 100, "CLIENT_FRAC": 0.1, "POISON_FRAC": 0.1, "CREATE_DATASET": true, "RANDOM_DATA": true, "CLASS_RATIO": 10, "MODEL": "nnet", "LEARNING_RATE": 0.001, "BATCH_SIZE": 32, "LOCAL_EPOCHS": 3, "OPTIMIZER": "adam", "FED_ROUNDS": 30, "TEST_EVERY": 1, "RANDOM_PROCESS": true, "COS_DEFENCE": true, "SEL_METHOD": 1, "REDUCE_LR": 1, "COLLAB_MODE": true, "COLLAB_ALL": true, "CONSIDER_LAYERS": "f1l1", "GRAD_AGG": true, "FEATURE_FINDING_ALGO": "auror", "GRAD_COLLECTION_START": 0, "GRAD_COLLECT_FOR": -1, "CLUSTER_SEP": 0.005, "ALPHA": 0.8, "BETA": 0.8, "GAMMA": 0.1, "TRUST_INC": 2, "TRUST_CUT_METHOD": 2, "HONEST_PARDON_FACTOR": 0.99, "LOG_LEVEL": "INFO", "JSON_RESULTS": true}, "mean_poison_class_acc": 79.40891472868216, "mean_attack_srate": 3.1395348837209296, "total_accuracies": [23.26, 26.96, 32.98, 50.38, 60.01, 60.7, 77.16, 77.18, 77.16, 80.84, 84.11, 85.03, 84.24, 86.54, 86.63, 87.39, 87.57, 87.87, 87.87, 88.83, 88.96, 89.28, 88.61, 89.72, 89.17, 89.24, 90.19, 90.89, 91.13, 90.73], "class_accuracies": [[67.55102040816327, 59.38325991189427, 1.937984496124031, 0.0, 0.0, 0.0, 0.0, 0.0, 99.58932238193019, 0.0], [88.36734693877551, 43.9647577092511, 0.0, 98.81188118811882, 0.0, 36.99551569506726, 0.31315240083507306, 0.0, 0.0, 0.0], [99.48979591836735, 99.55947136563877, 6.007751937984496, 54.257425742574256, 11.405295315682281, 0.0, 0.4175365344467641, 0.0, 14.681724845995893, 32.111000991080275], [97.34693877551021, 99.47136563876651, 42.248062015503876, 80.4950495049505, 89.0020366598778, 58.52017937219731, 22.546972860125262, 0.0, 8.932238193018481, 0.6937561942517344], [96.22448979591837, 99.29515418502203, 44.57364341085271, 87.72277227722772, 93.07535641547861, 49.775784753363226, 75.15657620041753, 0.09727626459143969, 11.293634496919918, 39.24677898909812], [95.3061224489796, 97.44493392070484, 60.174418604651166, 66.93069306930693, 1.629327902240326, 74.88789237668162, 82.4634655532359, 3.307392996108949, 27.207392197125255, 95.14370664023787], [96.93877551020408, 98.06167400881057, 73.54651162790698, 87.02970297029702, 84.41955193482688, 59.08071748878924, 86.43006263048017, 79.37743190661479, 41.27310061601643, 60.75322101090188], [96.83673469387755, 95.85903083700441, 70.54263565891473, 92.47524752475248, 84.82688391038697, 52.3542600896861, 85.69937369519833, 86.67315175097276, 45.58521560574949, 55.79781962338949], [96.0204081632653, 98.6784140969163, 51.93798449612403, 89.70297029702971, 61.812627291242364, 56.502242152466366, 89.66597077244259, 85.01945525291829, 49.383983572895275, 88.00792864222002], [96.93877551020408, 98.76651982378854, 75.1937984496124, 84.95049504950495, 56.924643584521384, 70.73991031390135, 88.62212943632568, 84.24124513618678, 59.034907597535934, 89.09811694747275], [97.95918367346938, 96.82819383259911, 76.74418604651163, 80.5940594059406, 80.95723014256619, 79.37219730941705, 92.58872651356994, 86.47859922178988, 68.06981519507187, 79.68285431119921], [97.44897959183673, 96.56387665198238, 78.68217054263566, 83.86138613861387, 79.53156822810591, 76.23318385650224, 93.94572025052192, 88.13229571984436, 73.92197125256673, 79.8810703666997], [96.73469387755102, 95.68281938325991, 69.86434108527132, 77.72277227722772, 95.21384928716904, 86.32286995515695, 89.5615866388309, 89.59143968871595, 78.43942505133471, 63.032705649157585], [97.95918367346938, 96.0352422907489, 86.04651162790698, 84.85148514851485, 87.16904276985743, 76.79372197309416, 89.24843423799582, 91.147859922179, 77.41273100616016, 76.51139742319128], [98.16326530612245, 96.38766519823788, 76.64728682170542, 86.03960396039604, 87.9837067209776, 79.37219730941705, 91.02296450939457, 88.13229571984436, 78.02874743326488, 82.95341922695738], [97.34693877551021, 96.38766519823788, 79.16666666666667, 86.13861386138613, 90.83503054989816, 83.5201793721973, 90.91858037578288, 85.99221789883268, 81.21149897330595, 81.36769078295342], [97.34693877551021, 95.85903083700441, 82.94573643410853, 81.48514851485149, 83.09572301425662, 87.4439461883408, 92.58872651356994, 85.89494163424125, 80.80082135523614, 87.51238850346878], [97.34693877551021, 96.74008810572687, 78.00387596899225, 86.23762376237623, 85.84521384928716, 80.60538116591928, 93.63256784968685, 88.81322957198444, 82.23819301848049, 87.80971258671953], [97.95918367346938, 96.56387665198238, 77.71317829457364, 84.45544554455445, 89.30753564154786, 86.21076233183857, 91.12734864300626, 91.82879377431907, 77.51540041067761, 85.0346878097126], [97.34693877551021, 96.74008810572687, 85.17441860465117, 88.11881188118812, 86.65987780040733, 85.42600896860986, 91.7536534446764, 92.50972762645914, 80.59548254620123, 82.65609514370664], [97.75510204081633, 96.82819383259911, 80.71705426356588, 86.33663366336634, 91.75152749490834, 82.62331838565022, 94.05010438413362, 92.21789883268482, 82.85420944558521, 83.25074331020812], [97.55102040816327, 97.26872246696036, 82.55813953488372, 85.24752475247524, 92.56619144602851, 89.23766816143498, 90.29227557411274, 86.57587548638132, 83.47022587268994, 87.41328047571854], [97.65306122448979, 97.62114537444934, 71.89922480620154, 89.8019801980198, 93.07535641547861, 84.75336322869956, 91.44050104384134, 92.02334630350195, 79.97946611909651, 86.81863230921705], [97.95918367346938, 97.44493392070484, 82.26744186046511, 86.73267326732673, 94.29735234215886, 89.57399103139014, 90.91858037578288, 91.82879377431907, 79.67145790554414, 85.72844400396433], [97.65306122448979, 97.62114537444934, 74.70930232558139, 86.93069306930693, 95.51934826883911, 87.33183856502242, 94.1544885177453, 88.81322957198444, 81.51950718685832, 86.9177403369673], [97.65306122448979, 96.91629955947137, 71.41472868217055, 89.20792079207921, 92.66802443991854, 89.23766816143498, 89.87473903966597, 89.59143968871595, 85.1129363449692, 90.38652130822597], [97.95918367346938, 98.14977973568281, 81.3953488372093, 89.20792079207921, 95.62118126272912, 85.65022421524664, 93.31941544885177, 90.95330739299611, 82.34086242299794, 86.22398414271557], [97.85714285714286, 97.62114537444934, 86.7248062015504, 89.9009900990099, 91.5478615071283, 88.00448430493273, 93.31941544885177, 92.12062256809338, 83.16221765913758, 87.61149653121903], [97.04081632653062, 97.79735682819383, 86.04651162790698, 88.11881188118812, 92.9735234215886, 89.23766816143498, 95.72025052192066, 90.56420233463035, 84.59958932238193, 88.50346878097126], [97.95918367346938, 97.88546255506608, 79.45736434108527, 90.0990099009901, 92.9735234215886, 88.56502242152466, 94.78079331941545, 91.63424124513618, 84.08624229979466, 89.197224975223]],