{"config": {"DATASET": "mnist", "TOTAL_CLIENTS": 100, "CLIENT_FRAC": 0.2, "POISON_FRAC": 0.1, "CREATE_DATASET": false, "RANDOM_DATA": true, "CLASS_RATIO": 10, "MODEL": "nnet", "LEARNING_RATE": 0.001, "BATCH_SIZE": 32, "LOCAL_EPOCHS": 10, "OPTIMIZER": "adam", "FED_ROUNDS": 30, "TEST_EVERY": 1, "RANDOM_PROCESS": false, "COS_DEFENCE": true, "SEL_METHOD": 1, "REDUCE_LR": 1, "COLLAB_MODE": true, "COLLAB_ALL": true, "CONSIDER_LAYERS": "l1", "GRAD_AGG": true, "FEATURE_FINDING_ALGO": "auror", "GRAD_COLLECTION_START": 0, "GRAD_COLLECT_FOR": -1, "CLUSTER_SEP": 0.002, "ALPHA": 0.8, "BETA": 0.8, "GAMMA": 0.1, "TRUST_INC": 2, "TRUST_CUT_METHOD": 1, "HONEST_PARDON_FACTOR": 0.7, "LOG_LEVEL": "INFO", "JSON_RESULTS": true}, "mean_poison_class_acc": 85.27131782945736, "mean_attack_srate": 3.050387596899225, "total_accuracies": [49.56, 70.74, 81.9, 86.62, 88.74, 89.56, 90.27, 90.94, 91.54, 91.54, 92.24, 92.6, 91.22, 93.12, 93.19, 93.69, 93.0, 94.1, 93.86, 92.96, 94.21, 93.89, 93.83, 95.02, 94.65, 95.06, 95.23, 95.14, 94.99, 95.2], "class_accuracies": [[99.28571428571429, 90.48458149779735, 1.4534883720930232, 55.445544554455445, 66.19144602851324, 25.336322869955158, 29.958246346555324, 25.19455252918288, 42.299794661190965, 54.21209117938553], [97.24489795918367, 98.6784140969163, 45.445736434108525, 91.58415841584159, 82.07739307535641, 62.66816143497758, 80.06263048016702, 89.78599221789884, 36.03696098562629, 19.920713577799802], [96.42857142857143, 98.32599118942731, 66.76356589147287, 90.0, 86.76171079429736, 63.67713004484305, 89.97912317327766, 92.31517509727627, 75.05133470225873, 56.39246778989098], [96.53061224489795, 97.70925110132158, 75.1937984496124, 89.5049504950495, 84.41955193482688, 84.97757847533633, 91.02296450939457, 90.85603112840467, 73.92197125256673, 80.67393458870168], [97.44897959183673, 97.26872246696036, 81.68604651162791, 90.0, 92.15885947046843, 82.0627802690583, 91.64926931106471, 92.60700389105058, 81.21149897330595, 79.78196233894946], [97.14285714285714, 97.62114537444934, 84.01162790697674, 89.60396039603961, 87.88187372708758, 80.04484304932735, 94.1544885177453, 91.73151750972762, 82.85420944558521, 88.70168483647176], [97.55102040816327, 97.88546255506608, 83.52713178294573, 91.58415841584159, 92.66802443991854, 81.50224215246637, 94.36325678496868, 90.6614785992218, 82.64887063655031, 88.70168483647176], [97.24489795918367, 97.88546255506608, 83.62403100775194, 90.99009900990099, 93.27902240325865, 87.78026905829596, 94.1544885177453, 92.41245136186771, 83.67556468172485, 87.41328047571854], [97.44897959183673, 97.79735682819383, 83.13953488372093, 92.07920792079207, 89.71486761710794, 87.10762331838565, 93.94572025052192, 91.63424124513618, 87.88501026694045, 93.65708622398414], [98.06122448979592, 98.14977973568281, 80.32945736434108, 92.97029702970298, 91.95519348268839, 86.65919282511211, 93.84133611691023, 93.3852140077821, 86.55030800821355, 92.46778989098117], [97.44897959183673, 98.50220264317181, 83.72093023255815, 92.67326732673267, 94.19551934826885, 88.78923766816143, 95.30271398747391, 92.8988326848249, 87.06365503080082, 90.98116947472745], [97.85714285714286, 98.32599118942731, 83.13953488372093, 90.39603960396039, 94.90835030549898, 90.80717488789237, 94.57202505219206, 93.09338521400778, 90.14373716632444, 92.26957383548067], [97.65306122448979, 98.50220264317181, 70.25193798449612, 94.25742574257426, 95.010183299389, 88.67713004484305, 93.52818371607516, 94.06614785992218, 87.37166324435319, 92.36868186323092], [98.57142857142857, 98.76651982378854, 85.94961240310077, 93.76237623762377, 94.90835030549898, 91.3677130044843, 93.63256784968685, 93.19066147859922, 88.80903490759754, 91.57581764122894], [98.06122448979592, 98.14977973568281, 84.20542635658914, 91.88118811881188, 94.39918533604887, 91.25560538116592, 94.46764091858037, 93.8715953307393, 91.88911704312115, 93.26065411298315], [97.34693877551021, 98.76651982378854, 88.75968992248062, 94.35643564356435, 94.39918533604887, 90.35874439461884, 95.92901878914405, 93.48249027237354, 89.83572895277207, 92.86422200198216], [97.95918367346938, 98.76651982378854, 80.13565891472868, 92.97029702970298, 94.60285132382892, 92.37668161434978, 94.88517745302714, 94.64980544747081, 89.3223819301848, 93.95441030723488], [97.85714285714286, 98.76651982378854, 89.92248062015504, 94.25742574257426, 94.60285132382892, 90.5829596412556, 95.72025052192066, 94.94163424124514, 90.65708418891171, 92.86422200198216], [98.36734693877551, 98.76651982378854, 84.01162790697674, 95.54455445544555, 95.92668024439918, 90.5829596412556, 94.98956158663883, 95.3307392996109, 91.27310061601642, 93.1615460852329], [98.6734693877551, 98.6784140969163, 77.03488372093024, 94.35643564356435, 93.58452138492872, 91.92825112107623, 95.61586638830897, 93.8715953307393, 91.17043121149898, 94.44995044598612], [98.26530612244898, 98.76651982378854, 86.7248062015504, 95.44554455445545, 93.07535641547861, 91.70403587443946, 96.13778705636743, 95.8171206225681, 91.47843942505133, 94.05351833498513], [98.26530612244898, 98.76651982378854, 84.10852713178295, 93.66336633663366, 95.51934826883911, 92.26457399103138, 96.5553235908142, 94.26070038910505, 91.06776180698152, 94.05351833498513], [98.36734693877551, 98.8546255506608, 82.65503875968992, 95.54455445544555, 96.94501018329939, 92.04035874439462, 95.82463465553236, 93.8715953307393, 90.4517453798768, 93.3597621407334], [98.06122448979592, 98.76651982378854, 93.21705426356588, 95.54455445544555, 96.02851323828921, 91.81614349775785, 96.24217118997912, 94.64980544747081, 92.29979466119096, 92.86422200198216], [98.6734693877551, 98.76651982378854, 86.7248062015504, 96.53465346534654, 95.51934826883911, 90.69506726457399, 96.5553235908142, 95.3307392996109, 92.91581108829568, 94.15262636273538], [98.77551020408163, 98.8546255506608, 92.34496124031008, 94.95049504950495, 95.92668024439918, 92.04035874439462, 96.45093945720251, 93.96887159533074, 92.81314168377824, 93.85530227948463], [98.46938775510205, 98.6784140969163, 92.44186046511628, 96.03960396039604, 96.13034623217922, 92.82511210762331, 96.34655532359082, 93.8715953307393, 93.1211498973306, 93.85530227948463], [97.95918367346938, 98.76651982378854, 93.21705426356588, 96.23762376237623, 96.23217922606925, 92.60089686098655, 96.65970772442589, 93.28793774319067, 91.17043121149898, 94.64816650148661], [98.57142857142857, 98.8546255506608, 89.14728682170542, 95.04950495049505, 95.51934826883911, 92.71300448430493, 95.61586638830897, 96.01167315175097, 93.01848049281314, 94.84638255698711], [98.6734693877551, 98.6784140969163, 89.43798449612403, 95.64356435643565, 95.62118126272912, 92.82511210762331, 95.82463465553236, 95.71984435797665, 93.73716632443532, 95.34192269573836]],