{"config": {"DATASET": "mnist", "TOTAL_CLIENTS": 100, "CLIENT_FRAC": 0.2, "POISON_FRAC": 0.4, "CREATE_DATASET": true, "RANDOM_DATA": true, "CLASS_RATIO": 10, "MODEL": "nnet", "LEARNING_RATE": 0.001, "BATCH_SIZE": 32, "LOCAL_EPOCHS": 10, "OPTIMIZER": "adam", "FED_ROUNDS": 30, "TEST_EVERY": 1, "RANDOM_PROCESS": false, "COS_DEFENCE": false, "SEL_METHOD": 1, "REDUCE_LR": 1, "COLLAB_MODE": true, "COLLAB_ALL": true, "CONSIDER_LAYERS": "l1", "GRAD_AGG": true, "FEATURE_FINDING_ALGO": "auror", "GRAD_COLLECTION_START": 0, "GRAD_COLLECT_FOR": -1, "CLUSTER_SEP": 0.002, "ALPHA": 0.8, "BETA": 0.8, "GAMMA": 0.1, "TRUST_INC": 2, "TRUST_CUT_METHOD": 1, "HONEST_PARDON_FACTOR": 0.7, "LOG_LEVEL": "INFO", "JSON_RESULTS": true}, "mean_poison_class_acc": 54.782945736434115, "mean_attack_srate": 3.74031007751938, "total_accuracies": [51.9, 63.75, 80.23, 85.01, 84.5, 86.03, 87.95, 86.51, 91.22, 87.59, 84.94, 91.03, 90.74, 92.08, 84.33, 93.25, 88.24, 91.87, 88.28, 92.47, 90.75, 93.59, 88.19, 93.87, 87.43, 94.51, 85.92, 94.55, 88.93, 94.69], "class_accuracies": [[97.34693877551021, 99.64757709251101, 0.0, 56.93069306930693, 84.82688391038697, 43.60986547085202, 9.812108559498956, 82.68482490272373, 37.37166324435318, 0.0], [98.46938775510205, 98.76651982378854, 3.003875968992248, 77.52475247524752, 91.34419551934828, 81.27802690582959, 70.56367432150313, 85.01945525291829, 25.15400410677618, 5.7482656095143705], [97.04081632653062, 98.32599118942731, 39.92248062015504, 85.94059405940594, 94.29735234215886, 73.20627802690584, 92.17118997912317, 91.53696498054475, 70.63655030800821, 57.97819623389495], [97.14285714285714, 98.14977973568281, 59.593023255813954, 84.05940594059406, 92.26069246435846, 87.89237668161435, 90.81419624217119, 89.49416342412451, 71.35523613963039, 78.88999008919723], [97.65306122448979, 97.97356828193833, 42.92635658914729, 89.60396039603961, 95.41751527494908, 82.51121076233184, 92.69311064718163, 89.98054474708171, 77.00205338809035, 78.98909811694747], [97.55102040816327, 97.09251101321586, 50.0968992248062, 88.81188118811882, 95.21384928716904, 82.95964125560538, 93.73695198329854, 89.49416342412451, 81.41683778234086, 83.74628344895936], [97.65306122448979, 98.76651982378854, 64.05038759689923, 91.08910891089108, 95.11201629327903, 88.45291479820628, 93.0062630480167, 89.98054474708171, 79.7741273100616, 81.26858275520317], [98.26530612244898, 97.97356828193833, 46.22093023255814, 90.29702970297029, 95.92668024439918, 88.67713004484305, 93.21503131524008, 91.24513618677042, 78.74743326488706, 84.83647175421208], [97.75510204081633, 97.00440528634361, 80.71705426356588, 90.1980198019802, 94.5010183299389, 88.45291479820628, 95.82463465553236, 90.46692607003891, 88.19301848049281, 88.70168483647176], [98.06122448979592, 97.79735682819383, 46.12403100775194, 93.96039603960396, 95.72301425661914, 86.21076233183857, 94.258872651357, 91.43968871595331, 85.1129363449692, 87.41328047571854], [97.95918367346938, 97.88546255506608, 17.635658914728683, 93.46534653465346, 95.51934826883911, 88.2286995515695, 94.98956158663883, 92.21789883268482, 82.64887063655031, 90.08919722497522], [98.06122448979592, 97.97356828193833, 72.77131782945736, 94.35643564356435, 96.63951120162933, 89.12556053811659, 95.30271398747391, 91.92607003891051, 88.09034907597535, 85.82755203171457], [97.95918367346938, 97.88546255506608, 66.66666666666667, 94.75247524752476, 95.41751527494908, 88.78923766816143, 96.34655532359082, 94.26070038910505, 86.24229979466119, 88.89990089197225], [98.16326530612245, 97.88546255506608, 74.90310077519379, 94.05940594059406, 95.21384928716904, 90.47085201793722, 96.13778705636743, 93.8715953307393, 90.04106776180699, 89.89098116947473], [97.65306122448979, 97.5330396475771, 0.0, 95.14851485148515, 96.13034623217922, 91.59192825112108, 95.72025052192066, 93.8715953307393, 88.29568788501027, 89.69276511397423], [97.95918367346938, 98.32599118942731, 82.94573643410853, 91.58415841584159, 94.39918533604887, 92.82511210762331, 96.45093945720251, 95.13618677042801, 90.14373716632444, 92.46778989098117], [98.16326530612245, 97.70925110132158, 33.43023255813954, 96.03960396039604, 95.62118126272912, 88.56502242152466, 96.86847599164926, 93.96887159533074, 91.17043121149898, 91.87314172447968], [98.36734693877551, 98.41409691629956, 68.8953488372093, 93.36633663366337, 95.31568228105907, 92.37668161434978, 96.5553235908142, 93.48249027237354, 90.14373716632444, 91.97224975222993], [98.26530612244898, 98.23788546255507, 32.07364341085271, 92.97029702970298, 95.31568228105907, 92.71300448430493, 96.65970772442589, 94.45525291828794, 90.65708418891171, 92.86422200198216], [98.06122448979592, 98.8546255506608, 72.18992248062015, 92.67326732673267, 96.02851323828921, 93.27354260089686, 97.18162839248434, 94.3579766536965, 90.96509240246407, 91.2784935579782], [98.57142857142857, 98.32599118942731, 55.81395348837209, 94.05940594059406, 95.62118126272912, 92.152466367713, 96.34655532359082, 93.96887159533074, 90.65708418891171, 92.56689791873141], [98.46938775510205, 98.59030837004406, 81.3953488372093, 93.36633663366337, 95.21384928716904, 93.27354260089686, 95.82463465553236, 93.67704280155642, 92.19712525667352, 93.75619425173439], [97.85714285714286, 98.8546255506608, 27.228682170542637, 94.45544554455445, 95.92668024439918, 93.27354260089686, 97.28601252609603, 95.62256809338521, 90.86242299794661, 92.07135777998018], [98.57142857142857, 98.32599118942731, 81.2015503875969, 95.24752475247524, 96.23217922606925, 93.94618834080717, 96.76409185803757, 94.94163424124514, 91.68377823408625, 91.77403369672943], [98.06122448979592, 98.14977973568281, 18.8953488372093, 94.85148514851485, 96.33401221995926, 93.49775784753363, 95.92901878914405, 93.77431906614785, 93.42915811088295, 93.3597621407334], [98.26530612244898, 98.32599118942731, 87.40310077519379, 94.05940594059406, 96.5376782077393, 95.4035874439462, 96.5553235908142, 93.96887159533074, 92.09445585215606, 92.46778989098117], [98.77551020408163, 98.50220264317181, 3.5852713178294575, 95.44554455445545, 96.63951120162933, 93.16143497757848, 96.5553235908142, 96.10894941634241, 91.58110882956879, 91.17938553022795], [98.06122448979592, 98.32599118942731, 87.40310077519379, 95.14851485148515, 96.13034623217922, 92.152466367713, 97.59916492693111, 94.26070038910505, 93.53182751540041, 92.56689791873141], [98.57142857142857, 98.41409691629956, 31.589147286821706, 95.84158415841584, 96.43584521384929, 92.71300448430493, 97.39039665970772, 94.45525291828794, 93.22381930184805, 92.17046580773042], [97.95918367346938, 98.06167400881057, 86.33720930232558, 94.75247524752476, 96.94501018329939, 93.16143497757848, 96.97286012526096, 95.91439688715953, 94.55852156057495, 92.07135777998018]],