{"config": {"DATASET": "mnist", "TOTAL_CLIENTS": 100, "CLIENT_FRAC": 0.1, "POISON_FRAC": 0.1, "CREATE_DATASET": true, "CLASS_RATIO": 10, "MODEL": "nnet", "LEARNING_RATE": 0.001, "BATCH_SIZE": 32, "LOCAL_EPOCHS": 3, "OPTIMIZER": "adam", "FED_ROUNDS": 30, "TEST_EVERY": 1, "RANDOM": true, "COS_DEFENCE": true, "SEL_METHOD": 1, "REDUCE_LR": 1, "COLLAB_MODE": true, "COLLAB_ALL": true, "CONSIDER_LAYERS": "l1", "GRAD_AGG": true, "FEATURE_FINDING_ALGO": "auror", "GRAD_COLLECTION_START": 0, "GRAD_COLLECT_FOR": -1, "CLUSTER_SEP": 1.0, "ALPHA": 0.7, "BETA": 0.7, "GAMMA": 0.1, "TRUST_INC": 2, "TRUST_CUT_METHOD": 2, "HONEST_PARDON_FACTOR": 0.99, "LOG_LEVEL": "INFO", "JSON_RESULTS": true}, "mean_poison_class_acc": 81.56976744186046, "mean_attack_srate": 2.9312015503875966, "total_accuracies": [32.69, 36.8, 36.1, 48.61, 57.99, 69.94, 68.33, 72.32, 78.84, 78.27, 81.0, 82.37, 84.99, 85.88, 85.02, 85.39, 87.42, 87.34, 88.11, 88.4, 88.76, 89.36, 88.56, 89.42, 89.91, 90.33, 90.24, 90.37, 88.73, 91.12], "class_accuracies": [[35.714285714285715, 67.40088105726872, 31.3953488372093, 38.31683168316832, 46.33401221995927, 2.4663677130044843, 0.0, 26.945525291828794, 70.73921971252567, 0.0], [97.04081632653062, 95.94713656387665, 6.2015503875969, 18.712871287128714, 42.36252545824847, 2.914798206278027, 0.0, 91.92607003891051, 0.0, 0.0], [97.95918367346938, 99.8237885462555, 42.44186046511628, 0.0, 84.62321792260693, 14.461883408071749, 0.0, 11.575875486381323, 0.0, 0.0], [96.63265306122449, 98.94273127753304, 15.988372093023257, 69.9009900990099, 97.55600814663951, 10.762331838565023, 36.53444676409186, 50.19455252918288, 0.0, 0.0], [96.83673469387755, 99.20704845814979, 0.1937984496124031, 41.881188118811885, 79.938900203666, 41.92825112107624, 72.33820459290187, 68.67704280155642, 27.82340862422998, 46.58077304261645], [96.22448979591837, 99.03083700440529, 69.18604651162791, 84.25742574257426, 92.87169042769857, 37.89237668161435, 83.19415448851774, 81.6147859922179, 42.813141683778234, 5.847373637264618], [97.14285714285714, 98.76651982378854, 32.945736434108525, 83.26732673267327, 92.4643584521385, 32.17488789237668, 91.7536534446764, 84.92217898832685, 59.13757700205339, 5.550049554013875], [97.95918367346938, 97.18061674008811, 63.95348837209303, 90.0, 91.95519348268839, 22.757847533632287, 90.50104384133611, 88.91050583657588, 58.93223819301848, 13.77601585728444], [97.34693877551021, 95.33039647577093, 75.48449612403101, 71.78217821782178, 90.93686354378819, 60.98654708520179, 88.20459290187891, 85.60311284046692, 84.70225872689939, 35.38156590683845], [96.83673469387755, 97.79735682819383, 61.82170542635659, 90.6930693069307, 61.30346232179226, 54.93273542600897, 92.27557411273486, 81.32295719844358, 55.030800821355236, 85.82755203171457], [96.3265306122449, 95.50660792951543, 78.68217054263566, 75.34653465346534, 92.36252545824847, 72.30941704035874, 91.9624217118998, 86.38132295719845, 80.9034907597536, 38.65213082259663], [95.10204081632654, 97.3568281938326, 62.6937984496124, 83.76237623762377, 81.26272912423626, 75.33632286995515, 90.50104384133611, 86.67315175097276, 69.81519507186859, 79.18731417244797], [96.12244897959184, 96.74008810572687, 84.20542635658914, 86.83168316831683, 83.40122199592668, 73.76681614349776, 90.50104384133611, 86.57587548638132, 71.97125256673512, 77.10604558969277], [97.14285714285714, 95.77092511013215, 85.07751937984496, 82.57425742574257, 82.07739307535641, 76.90582959641256, 93.21503131524008, 85.40856031128405, 79.67145790554414, 79.08820614469772], [96.3265306122449, 95.85903083700441, 82.46124031007751, 81.48514851485149, 93.68635437881873, 78.9237668161435, 91.8580375782881, 89.98054474708171, 83.67556468172485, 54.70763131813677], [97.24489795918367, 96.0352422907489, 68.02325581395348, 79.70297029702971, 88.69653767820773, 80.04484304932735, 90.29227557411274, 87.06225680933852, 85.62628336755647, 80.2775024777007], [97.44897959183673, 96.12334801762114, 86.33720930232558, 81.88118811881188, 88.90020366598777, 80.38116591928251, 93.42379958246346, 88.52140077821012, 81.62217659137578, 78.09712586719525], [97.85714285714286, 97.09251101321586, 78.77906976744185, 90.79207920792079, 89.81670061099797, 76.34529147982063, 90.81419624217119, 89.98054474708171, 80.28747433264887, 79.58374628344896], [96.73469387755102, 95.24229074889868, 88.0813953488372, 83.86138613861387, 84.11405295315683, 80.94170403587444, 90.6054279749478, 89.59143968871595, 83.88090349075975, 86.42220019821606], [96.83673469387755, 96.38766519823788, 85.17441860465117, 84.25742574257426, 92.66802443991854, 81.72645739910314, 91.7536534446764, 89.59143968871595, 85.72895277207392, 78.59266600594648], [96.83673469387755, 97.18061674008811, 81.1046511627907, 86.93069306930693, 88.79837067209776, 82.51121076233184, 91.7536534446764, 90.1750972762646, 86.44763860369609, 84.53914767096134], [96.12244897959184, 96.0352422907489, 85.27131782945736, 89.70297029702971, 89.81670061099797, 82.51121076233184, 93.31941544885177, 89.10505836575875, 86.03696098562628, 84.4400396432111], [96.63265306122449, 96.74008810572687, 76.16279069767442, 87.82178217821782, 92.36252545824847, 78.47533632286995, 93.52818371607516, 87.2568093385214, 88.91170431211499, 86.42220019821606], [96.73469387755102, 96.29955947136564, 84.59302325581395, 84.25742574257426, 88.18737270875764, 88.34080717488789, 92.27557411273486, 90.95330739299611, 87.88501026694045, 84.0436075322101], [97.95918367346938, 97.26872246696036, 85.65891472868218, 86.83168316831683, 90.32586558044807, 85.42600896860986, 94.258872651357, 87.64591439688716, 83.77823408624229, 88.89990089197225], [96.93877551020408, 97.09251101321586, 87.40310077519379, 91.2871287128713, 89.71486761710794, 83.96860986547085, 92.79749478079331, 90.6614785992218, 85.93429158110882, 86.12487611496532], [97.34693877551021, 97.26872246696036, 85.75581395348837, 87.52475247524752, 93.9918533604888, 83.5201793721973, 94.78079331941545, 88.91050583657588, 87.37166324435319, 84.83647175421208], [96.73469387755102, 96.82819383259911, 86.62790697674419, 87.22772277227723, 86.25254582484725, 88.2286995515695, 94.57202505219206, 89.88326848249027, 86.03696098562628, 90.48562933597621], [97.24489795918367, 96.65198237885463, 73.15891472868218, 82.27722772277228, 94.70468431771894, 90.13452914798206, 94.36325678496868, 87.15953307392996, 84.18891170431212, 87.51238850346878], [97.55102040816327, 96.65198237885463, 86.14341085271317, 92.37623762376238, 93.38085539714868, 86.21076233183857, 93.52818371607516, 91.05058365758755, 86.24229979466119, 87.1159563924678]],