{"config": {"DATASET": "mnist", "TOTAL_CLIENTS": 100, "CLIENT_FRAC": 0.1, "POISON_FRAC": 0.1, "CREATE_DATASET": true, "CLASS_RATIO": 10, "MODEL": "nnet", "LEARNING_RATE": 0.001, "BATCH_SIZE": 32, "LOCAL_EPOCHS": 3, "OPTIMIZER": "adam", "FED_ROUNDS": 30, "TEST_EVERY": 1, "RANDOM": true, "COS_DEFENCE": true, "SEL_METHOD": 1, "REDUCE_LR": 1, "COLLAB_MODE": true, "COLLAB_ALL": true, "CONSIDER_LAYERS": "l1", "GRAD_AGG": true, "FEATURE_FINDING_ALGO": "auror", "GRAD_COLLECTION_START": 0, "GRAD_COLLECT_FOR": -1, "CLUSTER_SEP": 0.01, "ALPHA": 0.7, "BETA": 0.7, "GAMMA": 0.1, "TRUST_INC": 2, "TRUST_CUT_METHOD": 2, "HONEST_PARDON_FACTOR": 0.99, "LOG_LEVEL": "INFO", "JSON_RESULTS": true}, "mean_poison_class_acc": 79.07461240310077, "mean_attack_srate": 3.3333333333333335, "total_accuracies": [32.02, 19.61, 39.3, 51.21, 68.28, 70.84, 72.02, 77.23, 76.74, 80.98, 81.52, 85.11, 86.03, 86.53, 87.19, 87.54, 87.29, 88.68, 88.49, 89.1, 87.26, 90.01, 89.57, 88.67, 90.34, 90.35, 90.29, 90.96, 91.1, 90.9], "class_accuracies": [[81.53061224489795, 0.0, 24.031007751937985, 83.96039603960396, 0.0, 0.0, 0.0, 95.71984435797665, 0.0, 32.01189296333003], [99.89795918367346, 2.4669603524229076, 0.0, 2.6732673267326734, 4.582484725050916, 0.0, 0.0, 85.7976653696498, 0.0, 0.0], [97.95918367346938, 90.7488986784141, 11.821705426356589, 52.475247524752476, 96.63951120162933, 0.0, 24.739039665970772, 9.04669260700389, 0.9240246406570842, 0.0], [98.46938775510205, 96.82819383259911, 9.39922480620155, 84.75247524752476, 36.45621181262729, 8.968609865470851, 58.24634655532359, 91.82879377431907, 16.83778234086242, 0.0], [96.0204081632653, 95.24229074889868, 68.02325581395348, 36.83168316831683, 80.65173116089613, 67.48878923766816, 77.97494780793319, 83.94941634241245, 74.22997946611909, 0.49554013875123887], [97.55102040816327, 97.97356828193833, 50.0968992248062, 82.27722772277228, 81.87372708757637, 59.75336322869955, 89.35281837160751, 82.00389105058366, 41.68377823408624, 22.398414271555996], [96.73469387755102, 98.32599118942731, 51.84108527131783, 73.26732673267327, 94.5010183299389, 72.53363228699551, 82.88100208768267, 82.87937743190662, 57.39219712525667, 8.225966303270566], [98.16326530612245, 96.38766519823788, 64.05038759689923, 82.37623762376238, 87.78004073319755, 63.90134529147982, 87.47390396659708, 86.18677042801556, 70.02053388090349, 33.30029732408325], [98.26530612244898, 94.8898678414097, 75.29069767441861, 80.4950495049505, 93.78818737270876, 56.83856502242153, 88.83089770354906, 89.6887159533074, 73.92197125256673, 12.190287413280476], [97.55102040816327, 95.06607929515418, 82.94573643410853, 77.92079207920793, 92.26069246435846, 80.15695067264573, 86.22129436325679, 84.72762645914396, 72.07392197125257, 39.64321110009911], [96.22448979591837, 95.85903083700441, 76.06589147286822, 80.4950495049505, 53.86965376782077, 69.28251121076234, 91.54488517745303, 76.65369649805447, 78.85010266940452, 93.45887016848364], [95.20408163265306, 96.65198237885463, 77.81007751937985, 77.32673267326733, 78.0040733197556, 88.56502242152466, 90.18789144050105, 87.45136186770428, 75.97535934291581, 83.05252725470763], [96.83673469387755, 96.47577092511013, 75.09689922480621, 85.14851485148515, 82.38289205702648, 77.13004484304933, 93.0062630480167, 87.2568093385214, 81.93018480492813, 83.34985133795837], [96.12244897959184, 97.18061674008811, 78.10077519379846, 87.02970297029702, 84.62321792260693, 85.20179372197309, 89.87473903966597, 84.04669260700389, 75.46201232032854, 86.42220019821606], [96.12244897959184, 96.0352422907489, 80.71705426356588, 88.7128712871287, 89.20570264765784, 78.25112107623319, 93.52818371607516, 82.58754863813229, 79.97946611909651, 85.23290386521309], [98.06122448979592, 96.82819383259911, 76.06589147286822, 85.44554455445545, 93.38085539714868, 78.02690582959642, 91.9624217118998, 89.59143968871595, 84.49691991786447, 80.0792864222002], [95.91836734693878, 97.79735682819383, 75.67829457364341, 87.22772277227723, 83.60488798370672, 85.65022421524664, 91.8580375782881, 88.715953307393, 76.59137577002053, 88.60257680872151], [97.34693877551021, 96.91629955947137, 82.36434108527132, 89.9009900990099, 88.39103869653768, 82.62331838565022, 91.64926931106471, 91.24513618677042, 77.92607802874743, 86.81863230921705], [97.24489795918367, 95.59471365638767, 75.67829457364341, 85.74257425742574, 90.22403258655804, 84.97757847533633, 93.52818371607516, 90.07782101167315, 85.72895277207392, 85.53022794846383], [96.42857142857143, 96.74008810572687, 84.10852713178295, 87.32673267326733, 90.83503054989816, 81.39013452914799, 94.258872651357, 84.53307392996109, 84.29158110882958, 89.79187314172448], [97.34693877551021, 97.09251101321586, 64.34108527131782, 90.5940594059406, 92.56619144602851, 84.97757847533633, 93.0062630480167, 86.38132295719845, 75.564681724846, 90.08919722497522], [97.24489795918367, 97.70925110132158, 85.94961240310077, 89.60396039603961, 93.07535641547861, 85.08968609865471, 93.1106471816284, 86.18677042801556, 83.77823408624229, 87.21506442021804], [97.75510204081633, 96.12334801762114, 77.61627906976744, 90.29702970297029, 93.27902240325865, 81.50224215246637, 92.27557411273486, 90.27237354085604, 88.29568788501027, 87.21506442021804], [97.04081632653062, 97.26872246696036, 73.64341085271317, 86.63366336633663, 93.48268839103869, 89.12556053811659, 91.54488517745303, 86.57587548638132, 81.00616016427105, 89.99008919722498], [96.42857142857143, 97.00440528634361, 82.84883720930233, 89.8019801980198, 94.19551934826885, 82.39910313901345, 96.65970772442589, 91.05058365758755, 85.1129363449692, 86.7195242814668], [97.14285714285714, 97.88546255506608, 82.07364341085271, 91.38613861386139, 91.0386965376782, 84.08071748878923, 92.90187891440502, 92.21789883268482, 82.13552361396304, 91.17938553022795], [97.85714285714286, 97.5330396475771, 81.4922480620155, 89.9009900990099, 92.26069246435846, 84.64125560538116, 94.46764091858037, 89.29961089494164, 82.95687885010267, 91.37760158572844], [97.55102040816327, 97.18061674008811, 86.33720930232558, 93.76237623762377, 90.83503054989816, 82.95964125560538, 95.09394572025052, 87.93774319066148, 85.31827515400411, 91.2784935579782], [96.63265306122449, 97.88546255506608, 84.98062015503876, 90.99009900990099, 93.78818737270876, 86.99551569506727, 94.46764091858037, 89.78599221789884, 85.21560574948666, 89.29633300297324], [97.04081632653062, 97.79735682819383, 80.52325581395348, 90.89108910891089, 91.95519348268839, 87.21973094170404, 94.258872651357, 90.07782101167315, 86.03696098562628, 92.36868186323092]],