{"config": {"DATASET": "mnist", "TOTAL_CLIENTS": 100, "CLIENT_FRAC": 0.2, "POISON_FRAC": 0.1, "CREATE_DATASET": true, "RANDOM_DATA": true, "CLASS_RATIO": 10, "MODEL": "nnet", "LEARNING_RATE": 0.001, "BATCH_SIZE": 32, "LOCAL_EPOCHS": 10, "OPTIMIZER": "adam", "FED_ROUNDS": 30, "TEST_EVERY": 1, "RANDOM_PROCESS": false, "COS_DEFENCE": false, "SEL_METHOD": 1, "REDUCE_LR": 1, "COLLAB_MODE": true, "COLLAB_ALL": true, "CONSIDER_LAYERS": "l1", "GRAD_AGG": true, "FEATURE_FINDING_ALGO": "auror", "GRAD_COLLECTION_START": 0, "GRAD_COLLECT_FOR": -1, "CLUSTER_SEP": 0.02, "ALPHA": 0.8, "BETA": 0.8, "GAMMA": 0.1, "TRUST_INC": 2, "TRUST_CUT_METHOD": 0, "HONEST_PARDON_FACTOR": 0.7, "LOG_LEVEL": "INFO", "JSON_RESULTS": true}, "mean_poison_class_acc": 82.98449612403101, "mean_attack_srate": 3.031007751937985, "total_accuracies": [50.98, 71.26, 83.59, 86.68, 88.43, 90.02, 88.89, 91.07, 90.44, 92.47, 91.69, 92.28, 91.82, 93.81, 89.55, 94.38, 94.43, 92.17, 92.86, 94.73, 92.63, 94.16, 94.48, 95.23, 95.32, 93.09, 95.09, 95.34, 94.72, 95.48], "class_accuracies": [[97.75510204081633, 99.91189427312776, 2.2286821705426356, 46.43564356435643, 73.31975560081466, 44.955156950672645, 14.19624217118998, 84.3385214007782, 40.04106776180698, 0.0], [98.57142857142857, 98.50220264317181, 49.224806201550386, 81.2871287128713, 90.83503054989816, 78.02690582959642, 85.07306889352819, 86.38132295719845, 31.416837782340863, 11.496531219028741], [97.14285714285714, 97.79735682819383, 73.44961240310077, 84.65346534653466, 94.39918533604887, 78.36322869955157, 91.54488517745303, 91.82879377431907, 72.8952772073922, 52.22993062438057], [97.04081632653062, 97.79735682819383, 75.3875968992248, 85.24752475247524, 91.24236252545825, 87.66816143497758, 91.02296450939457, 89.00778210116732, 73.10061601642711, 78.39444995044599], [97.55102040816327, 97.97356828193833, 78.29457364341086, 89.5049504950495, 94.80651731160896, 82.28699551569507, 94.258872651357, 91.34241245136187, 78.64476386036961, 78.29534192269574], [97.95918367346938, 96.38766519823788, 86.04651162790698, 87.02970297029702, 95.72301425661914, 82.62331838565022, 94.46764091858037, 91.147859922179, 85.62628336755647, 82.06144697720515], [98.16326530612245, 98.59030837004406, 73.64341085271317, 90.29702970297029, 95.82484725050917, 88.56502242152466, 91.9624217118998, 90.95330739299611, 76.48870636550308, 83.64717542120911], [97.95918367346938, 97.3568281938326, 88.2751937984496, 90.0990099009901, 95.92668024439918, 88.2286995515695, 93.31941544885177, 91.43968871595331, 82.13552361396304, 85.0346878097126], [97.75510204081633, 97.09251101321586, 73.44961240310077, 88.61386138613861, 93.17718940936864, 89.46188340807174, 93.52818371607516, 91.34241245136187, 87.16632443531827, 92.56689791873141], [98.26530612244898, 97.26872246696036, 90.50387596899225, 92.47524752475248, 95.92668024439918, 87.78026905829596, 94.67640918580376, 92.02334630350195, 87.782340862423, 87.1159563924678], [98.26530612244898, 97.88546255506608, 79.16666666666667, 91.98019801980197, 96.13034623217922, 90.47085201793722, 94.46764091858037, 92.41245136186771, 85.62628336755647, 90.08919722497522], [98.26530612244898, 98.23788546255507, 81.3953488372093, 93.46534653465346, 96.74134419551935, 90.69506726457399, 95.4070981210856, 93.09338521400778, 87.88501026694045, 87.21506442021804], [98.16326530612245, 98.41409691629956, 75.29069767441861, 93.26732673267327, 95.72301425661914, 90.69506726457399, 95.19832985386222, 94.94163424124514, 85.52361396303901, 90.58473736372646], [98.46938775510205, 98.23788546255507, 89.92248062015504, 93.66336633663366, 95.11201629327903, 91.25560538116592, 96.03340292275574, 93.67704280155642, 90.75975359342915, 90.38652130822597], [98.6734693877551, 98.14977973568281, 48.934108527131784, 94.65346534653466, 96.5376782077393, 92.60089686098655, 93.84133611691023, 94.16342412451363, 87.782340862423, 90.8820614469772], [98.16326530612245, 98.14977973568281, 92.24806201550388, 92.97029702970298, 94.60285132382892, 93.49775784753363, 95.51148225469728, 95.3307392996109, 91.27310061601642, 91.57581764122894], [98.06122448979592, 98.06167400881057, 91.76356589147287, 95.04950495049505, 95.82484725050917, 90.5829596412556, 96.5553235908142, 93.67704280155642, 92.40246406570841, 91.67492566897918], [98.46938775510205, 98.41409691629956, 72.38372093023256, 92.47524752475248, 95.62118126272912, 93.49775784753363, 93.31941544885177, 93.8715953307393, 90.04106776180699, 93.65708622398414], [98.46938775510205, 98.41409691629956, 76.74418604651163, 92.17821782178218, 96.43584521384929, 93.60986547085201, 96.03340292275574, 93.77431906614785, 92.09445585215606, 90.98116947472745], [98.26530612244898, 98.76651982378854, 90.98837209302326, 93.16831683168317, 95.31568228105907, 93.72197309417041, 96.5553235908142, 94.55252918287938, 93.1211498973306, 92.46778989098117], [99.18367346938776, 98.59030837004406, 72.09302325581395, 93.66336633663366, 96.33401221995926, 94.28251121076234, 94.67640918580376, 94.55252918287938, 90.65708418891171, 92.46778989098117], [98.77551020408163, 98.41409691629956, 85.46511627906976, 93.76237623762377, 95.41751527494908, 93.94618834080717, 94.78079331941545, 94.94163424124514, 92.91581108829568, 92.9633300297324], [98.36734693877551, 98.8546255506608, 86.33720930232558, 94.25742574257426, 95.41751527494908, 94.17040358744394, 96.24217118997912, 95.91439688715953, 92.50513347022587, 92.46778989098117], [98.9795918367347, 98.6784140969163, 93.12015503875969, 95.34653465346534, 96.02851323828921, 93.27354260089686, 96.45093945720251, 94.94163424124514, 92.91581108829568, 92.07135777998018], [98.77551020408163, 98.41409691629956, 92.63565891472868, 95.14851485148515, 95.82484725050917, 93.94618834080717, 95.92901878914405, 93.77431906614785, 94.76386036960986, 93.65708622398414], [98.46938775510205, 98.32599118942731, 74.51550387596899, 94.95049504950495, 96.13034623217922, 95.2914798206278, 94.258872651357, 94.74708171206225, 90.75975359342915, 93.65708622398414], [99.08163265306122, 98.59030837004406, 89.14728682170542, 96.03960396039604, 96.63951120162933, 93.83408071748879, 96.24217118997912, 96.40077821011673, 93.01848049281314, 91.57581764122894], [98.57142857142857, 98.50220264317181, 91.95736434108527, 96.13861386138613, 94.70468431771894, 92.04035874439462, 97.7035490605428, 95.8171206225681, 93.83983572895278, 93.55797819623389], [98.77551020408163, 98.32599118942731, 86.53100775193798, 95.44554455445545, 95.72301425661914, 92.71300448430493, 96.5553235908142, 94.45525291828794, 94.14784394250513, 94.25173439048562], [98.6734693877551, 98.14977973568281, 92.05426356589147, 95.84158415841584, 95.72301425661914, 92.9372197309417, 96.65970772442589, 96.20622568093385, 94.76386036960986, 93.3597621407334]],