{"config": {"DATASET": "mnist", "TOTAL_CLIENTS": 100, "CLIENT_FRAC": 0.1, "POISON_FRAC": 0.2, "CREATE_DATASET": true, "RANDOM_DATA": true, "CLASS_RATIO": 10, "MODEL": "nnet", "LEARNING_RATE": 0.001, "BATCH_SIZE": 32, "LOCAL_EPOCHS": 10, "OPTIMIZER": "adam", "FED_ROUNDS": 30, "TEST_EVERY": 1, "RANDOM_PROCESS": false, "COS_DEFENCE": false, "SEL_METHOD": 1, "REDUCE_LR": 1, "COLLAB_MODE": true, "COLLAB_ALL": true, "CONSIDER_LAYERS": "l1", "GRAD_AGG": true, "FEATURE_FINDING_ALGO": "auror", "GRAD_COLLECTION_START": 0, "GRAD_COLLECT_FOR": -1, "CLUSTER_SEP": 0.005, "ALPHA": 0.8, "BETA": 0.8, "GAMMA": 0.1, "TRUST_INC": 2, "TRUST_CUT_METHOD": 1, "HONEST_PARDON_FACTOR": 0.8, "LOG_LEVEL": "INFO", "JSON_RESULTS": true}, "mean_poison_class_acc": 73.02325581395348, "mean_attack_srate": 3.3139534883720927, "total_accuracies": [42.32, 73.96, 84.37, 87.46, 89.01, 88.27, 90.08, 89.13, 90.37, 91.51, 89.15, 92.11, 91.93, 92.14, 88.33, 92.12, 86.2, 93.78, 92.53, 94.33, 88.19, 94.0, 95.08, 88.48, 94.53, 95.06, 94.33, 95.28, 94.82, 95.07], "class_accuracies": [[99.08163265306122, 99.64757709251101, 0.5813953488372093, 25.445544554455445, 8.55397148676171, 10.762331838565023, 40.60542797494781, 84.53307392996109, 40.554414784394254, 3.3696729435084243], [96.53061224489795, 97.62114537444934, 19.282945736434108, 78.91089108910892, 95.62118126272912, 78.36322869955157, 89.97912317327766, 84.72762645914396, 65.19507186858316, 33.696729435084244], [96.3265306122449, 97.88546255506608, 62.6937984496124, 83.86138613861387, 88.4928716904277, 77.91479820627802, 92.06680584551148, 88.91050583657588, 73.81930184804928, 80.17839444995045], [96.42857142857143, 96.29955947136564, 76.64728682170542, 89.3069306930693, 92.76985743380855, 75.44843049327355, 94.78079331941545, 88.2295719844358, 82.13552361396304, 80.87215064420218], [96.22448979591837, 95.06607929515418, 83.72093023255815, 86.43564356435644, 92.76985743380855, 82.0627802690583, 93.21503131524008, 88.42412451361868, 87.57700205338809, 83.64717542120911], [97.04081632653062, 98.32599118942731, 67.53875968992249, 90.79207920792079, 92.66802443991854, 82.95964125560538, 93.94572025052192, 91.05058365758755, 79.15811088295688, 88.10703666997027], [96.83673469387755, 97.62114537444934, 89.53488372093024, 89.5049504950495, 96.74134419551935, 82.847533632287, 94.67640918580376, 89.29961089494164, 82.23819301848049, 80.0792864222002], [97.65306122448979, 97.44493392070484, 68.5077519379845, 90.39603960396039, 94.90835030549898, 88.56502242152466, 92.17118997912317, 91.05058365758755, 80.80082135523614, 89.39544103072349], [97.24489795918367, 97.00440528634361, 74.90310077519379, 89.8019801980198, 96.74134419551935, 87.5560538116592, 94.57202505219206, 92.31517509727627, 85.93429158110882, 87.21506442021804], [97.75510204081633, 97.44493392070484, 78.00387596899225, 90.89108910891089, 95.51934826883911, 89.68609865470852, 96.34655532359082, 92.70428015564202, 87.16632443531827, 89.29633300297324], [97.44897959183673, 98.06167400881057, 56.007751937984494, 93.26732673267327, 92.87169042769857, 90.5829596412556, 93.52818371607516, 91.53696498054475, 85.1129363449692, 93.26065411298315], [97.85714285714286, 97.70925110132158, 82.75193798449612, 92.77227722772277, 96.5376782077393, 88.78923766816143, 94.46764091858037, 92.80155642023347, 88.60369609856262, 88.20614469772052], [97.65306122448979, 97.97356828193833, 75.67829457364341, 91.08910891089108, 96.94501018329939, 92.82511210762331, 95.82463465553236, 93.67704280155642, 88.39835728952772, 89.29633300297324], [98.06122448979592, 98.32599118942731, 77.81007751937985, 94.05940594059406, 95.010183299389, 90.35874439461884, 95.82463465553236, 93.96887159533074, 87.16632443531827, 90.38652130822597], [97.95918367346938, 98.06167400881057, 40.50387596899225, 93.56435643564356, 97.55600814663951, 92.48878923766816, 93.94572025052192, 93.77431906614785, 86.85831622176592, 89.59365708622398], [97.85714285714286, 97.88546255506608, 73.54651162790698, 93.36633663366337, 95.41751527494908, 94.28251121076234, 93.84133611691023, 93.8715953307393, 89.73305954825462, 91.57581764122894], [97.04081632653062, 98.94273127753304, 19.186046511627907, 92.77227722772277, 96.23217922606925, 93.16143497757848, 96.24217118997912, 92.70428015564202, 87.16632443531827, 90.28741328047572], [97.75510204081633, 97.97356828193833, 86.53100775193798, 95.24752475247524, 95.21384928716904, 90.5829596412556, 95.51148225469728, 92.8988326848249, 93.32648870636551, 92.26957383548067], [98.36734693877551, 98.6784140969163, 74.90310077519379, 92.37623762376238, 95.82484725050917, 94.73094170403587, 94.46764091858037, 92.80155642023347, 91.27310061601642, 92.07135777998018], [97.65306122448979, 97.88546255506608, 89.63178294573643, 94.85148514851485, 95.51934826883911, 92.82511210762331, 96.03340292275574, 92.8988326848249, 93.53182751540041, 92.17046580773042], [98.57142857142857, 98.50220264317181, 31.589147286821706, 93.56435643564356, 95.31568228105907, 93.27354260089686, 95.19832985386222, 93.3852140077821, 92.50513347022587, 91.47670961347869], [97.55102040816327, 98.41409691629956, 84.68992248062015, 95.64356435643565, 96.5376782077393, 92.48878923766816, 94.67640918580376, 94.8443579766537, 92.09445585215606, 92.66600594648166], [97.24489795918367, 98.32599118942731, 94.76744186046511, 93.46534653465346, 96.23217922606925, 94.61883408071749, 96.03340292275574, 95.03891050583658, 94.6611909650924, 90.08919722497522], [97.85714285714286, 98.59030837004406, 37.4031007751938, 95.14851485148515, 97.75967413441956, 92.37668161434978, 94.67640918580376, 93.96887159533074, 89.3223819301848, 88.800792864222], [98.06122448979592, 98.8546255506608, 88.2751937984496, 93.96039603960396, 95.62118126272912, 94.84304932735427, 95.30271398747391, 95.13618677042801, 91.88911704312115, 93.06243805748265], [98.06122448979592, 98.59030837004406, 91.27906976744185, 94.75247524752476, 96.74134419551935, 93.72197309417041, 95.61586638830897, 95.62256809338521, 93.32648870636551, 92.46778989098117], [97.65306122448979, 98.32599118942731, 84.10852713178295, 95.64356435643565, 96.74134419551935, 92.48878923766816, 95.61586638830897, 95.03891050583658, 93.83983572895278, 93.55797819623389], [98.16326530612245, 98.8546255506608, 94.28294573643412, 94.85148514851485, 95.72301425661914, 94.61883408071749, 94.36325678496868, 94.45525291828794, 95.27720739219713, 91.77403369672943], [98.46938775510205, 99.03083700440529, 87.5, 93.76237623762377, 95.62118126272912, 95.51569506726457, 95.72025052192066, 95.52529182879377, 92.60780287474333, 94.25173439048562], [98.36734693877551, 98.50220264317181, 90.01937984496124, 94.65346534653466, 95.21384928716904, 94.39461883408072, 94.98956158663883, 96.3035019455253, 94.04517453798768, 93.85530227948463]],