{"config": {"DATASET": "mnist", "TOTAL_CLIENTS": 100, "CLIENT_FRAC": 0.2, "POISON_FRAC": 0.5, "CREATE_DATASET": false, "RANDOM_DATA": true, "CLASS_RATIO": 10, "MODEL": "nnet", "LEARNING_RATE": 0.001, "BATCH_SIZE": 32, "LOCAL_EPOCHS": 10, "OPTIMIZER": "adam", "FED_ROUNDS": 30, "TEST_EVERY": 1, "RANDOM_PROCESS": false, "COS_DEFENCE": true, "SEL_METHOD": 1, "REDUCE_LR": 1, "COLLAB_MODE": true, "COLLAB_ALL": true, "CONSIDER_LAYERS": "l1", "GRAD_AGG": true, "FEATURE_FINDING_ALGO": "auror", "GRAD_COLLECTION_START": 0, "GRAD_COLLECT_FOR": -1, "CLUSTER_SEP": 0.002, "ALPHA": 0.8, "BETA": 0.8, "GAMMA": 0.1, "TRUST_INC": 2, "TRUST_CUT_METHOD": 1, "HONEST_PARDON_FACTOR": 0.7, "LOG_LEVEL": "INFO", "JSON_RESULTS": true}, "mean_poison_class_acc": 44.0, "mean_attack_srate": 4.310077519379845, "total_accuracies": [48.27, 66.7, 74.23, 78.07, 83.15, 86.5, 87.86, 88.94, 87.64, 91.26, 83.35, 90.97, 85.17, 92.48, 88.27, 84.51, 89.76, 89.56, 85.61, 92.82, 85.17, 93.7, 85.32, 94.0, 86.46, 91.32, 85.87, 94.65, 85.63, 94.42], "class_accuracies": [[99.38775510204081, 98.23788546255507, 0.0, 46.53465346534654, 57.84114052953157, 14.349775784753364, 17.849686847599166, 37.93774319066148, 32.85420944558521, 68.48364717542121], [97.85714285714286, 98.8546255506608, 0.0, 90.89108910891089, 81.77189409368636, 66.81614349775785, 72.1294363256785, 88.03501945525292, 29.97946611909651, 38.05748265609515], [96.12244897959184, 98.6784140969163, 0.0, 92.07920792079207, 85.13238289205702, 65.13452914798206, 89.77035490605428, 92.31517509727627, 71.25256673511294, 50.64420218037661], [96.93877551020408, 97.44493392070484, 0.0, 87.22772277227723, 84.92871690427698, 87.21973094170404, 89.35281837160751, 89.2023346303502, 70.84188911704312, 78.79088206144698], [97.24489795918367, 97.26872246696036, 29.069767441860463, 90.4950495049505, 91.95519348268839, 82.51121076233184, 91.64926931106471, 91.147859922179, 80.9034907597536, 79.48463825569871], [96.93877551020408, 97.97356828193833, 56.68604651162791, 88.31683168316832, 90.83503054989816, 84.4170403587444, 92.79749478079331, 89.49416342412451, 81.62217659137578, 85.43111992071358], [97.95918367346938, 97.97356828193833, 60.94961240310077, 90.5940594059406, 91.85336048879837, 88.34080717488789, 92.37995824634656, 90.1750972762646, 80.39014373716633, 87.71060455896928], [97.85714285714286, 97.79735682819383, 65.50387596899225, 89.70297029702971, 92.36252545824847, 89.68609865470852, 93.63256784968685, 91.92607003891051, 85.01026694045174, 85.82755203171457], [97.55102040816327, 97.5330396475771, 47.093023255813954, 92.37623762376238, 92.05702647657841, 88.34080717488789, 94.46764091858037, 90.46692607003891, 86.96098562628337, 89.99008919722498], [97.95918367346938, 98.32599118942731, 81.87984496124031, 93.06930693069307, 92.66802443991854, 86.54708520179372, 94.46764091858037, 90.6614785992218, 87.16632443531827, 88.89990089197225], [96.93877551020408, 98.06167400881057, 1.550387596899225, 92.47524752475248, 94.29735234215886, 90.5829596412556, 95.82463465553236, 91.82879377431907, 85.83162217659138, 88.20614469772052], [97.75510204081633, 98.06167400881057, 72.96511627906976, 91.88118811881188, 95.41751527494908, 88.56502242152466, 95.30271398747391, 91.73151750972762, 90.86242299794661, 86.9177403369673], [98.46938775510205, 98.23788546255507, 15.116279069767442, 93.36633663366337, 93.78818737270876, 88.00448430493273, 94.57202505219206, 91.05058365758755, 89.63039014373716, 90.8820614469772], [98.36734693877551, 98.23788546255507, 83.13953488372093, 92.47524752475248, 94.09368635437882, 92.04035874439462, 93.63256784968685, 90.6614785992218, 91.37577002053388, 90.48562933597621], [97.65306122448979, 98.23788546255507, 39.05038759689923, 94.55445544554455, 95.010183299389, 90.91928251121077, 95.19832985386222, 91.63424124513618, 90.65708418891171, 90.78295341922696], [97.44897959183673, 97.97356828193833, 0.0, 94.05940594059406, 93.78818737270876, 90.91928251121077, 96.5553235908142, 91.73151750972762, 92.09445585215606, 92.86422200198216], [97.85714285714286, 98.41409691629956, 50.48449612403101, 91.58415841584159, 94.19551934826885, 93.94618834080717, 95.51148225469728, 93.09338521400778, 90.55441478439425, 92.86422200198216], [97.85714285714286, 98.59030837004406, 46.12403100775194, 96.03960396039604, 94.80651731160896, 89.68609865470852, 96.45093945720251, 93.57976653696498, 90.14373716632444, 92.86422200198216], [97.65306122448979, 98.06167400881057, 5.910852713178294, 93.36633663366337, 95.62118126272912, 91.92825112107623, 96.24217118997912, 94.06614785992218, 91.9917864476386, 93.45887016848364], [98.36734693877551, 98.32599118942731, 73.93410852713178, 94.25742574257426, 94.80651731160896, 92.26457399103138, 96.03340292275574, 93.96887159533074, 92.81314168377824, 93.45887016848364], [98.16326530612245, 98.32599118942731, 0.09689922480620156, 93.96039603960396, 94.5010183299389, 93.16143497757848, 96.24217118997912, 94.26070038910505, 93.42915811088295, 92.07135777998018], [97.85714285714286, 98.41409691629956, 82.26744186046511, 93.66336633663366, 95.82484725050917, 92.48878923766816, 96.76409185803757, 93.96887159533074, 92.29979466119096, 93.26065411298315], [97.75510204081633, 98.76651982378854, 0.7751937984496124, 94.55445544554455, 96.84317718940937, 93.04932735426009, 97.07724425887265, 92.70428015564202, 91.37577002053388, 92.76511397423191], [98.46938775510205, 98.32599118942731, 82.65503875968992, 94.75247524752476, 95.62118126272912, 93.38565022421524, 95.82463465553236, 94.06614785992218, 93.83983572895278, 92.9633300297324], [98.16326530612245, 98.76651982378854, 7.945736434108527, 95.74257425742574, 95.41751527494908, 92.71300448430493, 96.97286012526096, 94.3579766536965, 92.50513347022587, 94.15262636273538], [98.36734693877551, 98.59030837004406, 55.91085271317829, 95.24752475247524, 95.62118126272912, 93.04932735426009, 96.5553235908142, 93.96887159533074, 92.81314168377824, 93.75619425173439], [98.36734693877551, 98.59030837004406, 1.2596899224806202, 95.84158415841584, 95.31568228105907, 93.49775784753363, 96.86847599164926, 94.74708171206225, 93.1211498973306, 93.55797819623389], [98.26530612244898, 98.6784140969163, 86.43410852713178, 95.34653465346534, 96.13034623217922, 93.49775784753363, 96.97286012526096, 94.06614785992218, 92.81314168377824, 94.05351833498513], [98.16326530612245, 98.76651982378854, 0.0, 94.35643564356435, 95.51934826883911, 93.83408071748879, 96.76409185803757, 94.3579766536965, 92.19712525667352, 94.84638255698711], [98.46938775510205, 98.76651982378854, 82.26744186046511, 95.44554455445545, 94.80651731160896, 93.83408071748879, 96.76409185803757, 95.71984435797665, 94.6611909650924, 93.3597621407334]],