{"config": {"DATASET": "mnist", "TOTAL_CLIENTS": 100, "CLIENT_FRAC": 0.1, "POISON_FRAC": 0.1, "CREATE_DATASET": true, "RANDOM_DATA": true, "CLASS_RATIO": 10, "MODEL": "nnet", "LEARNING_RATE": 0.001, "BATCH_SIZE": 32, "LOCAL_EPOCHS": 3, "OPTIMIZER": "adam", "FED_ROUNDS": 30, "TEST_EVERY": 1, "RANDOM_PROCESS": true, "COS_DEFENCE": true, "SEL_METHOD": 1, "REDUCE_LR": 1, "COLLAB_MODE": true, "COLLAB_ALL": true, "CONSIDER_LAYERS": "l2", "GRAD_AGG": true, "FEATURE_FINDING_ALGO": "auror", "GRAD_COLLECTION_START": 0, "GRAD_COLLECT_FOR": -1, "CLUSTER_SEP": 0.001, "ALPHA": 0.8, "BETA": 0.8, "GAMMA": 0.1, "TRUST_INC": 2, "TRUST_CUT_METHOD": 2, "HONEST_PARDON_FACTOR": 0.99, "LOG_LEVEL": "INFO", "JSON_RESULTS": true}, "mean_poison_class_acc": 80.7703488372093, "mean_attack_srate": 2.9844961240310077, "total_accuracies": [10.35, 22.34, 39.93, 46.55, 60.94, 65.28, 75.47, 78.11, 80.13, 81.94, 82.78, 85.3, 85.08, 86.47, 86.95, 87.52, 87.99, 87.09, 88.96, 88.91, 89.15, 89.67, 89.02, 89.94, 90.25, 90.55, 90.57, 90.89, 90.76, 90.0], "class_accuracies": [[2.6530612244897958, 0.0, 0.0, 0.0, 0.0, 0.0, 0.0, 0.0, 0.0, 100.0], [87.65306122448979, 0.0881057268722467, 0.0, 38.91089108910891, 99.89816700610999, 0.0, 0.0, 0.0, 0.0, 0.0], [97.14285714285714, 97.62114537444934, 84.49612403100775, 15.94059405940594, 80.85539714867618, 0.0, 0.0, 0.0, 0.0, 10.505450941526263], [98.26530612244898, 98.6784140969163, 54.651162790697676, 88.7128712871287, 94.19551934826885, 4.37219730941704, 0.10438413361169102, 11.575875486381323, 0.0, 2.7750247770069376], [98.16326530612245, 98.32599118942731, 72.48062015503876, 84.55445544554455, 84.41955193482688, 2.3542600896860986, 45.407098121085596, 52.52918287937743, 1.2320328542094456, 57.18533201189296], [97.14285714285714, 90.22026431718062, 73.54651162790698, 82.27722772277228, 94.09368635437882, 13.90134529147982, 67.22338204592901, 49.02723735408561, 72.27926078028747, 6.144697720515362], [95.81632653061224, 94.97797356828194, 73.64341085271317, 73.86138613861387, 62.016293279022406, 48.87892376681614, 74.4258872651357, 59.92217898832685, 78.95277207392198, 87.31417244796829], [96.12244897959184, 97.18061674008811, 78.00387596899225, 83.06930693069307, 91.5478615071283, 63.00448430493274, 86.95198329853862, 78.79377431906615, 61.39630390143737, 41.62537165510406], [96.22448979591837, 94.00881057268722, 67.34496124031008, 87.42574257425743, 86.25254582484725, 47.19730941704036, 88.62212943632568, 81.80933852140078, 79.56878850102669, 68.58275520317146], [95.40816326530613, 97.62114537444934, 70.25193798449612, 85.34653465346534, 87.57637474541751, 71.0762331838565, 88.4133611691023, 74.41634241245136, 65.40041067761807, 81.36769078295342], [97.65306122448979, 95.59471365638767, 75.09689922480621, 79.5049504950495, 95.72301425661914, 73.20627802690584, 89.35281837160751, 77.91828793774319, 78.64476386036961, 63.62735381565907], [95.61224489795919, 94.27312775330397, 81.0077519379845, 82.47524752475248, 88.59470468431772, 81.05381165919283, 91.23173277661796, 78.59922178988327, 78.95277207392198, 80.2775024777007], [96.3265306122449, 94.7136563876652, 74.32170542635659, 89.9009900990099, 85.94704684317719, 73.4304932735426, 91.33611691022965, 82.87937743190662, 72.38193018480493, 87.51238850346878], [96.63265306122449, 96.12334801762114, 79.65116279069767, 82.57425742574257, 94.09368635437882, 77.3542600896861, 90.6054279749478, 86.38132295719845, 78.74743326488706, 80.87215064420218], [96.73469387755102, 97.00440528634361, 77.71317829457364, 88.01980198019803, 89.5112016293279, 78.69955156950672, 90.39665970772442, 85.70038910505836, 79.05544147843942, 84.93557978196233], [96.53061224489795, 95.94713656387665, 84.01162790697674, 80.39603960396039, 93.68635437881873, 85.20179372197309, 89.35281837160751, 84.8249027237354, 83.26488706365502, 81.16947472745292], [97.95918367346938, 94.7136563876652, 79.74806201550388, 86.93069306930693, 90.83503054989816, 82.95964125560538, 92.58872651356994, 89.29961089494164, 81.51950718685832, 82.45787908820614], [96.93877551020408, 97.3568281938326, 67.73255813953489, 83.66336633663366, 93.38085539714868, 87.4439461883408, 89.97912317327766, 87.84046692607004, 81.93018480492813, 84.2418235877106], [97.55102040816327, 96.29955947136564, 82.46124031007751, 88.11881188118812, 90.22403258655804, 80.15695067264573, 91.12734864300626, 88.61867704280155, 86.24229979466119, 87.31417244796829], [97.34693877551021, 97.3568281938326, 80.13565891472868, 87.62376237623762, 92.15885947046843, 83.07174887892377, 90.50104384133611, 87.45136186770428, 83.16221765913758, 88.9990089197225], [97.24489795918367, 96.38766519823788, 84.68992248062015, 82.47524752475248, 93.07535641547861, 91.25560538116592, 91.44050104384134, 87.06225680933852, 83.16221765913758, 84.4400396432111], [97.34693877551021, 97.70925110132158, 85.85271317829458, 85.54455445544555, 92.9735234215886, 83.85650224215247, 90.91858037578288, 87.06225680933852, 85.93429158110882, 88.20614469772052], [97.65306122448979, 97.18061674008811, 77.42248062015504, 85.34653465346534, 94.80651731160896, 90.47085201793722, 91.64926931106471, 86.67315175097276, 82.4435318275154, 86.32309217046581], [98.16326530612245, 97.3568281938326, 82.94573643410853, 85.84158415841584, 94.5010183299389, 89.23766816143498, 93.1106471816284, 89.78599221789884, 81.72484599589322, 86.12487611496532], [97.85714285714286, 97.26872246696036, 85.56201550387597, 86.53465346534654, 91.14052953156823, 86.54708520179372, 91.7536534446764, 88.42412451361868, 86.34496919917865, 90.08919722497522], [97.75510204081633, 96.2114537444934, 88.46899224806202, 86.43564356435644, 93.58452138492872, 86.65919282511211, 93.84133611691023, 90.27237354085604, 84.39425051334702, 87.01684836471755], [98.36734693877551, 97.18061674008811, 86.24031007751938, 87.52475247524752, 94.19551934826885, 87.89237668161435, 93.1106471816284, 88.52140077821012, 85.52361396303901, 86.42220019821606], [97.85714285714286, 97.09251101321586, 86.33720930232558, 88.31683168316832, 94.80651731160896, 89.01345291479821, 92.06680584551148, 88.61867704280155, 86.24229979466119, 87.90882061446978], [98.16326530612245, 97.5330396475771, 82.36434108527132, 92.07920792079207, 93.9918533604888, 84.08071748878923, 93.1106471816284, 91.63424124513618, 86.24229979466119, 87.21506442021804], [98.26530612244898, 96.2114537444934, 73.64341085271317, 85.94059405940594, 94.80651731160896, 89.79820627802691, 94.258872651357, 89.29961089494164, 89.52772073921972, 88.40436075322101]],