{"config": {"DATASET": "mnist", "TOTAL_CLIENTS": 100, "CLIENT_FRAC": 0.1, "POISON_FRAC": 0.1, "CREATE_DATASET": true, "CLASS_RATIO": 10, "MODEL": "nnet", "LEARNING_RATE": 0.001, "BATCH_SIZE": 32, "LOCAL_EPOCHS": 3, "OPTIMIZER": "adam", "FED_ROUNDS": 30, "TEST_EVERY": 1, "RANDOM": true, "COS_DEFENCE": true, "SEL_METHOD": 1, "REDUCE_LR": 1, "COLLAB_MODE": true, "COLLAB_ALL": true, "CONSIDER_LAYERS": "l1", "GRAD_AGG": true, "FEATURE_FINDING_ALGO": "auror", "GRAD_COLLECTION_START": 0, "GRAD_COLLECT_FOR": -1, "CLUSTER_SEP": 0.01, "ALPHA": 0.7, "BETA": 0.7, "GAMMA": 0.1, "TRUST_INC": 2, "TRUST_CUT_METHOD": 2, "HONEST_PARDON_FACTOR": 0.99, "LOG_LEVEL": "INFO", "JSON_RESULTS": true}, "mean_poison_class_acc": 76.50678294573643, "mean_attack_srate": 3.187984496124031, "total_accuracies": [23.15, 29.19, 33.03, 50.95, 64.27, 68.65, 74.46, 78.79, 81.18, 82.53, 82.13, 84.18, 85.72, 84.61, 86.1, 86.37, 85.38, 88.06, 87.74, 88.84, 89.16, 89.17, 89.04, 89.63, 90.33, 90.13, 89.44, 89.48, 91.08, 89.06], "class_accuracies": [[40.204081632653065, 100.0, 33.333333333333336, 0.0, 0.0, 49.55156950672646, 0.0, 0.0, 0.0, 0.0], [96.42857142857143, 99.20704845814979, 12.5968992248062, 0.09900990099009901, 7.433808553971486, 69.73094170403587, 0.0, 1.9455252918287937, 0.0, 0.19821605550049554], [95.91836734693878, 99.03083700440529, 2.7131782945736433, 20.198019801980198, 0.0, 78.69955156950672, 0.0, 0.0, 10.677618069815194, 19.920713577799802], [98.36734693877551, 99.29515418502203, 2.0348837209302326, 74.25742574257426, 49.59266802443992, 40.91928251121076, 4.488517745302714, 11.478599221789883, 71.7659137577002, 51.635282457879086], [96.83673469387755, 99.03083700440529, 51.93798449612403, 87.72277227722772, 71.28309572301426, 64.01345291479821, 58.1419624217119, 54.961089494163424, 12.320328542094456, 41.52626362735381], [97.34693877551021, 98.32599118942731, 29.651162790697676, 90.0, 67.41344195519348, 41.03139013452915, 81.00208768267224, 71.98443579766537, 33.47022587268994, 70.36669970267592], [96.93877551020408, 96.74008810572687, 29.844961240310077, 71.68316831683168, 58.65580448065173, 69.84304932735427, 85.59498956158664, 74.90272373540856, 77.92607802874743, 81.07036669970267], [93.6734693877551, 96.2114537444934, 68.31395348837209, 83.26732673267327, 57.43380855397149, 73.65470852017937, 85.90814196242171, 81.90661478599222, 59.3429158110883, 85.13379583746284], [92.75510204081633, 97.62114537444934, 64.63178294573643, 79.00990099009901, 79.12423625254583, 75.33632286995515, 94.1544885177453, 85.99221789883268, 69.91786447638604, 71.35777998017839], [95.20408163265306, 97.00440528634361, 68.7015503875969, 81.48514851485149, 81.77189409368636, 66.81614349775785, 93.31941544885177, 80.6420233463035, 79.15811088295688, 78.69177403369673], [96.63265306122449, 97.09251101321586, 53.19767441860465, 76.53465346534654, 79.73523421588595, 72.30941704035874, 91.7536534446764, 82.00389105058366, 82.95687885010267, 87.61149653121903], [96.42857142857143, 97.3568281938326, 70.15503875968992, 89.10891089108911, 79.73523421588595, 77.13004484304933, 92.27557411273486, 90.95330739299611, 70.02053388090349, 76.51139742319128], [94.79591836734694, 94.80176211453744, 81.2984496124031, 82.47524752475248, 79.73523421588595, 83.6322869955157, 89.97912317327766, 84.53307392996109, 81.62217659137578, 83.25074331020812], [95.91836734693878, 96.47577092511013, 71.51162790697674, 72.37623762376238, 83.70672097759675, 91.03139013452915, 87.89144050104385, 86.7704280155642, 77.20739219712526, 82.95341922695738], [95.71428571428571, 95.59471365638767, 82.26744186046511, 79.60396039603961, 78.20773930753565, 78.1390134529148, 92.58872651356994, 84.53307392996109, 84.90759753593429, 87.80971258671953], [96.93877551020408, 96.82819383259911, 74.2248062015504, 85.04950495049505, 78.41140529531569, 84.08071748878923, 90.50104384133611, 88.52140077821012, 79.36344969199179, 88.50346878097126], [96.22448979591837, 96.74008810572687, 69.47674418604652, 84.15841584158416, 80.75356415478615, 84.30493273542601, 89.77035490605428, 83.17120622568093, 76.59137577002053, 91.57581764122894], [96.63265306122449, 96.82819383259911, 81.5891472868217, 80.89108910891089, 91.0386965376782, 87.5560538116592, 91.7536534446764, 88.61867704280155, 82.34086242299794, 82.65609514370664], [96.12244897959184, 95.77092511013215, 81.4922480620155, 80.5940594059406, 88.39103869653768, 90.91928251121077, 92.06680584551148, 88.2295719844358, 78.13141683778234, 85.33201189296334], [96.63265306122449, 97.3568281938326, 85.56201550387597, 85.24752475247524, 91.0386965376782, 85.31390134529148, 93.63256784968685, 90.6614785992218, 79.15811088295688, 82.55698711595639], [97.04081632653062, 96.38766519823788, 82.84883720930233, 86.83168316831683, 91.5478615071283, 85.08968609865471, 93.84133611691023, 87.45136186770428, 85.62628336755647, 84.14271555996035], [97.65306122448979, 96.74008810572687, 78.58527131782945, 82.97029702970298, 89.71486761710794, 86.99551569506727, 93.0062630480167, 90.56420233463035, 87.26899383983573, 87.61149653121903], [96.53061224489795, 95.94713656387665, 77.71317829457364, 85.34653465346534, 89.20570264765784, 84.86547085201794, 92.79749478079331, 86.96498054474708, 89.63039014373716, 90.78295341922696], [96.22448979591837, 96.65198237885463, 81.3953488372093, 86.33663366336634, 87.78004073319755, 90.13452914798206, 92.17118997912317, 89.00778210116732, 86.55030800821355, 89.59365708622398], [97.04081632653062, 97.00440528634361, 82.84883720930233, 88.21782178217822, 91.75152749490834, 86.65919282511211, 93.94572025052192, 89.2023346303502, 87.26899383983573, 88.60257680872151], [98.06122448979592, 97.00440528634361, 79.94186046511628, 88.91089108910892, 94.09368635437882, 85.98654708520179, 93.84133611691023, 87.84046692607004, 86.652977412731, 88.30525272547077], [97.55102040816327, 96.82819383259911, 72.57751937984496, 86.63366336633663, 91.14052953156823, 86.54708520179372, 91.54488517745303, 88.03501945525292, 91.68377823408625, 91.47670961347869], [97.24489795918367, 96.47577092511013, 72.86821705426357, 82.87128712871286, 93.27902240325865, 92.9372197309417, 92.48434237995825, 90.95330739299611, 87.782340862423, 88.20614469772052], [97.44897959183673, 97.00440528634361, 85.94961240310077, 88.01980198019803, 93.68635437881873, 88.00448430493273, 94.67640918580376, 91.34241245136187, 86.96098562628337, 87.01684836471755], [97.04081632653062, 97.18061674008811, 64.63178294573643, 88.91089108910892, 91.64969450101833, 92.04035874439462, 94.88517745302714, 89.2023346303502, 83.88090349075975, 91.47670961347869]],