{"config": {"DATASET": "mnist", "TOTAL_CLIENTS": 100, "CLIENT_FRAC": 0.2, "POISON_FRAC": 0.1, "CREATE_DATASET": false, "RANDOM_DATA": true, "CLASS_RATIO": 10, "MODEL": "nnet", "LEARNING_RATE": 0.001, "BATCH_SIZE": 32, "LOCAL_EPOCHS": 10, "OPTIMIZER": "adam", "FED_ROUNDS": 30, "TEST_EVERY": 1, "RANDOM_PROCESS": false, "COS_DEFENCE": true, "SEL_METHOD": 1, "REDUCE_LR": 1, "COLLAB_MODE": true, "COLLAB_ALL": true, "CONSIDER_LAYERS": "l1", "GRAD_AGG": true, "FEATURE_FINDING_ALGO": "auror", "GRAD_COLLECTION_START": 0, "GRAD_COLLECT_FOR": -1, "CLUSTER_SEP": 0.002, "ALPHA": 0.8, "BETA": 0.8, "GAMMA": 0.1, "TRUST_INC": 2, "TRUST_CUT_METHOD": 1, "HONEST_PARDON_FACTOR": 0.7, "LOG_LEVEL": "INFO", "JSON_RESULTS": true}, "mean_poison_class_acc": 85.08139534883722, "mean_attack_srate": 3.0426356589147288, "total_accuracies": [51.91, 69.71, 82.43, 86.53, 88.42, 89.22, 90.25, 90.48, 91.61, 91.58, 92.37, 93.01, 91.7, 92.77, 93.47, 93.77, 93.28, 93.51, 94.23, 94.31, 93.92, 92.57, 94.38, 93.19, 93.41, 94.88, 94.81, 94.98, 94.86, 95.34], "class_accuracies": [[99.28571428571429, 90.66079295154185, 12.5, 55.445544554455445, 65.4786150712831, 25.336322869955158, 34.864300626304804, 24.80544747081712, 50.10266940451746, 54.905847373637265], [97.34693877551021, 98.41409691629956, 34.01162790697674, 92.57425742574257, 79.32790224032587, 60.762331838565025, 79.64509394572025, 90.1750972762646, 36.652977412731005, 24.380574826560952], [96.42857142857143, 98.23788546255507, 69.37984496124031, 89.3069306930693, 88.28920570264766, 63.34080717488789, 90.6054279749478, 92.31517509727627, 76.59137577002053, 56.49157581764123], [96.93877551020408, 97.79735682819383, 76.84108527131782, 89.20792079207921, 84.31771894093686, 84.4170403587444, 90.7098121085595, 91.05058365758755, 72.79260780287474, 79.68285431119921], [97.55102040816327, 97.5330396475771, 77.71317829457364, 90.0990099009901, 91.0386965376782, 81.27802690582959, 92.27557411273486, 92.99610894941634, 81.62217659137578, 80.57482656095144], [97.55102040816327, 97.62114537444934, 76.64728682170542, 89.3069306930693, 91.64969450101833, 82.73542600896862, 93.63256784968685, 91.24513618677042, 82.03285420944559, 88.50346878097126], [97.24489795918367, 97.88546255506608, 82.36434108527132, 91.58415841584159, 89.40936863543789, 85.08968609865471, 94.57202505219206, 90.6614785992218, 82.54620123203286, 89.89098116947473], [97.65306122448979, 97.79735682819383, 79.26356589147287, 90.6930693069307, 92.66802443991854, 88.67713004484305, 93.52818371607516, 92.02334630350195, 83.16221765913758, 88.60257680872151], [97.44897959183673, 97.79735682819383, 84.88372093023256, 92.57425742574257, 91.85336048879837, 86.09865470852019, 94.258872651357, 92.12062256809338, 86.85831622176592, 91.0802775024777], [97.65306122448979, 98.6784140969163, 81.97674418604652, 92.27722772277228, 93.07535641547861, 88.34080717488789, 94.05010438413362, 91.34241245136187, 86.75564681724846, 90.78295341922696], [97.24489795918367, 98.8546255506608, 87.1124031007752, 93.06930693069307, 92.87169042769857, 86.88340807174887, 95.61586638830897, 92.99610894941634, 85.83162217659138, 91.97224975222993], [97.44897959183673, 97.79735682819383, 89.14728682170542, 91.38613861386139, 95.11201629327903, 89.57399103139014, 95.4070981210856, 91.53696498054475, 90.86242299794661, 91.17938553022795], [98.06122448979592, 98.8546255506608, 74.12790697674419, 93.76237623762377, 93.07535641547861, 90.5829596412556, 94.67640918580376, 92.31517509727627, 88.09034907597535, 93.06243805748265], [98.16326530612245, 98.14977973568281, 83.43023255813954, 92.57425742574257, 92.9735234215886, 91.70403587443946, 94.05010438413362, 92.60700389105058, 90.55441478439425, 93.06243805748265], [97.34693877551021, 98.59030837004406, 87.59689922480621, 93.76237623762377, 94.70468431771894, 90.80717488789237, 95.82463465553236, 92.8988326848249, 89.52772073921972, 92.9633300297324], [97.95918367346938, 98.23788546255507, 88.85658914728683, 92.27722772277228, 93.58452138492872, 91.3677130044843, 95.92901878914405, 93.3852140077821, 92.09445585215606, 93.45887016848364], [97.65306122448979, 98.6784140969163, 84.20542635658914, 93.26732673267327, 94.09368635437882, 91.59192825112108, 95.82463465553236, 93.3852140077821, 89.63039014373716, 93.95441030723488], [97.65306122448979, 98.76651982378854, 86.43410852713178, 94.75247524752476, 92.87169042769857, 90.47085201793722, 94.78079331941545, 94.26070038910505, 90.04106776180699, 94.25173439048562], [97.85714285714286, 98.50220264317181, 91.27906976744185, 92.27722772277228, 95.11201629327903, 91.4798206278027, 96.34655532359082, 92.41245136186771, 92.91581108829568, 93.55797819623389], [98.06122448979592, 98.50220264317181, 91.08527131782945, 92.77227722772277, 94.29735234215886, 91.59192825112108, 96.65970772442589, 93.28793774319067, 92.09445585215606, 94.15262636273538], [98.36734693877551, 98.6784140969163, 86.04651162790698, 93.46534653465346, 94.5010183299389, 91.92825112107623, 95.72025052192066, 94.45525291828794, 91.68377823408625, 93.85530227948463], [97.65306122448979, 98.6784140969163, 72.28682170542636, 95.34653465346534, 96.02851323828921, 92.152466367713, 96.24217118997912, 95.03891050583658, 88.19301848049281, 93.95441030723488], [97.95918367346938, 98.6784140969163, 89.34108527131782, 93.46534653465346, 96.13034623217922, 91.4798206278027, 97.18162839248434, 95.52529182879377, 90.55441478439425, 92.86422200198216], [98.26530612244898, 98.59030837004406, 76.84108527131782, 95.74257425742574, 94.29735234215886, 92.71300448430493, 95.19832985386222, 93.3852140077821, 92.50513347022587, 94.25173439048562], [97.65306122448979, 98.8546255506608, 79.06976744186046, 94.75247524752476, 94.90835030549898, 92.37668161434978, 96.13778705636743, 94.16342412451363, 91.17043121149898, 94.74727452923686], [98.06122448979592, 98.8546255506608, 92.82945736434108, 94.35643564356435, 95.41751527494908, 91.81614349775785, 97.28601252609603, 92.41245136186771, 92.81314168377824, 94.35084241823587], [98.16326530612245, 98.76651982378854, 89.14728682170542, 95.14851485148515, 96.23217922606925, 92.71300448430493, 96.65970772442589, 93.8715953307393, 92.71047227926078, 94.25173439048562], [98.16326530612245, 98.59030837004406, 91.18217054263566, 93.86138613861387, 95.82484725050917, 92.71300448430493, 97.07724425887265, 95.42801556420234, 92.19712525667352, 94.25173439048562], [98.26530612244898, 98.6784140969163, 89.34108527131782, 95.14851485148515, 96.13034623217922, 92.60089686098655, 96.65970772442589, 94.16342412451363, 92.71047227926078, 94.44995044598612], [98.36734693877551, 98.6784140969163, 92.53875968992249, 95.04950495049505, 95.41751527494908, 92.04035874439462, 97.07724425887265, 96.01167315175097, 93.94250513347022, 93.65708622398414]],