{"config": {"DATASET": "mnist", "TOTAL_CLIENTS": 100, "CLIENT_FRAC": 0.1, "POISON_FRAC": 0.1, "CREATE_DATASET": true, "CLASS_RATIO": 10, "MODEL": "nnet", "LEARNING_RATE": 0.001, "BATCH_SIZE": 32, "LOCAL_EPOCHS": 3, "OPTIMIZER": "adam", "FED_ROUNDS": 30, "TEST_EVERY": 1, "RANDOM": true, "COS_DEFENCE": true, "SEL_METHOD": 1, "REDUCE_LR": 1, "COLLAB_MODE": true, "COLLAB_ALL": true, "CONSIDER_LAYERS": "l1", "GRAD_AGG": true, "FEATURE_FINDING_ALGO": "auror", "GRAD_COLLECTION_START": 0, "GRAD_COLLECT_FOR": -1, "CLUSTER_SEP": 0.5, "ALPHA": 0.7, "BETA": 0.7, "GAMMA": 0.1, "TRUST_INC": 2, "TRUST_CUT_METHOD": 2, "HONEST_PARDON_FACTOR": 0.99, "LOG_LEVEL": "INFO", "JSON_RESULTS": true}, "mean_poison_class_acc": 83.53682170542636, "mean_attack_srate": 3.0959302325581395, "total_accuracies": [13.78, 30.7, 39.88, 51.36, 61.9, 73.63, 70.2, 79.48, 80.93, 81.6, 84.63, 85.79, 86.09, 86.64, 87.85, 88.35, 88.55, 88.75, 89.77, 89.27, 89.84, 89.61, 91.17, 89.55, 91.63, 91.75, 91.37, 92.06, 91.04, 92.5], "class_accuracies": [[99.89795918367346, 0.0, 0.0, 36.93069306930693, 0.0, 0.0, 0.0, 0.0, 0.0, 2.576808721506442], [97.55102040816327, 99.29515418502203, 0.0, 0.693069306930693, 0.0, 6.502242152466367, 0.0, 89.6887159533074, 0.0, 0.0], [97.34693877551021, 99.55947136563877, 4.651162790697675, 68.51485148514851, 91.44602851323829, 0.7847533632286996, 10.334029227557412, 5.836575875486381, 6.365503080082136, 3.7661050545094152], [97.04081632653062, 99.47136563876651, 37.98449612403101, 79.3069306930693, 62.32179226069246, 43.946188340807176, 7.828810020876826, 5.544747081712062, 0.2053388090349076, 71.85332011892963], [96.42857142857143, 99.11894273127753, 39.72868217054263, 80.6930693069307, 89.61303462321793, 67.37668161434978, 56.68058455114823, 63.521400778210115, 0.4106776180698152, 21.20911793855302], [95.20408163265306, 98.06167400881057, 43.604651162790695, 68.01980198019803, 62.32179226069246, 72.19730941704036, 81.62839248434238, 67.50972762645914, 62.114989733059545, 83.54806739345887], [93.77551020408163, 97.79735682819383, 42.151162790697676, 94.95049504950495, 74.23625254582485, 44.28251121076233, 86.84759916492693, 88.61867704280155, 9.44558521560575, 63.23092170465808], [95.61224489795919, 98.32599118942731, 64.63178294573643, 72.07920792079207, 73.0142566191446, 78.69955156950672, 86.43006263048017, 76.94552529182879, 66.4271047227926, 80.77304261645193], [95.91836734693878, 98.14977973568281, 81.3953488372093, 82.17821782178218, 85.74338085539715, 72.6457399103139, 90.18789144050105, 83.36575875486382, 53.08008213552361, 63.52824578790882], [94.48979591836735, 98.32599118942731, 76.64728682170542, 79.70297029702971, 62.32179226069246, 83.6322869955157, 88.83089770354906, 86.96498054474708, 56.365503080082135, 86.22398414271557], [94.89795918367346, 96.47577092511013, 80.03875968992249, 84.55445544554455, 78.41140529531569, 73.87892376681614, 91.64926931106471, 83.26848249027238, 77.41273100616016, 83.34985133795837], [95.81632653061224, 97.09251101321586, 79.26356589147287, 81.2871287128713, 87.88187372708758, 83.18385650224215, 89.66597077244259, 85.89494163424125, 78.33675564681725, 78.1962338949455], [94.59183673469387, 97.88546255506608, 78.68217054263566, 79.5049504950495, 84.41955193482688, 84.75336322869956, 92.58872651356994, 88.2295719844358, 73.81930184804928, 85.0346878097126], [94.79591836734694, 97.18061674008811, 75.1937984496124, 81.78217821782178, 91.34419551934828, 87.78026905829596, 92.27557411273486, 88.91050583657588, 78.33675564681725, 78.1962338949455], [95.61224489795919, 96.91629955947137, 87.8875968992248, 85.74257425742574, 94.29735234215886, 81.50224215246637, 93.1106471816284, 85.7976653696498, 80.80082135523614, 75.42120911793856], [94.18367346938776, 97.18061674008811, 81.87984496124031, 84.95049504950495, 85.23421588594705, 86.99551569506727, 93.0062630480167, 87.35408560311284, 83.9835728952772, 87.80971258671953], [95.71428571428571, 97.3568281938326, 78.19767441860465, 85.14851485148515, 91.95519348268839, 85.65022421524664, 93.21503131524008, 87.54863813229572, 85.52361396303901, 84.4400396432111], [97.55102040816327, 97.79735682819383, 82.94573643410853, 90.4950495049505, 84.31771894093686, 81.27802690582959, 93.63256784968685, 90.27237354085604, 78.13141683778234, 89.197224975223], [96.12244897959184, 97.62114537444934, 88.37209302325581, 87.12871287128714, 89.30753564154786, 82.73542600896862, 94.78079331941545, 89.2023346303502, 84.90759753593429, 86.02576808721507], [97.44897959183673, 97.97356828193833, 84.10852713178295, 92.97029702970298, 86.45621181262729, 80.60538116591928, 92.48434237995825, 89.00778210116732, 79.67145790554414, 89.99008919722498], [97.75510204081633, 97.97356828193833, 81.5891472868217, 89.3069306930693, 94.39918533604887, 85.42600896860986, 92.06680584551148, 91.73151750972762, 84.49691991786447, 82.55698711595639], [98.06122448979592, 98.14977973568281, 79.26356589147287, 89.4059405940594, 89.40936863543789, 87.89237668161435, 91.8580375782881, 90.07782101167315, 80.80082135523614, 90.18830525272547], [97.55102040816327, 98.23788546255507, 93.31395348837209, 88.11881188118812, 91.95519348268839, 85.31390134529148, 94.1544885177453, 87.45136186770428, 85.72895277207392, 88.50346878097126], [97.34693877551021, 97.97356828193833, 71.89922480620154, 88.81188118811882, 91.24236252545825, 86.65919282511211, 92.79749478079331, 90.07782101167315, 86.34496919917865, 91.67492566897918], [98.26530612244898, 98.06167400881057, 91.37596899224806, 87.72277227722772, 93.17718940936864, 86.21076233183857, 93.52818371607516, 89.59143968871595, 87.47433264887064, 89.69276511397423], [98.06122448979592, 98.32599118942731, 88.46899224806202, 91.78217821782178, 94.80651731160896, 86.65919282511211, 95.09394572025052, 91.147859922179, 85.1129363449692, 86.9177403369673], [97.85714285714286, 98.41409691629956, 84.20542635658914, 91.08910891089108, 94.39918533604887, 86.21076233183857, 93.94572025052192, 89.00778210116732, 86.75564681724846, 90.78295341922696], [98.46938775510205, 98.06167400881057, 91.76356589147287, 88.81188118811882, 92.36252545824847, 88.56502242152466, 94.57202505219206, 93.57976653696498, 85.72895277207392, 87.61149653121903], [97.95918367346938, 98.6784140969163, 80.71705426356588, 94.25742574257426, 95.31568228105907, 83.74439461883408, 92.69311064718163, 91.147859922179, 85.83162217659138, 88.70168483647176], [97.75510204081633, 98.41409691629956, 91.56976744186046, 90.5940594059406, 94.5010183299389, 89.79820627802691, 96.03340292275574, 88.715953307393, 87.57700205338809, 89.29633300297324]],