{"config": {"DATASET": "mnist", "TOTAL_CLIENTS": 100, "CLIENT_FRAC": 0.1, "POISON_FRAC": 0.1, "CREATE_DATASET": true, "RANDOM_DATA": true, "CLASS_RATIO": 10, "MODEL": "nnet", "LEARNING_RATE": 0.001, "BATCH_SIZE": 32, "LOCAL_EPOCHS": 3, "OPTIMIZER": "adam", "FED_ROUNDS": 30, "TEST_EVERY": 1, "RANDOM_PROCESS": true, "COS_DEFENCE": true, "SEL_METHOD": 1, "REDUCE_LR": 1, "COLLAB_MODE": true, "COLLAB_ALL": true, "CONSIDER_LAYERS": "l2", "GRAD_AGG": true, "FEATURE_FINDING_ALGO": "auror", "GRAD_COLLECTION_START": 0, "GRAD_COLLECT_FOR": -1, "CLUSTER_SEP": 0.002, "ALPHA": 0.8, "BETA": 0.8, "GAMMA": 0.1, "TRUST_INC": 2, "TRUST_CUT_METHOD": 2, "HONEST_PARDON_FACTOR": 0.99, "LOG_LEVEL": "INFO", "JSON_RESULTS": true}, "mean_poison_class_acc": 83.83720930232558, "mean_attack_srate": 3.086240310077519, "total_accuracies": [23.43, 29.18, 43.94, 51.15, 60.53, 66.09, 69.71, 77.33, 81.18, 82.91, 84.79, 84.75, 85.95, 87.38, 87.81, 88.38, 88.5, 89.02, 89.02, 89.45, 89.61, 90.26, 90.34, 91.32, 91.22, 91.43, 92.05, 91.17, 91.87, 92.47], "class_accuracies": [[0.0, 38.32599118942731, 0.0, 98.11881188118812, 93.38085539714868, 0.0, 0.0, 0.0, 0.0, 0.0], [99.38775510204081, 99.47136563876651, 0.0, 3.762376237623762, 76.57841140529531, 0.0, 0.0, 0.0, 0.0, 2.4777006937561943], [94.59183673469387, 99.20704845814979, 5.717054263565892, 94.25742574257426, 68.73727087576374, 0.0, 64.19624217118998, 3.8910505836575875, 0.0, 0.0], [97.34693877551021, 99.20704845814979, 5.329457364341085, 92.17821782178218, 85.94704684317719, 23.318385650224215, 75.05219206680584, 0.0, 2.1560574948665296, 25.470763131813676], [98.26530612244898, 99.11894273127753, 45.542635658914726, 91.98019801980197, 80.95723014256619, 16.928251121076233, 82.25469728601253, 57.1011673151751, 0.3080082135523614, 23.984142715559962], [97.24489795918367, 97.97356828193833, 72.96511627906976, 88.51485148514851, 91.95519348268839, 15.47085201793722, 77.13987473903967, 35.11673151750973, 49.383983572895275, 27.254707631318137], [97.65306122448979, 98.14977973568281, 59.49612403100775, 92.57425742574257, 92.26069246435846, 35.98654708520179, 89.35281837160751, 74.31906614785993, 20.431211498973305, 30.22794846382557], [97.85714285714286, 97.26872246696036, 63.08139534883721, 80.79207920792079, 89.81670061099797, 62.219730941704036, 91.33611691022965, 88.13229571984436, 57.39219712525667, 42.22001982160555], [97.14285714285714, 96.74008810572687, 81.3953488372093, 77.62376237623762, 91.44602851323829, 71.74887892376681, 91.33611691022965, 87.64591439688716, 69.0965092402464, 45.29236868186323], [96.73469387755102, 97.79735682819383, 72.18992248062015, 86.63366336633663, 89.91853360488798, 61.09865470852018, 90.81419624217119, 89.88326848249027, 67.86447638603696, 72.34886025768087], [96.53061224489795, 97.18061674008811, 80.42635658914729, 86.53465346534654, 80.34623217922606, 76.79372197309416, 92.27557411273486, 87.84046692607004, 61.190965092402465, 86.12487611496532], [96.22448979591837, 96.56387665198238, 85.36821705426357, 74.05940594059406, 95.11201629327903, 85.76233183856502, 91.44050104384134, 88.61867704280155, 73.71663244353182, 59.762140733399406], [95.81632653061224, 97.3568281938326, 78.10077519379846, 73.96039603960396, 92.26069246435846, 91.14349775784753, 89.5615866388309, 88.2295719844358, 75.35934291581108, 77.30426164519326], [97.14285714285714, 97.26872246696036, 82.46124031007751, 84.65346534653466, 85.4378818737271, 86.32286995515695, 91.44050104384134, 85.60311284046692, 73.40862422997947, 88.800792864222], [97.44897959183673, 96.0352422907489, 84.01162790697674, 85.04950495049505, 94.5010183299389, 82.0627802690583, 91.44050104384134, 90.56420233463035, 75.46201232032854, 80.0792864222002], [97.55102040816327, 96.82819383259911, 80.23255813953489, 88.31683168316832, 90.73319755600815, 81.72645739910314, 91.12734864300626, 89.59143968871595, 77.92607802874743, 88.20614469772052], [96.73469387755102, 97.09251101321586, 77.90697674418605, 89.8019801980198, 95.82484725050917, 80.04484304932735, 92.06680584551148, 88.03501945525292, 81.72484599589322, 84.34093161546085], [97.95918367346938, 96.38766519823788, 82.26744186046511, 87.72277227722772, 91.44602851323829, 86.7713004484305, 91.33611691022965, 91.92607003891051, 77.82340862422998, 85.53022794846383], [96.63265306122449, 96.56387665198238, 79.26356589147287, 88.31683168316832, 94.5010183299389, 82.17488789237669, 94.67640918580376, 87.54863813229572, 83.16221765913758, 86.32309217046581], [96.73469387755102, 96.2114537444934, 84.49612403100775, 86.33663366336634, 94.60285132382892, 89.57399103139014, 91.8580375782881, 89.98054474708171, 79.36344969199179, 84.73736372646184], [96.93877551020408, 96.74008810572687, 81.0077519379845, 93.46534653465346, 92.15885947046843, 79.7085201793722, 92.37995824634656, 88.42412451361868, 84.39425051334702, 89.29633300297324], [97.34693877551021, 95.06607929515418, 87.6937984496124, 88.11881188118812, 89.30753564154786, 84.97757847533633, 92.27557411273486, 90.1750972762646, 88.29568788501027, 88.40436075322101], [96.42857142857143, 96.65198237885463, 82.55813953488372, 86.03960396039604, 92.87169042769857, 89.01345291479821, 92.27557411273486, 90.95330739299611, 91.47843942505133, 84.73736372646184], [96.83673469387755, 97.44493392070484, 90.69767441860465, 90.89108910891089, 92.36252545824847, 82.39910313901345, 94.57202505219206, 92.50972762645914, 86.34496919917865, 87.51238850346878], [97.04081632653062, 96.47577092511013, 88.56589147286822, 85.64356435643565, 93.48268839103869, 89.57399103139014, 93.42379958246346, 89.49416342412451, 88.80903490759754, 89.197224975223], [97.65306122448979, 97.00440528634361, 88.46899224806202, 90.5940594059406, 90.73319755600815, 85.98654708520179, 93.42379958246346, 91.34241245136187, 87.06365503080082, 90.8820614469772], [96.22448979591837, 96.91629955947137, 90.21317829457364, 92.37623762376238, 94.19551934826885, 86.32286995515695, 94.1544885177453, 93.09338521400778, 88.19301848049281, 87.71060455896928], [97.75510204081633, 96.91629955947137, 77.81007751937985, 92.67326732673267, 92.56619144602851, 87.33183856502242, 94.57202505219206, 91.53696498054475, 91.37577002053388, 88.70168483647176], [97.75510204081633, 97.09251101321586, 84.10852713178295, 91.78217821782178, 94.19551934826885, 87.33183856502242, 94.88517745302714, 93.77431906614785, 89.63039014373716, 87.41328047571854], [97.65306122448979, 97.3568281938326, 91.08527131782945, 92.07920792079207, 92.26069246435846, 88.67713004484305, 94.88517745302714, 91.34241245136187, 89.52772073921972, 88.9990089197225]],