{"config": {"DATASET": "mnist", "TOTAL_CLIENTS": 100, "CLIENT_FRAC": 0.1, "POISON_FRAC": 0.1, "CREATE_DATASET": true, "CLASS_RATIO": 10, "MODEL": "nnet", "LEARNING_RATE": 0.001, "BATCH_SIZE": 32, "LOCAL_EPOCHS": 3, "OPTIMIZER": "adam", "FED_ROUNDS": 30, "TEST_EVERY": 1, "RANDOM": true, "COS_DEFENCE": true, "SEL_METHOD": 1, "REDUCE_LR": 1, "COLLAB_MODE": true, "COLLAB_ALL": true, "CONSIDER_LAYERS": "l1", "GRAD_AGG": true, "FEATURE_FINDING_ALGO": "auror", "GRAD_COLLECTION_START": 0, "GRAD_COLLECT_FOR": -1, "CLUSTER_SEP": 1.0, "ALPHA": 0.7, "BETA": 0.7, "GAMMA": 0.1, "TRUST_INC": 2, "TRUST_CUT_METHOD": 2, "HONEST_PARDON_FACTOR": 0.99, "LOG_LEVEL": "INFO", "JSON_RESULTS": true}, "mean_poison_class_acc": 85.6637596899225, "mean_attack_srate": 3.15406976744186, "total_accuracies": [14.53, 29.75, 33.8, 43.8, 64.27, 72.29, 77.19, 81.47, 81.95, 84.18, 84.32, 86.75, 86.63, 87.2, 88.21, 88.98, 89.25, 89.07, 89.83, 90.3, 89.37, 90.56, 90.38, 91.55, 91.2, 92.2, 92.14, 92.19, 92.15, 92.52], "class_accuracies": [[6.224489795918367, 33.480176211453745, 0.0, 0.297029702970297, 0.0, 0.0, 0.0, 0.0, 0.0, 100.0], [98.77551020408163, 96.74008810572687, 33.042635658914726, 0.7920792079207921, 12.118126272912424, 49.43946188340807, 0.0, 0.0, 0.0, 0.0], [99.28571428571429, 99.73568281938326, 29.26356589147287, 48.613861386138616, 1.5274949083503055, 0.8968609865470852, 11.169102296450939, 31.51750972762646, 0.0, 2.7750247770069376], [97.65306122448979, 99.64757709251101, 50.0, 87.82178217821782, 3.869653767820774, 0.11210762331838565, 14.091858037578287, 13.326848249027238, 0.6160164271047228, 56.68979187314172], [95.40816326530613, 99.38325991189427, 60.56201550387597, 36.73267326732673, 31.364562118126273, 84.08071748878923, 67.4321503131524, 67.70428015564202, 17.659137577002053, 78.88999008919723], [97.95918367346938, 98.23788546255507, 70.54263565891473, 91.98019801980197, 49.08350305498982, 29.59641255605381, 90.6054279749478, 70.13618677042801, 32.85420944558521, 83.44895936570862], [97.24489795918367, 98.50220264317181, 59.98062015503876, 89.5049504950495, 66.39511201629328, 55.94170403587444, 88.83089770354906, 89.6887159533074, 59.65092402464066, 61.446977205153615], [93.36734693877551, 96.74008810572687, 71.41472868217055, 70.1980198019802, 81.36456211812627, 83.5201793721973, 92.90187891440502, 81.90661478599222, 81.21149897330595, 61.54608523290386], [93.26530612244898, 96.56387665198238, 77.71317829457364, 78.51485148514851, 50.10183299389002, 79.03587443946188, 91.23173277661796, 83.65758754863813, 77.20739219712526, 89.89098116947473], [94.38775510204081, 96.56387665198238, 80.32945736434108, 71.2871287128713, 83.80855397148676, 88.45291479820628, 91.44050104384134, 88.42412451361868, 72.58726899383984, 73.73637264618434], [93.87755102040816, 96.82819383259911, 83.33333333333333, 81.78217821782178, 60.89613034623218, 83.74439461883408, 89.4572025052192, 85.01945525291829, 74.84599589322382, 91.37760158572844], [95.91836734693878, 96.47577092511013, 85.94961240310077, 79.60396039603961, 84.11405295315683, 83.18385650224215, 93.21503131524008, 89.10505836575875, 81.10882956878851, 77.50247770069376], [95.0, 96.29955947136564, 83.13953488372093, 82.17821782178218, 89.5112016293279, 89.68609865470852, 93.42379958246346, 89.2023346303502, 72.68993839835728, 74.52923686818632], [96.0204081632653, 97.44493392070484, 84.20542635658914, 90.79207920792079, 78.81873727087576, 76.79372197309416, 93.1106471816284, 89.29961089494164, 77.31006160164272, 85.72844400396433], [95.71428571428571, 96.91629955947137, 83.91472868217055, 84.35643564356435, 88.69653767820773, 87.89237668161435, 93.21503131524008, 85.11673151750973, 80.59548254620123, 84.93557978196233], [96.42857142857143, 96.56387665198238, 90.40697674418605, 84.45544554455445, 92.76985743380855, 85.98654708520179, 94.05010438413362, 88.2295719844358, 79.67145790554414, 80.17839444995045], [96.12244897959184, 96.74008810572687, 86.53100775193798, 83.06930693069307, 86.45621181262729, 89.46188340807174, 92.90187891440502, 91.92607003891051, 83.05954825462013, 85.43111992071358], [96.3265306122449, 96.56387665198238, 82.55813953488372, 83.16831683168317, 86.86354378818737, 91.14349775784753, 92.48434237995825, 85.01945525291829, 85.52361396303901, 90.78295341922696], [97.34693877551021, 97.00440528634361, 83.62403100775194, 89.60396039603961, 91.64969450101833, 86.99551569506727, 92.90187891440502, 88.2295719844358, 81.82751540041068, 88.20614469772052], [97.75510204081633, 97.97356828193833, 83.43023255813954, 92.67326732673267, 91.24236252545825, 82.0627802690583, 93.84133611691023, 89.98054474708171, 83.16221765913758, 89.29633300297324], [97.55102040816327, 96.91629955947137, 77.81007751937985, 86.53465346534654, 90.020366598778, 87.21973094170404, 93.94572025052192, 85.7976653696498, 84.80492813141684, 92.56689791873141], [97.04081632653062, 96.82819383259911, 87.59689922480621, 84.95049504950495, 88.18737270875764, 92.26457399103138, 92.37995824634656, 88.2295719844358, 86.03696098562628, 91.67492566897918], [97.55102040816327, 97.44493392070484, 77.51937984496124, 90.4950495049505, 91.34419551934828, 85.98654708520179, 91.54488517745303, 92.60700389105058, 89.3223819301848, 89.09811694747275], [97.65306122448979, 97.97356828193833, 93.02325581395348, 89.9009900990099, 95.11201629327903, 86.54708520179372, 94.57202505219206, 90.85603112840467, 84.59958932238193, 84.0436075322101], [97.55102040816327, 98.32599118942731, 84.88372093023256, 92.97029702970298, 90.32586558044807, 87.10762331838565, 93.52818371607516, 91.34241245136187, 82.85420944558521, 91.87314172447968], [97.44897959183673, 97.00440528634361, 91.47286821705427, 93.06930693069307, 93.07535641547861, 85.87443946188341, 94.1544885177453, 89.98054474708171, 90.14373716632444, 88.70168483647176], [97.75510204081633, 98.50220264317181, 89.92248062015504, 90.4950495049505, 94.29735234215886, 91.4798206278027, 95.09394572025052, 91.82879377431907, 84.18891170431212, 87.1159563924678], [97.44897959183673, 97.88546255506608, 86.24031007751938, 90.1980198019802, 93.17718940936864, 90.47085201793722, 95.30271398747391, 90.46692607003891, 89.42505133470226, 90.78295341922696], [97.65306122448979, 97.5330396475771, 86.53100775193798, 91.18811881188118, 93.68635437881873, 89.23766816143498, 93.73695198329854, 93.3852140077821, 88.19301848049281, 89.59365708622398], [97.65306122448979, 98.23788546255507, 91.18217054263566, 88.51485148514851, 94.09368635437882, 93.04932735426009, 95.51148225469728, 90.46692607003891, 86.13963039014374, 89.89098116947473]],