{"config": {"DATASET": "mnist", "TOTAL_CLIENTS": 100, "CLIENT_FRAC": 0.2, "POISON_FRAC": 0.3, "CREATE_DATASET": true, "RANDOM_DATA": true, "CLASS_RATIO": 10, "MODEL": "nnet", "LEARNING_RATE": 0.001, "BATCH_SIZE": 32, "LOCAL_EPOCHS": 10, "OPTIMIZER": "adam", "FED_ROUNDS": 30, "TEST_EVERY": 1, "RANDOM_PROCESS": false, "COS_DEFENCE": false, "SEL_METHOD": 1, "REDUCE_LR": 1, "COLLAB_MODE": true, "COLLAB_ALL": true, "CONSIDER_LAYERS": "l1", "GRAD_AGG": true, "FEATURE_FINDING_ALGO": "auror", "GRAD_COLLECTION_START": 0, "GRAD_COLLECT_FOR": -1, "CLUSTER_SEP": 0.002, "ALPHA": 0.8, "BETA": 0.8, "GAMMA": 0.1, "TRUST_INC": 2, "TRUST_CUT_METHOD": 1, "HONEST_PARDON_FACTOR": 0.7, "LOG_LEVEL": "INFO", "JSON_RESULTS": true}, "mean_poison_class_acc": 66.55426356589147, "mean_attack_srate": 3.3798449612403103, "total_accuracies": [50.02, 66.16, 79.83, 84.58, 87.43, 88.14, 86.97, 85.96, 91.34, 91.45, 86.66, 91.8, 90.46, 93.18, 92.12, 93.69, 92.88, 91.28, 94.32, 92.91, 92.26, 92.67, 87.4, 93.64, 85.65, 94.33, 89.08, 94.86, 94.83, 95.28], "class_accuracies": [[97.14285714285714, 100.0, 0.09689922480620156, 52.07920792079208, 77.90224032586558, 26.233183856502244, 13.048016701461378, 79.57198443579766, 45.790554414784395, 0.0], [97.55102040816327, 99.03083700440529, 0.0, 74.15841584158416, 93.38085539714868, 83.6322869955157, 73.38204592901879, 84.72762645914396, 31.1088295687885, 24.4796828543112], [96.22448979591837, 98.23788546255507, 40.310077519379846, 83.26732673267327, 94.19551934826885, 76.90582959641256, 94.67640918580376, 91.53696498054475, 75.46201232032854, 46.97720515361744], [96.42857142857143, 98.23788546255507, 53.77906976744186, 84.85148514851485, 91.0386965376782, 86.54708520179372, 91.23173277661796, 89.49416342412451, 73.40862422997947, 80.37661050545094], [97.04081632653062, 97.44493392070484, 68.8953488372093, 88.11881188118812, 95.31568228105907, 82.51121076233184, 92.90187891440502, 91.24513618677042, 80.69815195071868, 79.18731417244797], [97.34693877551021, 96.65198237885463, 66.86046511627907, 86.83168316831683, 95.010183299389, 85.08968609865471, 93.0062630480167, 90.75875486381322, 85.42094455852155, 84.0436075322101], [97.75510204081633, 98.23788546255507, 54.36046511627907, 90.79207920792079, 95.010183299389, 88.00448430493273, 91.12734864300626, 91.53696498054475, 78.95277207392198, 83.74628344895936], [97.95918367346938, 97.44493392070484, 37.1124031007752, 91.08910891089108, 96.33401221995926, 87.10762331838565, 93.0062630480167, 92.41245136186771, 82.23819301848049, 85.43111992071358], [96.93877551020408, 96.74008810572687, 87.20930232558139, 86.93069306930693, 94.60285132382892, 89.23766816143498, 95.61586638830897, 88.715953307393, 90.04106776180699, 87.01684836471755], [97.75510204081633, 97.44493392070484, 79.84496124031008, 92.07920792079207, 96.02851323828921, 86.43497757847534, 94.98956158663883, 91.92607003891051, 89.21971252566735, 88.10703666997027], [97.65306122448979, 97.70925110132158, 31.492248062015506, 91.88118811881188, 96.5376782077393, 89.12556053811659, 94.88517745302714, 92.31517509727627, 86.34496919917865, 89.69276511397423], [97.75510204081633, 97.97356828193833, 79.74806201550388, 93.26732673267327, 97.04684317718942, 90.47085201793722, 94.57202505219206, 92.02334630350195, 89.63039014373716, 85.23290386521309], [97.55102040816327, 98.14977973568281, 62.1124031007752, 92.77227722772277, 95.51934826883911, 90.80717488789237, 95.82463465553236, 93.67704280155642, 87.782340862423, 90.58473736372646], [98.06122448979592, 98.14977973568281, 85.36821705426357, 93.66336633663366, 95.62118126272912, 90.5829596412556, 96.45093945720251, 92.60700389105058, 91.27310061601642, 89.59365708622398], [97.65306122448979, 97.97356828193833, 72.77131782945736, 94.25742574257426, 97.25050916496944, 92.152466367713, 95.19832985386222, 93.96887159533074, 90.34907597535934, 89.69276511397423], [98.26530612244898, 97.97356828193833, 84.59302325581395, 92.67326732673267, 94.60285132382892, 92.26457399103138, 96.65970772442589, 94.8443579766537, 91.58110882956879, 93.1615460852329], [98.26530612244898, 98.14977973568281, 77.03488372093024, 95.84158415841584, 96.84317718940937, 89.12556053811659, 96.5553235908142, 93.8715953307393, 91.06776180698152, 91.67492566897918], [98.26530612244898, 98.32599118942731, 61.24031007751938, 93.26732673267327, 95.62118126272912, 92.26457399103138, 96.03340292275574, 92.8988326848249, 91.17043121149898, 94.15262636273538], [98.26530612244898, 98.41409691629956, 91.37596899224806, 91.68316831683168, 96.13034623217922, 93.16143497757848, 96.76409185803757, 92.80155642023347, 92.71047227926078, 91.57581764122894], [97.44897959183673, 98.94273127753304, 75.87209302325581, 92.97029702970298, 96.33401221995926, 93.72197309417041, 95.82463465553236, 93.8715953307393, 90.96509240246407, 93.1615460852329], [98.57142857142857, 98.50220264317181, 66.76356589147287, 94.25742574257426, 96.43584521384929, 93.49775784753363, 95.92901878914405, 93.67704280155642, 91.9917864476386, 93.3597621407334], [98.26530612244898, 98.59030837004406, 69.28294573643412, 93.56435643564356, 96.63951120162933, 94.28251121076234, 95.30271398747391, 94.3579766536965, 93.01848049281314, 93.75619425173439], [97.55102040816327, 98.76651982378854, 19.282945736434108, 94.75247524752476, 96.84317718940937, 94.05829596412556, 96.65970772442589, 94.26070038910505, 91.78644763860369, 91.97224975222993], [98.57142857142857, 98.59030837004406, 79.06976744186046, 94.95049504950495, 96.94501018329939, 93.16143497757848, 96.13778705636743, 94.3579766536965, 92.71047227926078, 91.87314172447968], [97.85714285714286, 98.76651982378854, 0.29069767441860467, 94.75247524752476, 96.5376782077393, 94.17040358744394, 95.51148225469728, 93.67704280155642, 93.01848049281314, 94.44995044598612], [97.95918367346938, 98.59030837004406, 85.85271317829458, 94.15841584158416, 97.25050916496944, 95.51569506726457, 95.51148225469728, 94.26070038910505, 92.81314168377824, 91.37760158572844], [98.46938775510205, 98.76651982378854, 33.13953488372093, 95.54455445544555, 97.35234215885947, 94.28251121076234, 96.13778705636743, 95.03891050583658, 92.29979466119096, 91.2784935579782], [98.16326530612245, 98.59030837004406, 86.82170542635659, 96.23762376237623, 96.13034623217922, 92.152466367713, 97.39039665970772, 94.16342412451363, 94.45585215605749, 94.15262636273538], [98.77551020408163, 98.50220264317181, 86.43410852713178, 95.54455445544555, 96.84317718940937, 92.71300448430493, 96.76409185803757, 94.06614785992218, 95.07186858316221, 93.3597621407334], [98.26530612244898, 98.50220264317181, 89.92248062015504, 95.84158415841584, 96.94501018329939, 92.71300448430493, 97.07724425887265, 95.23346303501945, 94.76386036960986, 93.1615460852329]],