{"config": {"DATASET": "mnist", "TOTAL_CLIENTS": 100, "CLIENT_FRAC": 0.1, "POISON_FRAC": 0.4, "CREATE_DATASET": true, "RANDOM_DATA": true, "CLASS_RATIO": 10, "MODEL": "nnet", "LEARNING_RATE": 0.001, "BATCH_SIZE": 32, "LOCAL_EPOCHS": 10, "OPTIMIZER": "adam", "FED_ROUNDS": 30, "TEST_EVERY": 1, "RANDOM_PROCESS": false, "COS_DEFENCE": false, "SEL_METHOD": 1, "REDUCE_LR": 1, "COLLAB_MODE": true, "COLLAB_ALL": true, "CONSIDER_LAYERS": "l1", "GRAD_AGG": true, "FEATURE_FINDING_ALGO": "auror", "GRAD_COLLECTION_START": 0, "GRAD_COLLECT_FOR": -1, "CLUSTER_SEP": 0.005, "ALPHA": 0.8, "BETA": 0.8, "GAMMA": 0.1, "TRUST_INC": 2, "TRUST_CUT_METHOD": 1, "HONEST_PARDON_FACTOR": 0.8, "LOG_LEVEL": "INFO", "JSON_RESULTS": true}, "mean_poison_class_acc": 58.333333333333336, "mean_attack_srate": 3.9970930232558146, "total_accuracies": [49.48, 66.37, 77.86, 80.96, 86.12, 86.97, 89.04, 90.8, 89.58, 86.71, 86.4, 83.6, 92.24, 89.95, 93.26, 92.82, 93.62, 93.14, 90.56, 94.27, 84.71, 94.12, 93.66, 94.07, 92.65, 88.35, 85.41, 85.43, 94.32, 92.14], "class_accuracies": [[98.9795918367347, 99.38325991189427, 0.0, 7.524752475247524, 22.60692464358452, 18.721973094170405, 41.02296450939457, 67.60700389105058, 45.68788501026694, 84.4400396432111], [96.3265306122449, 97.97356828193833, 0.0, 89.9009900990099, 94.39918533604887, 78.81165919282512, 78.49686847599165, 89.98054474708171, 19.917864476386036, 17.046580773042617], [96.3265306122449, 96.91629955947137, 0.0, 84.95049504950495, 88.4928716904277, 81.83856502242152, 90.91858037578288, 87.2568093385214, 70.73921971252567, 82.06144697720515], [96.93877551020408, 96.56387665198238, 12.209302325581396, 90.0990099009901, 92.87169042769857, 78.36322869955157, 93.94572025052192, 89.59143968871595, 79.46611909650925, 80.0792864222002], [96.73469387755102, 97.09251101321586, 54.554263565891475, 87.32673267326733, 95.010183299389, 85.87443946188341, 93.84133611691023, 89.10505836575875, 85.01026694045174, 76.80872150644203], [97.24489795918367, 98.41409691629956, 56.104651162790695, 87.92079207920793, 93.07535641547861, 85.20179372197309, 94.1544885177453, 90.95330739299611, 80.08213552361396, 86.12487611496532], [97.14285714285714, 97.79735682819383, 77.32558139534883, 90.0, 95.92668024439918, 86.65919282511211, 93.63256784968685, 89.10505836575875, 80.08213552361396, 81.9623389494549], [97.34693877551021, 97.44493392070484, 85.36821705426357, 91.08910891089108, 95.21384928716904, 89.12556053811659, 93.52818371607516, 88.81322957198444, 82.95687885010267, 86.42220019821606], [97.65306122448979, 97.44493392070484, 66.08527131782945, 90.0, 95.31568228105907, 88.90134529147981, 95.72025052192066, 91.63424124513618, 85.1129363449692, 87.90882061446978], [97.65306122448979, 97.70925110132158, 34.30232558139535, 92.87128712871286, 95.82484725050917, 85.87443946188341, 96.24217118997912, 93.19066147859922, 86.13963039014374, 87.90882061446978], [97.44897959183673, 97.3568281938326, 31.976744186046513, 93.06930693069307, 91.75152749490834, 90.5829596412556, 93.84133611691023, 87.84046692607004, 87.37166324435319, 93.95441030723488], [97.85714285714286, 97.3568281938326, 0.09689922480620156, 91.18811881188118, 96.13034623217922, 90.35874439461884, 95.30271398747391, 93.09338521400778, 87.98767967145791, 88.89990089197225], [97.95918367346938, 98.06167400881057, 82.07364341085271, 90.89108910891089, 95.21384928716904, 90.69506726457399, 96.13778705636743, 93.96887159533074, 87.88501026694045, 89.09811694747275], [98.16326530612245, 98.76651982378854, 60.07751937984496, 93.76237623762377, 94.90835030549898, 89.46188340807174, 96.03340292275574, 94.55252918287938, 83.26488706365502, 90.38652130822597], [98.06122448979592, 97.79735682819383, 87.6937984496124, 93.96039603960396, 96.33401221995926, 92.37668161434978, 94.67640918580376, 92.12062256809338, 89.3223819301848, 89.89098116947473], [98.16326530612245, 97.79735682819383, 81.0077519379845, 93.96039603960396, 95.010183299389, 93.83408071748879, 93.94572025052192, 93.57976653696498, 88.91170431211499, 91.87314172447968], [97.55102040816327, 98.59030837004406, 89.72868217054264, 92.87128712871286, 94.80651731160896, 92.37668161434978, 96.5553235908142, 92.60700389105058, 88.29568788501027, 92.26957383548067], [98.36734693877551, 97.62114537444934, 79.94186046511628, 94.65346534653466, 95.62118126272912, 92.9372197309417, 94.78079331941545, 93.28793774319067, 92.09445585215606, 92.07135777998018], [98.06122448979592, 98.06167400881057, 54.554263565891475, 94.05940594059406, 94.19551934826885, 93.83408071748879, 94.67640918580376, 93.48249027237354, 91.9917864476386, 93.45887016848364], [97.85714285714286, 97.62114537444934, 88.95348837209302, 94.25742574257426, 95.92668024439918, 92.82511210762331, 96.24217118997912, 94.26070038910505, 92.40246406570841, 92.07135777998018], [98.16326530612245, 98.50220264317181, 0.0, 93.56435643564356, 93.89002036659878, 92.48878923766816, 94.57202505219206, 92.21789883268482, 94.25051334702259, 91.87314172447968], [97.55102040816327, 98.23788546255507, 90.69767441860465, 94.35643564356435, 96.63951120162933, 90.5829596412556, 94.98956158663883, 93.96887159533074, 91.9917864476386, 91.47670961347869], [97.04081632653062, 97.97356828193833, 81.2984496124031, 93.66336633663366, 96.74134419551935, 94.28251121076234, 95.61586638830897, 95.23346303501945, 94.35318275154005, 90.48562933597621], [97.65306122448979, 98.50220264317181, 86.82170542635659, 95.04950495049505, 96.74134419551935, 91.81614349775785, 95.82463465553236, 94.06614785992218, 92.81314168377824, 90.98116947472745], [98.16326530612245, 98.6784140969163, 71.22093023255815, 94.65346534653466, 96.33401221995926, 94.05829596412556, 94.88517745302714, 94.74708171206225, 91.06776180698152, 92.86422200198216], [98.46938775510205, 98.6784140969163, 26.453488372093023, 94.25742574257426, 96.23217922606925, 93.94618834080717, 95.09394572025052, 95.8171206225681, 93.42915811088295, 92.76511397423191], [98.06122448979592, 98.06167400881057, 0.7751937984496124, 94.75247524752476, 95.31568228105907, 91.70403587443946, 96.45093945720251, 93.28793774319067, 94.76386036960986, 93.3597621407334], [97.95918367346938, 98.50220264317181, 0.29069767441860467, 95.34653465346534, 95.31568228105907, 92.152466367713, 95.61586638830897, 94.16342412451363, 94.35318275154005, 92.9633300297324], [97.95918367346938, 99.03083700440529, 88.85658914728683, 92.67326732673267, 95.21384928716904, 94.17040358744394, 95.09394572025052, 95.13618677042801, 92.40246406570841, 92.26957383548067], [97.85714285714286, 98.41409691629956, 64.14728682170542, 94.85148514851485, 95.010183299389, 93.27354260089686, 94.88517745302714, 95.8171206225681, 93.32648870636551, 94.15262636273538]],