{"config": {"DATASET": "mnist", "TOTAL_CLIENTS": 100, "CLIENT_FRAC": 0.1, "POISON_FRAC": 0.1, "CREATE_DATASET": true, "RANDOM_DATA": true, "CLASS_RATIO": 10, "MODEL": "nnet", "LEARNING_RATE": 0.001, "BATCH_SIZE": 32, "LOCAL_EPOCHS": 3, "OPTIMIZER": "adam", "FED_ROUNDS": 30, "TEST_EVERY": 1, "RANDOM_PROCESS": true, "COS_DEFENCE": false, "SEL_METHOD": 1, "REDUCE_LR": 1, "COLLAB_MODE": true, "COLLAB_ALL": true, "CONSIDER_LAYERS": "l1", "GRAD_AGG": true, "FEATURE_FINDING_ALGO": "auror", "GRAD_COLLECTION_START": 0, "GRAD_COLLECT_FOR": -1, "CLUSTER_SEP": 0.005, "ALPHA": 0.8, "BETA": 0.8, "GAMMA": 0.1, "TRUST_INC": 2, "TRUST_CUT_METHOD": 2, "HONEST_PARDON_FACTOR": 0.99, "LOG_LEVEL": "INFO", "JSON_RESULTS": true}, "mean_poison_class_acc": 77.39341085271319, "mean_attack_srate": 3.197674418604651, "total_accuracies": [9.82, 35.53, 39.94, 51.8, 61.87, 71.07, 78.27, 82.15, 78.13, 83.7, 83.03, 85.49, 86.87, 87.81, 87.91, 87.11, 88.43, 86.85, 89.67, 87.31, 89.5, 90.0, 89.79, 90.76, 90.15, 91.26, 89.47, 90.03, 91.97, 91.99], "class_accuracies": [[100.0, 0.0, 0.0, 0.0, 0.0, 0.0, 0.0, 0.0, 0.0, 0.19821605550049554], [99.79591836734694, 99.03083700440529, 34.30232558139535, 39.10891089108911, 66.19144602851324, 0.0, 5.427974947807933, 0.0, 0.0, 0.0], [98.9795918367347, 98.59030837004406, 81.68604651162791, 26.237623762376238, 72.70875763747455, 0.0, 7.828810020876826, 0.2918287937743191, 0.5133470225872689, 0.0], [98.9795918367347, 99.47136563876651, 60.174418604651166, 58.51485148514851, 50.30549898167006, 23.318385650224215, 67.95407098121086, 44.26070038910506, 6.262833675564682, 0.0], [98.77551020408163, 97.97356828193833, 81.2984496124031, 77.62376237623762, 90.73319755600815, 43.27354260089686, 76.7223382045929, 43.3852140077821, 2.3613963039014374, 0.29732408325074333], [96.83673469387755, 98.06167400881057, 80.71705426356588, 84.15841584158416, 92.87169042769857, 52.57847533632287, 84.55114822546973, 74.5136186770428, 25.975359342915812, 15.064420218037661], [96.3265306122449, 97.3568281938326, 80.42635658914729, 80.0, 88.4928716904277, 64.79820627802691, 92.27557411273486, 77.33463035019456, 67.96714579055441, 34.886025768087215], [96.22448979591837, 95.85903083700441, 83.72093023255815, 78.01980198019803, 80.65173116089613, 69.84304932735427, 87.160751565762, 77.91828793774319, 77.61806981519507, 71.85332011892963], [96.53061224489795, 98.06167400881057, 61.33720930232558, 90.6930693069307, 63.03462321792261, 59.97757847533632, 89.87473903966597, 82.78210116731518, 45.893223819301845, 88.40436075322101], [96.22448979591837, 96.65198237885463, 74.12790697674419, 84.65346534653466, 82.99389002036659, 74.2152466367713, 91.9624217118998, 87.06225680933852, 65.50308008213553, 81.16947472745292], [97.44897959183673, 96.47577092511013, 80.13565891472868, 82.67326732673267, 93.07535641547861, 70.96412556053812, 91.8580375782881, 84.14396887159533, 78.02874743326488, 53.41922695738355], [96.22448979591837, 98.32599118942731, 75.09689922480621, 79.10891089108911, 83.19755600814663, 84.4170403587444, 92.79749478079331, 84.53307392996109, 76.48870636550308, 83.54806739345887], [95.61224489795919, 96.12334801762114, 81.87984496124031, 87.52475247524752, 82.58655804480652, 77.57847533632287, 90.18789144050105, 86.47859922178988, 81.82751540041068, 86.9177403369673], [96.42857142857143, 97.44493392070484, 84.78682170542636, 86.33663366336634, 90.020366598778, 80.60538116591928, 93.1106471816284, 87.45136186770428, 79.97946611909651, 80.2775024777007], [96.3265306122449, 96.74008810572687, 77.51937984496124, 88.01980198019803, 86.15071283095723, 83.29596412556054, 93.63256784968685, 91.24513618677042, 81.51950718685832, 83.44895936570862], [94.89795918367346, 97.88546255506608, 70.73643410852713, 87.62376237623762, 90.73319755600815, 84.86547085201794, 90.6054279749478, 88.2295719844358, 78.02874743326488, 86.42220019821606], [95.81632653061224, 97.62114537444934, 74.8062015503876, 88.61386138613861, 90.020366598778, 85.53811659192826, 94.1544885177453, 89.59143968871595, 82.75154004106776, 84.53914767096134], [96.42857142857143, 98.14977973568281, 61.24031007751938, 90.39603960396039, 88.39103869653768, 80.60538116591928, 92.90187891440502, 84.43579766536965, 82.95687885010267, 91.97224975222993], [96.42857142857143, 97.44493392070484, 82.36434108527132, 91.48514851485149, 91.34419551934828, 82.17488789237669, 94.46764091858037, 89.00778210116732, 84.08624229979466, 86.52130822596631], [97.34693877551021, 98.06167400881057, 58.52713178294574, 85.14851485148515, 92.05702647657841, 87.5560538116592, 92.79749478079331, 90.56420233463035, 84.08624229979466, 86.81863230921705], [96.22448979591837, 98.14977973568281, 79.55426356589147, 88.21782178217822, 88.69653767820773, 89.46188340807174, 92.06680584551148, 88.42412451361868, 84.08624229979466, 89.39544103072349], [97.75510204081633, 97.26872246696036, 80.03875968992249, 88.51485148514851, 92.15885947046843, 85.20179372197309, 96.13778705636743, 88.32684824902724, 87.47433264887064, 86.42220019821606], [97.24489795918367, 97.88546255506608, 77.90697674418605, 92.47524752475248, 93.9918533604888, 89.46188340807174, 92.27557411273486, 90.1750972762646, 80.18480492813141, 85.62933597621408], [96.22448979591837, 97.44493392070484, 86.24031007751938, 88.61386138613861, 92.9735234215886, 91.3677130044843, 94.1544885177453, 89.39688715953308, 85.83162217659138, 84.93557978196233], [97.55102040816327, 97.79735682819383, 75.67829457364341, 91.18811881188118, 91.64969450101833, 89.01345291479821, 93.94572025052192, 90.36964980544747, 84.08624229979466, 89.69276511397423], [97.44897959183673, 97.70925110132158, 90.21317829457364, 86.53465346534654, 92.87169042769857, 92.60089686098655, 93.94572025052192, 90.56420233463035, 83.5728952772074, 86.62041625371656], [96.93877551020408, 98.50220264317181, 67.44186046511628, 90.99009900990099, 94.90835030549898, 88.45291479820628, 96.13778705636743, 89.78599221789884, 85.21560574948666, 86.12487611496532], [98.06122448979592, 98.76651982378854, 70.05813953488372, 93.06930693069307, 94.70468431771894, 88.90134529147981, 95.19832985386222, 89.6887159533074, 83.26488706365502, 88.20614469772052], [97.44897959183673, 96.12334801762114, 88.66279069767442, 88.81188118811882, 94.80651731160896, 89.91031390134529, 95.30271398747391, 89.78599221789884, 90.96509240246407, 87.61149653121903], [97.04081632653062, 97.70925110132158, 84.98062015503876, 94.45544554455445, 93.9918533604888, 89.46188340807174, 93.21503131524008, 89.98054474708171, 87.98767967145791, 90.38652130822597]],