{"config": {"DATASET": "mnist", "TOTAL_CLIENTS": 100, "CLIENT_FRAC": 0.2, "POISON_FRAC": 0.1, "CREATE_DATASET": false, "RANDOM_DATA": true, "CLASS_RATIO": 10, "MODEL": "nnet", "LEARNING_RATE": 0.001, "BATCH_SIZE": 32, "LOCAL_EPOCHS": 10, "OPTIMIZER": "adam", "FED_ROUNDS": 30, "TEST_EVERY": 1, "RANDOM_PROCESS": false, "COS_DEFENCE": true, "SEL_METHOD": 1, "REDUCE_LR": 1, "COLLAB_MODE": true, "COLLAB_ALL": true, "CONSIDER_LAYERS": "l1", "GRAD_AGG": true, "FEATURE_FINDING_ALGO": "auror", "GRAD_COLLECTION_START": 0, "GRAD_COLLECT_FOR": -1, "CLUSTER_SEP": 0.005, "ALPHA": 0.8, "BETA": 0.8, "GAMMA": 0.1, "TRUST_INC": 2, "TRUST_CUT_METHOD": 1, "HONEST_PARDON_FACTOR": 0.7, "LOG_LEVEL": "INFO", "JSON_RESULTS": true}, "mean_poison_class_acc": 85.89534883720931, "mean_attack_srate": 3.050387596899225, "total_accuracies": [52.57, 72.64, 83.06, 86.52, 87.44, 89.5, 89.93, 90.25, 91.57, 92.11, 92.22, 91.74, 91.96, 92.85, 92.48, 93.84, 93.85, 93.03, 93.96, 94.5, 94.65, 94.66, 93.69, 94.3, 94.38, 95.05, 94.41, 94.52, 95.2, 95.04], "class_accuracies": [[99.28571428571429, 93.568281938326, 3.003875968992248, 52.87128712871287, 63.23828920570265, 27.242152466367713, 34.55114822546973, 30.739299610894943, 54.51745379876797, 60.95143706640238], [97.34693877551021, 98.6784140969163, 56.201550387596896, 92.37623762376238, 78.5132382892057, 61.43497757847533, 80.37578288100208, 88.13229571984436, 41.37577002053388, 27.651139742319128], [96.63265306122449, 98.14977973568281, 68.9922480620155, 89.8019801980198, 86.86354378818737, 65.91928251121077, 91.12734864300626, 92.12062256809338, 77.31006160164272, 60.654112983151634], [96.93877551020408, 97.79735682819383, 75.3875968992248, 89.5049504950495, 82.38289205702648, 84.52914798206278, 90.6054279749478, 90.85603112840467, 73.10061601642711, 82.55698711595639], [97.75510204081633, 97.5330396475771, 66.27906976744185, 91.18811881188118, 91.64969450101833, 82.0627802690583, 91.33611691022965, 92.70428015564202, 80.18480492813141, 82.55698711595639], [97.34693877551021, 98.14977973568281, 80.42635658914729, 90.6930693069307, 92.05702647657841, 82.17488789237669, 93.52818371607516, 91.24513618677042, 81.41683778234086, 86.42220019821606], [97.34693877551021, 98.41409691629956, 81.1046511627907, 90.6930693069307, 93.07535641547861, 85.65022421524664, 92.48434237995825, 90.56420233463035, 79.97946611909651, 88.70168483647176], [98.06122448979592, 98.23788546255507, 78.39147286821705, 90.39603960396039, 91.95519348268839, 89.57399103139014, 92.37995824634656, 91.82879377431907, 82.03285420944559, 88.89990089197225], [97.44897959183673, 97.79735682819383, 84.68992248062015, 91.48514851485149, 91.0386965376782, 88.11659192825113, 93.63256784968685, 91.147859922179, 87.37166324435319, 92.07135777998018], [97.34693877551021, 98.94273127753304, 87.1124031007752, 92.87128712871286, 91.85336048879837, 87.89237668161435, 95.09394572025052, 91.73151750972762, 85.1129363449692, 91.97224975222993], [97.65306122448979, 98.6784140969163, 84.39922480620154, 90.89108910891089, 94.80651731160896, 90.02242152466367, 94.98956158663883, 92.8988326848249, 87.47433264887064, 89.69276511397423], [97.75510204081633, 98.6784140969163, 75.3875968992248, 92.17821782178218, 95.62118126272912, 90.35874439461884, 94.05010438413362, 92.8988326848249, 88.29568788501027, 91.77403369672943], [98.06122448979592, 98.8546255506608, 79.26356589147287, 94.75247524752476, 92.66802443991854, 88.34080717488789, 93.94572025052192, 93.77431906614785, 87.26899383983573, 91.77403369672943], [98.16326530612245, 98.32599118942731, 84.59302325581395, 92.17821782178218, 92.4643584521385, 91.25560538116592, 93.42379958246346, 93.19066147859922, 91.37577002053388, 92.9633300297324], [97.65306122448979, 98.50220264317181, 79.06976744186046, 94.85148514851485, 95.31568228105907, 91.4798206278027, 93.73695198329854, 93.48249027237354, 87.26899383983573, 92.9633300297324], [97.65306122448979, 98.6784140969163, 90.89147286821705, 91.38613861386139, 94.29735234215886, 91.92825112107623, 96.65970772442589, 93.3852140077821, 90.65708418891171, 92.26957383548067], [97.55102040816327, 98.6784140969163, 89.53488372093024, 93.06930693069307, 94.90835030549898, 92.04035874439462, 96.5553235908142, 93.3852140077821, 89.01437371663245, 93.1615460852329], [97.85714285714286, 98.6784140969163, 80.81395348837209, 95.34653465346534, 95.11201629327903, 91.3677130044843, 94.88517745302714, 94.8443579766537, 87.57700205338809, 93.26065411298315], [98.06122448979592, 98.50220264317181, 88.37209302325581, 93.66336633663366, 94.90835030549898, 91.14349775784753, 95.82463465553236, 93.48249027237354, 92.09445585215606, 92.9633300297324], [98.57142857142857, 98.6784140969163, 93.31395348837209, 93.56435643564356, 93.27902240325865, 91.59192825112108, 96.03340292275574, 93.3852140077821, 92.40246406570841, 93.45887016848364], [98.46938775510205, 98.6784140969163, 93.02325581395348, 93.06930693069307, 94.5010183299389, 90.91928251121077, 96.24217118997912, 93.19066147859922, 94.14784394250513, 93.55797819623389], [98.06122448979592, 98.76651982378854, 91.66666666666667, 95.04950495049505, 96.13034623217922, 91.3677130044843, 96.65970772442589, 94.8443579766537, 91.17043121149898, 92.17046580773042], [98.26530612244898, 98.6784140969163, 81.1046511627907, 94.25742574257426, 95.62118126272912, 93.72197309417041, 95.51148225469728, 95.8171206225681, 89.83572895277207, 93.85530227948463], [98.16326530612245, 98.6784140969163, 85.75581395348837, 95.24752475247524, 94.39918533604887, 93.04932735426009, 96.03340292275574, 93.77431906614785, 93.83983572895278, 93.75619425173439], [98.16326530612245, 98.6784140969163, 89.43798449612403, 94.25742574257426, 94.70468431771894, 92.71300448430493, 95.92901878914405, 94.06614785992218, 91.47843942505133, 93.85530227948463], [98.46938775510205, 98.76651982378854, 92.73255813953489, 94.05940594059406, 95.41751527494908, 92.71300448430493, 96.34655532359082, 94.06614785992218, 93.63449691991786, 93.75619425173439], [98.36734693877551, 98.8546255506608, 85.75581395348837, 94.75247524752476, 95.62118126272912, 94.39461883408072, 95.30271398747391, 94.06614785992218, 92.71047227926078, 94.05351833498513], [97.85714285714286, 98.59030837004406, 86.9186046511628, 95.04950495049505, 95.010183299389, 92.71300448430493, 96.65970772442589, 95.91439688715953, 91.27310061601642, 94.74727452923686], [97.75510204081633, 98.6784140969163, 93.9922480620155, 93.06930693069307, 95.51934826883911, 94.39461883408072, 95.82463465553236, 95.23346303501945, 92.91581108829568, 94.15262636273538], [98.46938775510205, 98.6784140969163, 89.63178294573643, 95.54455445544555, 95.41751527494908, 92.26457399103138, 96.24217118997912, 95.91439688715953, 93.83983572895278, 93.85530227948463]],