{"config": {"DATASET": "mnist", "TOTAL_CLIENTS": 100, "CLIENT_FRAC": 0.1, "POISON_FRAC": 0.1, "CREATE_DATASET": true, "RANDOM_DATA": true, "CLASS_RATIO": 10, "MODEL": "nnet", "LEARNING_RATE": 0.001, "BATCH_SIZE": 32, "LOCAL_EPOCHS": 3, "OPTIMIZER": "adam", "FED_ROUNDS": 30, "TEST_EVERY": 1, "RANDOM_PROCESS": true, "COS_DEFENCE": true, "SEL_METHOD": 1, "REDUCE_LR": 1, "COLLAB_MODE": true, "COLLAB_ALL": true, "CONSIDER_LAYERS": "l1", "GRAD_AGG": true, "FEATURE_FINDING_ALGO": "auror", "GRAD_COLLECTION_START": 0, "GRAD_COLLECT_FOR": -1, "CLUSTER_SEP": 0.001, "ALPHA": 0.8, "BETA": 0.8, "GAMMA": 0.1, "TRUST_INC": 2, "TRUST_CUT_METHOD": 2, "HONEST_PARDON_FACTOR": 0.99, "LOG_LEVEL": "INFO", "JSON_RESULTS": true}, "mean_poison_class_acc": 78.20736434108527, "mean_attack_srate": 3.309108527131783, "total_accuracies": [25.99, 30.02, 42.22, 52.96, 63.53, 66.65, 72.66, 76.73, 81.96, 83.43, 83.48, 85.0, 86.36, 84.18, 86.61, 87.48, 87.95, 86.74, 88.74, 88.01, 88.97, 89.22, 90.44, 91.33, 90.8, 91.54, 91.69, 88.77, 91.89, 91.59], "class_accuracies": [[92.04081632653062, 99.8237885462555, 0.0, 0.0, 6.313645621181263, 0.0, 0.0, 0.0, 0.0, 49.75222993062438], [97.14285714285714, 98.8546255506608, 0.0, 88.01980198019803, 1.4256619144602851, 0.0, 0.0, 2.431906614785992, 0.0, 0.0], [98.57142857142857, 99.55947136563877, 37.2093023255814, 30.198019801980198, 59.47046843177189, 0.0, 59.81210855949896, 18.28793774319066, 0.0, 9.117938553022794], [98.26530612244898, 99.47136563876651, 23.934108527131784, 69.9009900990099, 75.56008146639512, 0.11210762331838565, 81.62839248434238, 37.54863813229572, 0.0, 33.696729435084244], [94.38775510204081, 99.29515418502203, 67.63565891472868, 74.95049504950495, 90.93686354378819, 66.92825112107623, 70.04175365344467, 36.08949416342413, 0.0, 31.119920713577798], [97.65306122448979, 99.11894273127753, 52.325581395348834, 87.12871287128714, 82.4847250509165, 40.47085201793722, 83.50730688935282, 40.27237354085603, 0.5133470225872689, 76.61050545094153], [97.24489795918367, 98.6784140969163, 60.46511627906977, 87.02970297029702, 92.9735234215886, 55.26905829596413, 84.8643006263048, 82.87937743190662, 32.648870636550306, 29.83151635282458], [94.89795918367346, 98.94273127753304, 64.34108527131782, 85.54455445544555, 87.67820773930754, 66.25560538116592, 93.0062630480167, 83.56031128404669, 33.47022587268994, 55.89692765113974], [96.63265306122449, 97.88546255506608, 73.93410852713178, 78.01980198019803, 88.28920570264766, 78.25112107623319, 90.39665970772442, 83.46303501945525, 63.14168377823409, 67.69078295341923], [95.91836734693878, 96.91629955947137, 79.36046511627907, 78.21782178217822, 83.19755600814663, 74.66367713004485, 92.90187891440502, 78.40466926070039, 67.04312114989733, 85.43111992071358], [95.40816326530613, 97.5330396475771, 71.99612403100775, 86.43564356435644, 81.05906313645622, 77.01793721973094, 92.58872651356994, 81.90661478599222, 68.48049281314168, 80.37661050545094], [96.83673469387755, 97.70925110132158, 81.68604651162791, 83.26732673267327, 90.020366598778, 79.93273542600897, 90.50104384133611, 80.1556420233463, 70.63655030800821, 77.50247770069376], [96.42857142857143, 95.77092511013215, 83.52713178294573, 82.27722772277228, 88.18737270875764, 80.82959641255606, 92.69311064718163, 83.75486381322958, 79.56878850102669, 79.28642220019822], [96.93877551020408, 95.68281938325991, 57.26744186046512, 82.87128712871286, 91.34419551934828, 75.33632286995515, 92.37995824634656, 82.1011673151751, 85.01026694045174, 82.06144697720515], [96.0204081632653, 96.82819383259911, 72.48062015503876, 82.97029702970298, 83.19755600814663, 85.98654708520179, 93.21503131524008, 86.47859922178988, 81.72484599589322, 86.52130822596631], [96.73469387755102, 96.56387665198238, 77.42248062015504, 87.62376237623762, 90.52953156822811, 78.69955156950672, 91.12734864300626, 84.8249027237354, 82.64887063655031, 87.1159563924678], [97.24489795918367, 96.47577092511013, 83.62403100775194, 83.36633663366337, 86.65987780040733, 90.24663677130044, 92.27557411273486, 88.715953307393, 77.20739219712526, 83.05252725470763], [95.61224489795919, 96.65198237885463, 70.83333333333333, 79.60396039603961, 81.87372708757637, 92.26457399103138, 90.81419624217119, 86.86770428015564, 81.62217659137578, 91.17938553022795], [96.83673469387755, 95.77092511013215, 80.81395348837209, 83.46534653465346, 88.4928716904277, 84.86547085201794, 95.92901878914405, 86.47859922178988, 83.9835728952772, 90.08919722497522], [96.73469387755102, 95.94713656387665, 71.80232558139535, 79.70297029702971, 95.010183299389, 90.69506726457399, 91.8580375782881, 89.00778210116732, 86.85831622176592, 82.75520317145688], [97.34693877551021, 96.2114537444934, 73.54651162790698, 91.48514851485149, 89.91853360488798, 85.65022421524664, 93.31941544885177, 90.85603112840467, 82.34086242299794, 88.30525272547077], [97.44897959183673, 96.47577092511013, 74.8062015503876, 84.15841584158416, 91.95519348268839, 87.33183856502242, 93.63256784968685, 88.42412451361868, 88.60369609856262, 89.09811694747275], [97.95918367346938, 95.77092511013215, 84.49612403100775, 92.57425742574257, 88.59470468431772, 83.29596412556054, 92.06680584551148, 91.147859922179, 86.34496919917865, 90.8820614469772], [97.14285714285714, 96.91629955947137, 90.98837209302326, 88.7128712871287, 93.17718940936864, 88.45291479820628, 93.84133611691023, 89.59143968871595, 85.83162217659138, 87.80971258671953], [97.44897959183673, 96.38766519823788, 82.65503875968992, 85.24752475247524, 91.5478615071283, 91.03139013452915, 93.52818371607516, 90.46692607003891, 89.3223819301848, 90.18830525272547], [97.65306122448979, 96.2114537444934, 88.95348837209302, 90.79207920792079, 92.26069246435846, 91.3677130044843, 93.73695198329854, 91.24513618677042, 85.42094455852155, 87.31417244796829], [97.75510204081633, 97.09251101321586, 87.3062015503876, 89.4059405940594, 96.02851323828921, 89.91031390134529, 93.84133611691023, 90.56420233463035, 88.80903490759754, 85.72844400396433], [97.95918367346938, 96.56387665198238, 62.5968992248062, 89.60396039603961, 93.07535641547861, 88.00448430493273, 91.7536534446764, 89.6887159533074, 86.34496919917865, 92.07135777998018], [98.36734693877551, 96.2114537444934, 84.49612403100775, 91.2871287128713, 92.56619144602851, 90.24663677130044, 95.61586638830897, 91.147859922179, 90.04106776180699, 88.70168483647176], [98.26530612244898, 97.70925110132158, 82.84883720930233, 90.5940594059406, 93.48268839103869, 89.79820627802691, 93.31941544885177, 93.48249027237354, 87.06365503080082, 88.70168483647176]],