{"config": {"DATASET": "mnist", "TOTAL_CLIENTS": 100, "CLIENT_FRAC": 0.1, "POISON_FRAC": 0.1, "CREATE_DATASET": true, "RANDOM_DATA": true, "CLASS_RATIO": 10, "MODEL": "nnet", "LEARNING_RATE": 0.001, "BATCH_SIZE": 32, "LOCAL_EPOCHS": 3, "OPTIMIZER": "adam", "FED_ROUNDS": 30, "TEST_EVERY": 1, "RANDOM_PROCESS": true, "COS_DEFENCE": true, "SEL_METHOD": 1, "REDUCE_LR": 1, "COLLAB_MODE": true, "COLLAB_ALL": true, "CONSIDER_LAYERS": "l1", "GRAD_AGG": true, "FEATURE_FINDING_ALGO": "auror", "GRAD_COLLECTION_START": 0, "GRAD_COLLECT_FOR": -1, "CLUSTER_SEP": 0.002, "ALPHA": 0.8, "BETA": 0.8, "GAMMA": 0.1, "TRUST_INC": 2, "TRUST_CUT_METHOD": 2, "HONEST_PARDON_FACTOR": 0.99, "LOG_LEVEL": "INFO", "JSON_RESULTS": true}, "mean_poison_class_acc": 77.16569767441861, "mean_attack_srate": 3.425387596899225, "total_accuracies": [23.82, 31.75, 39.17, 51.81, 60.7, 69.11, 67.97, 75.0, 80.68, 80.06, 83.96, 84.9, 85.69, 84.33, 83.83, 84.33, 85.34, 86.75, 88.89, 84.96, 88.27, 85.55, 89.75, 90.28, 90.47, 90.4, 91.14, 90.76, 90.84, 91.61], "class_accuracies": [[70.81632653061224, 47.48898678414097, 0.0, 0.9900990099009901, 0.3054989816700611, 27.690582959641254, 78.49686847599165, 13.326848249027238, 0.0, 0.0], [80.51020408163265, 99.55947136563877, 1.2596899224806202, 18.613861386138613, 0.0, 77.24215246636771, 38.20459290187891, 0.0, 0.0, 0.0], [99.08163265306122, 99.55947136563877, 32.945736434108525, 70.99009900990099, 74.84725050916497, 0.0, 0.4175365344467641, 0.0, 2.0533880903490758, 0.0], [98.77551020408163, 99.47136563876651, 73.06201550387597, 66.23762376237623, 79.938900203666, 32.062780269058294, 47.59916492693111, 8.073929961089494, 0.0, 5.054509415262636], [98.77551020408163, 99.38325991189427, 57.751937984496124, 90.39603960396039, 76.68024439918534, 2.57847533632287, 61.27348643006263, 7.587548638132295, 38.19301848049281, 64.61843409316154], [94.59183673469387, 97.18061674008811, 87.3062015503876, 76.03960396039604, 75.15274949083503, 75.11210762331838, 49.26931106471816, 75.77821011673151, 5.95482546201232, 49.05847373637265], [96.42857142857143, 98.6784140969163, 38.372093023255815, 84.45544554455445, 78.41140529531569, 45.85201793721973, 91.23173277661796, 22.17898832684825, 59.13757700205339, 62.0416253716551], [96.63265306122449, 97.26872246696036, 71.89922480620154, 87.22772277227723, 85.4378818737271, 55.493273542600896, 91.8580375782881, 48.15175097276265, 56.16016427104723, 56.49157581764123], [94.48979591836735, 98.41409691629956, 68.8953488372093, 82.77227722772277, 80.75356415478615, 78.1390134529148, 90.08350730688936, 83.17120622568093, 63.03901437371663, 65.01486620416254], [97.04081632653062, 96.0352422907489, 74.90310077519379, 81.68316831683168, 72.81059063136456, 82.28699551569507, 88.93528183716076, 59.63035019455253, 61.29363449691992, 84.83647175421208], [96.0204081632653, 96.12334801762114, 77.03488372093024, 86.53465346534654, 72.5050916496945, 69.5067264573991, 89.87473903966597, 89.10505836575875, 79.15811088295688, 80.77304261645193], [96.3265306122449, 95.15418502202643, 83.91472868217055, 80.0, 74.74541751527495, 84.86547085201794, 89.97912317327766, 88.91050583657588, 72.68993839835728, 80.97125867195243], [96.22448979591837, 96.12334801762114, 78.97286821705427, 81.78217821782178, 74.23625254582485, 82.95964125560538, 91.23173277661796, 86.96498054474708, 82.85420944558521, 84.2418235877106], [96.3265306122449, 97.00440528634361, 74.51550387596899, 78.81188118811882, 85.4378818737271, 87.66816143497758, 87.2651356993737, 82.58754863813229, 73.40862422997947, 79.48463825569871], [96.63265306122449, 95.50660792951543, 60.56201550387597, 84.35643564356435, 74.43991853360488, 82.62331838565022, 91.8580375782881, 85.70038910505836, 76.79671457905545, 88.9990089197225], [96.73469387755102, 97.79735682819383, 62.5, 86.03960396039604, 87.57637474541751, 80.71748878923766, 91.12734864300626, 84.14396887159533, 72.68993839835728, 82.75520317145688], [96.83673469387755, 96.65198237885463, 68.4108527131783, 85.14851485148515, 83.19755600814663, 83.85650224215247, 90.18789144050105, 90.46692607003891, 71.25256673511294, 86.12487611496532], [97.14285714285714, 93.83259911894272, 73.93410852713178, 81.88118811881188, 84.21588594704684, 83.96860986547085, 90.91858037578288, 85.50583657587549, 87.16632443531827, 88.50346878097126], [98.06122448979592, 96.56387665198238, 87.79069767441861, 84.25742574257426, 91.64969450101833, 82.847533632287, 90.91858037578288, 89.2023346303502, 82.34086242299794, 83.84539147670961], [96.83673469387755, 96.56387665198238, 58.72093023255814, 80.0990099009901, 88.59470468431772, 89.12556053811659, 90.39665970772442, 79.6692607003891, 80.69815195071868, 89.197224975223], [97.34693877551021, 96.74008810572687, 75.87209302325581, 84.85148514851485, 87.27087576374745, 84.52914798206278, 92.79749478079331, 87.93774319066148, 86.03696098562628, 88.50346878097126], [97.24489795918367, 97.00440528634361, 54.36046511627907, 85.74257425742574, 87.78004073319755, 89.23766816143498, 92.37995824634656, 87.2568093385214, 74.84599589322382, 89.69276511397423], [97.75510204081633, 96.65198237885463, 87.8875968992248, 90.0990099009901, 94.80651731160896, 82.51121076233184, 94.05010438413362, 90.56420233463035, 81.21149897330595, 80.57482656095144], [96.63265306122449, 96.91629955947137, 84.49612403100775, 92.97029702970298, 91.24236252545825, 83.40807174887892, 95.4070981210856, 88.81322957198444, 83.5728952772074, 88.10703666997027], [97.75510204081633, 97.26872246696036, 87.1124031007752, 86.73267326732673, 93.58452138492872, 87.5560538116592, 94.57202505219206, 89.49416342412451, 83.36755646817248, 86.42220019821606], [97.44897959183673, 97.44493392070484, 81.3953488372093, 87.22772277227723, 93.27902240325865, 88.34080717488789, 96.03340292275574, 90.1750972762646, 85.83162217659138, 86.32309217046581], [97.55102040816327, 97.00440528634361, 88.17829457364341, 92.07920792079207, 89.61303462321793, 85.20179372197309, 94.98956158663883, 90.27237354085604, 85.93429158110882, 89.39544103072349], [97.75510204081633, 97.09251101321586, 85.85271317829458, 86.13861386138613, 94.60285132382892, 89.12556053811659, 94.1544885177453, 89.10505836575875, 85.62628336755647, 87.61149653121903], [97.95918367346938, 97.5330396475771, 82.94573643410853, 91.08910891089108, 90.93686354378819, 86.99551569506727, 94.57202505219206, 89.00778210116732, 84.59958932238193, 91.87314172447968], [97.65306122448979, 98.06167400881057, 88.85658914728683, 91.08910891089108, 91.95519348268839, 89.23766816143498, 94.67640918580376, 90.56420233463035, 83.67556468172485, 89.39544103072349]],