{"config": {"DATASET": "mnist", "TOTAL_CLIENTS": 100, "CLIENT_FRAC": 0.2, "POISON_FRAC": 0.1, "CREATE_DATASET": true, "RANDOM_DATA": true, "CLASS_RATIO": 10, "MODEL": "nnet", "LEARNING_RATE": 0.001, "BATCH_SIZE": 32, "LOCAL_EPOCHS": 10, "OPTIMIZER": "adam", "FED_ROUNDS": 30, "TEST_EVERY": 1, "RANDOM_PROCESS": false, "COS_DEFENCE": false, "SEL_METHOD": 1, "REDUCE_LR": 1, "COLLAB_MODE": true, "COLLAB_ALL": true, "CONSIDER_LAYERS": "l1", "GRAD_AGG": true, "FEATURE_FINDING_ALGO": "auror", "GRAD_COLLECTION_START": 0, "GRAD_COLLECT_FOR": -1, "CLUSTER_SEP": 0.005, "ALPHA": 0.8, "BETA": 0.8, "GAMMA": 0.1, "TRUST_INC": 2, "TRUST_CUT_METHOD": 1, "HONEST_PARDON_FACTOR": 0.7, "LOG_LEVEL": "INFO", "JSON_RESULTS": true}, "mean_poison_class_acc": 84.83333333333331, "mean_attack_srate": 2.9844961240310077, "total_accuracies": [50.58, 71.92, 82.9, 87.27, 87.6, 88.25, 90.01, 89.15, 91.42, 90.81, 91.27, 92.65, 93.18, 93.32, 92.76, 93.59, 93.21, 94.08, 94.0, 94.83, 93.33, 95.14, 95.19, 93.42, 95.36, 94.6, 94.65, 95.52, 95.27, 95.41], "class_accuracies": [[97.34693877551021, 99.91189427312776, 3.9728682170542635, 47.62376237623762, 70.36659877800408, 26.905829596412556, 18.47599164926931, 77.82101167315174, 55.441478439425055, 0.0], [97.95918367346938, 98.8546255506608, 42.34496124031008, 74.25742574257426, 93.58452138492872, 79.37219730941705, 86.32567849686848, 87.15953307392996, 38.39835728952772, 19.722497522299307], [97.04081632653062, 98.32599118942731, 68.7015503875969, 83.56435643564356, 94.5010183299389, 76.68161434977578, 93.42379958246346, 91.53696498054475, 73.40862422997947, 50.24777006937562], [96.83673469387755, 97.70925110132158, 82.07364341085271, 86.83168316831683, 91.64969450101833, 84.86547085201794, 92.90187891440502, 89.6887159533074, 72.27926078028747, 76.51139742319128], [97.04081632653062, 97.70925110132158, 69.76744186046511, 87.62376237623762, 94.90835030549898, 82.73542600896862, 93.1106471816284, 91.147859922179, 79.46611909650925, 81.46679881070366], [97.65306122448979, 96.65198237885463, 69.96124031007751, 88.31683168316832, 95.62118126272912, 81.16591928251121, 93.1106471816284, 90.75875486381322, 83.47022587268994, 84.83647175421208], [97.85714285714286, 98.41409691629956, 81.87984496124031, 90.4950495049505, 95.21384928716904, 87.66816143497758, 92.69311064718163, 91.05058365758755, 82.4435318275154, 81.46679881070366], [97.85714285714286, 98.14977973568281, 70.25193798449612, 90.4950495049505, 96.63951120162933, 87.5560538116592, 91.9624217118998, 91.73151750972762, 79.87679671457906, 86.32309217046581], [97.65306122448979, 97.26872246696036, 82.75193798449612, 89.3069306930693, 94.80651731160896, 87.66816143497758, 94.67640918580376, 90.1750972762646, 89.11704312114989, 90.18830525272547], [98.06122448979592, 97.97356828193833, 76.16279069767442, 93.36633663366337, 96.33401221995926, 85.98654708520179, 93.52818371607516, 92.21789883268482, 84.80492813141684, 88.800792864222], [97.65306122448979, 98.32599118942731, 76.55038759689923, 91.78217821782178, 96.23217922606925, 89.68609865470852, 94.88517745302714, 93.09338521400778, 84.39425051334702, 89.59365708622398], [97.95918367346938, 98.50220264317181, 85.56201550387597, 93.66336633663366, 96.84317718940937, 90.02242152466367, 95.51148225469728, 92.02334630350195, 87.98767967145791, 87.80971258671953], [97.95918367346938, 98.50220264317181, 89.14728682170542, 92.67326732673267, 95.82484725050917, 89.91031390134529, 96.86847599164926, 93.28793774319067, 89.01437371663245, 87.90882061446978], [98.16326530612245, 98.23788546255507, 85.94961240310077, 93.66336633663366, 95.51934826883911, 89.91031390134529, 95.09394572025052, 93.48249027237354, 90.4517453798768, 92.07135777998018], [98.46938775510205, 98.50220264317181, 81.68604651162791, 94.85148514851485, 96.63951120162933, 90.47085201793722, 95.72025052192066, 92.99610894941634, 87.47433264887064, 90.28741328047572], [98.16326530612245, 98.59030837004406, 85.36821705426357, 90.89108910891089, 95.11201629327903, 93.16143497757848, 95.82463465553236, 94.94163424124514, 90.75975359342915, 92.76511397423191], [97.85714285714286, 98.50220264317181, 82.17054263565892, 95.74257425742574, 96.02851323828921, 88.90134529147981, 96.76409185803757, 93.8715953307393, 89.63039014373716, 91.97224975222993], [98.16326530612245, 98.8546255506608, 88.66279069767442, 93.16831683168317, 95.21384928716904, 92.152466367713, 95.92901878914405, 93.57976653696498, 90.4517453798768, 94.05351833498513], [98.36734693877551, 98.76651982378854, 86.14341085271317, 92.27722772277228, 95.92668024439918, 93.16143497757848, 96.76409185803757, 94.06614785992218, 90.86242299794661, 93.3597621407334], [98.16326530612245, 98.8546255506608, 93.4108527131783, 92.67326732673267, 95.62118126272912, 92.37668161434978, 96.86847599164926, 93.96887159533074, 93.1211498973306, 92.66600594648166], [98.36734693877551, 98.8546255506608, 78.97286821705427, 93.36633663366337, 95.92668024439918, 93.16143497757848, 96.03340292275574, 94.74708171206225, 90.04106776180699, 93.65708622398414], [98.46938775510205, 98.94273127753304, 93.5077519379845, 93.06930693069307, 95.31568228105907, 93.49775784753363, 96.13778705636743, 94.3579766536965, 93.42915811088295, 94.15262636273538], [98.36734693877551, 98.94273127753304, 93.6046511627907, 93.66336633663366, 95.82484725050917, 93.16143497757848, 96.97286012526096, 94.94163424124514, 93.1211498973306, 92.76511397423191], [98.6734693877551, 98.8546255506608, 75.96899224806202, 95.04950495049505, 96.23217922606925, 93.04932735426009, 96.13778705636743, 94.94163424124514, 92.19712525667352, 93.06243805748265], [98.36734693877551, 98.6784140969163, 93.5077519379845, 95.04950495049505, 95.51934826883911, 93.72197309417041, 96.34655532359082, 93.96887159533074, 94.14784394250513, 93.85530227948463], [98.26530612244898, 98.8546255506608, 86.24031007751938, 94.65346534653466, 96.84317718940937, 95.17937219730942, 95.92901878914405, 94.26070038910505, 92.09445585215606, 93.55797819623389], [98.87755102040816, 98.76651982378854, 86.7248062015504, 95.64356435643565, 96.43584521384929, 93.49775784753363, 96.5553235908142, 95.23346303501945, 92.71047227926078, 91.77403369672943], [98.6734693877551, 98.76651982378854, 94.28294573643412, 95.64356435643565, 95.72301425661914, 92.37668161434978, 97.39039665970772, 94.55252918287938, 94.14784394250513, 93.06243805748265], [98.6734693877551, 98.6784140969163, 90.50387596899225, 95.84158415841584, 95.92668024439918, 92.48878923766816, 96.97286012526096, 94.3579766536965, 94.14784394250513, 94.64816650148661], [98.16326530612245, 98.50220264317181, 91.86046511627907, 95.84158415841584, 96.02851323828921, 91.92825112107623, 97.28601252609603, 95.23346303501945, 94.76386036960986, 93.95441030723488]],