{"config": {"DATASET": "mnist", "TOTAL_CLIENTS": 100, "CLIENT_FRAC": 0.1, "POISON_FRAC": 0.1, "CREATE_DATASET": true, "RANDOM_DATA": true, "CLASS_RATIO": 10, "MODEL": "nnet", "LEARNING_RATE": 0.001, "BATCH_SIZE": 32, "LOCAL_EPOCHS": 3, "OPTIMIZER": "adam", "FED_ROUNDS": 30, "TEST_EVERY": 1, "RANDOM_PROCESS": true, "COS_DEFENCE": true, "SEL_METHOD": 1, "REDUCE_LR": 1, "COLLAB_MODE": true, "COLLAB_ALL": true, "CONSIDER_LAYERS": "l1", "GRAD_AGG": true, "FEATURE_FINDING_ALGO": "auror", "GRAD_COLLECTION_START": 0, "GRAD_COLLECT_FOR": -1, "CLUSTER_SEP": 0.005, "ALPHA": 0.8, "BETA": 0.8, "GAMMA": 0.1, "TRUST_INC": 2, "TRUST_CUT_METHOD": 2, "HONEST_PARDON_FACTOR": 0.99, "LOG_LEVEL": "INFO", "JSON_RESULTS": true}, "mean_poison_class_acc": 82.48546511627907, "mean_attack_srate": 3.091085271317829, "total_accuracies": [34.26, 35.32, 47.07, 49.81, 50.27, 71.86, 75.64, 80.19, 82.6, 84.23, 83.81, 85.4, 86.96, 87.06, 87.74, 87.57, 88.8, 88.22, 89.35, 89.43, 89.89, 90.44, 90.62, 90.82, 90.79, 90.24, 91.62, 92.0, 91.88, 91.09], "class_accuracies": [[92.95918367346938, 0.0, 42.248062015503876, 76.33663366336634, 73.62525458248473, 0.0, 0.0, 0.0, 2.8747433264887063, 55.20317145688801], [99.18367346938776, 90.9251101321586, 0.0, 0.0, 58.14663951120163, 0.0, 0.0, 0.09727626459143969, 69.30184804928132, 27.849355797819623], [97.65306122448979, 99.29515418502203, 52.616279069767444, 34.45544554455446, 87.16904276985743, 32.847533632286996, 0.0, 0.0, 38.29568788501027, 20.81268582755203], [96.93877551020408, 99.38325991189427, 50.968992248062015, 87.02970297029702, 96.63951120162933, 4.260089686098655, 0.0, 45.42801556420233, 3.593429158110883, 0.8919722497522299], [97.85714285714286, 97.00440528634361, 68.7015503875969, 90.4950495049505, 4.480651731160896, 19.05829596412556, 18.16283924843424, 0.0, 1.8480492813141685, 92.9633300297324], [97.34693877551021, 98.6784140969163, 64.63178294573643, 87.92079207920793, 68.53360488798371, 49.88789237668161, 55.01043841336117, 48.63813229571984, 59.034907597535934, 82.95341922695738], [95.91836734693878, 96.56387665198238, 85.85271317829458, 83.86138613861387, 52.54582484725051, 49.327354260089685, 64.19624217118998, 74.0272373540856, 61.190965092402465, 85.92666005946482], [94.48979591836735, 98.94273127753304, 78.10077519379846, 80.89108910891089, 60.18329938900204, 79.03587443946188, 81.419624217119, 81.90661478599222, 61.49897330595483, 82.25966303270565], [95.51020408163265, 98.06167400881057, 70.44573643410853, 79.00990099009901, 71.4867617107943, 81.72645739910314, 85.80375782881002, 79.1828793774319, 77.20739219712526, 85.92666005946482], [96.63265306122449, 97.62114537444934, 78.10077519379846, 84.55445544554455, 82.68839103869654, 74.88789237668162, 89.97912317327766, 83.852140077821, 74.435318275154, 77.20515361744302], [94.48979591836735, 97.62114537444934, 72.86821705426357, 73.56435643564356, 91.44602851323829, 84.86547085201794, 91.23173277661796, 81.71206225680933, 78.02874743326488, 71.65510406342914], [96.93877551020408, 98.06167400881057, 76.06589147286822, 87.72277227722772, 84.62321792260693, 79.93273542600897, 90.08350730688936, 82.78210116731518, 71.86858316221766, 84.0436075322101], [95.10204081632654, 96.91629955947137, 87.40310077519379, 86.13861386138613, 87.06720977596741, 76.45739910313901, 92.90187891440502, 84.43579766536965, 79.26078028747433, 81.76412289395441], [95.71428571428571, 98.23788546255507, 88.2751937984496, 82.47524752475248, 82.99389002036659, 85.08968609865471, 91.7536534446764, 82.1011673151751, 76.18069815195072, 86.22398414271557], [96.93877551020408, 97.09251101321586, 82.07364341085271, 81.18811881188118, 90.32586558044807, 83.07174887892377, 93.42379958246346, 85.40856031128405, 82.54620123203286, 84.2418235877106], [95.10204081632654, 97.26872246696036, 77.32558139534883, 89.70297029702971, 84.82688391038697, 86.7713004484305, 91.64926931106471, 84.14396887159533, 79.05544147843942, 88.89990089197225], [96.12244897959184, 96.91629955947137, 88.2751937984496, 84.25742574257426, 88.4928716904277, 82.95964125560538, 94.78079331941545, 85.3112840466926, 80.69815195071868, 88.800792864222], [96.53061224489795, 97.5330396475771, 76.55038759689923, 81.88118811881188, 89.0020366598778, 88.45291479820628, 93.0062630480167, 85.21400778210116, 85.83162217659138, 87.80971258671953], [95.51020408163265, 98.06167400881057, 82.55813953488372, 86.13861386138613, 92.56619144602851, 86.7713004484305, 94.88517745302714, 90.1750972762646, 81.51950718685832, 84.34093161546085], [95.91836734693878, 96.38766519823788, 82.84883720930233, 83.46534653465346, 89.30753564154786, 90.24663677130044, 94.36325678496868, 85.99221789883268, 87.37166324435319, 88.20614469772052], [95.81632653061224, 97.70925110132158, 81.87984496124031, 85.44554455445545, 93.27902240325865, 88.45291479820628, 94.78079331941545, 87.15953307392996, 86.96098562628337, 86.9177403369673], [97.34693877551021, 96.74008810572687, 83.23643410852713, 89.00990099009901, 94.19551934826885, 87.4439461883408, 94.67640918580376, 89.59143968871595, 85.83162217659138, 85.72844400396433], [98.06122448979592, 96.56387665198238, 88.0813953488372, 87.52475247524752, 93.68635437881873, 85.53811659192826, 93.31941544885177, 87.54863813229572, 88.19301848049281, 86.81863230921705], [96.73469387755102, 96.47577092511013, 83.13953488372093, 88.91089108910892, 95.010183299389, 89.12556053811659, 92.79749478079331, 88.81322957198444, 89.93839835728953, 86.9177403369673], [97.14285714285714, 97.79735682819383, 84.39922480620154, 90.89108910891089, 90.73319755600815, 88.45291479820628, 93.42379958246346, 86.284046692607, 85.21560574948666, 92.76511397423191], [97.34693877551021, 97.5330396475771, 73.54651162790698, 87.62376237623762, 94.60285132382892, 90.91928251121077, 93.42379958246346, 90.46692607003891, 89.73305954825462, 87.21506442021804], [97.44897959183673, 97.62114537444934, 86.53100775193798, 89.3069306930693, 94.90835030549898, 90.91928251121077, 93.84133611691023, 90.36964980544747, 87.26899383983573, 87.51238850346878], [97.44897959183673, 96.82819383259911, 88.2751937984496, 90.0, 94.90835030549898, 91.25560538116592, 94.46764091858037, 88.81322957198444, 90.55441478439425, 87.21506442021804], [97.75510204081633, 98.06167400881057, 88.75968992248062, 89.00990099009901, 94.70468431771894, 90.24663677130044, 93.84133611691023, 90.56420233463035, 87.37166324435319, 87.80971258671953], [97.75510204081633, 97.97356828193833, 77.61627906976744, 92.87128712871286, 93.07535641547861, 88.56502242152466, 94.05010438413362, 88.61867704280155, 88.39835728952772, 91.47670961347869]],