{"config": {"DATASET": "mnist", "TOTAL_CLIENTS": 100, "CLIENT_FRAC": 0.1, "POISON_FRAC": 0.1, "CREATE_DATASET": true, "RANDOM_DATA": true, "CLASS_RATIO": 10, "MODEL": "nnet", "LEARNING_RATE": 0.001, "BATCH_SIZE": 32, "LOCAL_EPOCHS": 10, "OPTIMIZER": "adam", "FED_ROUNDS": 30, "TEST_EVERY": 1, "RANDOM_PROCESS": true, "COS_DEFENCE": true, "SEL_METHOD": 1, "REDUCE_LR": 1, "COLLAB_MODE": true, "COLLAB_ALL": true, "CONSIDER_LAYERS": "l1", "GRAD_AGG": true, "FEATURE_FINDING_ALGO": "auror", "GRAD_COLLECTION_START": 0, "GRAD_COLLECT_FOR": -1, "CLUSTER_SEP": 0.005, "ALPHA": 0.8, "BETA": 0.8, "GAMMA": 0.1, "TRUST_INC": 2, "TRUST_CUT_METHOD": 2, "HONEST_PARDON_FACTOR": 0.99, "LOG_LEVEL": "INFO", "JSON_RESULTS": true}, "mean_poison_class_acc": 84.11821705426357, "mean_attack_srate": 3.100775193798449, "total_accuracies": [48.94, 74.56, 84.88, 85.48, 87.96, 89.26, 89.99, 90.34, 91.21, 91.8, 91.12, 92.47, 92.69, 91.66, 93.23, 93.55, 91.03, 91.75, 92.68, 93.83, 94.6, 91.78, 94.44, 94.83, 94.92, 94.71, 93.99, 93.41, 94.33, 94.16], "class_accuracies": [[96.53061224489795, 95.50660792951543, 23.74031007751938, 67.52475247524752, 0.3054989816700611, 28.475336322869953, 64.82254697286012, 0.0, 11.90965092402464, 93.45887016848364], [97.24489795918367, 98.59030837004406, 82.65503875968992, 89.5049504950495, 74.13441955193483, 45.51569506726457, 86.22129436325679, 84.63035019455253, 29.055441478439427, 50.94152626362735], [95.71428571428571, 97.70925110132158, 84.10852713178295, 81.78217821782178, 87.37270875763747, 78.02690582959642, 91.44050104384134, 86.284046692607, 74.12731006160165, 70.16848364717542], [96.12244897959184, 96.91629955947137, 75.67829457364341, 83.96039603960396, 95.21384928716904, 73.09417040358744, 94.36325678496868, 84.63035019455253, 83.36755646817248, 69.77205153617443], [98.06122448979592, 97.44493392070484, 78.58527131782945, 91.08910891089108, 89.20570264765784, 78.9237668161435, 93.21503131524008, 89.6887159533074, 75.87268993839835, 85.62933597621408], [97.24489795918367, 96.74008810572687, 83.62403100775194, 86.13861386138613, 93.38085539714868, 83.85650224215247, 93.42379958246346, 92.50972762645914, 81.51950718685832, 82.95341922695738], [97.85714285714286, 96.2114537444934, 86.43410852713178, 83.26732673267327, 89.61303462321793, 87.10762331838565, 93.84133611691023, 92.02334630350195, 84.70225872689939, 88.00792864222002], [96.73469387755102, 96.65198237885463, 82.94573643410853, 86.53465346534654, 90.32586558044807, 83.74439461883408, 96.86847599164926, 89.6887159533074, 88.70636550308008, 90.28741328047572], [98.06122448979592, 97.44493392070484, 87.59689922480621, 93.76237623762377, 89.10386965376782, 82.17488789237669, 93.63256784968685, 91.63424124513618, 85.21560574948666, 91.77403369672943], [97.55102040816327, 98.14977973568281, 90.01937984496124, 87.42574257425743, 91.85336048879837, 88.56502242152466, 94.57202505219206, 92.31517509727627, 86.13963039014374, 90.38652130822597], [98.16326530612245, 98.6784140969163, 76.64728682170542, 92.37623762376238, 92.4643584521385, 87.89237668161435, 95.19832985386222, 91.53696498054475, 87.26899383983573, 90.28741328047572], [97.14285714285714, 97.44493392070484, 90.01937984496124, 89.00990099009901, 92.4643584521385, 93.04932735426009, 94.88517745302714, 91.73151750972762, 87.782340862423, 90.78295341922696], [97.85714285714286, 98.23788546255507, 91.76356589147287, 93.66336633663366, 90.020366598778, 87.89237668161435, 95.82463465553236, 89.88326848249027, 88.29568788501027, 92.36868186323092], [97.04081632653062, 98.59030837004406, 79.45736434108527, 90.6930693069307, 89.30753564154786, 91.14349775784753, 94.88517745302714, 93.3852140077821, 87.06365503080082, 94.44995044598612], [98.16326530612245, 98.59030837004406, 87.01550387596899, 92.77227722772277, 92.9735234215886, 92.26457399103138, 96.65970772442589, 93.77431906614785, 88.09034907597535, 91.47670961347869], [98.06122448979592, 98.32599118942731, 89.63178294573643, 92.07920792079207, 92.4643584521385, 93.27354260089686, 94.57202505219206, 93.77431906614785, 90.04106776180699, 92.76511397423191], [97.75510204081633, 98.23788546255507, 66.37596899224806, 92.87128712871286, 92.05702647657841, 91.70403587443946, 96.34655532359082, 91.63424124513618, 87.67967145790554, 95.73835480673935], [97.95918367346938, 98.06167400881057, 75.96899224806202, 89.5049504950495, 92.56619144602851, 95.62780269058295, 94.36325678496868, 92.12062256809338, 88.60369609856262, 92.9633300297324], [98.16326530612245, 98.14977973568281, 79.06976744186046, 92.97029702970298, 95.010183299389, 92.82511210762331, 95.4070981210856, 92.80155642023347, 92.60780287474333, 89.79187314172448], [97.75510204081633, 97.44493392070484, 88.75968992248062, 91.58415841584159, 93.9918533604888, 92.82511210762331, 96.13778705636743, 93.09338521400778, 93.32648870636551, 93.1615460852329], [98.06122448979592, 98.14977973568281, 93.4108527131783, 95.34653465346534, 93.89002036659878, 92.71300448430493, 96.34655532359082, 94.45525291828794, 91.47843942505133, 91.57581764122894], [97.85714285714286, 98.59030837004406, 65.01937984496124, 93.86138613861387, 95.11201629327903, 93.83408071748879, 96.45093945720251, 92.80155642023347, 91.9917864476386, 92.76511397423191], [97.95918367346938, 98.76651982378854, 90.40697674418605, 95.14851485148515, 95.62118126272912, 93.04932735426009, 96.65970772442589, 93.96887159533074, 91.47843942505133, 90.8820614469772], [97.55102040816327, 98.50220264317181, 92.15116279069767, 95.14851485148515, 94.19551934826885, 93.38565022421524, 95.82463465553236, 94.26070038910505, 94.25051334702259, 92.56689791873141], [97.24489795918367, 98.14977973568281, 93.4108527131783, 94.05940594059406, 94.60285132382892, 93.60986547085201, 97.18162839248434, 93.28793774319067, 95.27720739219713, 92.07135777998018], [97.95918367346938, 98.76651982378854, 90.21317829457364, 95.54455445544555, 93.48268839103869, 93.04932735426009, 97.18162839248434, 93.19066147859922, 92.19712525667352, 95.04459861248762], [97.75510204081633, 98.14977973568281, 84.01162790697674, 95.34653465346534, 95.11201629327903, 93.38565022421524, 94.98956158663883, 94.3579766536965, 93.01848049281314, 93.55797819623389], [97.65306122448979, 98.94273127753304, 78.58527131782945, 94.65346534653466, 96.74134419551935, 93.94618834080717, 94.98956158663883, 92.21789883268482, 93.1211498973306, 93.26065411298315], [97.75510204081633, 98.76651982378854, 87.1124031007752, 95.54455445544555, 94.80651731160896, 92.48878923766816, 95.72025052192066, 92.60700389105058, 94.35318275154005, 93.75619425173439], [98.26530612244898, 98.6784140969163, 83.33333333333333, 95.74257425742574, 94.09368635437882, 95.62780269058295, 94.98956158663883, 95.52529182879377, 91.78644763860369, 93.45887016848364]],