{"config": {"DATASET": "mnist", "TOTAL_CLIENTS": 100, "CLIENT_FRAC": 0.2, "POISON_FRAC": 0.4, "CREATE_DATASET": true, "RANDOM_DATA": true, "CLASS_RATIO": 10, "MODEL": "nnet", "LEARNING_RATE": 0.001, "BATCH_SIZE": 32, "LOCAL_EPOCHS": 10, "OPTIMIZER": "adam", "FED_ROUNDS": 30, "TEST_EVERY": 1, "RANDOM_PROCESS": false, "COS_DEFENCE": false, "SEL_METHOD": 1, "REDUCE_LR": 1, "COLLAB_MODE": true, "COLLAB_ALL": true, "CONSIDER_LAYERS": "l1", "GRAD_AGG": true, "FEATURE_FINDING_ALGO": "auror", "GRAD_COLLECTION_START": 0, "GRAD_COLLECT_FOR": -1, "CLUSTER_SEP": 0.005, "ALPHA": 0.8, "BETA": 0.8, "GAMMA": 0.1, "TRUST_INC": 2, "TRUST_CUT_METHOD": 1, "HONEST_PARDON_FACTOR": 0.7, "LOG_LEVEL": "INFO", "JSON_RESULTS": true}, "mean_poison_class_acc": 60.26744186046511, "mean_attack_srate": 3.658914728682171, "total_accuracies": [50.03, 65.68, 79.32, 84.63, 84.24, 87.73, 88.49, 85.59, 90.45, 87.23, 90.06, 91.7, 87.69, 92.86, 88.35, 93.31, 85.08, 93.94, 90.18, 93.83, 85.29, 94.3, 92.0, 93.8, 93.87, 85.53, 94.66, 92.49, 91.96, 95.05], "class_accuracies": [[97.14285714285714, 99.91189427312776, 0.1937984496124031, 47.62376237623762, 59.877800407331975, 36.32286995515695, 22.129436325678498, 89.2023346303502, 40.34907597535934, 0.0], [97.44897959183673, 98.76651982378854, 1.744186046511628, 82.47524752475248, 87.88187372708758, 83.5201793721973, 78.81002087682673, 86.96498054474708, 20.02053388090349, 18.731417244796827], [96.22448979591837, 98.76651982378854, 31.686046511627907, 84.25742574257426, 94.60285132382892, 78.02690582959642, 92.48434237995825, 91.82879377431907, 71.45790554414785, 53.41922695738355], [96.93877551020408, 98.06167400881057, 55.03875968992248, 86.23762376237623, 92.26069246435846, 86.09865470852019, 91.64926931106471, 89.78599221789884, 71.97125256673512, 77.7998017839445], [97.44897959183673, 97.79735682819383, 38.75968992248062, 90.1980198019802, 95.21384928716904, 82.51121076233184, 92.79749478079331, 90.56420233463035, 78.02874743326488, 78.98909811694747], [97.55102040816327, 97.09251101321586, 64.43798449612403, 87.12871287128714, 95.21384928716904, 83.40807174887892, 93.52818371607516, 91.24513618677042, 83.16221765913758, 83.94449950445986], [97.75510204081633, 98.59030837004406, 68.9922480620155, 91.18811881188118, 94.39918533604887, 87.4439461883408, 93.63256784968685, 90.95330739299611, 79.26078028747433, 82.06144697720515], [98.46938775510205, 97.79735682819383, 33.333333333333336, 90.89108910891089, 95.82484725050917, 87.21973094170404, 93.0062630480167, 92.60700389105058, 81.82751540041068, 85.53022794846383], [97.55102040816327, 97.00440528634361, 74.70930232558139, 88.31683168316832, 94.70468431771894, 88.78923766816143, 94.98956158663883, 89.78599221789884, 89.93839835728953, 88.60257680872151], [98.16326530612245, 97.44493392070484, 40.01937984496124, 93.36633663366337, 95.82484725050917, 86.09865470852019, 94.88517745302714, 92.21789883268482, 87.37166324435319, 87.41328047571854], [97.75510204081633, 97.88546255506608, 64.14728682170542, 93.36633663366337, 95.82484725050917, 87.78026905829596, 96.13778705636743, 91.73151750972762, 87.16632443531827, 88.70168483647176], [97.85714285714286, 98.32599118942731, 76.16279069767442, 94.05940594059406, 96.5376782077393, 90.5829596412556, 96.24217118997912, 92.50972762645914, 88.09034907597535, 86.42220019821606], [97.75510204081633, 98.59030837004406, 34.49612403100775, 93.26732673267327, 95.82484725050917, 90.35874439461884, 96.5553235908142, 93.96887159533074, 87.98767967145791, 89.09811694747275], [98.06122448979592, 98.32599118942731, 82.75193798449612, 93.46534653465346, 95.92668024439918, 91.03139013452915, 96.45093945720251, 93.3852140077821, 90.04106776180699, 88.800792864222], [98.06122448979592, 98.23788546255507, 37.98449612403101, 94.15841584158416, 96.5376782077393, 91.92825112107623, 96.65970772442589, 94.74708171206225, 89.11704312114989, 87.21506442021804], [97.85714285714286, 98.50220264317181, 83.13953488372093, 93.46534653465346, 93.48268839103869, 92.48878923766816, 96.13778705636743, 95.13618677042801, 91.17043121149898, 91.37760158572844], [97.85714285714286, 97.88546255506608, 3.294573643410853, 95.54455445544555, 96.02851323828921, 88.90134529147981, 97.28601252609603, 94.06614785992218, 90.65708418891171, 91.2784935579782], [98.36734693877551, 98.41409691629956, 88.66279069767442, 92.77227722772277, 95.72301425661914, 92.60089686098655, 96.5553235908142, 93.28793774319067, 90.34907597535934, 92.26957383548067], [97.85714285714286, 98.76651982378854, 51.55038759689923, 92.37623762376238, 96.5376782077393, 93.04932735426009, 96.34655532359082, 93.77431906614785, 91.06776180698152, 91.2784935579782], [97.85714285714286, 98.8546255506608, 84.20542635658914, 93.46534653465346, 96.23217922606925, 93.27354260089686, 97.07724425887265, 94.26070038910505, 91.9917864476386, 90.8820614469772], [98.36734693877551, 98.59030837004406, 1.4534883720930232, 94.45544554455445, 96.33401221995926, 93.60986547085201, 96.65970772442589, 94.26070038910505, 90.24640657084188, 91.37760158572844], [98.57142857142857, 98.41409691629956, 86.82170542635659, 93.56435643564356, 95.62118126272912, 93.94618834080717, 96.45093945720251, 94.16342412451363, 93.1211498973306, 92.17046580773042], [97.95918367346938, 98.6784140969163, 65.98837209302326, 94.05940594059406, 96.63951120162933, 93.38565022421524, 97.39039665970772, 94.64980544747081, 91.27310061601642, 90.38652130822597], [98.87755102040816, 98.8546255506608, 80.03875968992249, 94.95049504950495, 96.63951120162933, 93.16143497757848, 96.5553235908142, 94.74708171206225, 93.94250513347022, 90.18830525272547], [98.26530612244898, 98.41409691629956, 79.65116279069767, 95.04950495049505, 96.74134419551935, 94.95515695067265, 95.72025052192066, 94.06614785992218, 93.73716632443532, 92.26957383548067], [98.16326530612245, 98.76651982378854, 0.29069767441860467, 94.55445544554455, 96.74134419551935, 95.4035874439462, 96.03340292275574, 94.64980544747081, 91.58110882956879, 91.77403369672943], [98.57142857142857, 98.8546255506608, 87.40310077519379, 95.54455445544555, 97.04684317718942, 93.72197309417041, 97.18162839248434, 95.3307392996109, 92.29979466119096, 90.38652130822597], [98.16326530612245, 98.23788546255507, 66.18217054263566, 95.94059405940594, 96.02851323828921, 92.37668161434978, 97.7035490605428, 95.03891050583658, 93.83983572895278, 91.77403369672943], [98.57142857142857, 98.41409691629956, 61.531007751937985, 95.44554455445545, 96.33401221995926, 92.71300448430493, 97.49478079331942, 93.96887159533074, 93.94250513347022, 91.77403369672943], [98.26530612244898, 98.14977973568281, 89.43798449612403, 95.04950495049505, 96.5376782077393, 93.49775784753363, 97.49478079331942, 95.23346303501945, 94.6611909650924, 91.97224975222993]],