{"config": {"DATASET": "mnist", "TOTAL_CLIENTS": 100, "CLIENT_FRAC": 0.2, "POISON_FRAC": 0.0, "CREATE_DATASET": true, "RANDOM_DATA": true, "CLASS_RATIO": 10, "MODEL": "nnet", "LEARNING_RATE": 0.001, "BATCH_SIZE": 32, "LOCAL_EPOCHS": 10, "OPTIMIZER": "adam", "FED_ROUNDS": 30, "TEST_EVERY": 1, "RANDOM_PROCESS": false, "COS_DEFENCE": false, "SEL_METHOD": 1, "REDUCE_LR": 1, "COLLAB_MODE": true, "COLLAB_ALL": true, "CONSIDER_LAYERS": "l1", "GRAD_AGG": true, "FEATURE_FINDING_ALGO": "auror", "GRAD_COLLECTION_START": 0, "GRAD_COLLECT_FOR": -1, "CLUSTER_SEP": 0.002, "ALPHA": 0.8, "BETA": 0.8, "GAMMA": 0.1, "TRUST_INC": 2, "TRUST_CUT_METHOD": 1, "HONEST_PARDON_FACTOR": 0.7, "LOG_LEVEL": "INFO", "JSON_RESULTS": true}, "mean_poison_class_acc": 92.27906976744187, "mean_attack_srate": 2.9379844961240313, "total_accuracies": [52.02, 75.72, 84.49, 87.3, 89.07, 90.39, 90.39, 91.13, 92.31, 92.58, 92.94, 93.22, 93.72, 93.98, 94.19, 94.61, 94.7, 94.64, 94.75, 94.82, 94.97, 95.31, 94.98, 95.37, 95.5, 95.35, 95.59, 95.54, 95.76, 95.84], "class_accuracies": [[97.34693877551021, 99.47136563876651, 8.430232558139535, 50.0, 72.30142566191446, 24.103139013452914, 21.816283924843425, 76.07003891050584, 62.73100616016427, 0.0], [97.95918367346938, 98.23788546255507, 57.36434108527132, 80.29702970297029, 92.26069246435846, 78.1390134529148, 87.89144050104385, 87.35408560311284, 52.874743326488705, 23.389494549058472], [96.73469387755102, 97.18061674008811, 79.26356589147287, 81.48514851485149, 94.5010183299389, 78.02690582959642, 92.90187891440502, 90.6614785992218, 76.48870636550308, 56.095143706640236], [96.93877551020408, 97.62114537444934, 81.68604651162791, 85.44554455445545, 90.32586558044807, 87.10762331838565, 91.8580375782881, 89.49416342412451, 73.10061601642711, 78.29534192269574], [97.04081632653062, 97.09251101321586, 84.88372093023256, 88.31683168316832, 94.5010183299389, 81.39013452914799, 93.94572025052192, 90.6614785992218, 81.10882956878851, 80.2775024777007], [97.85714285714286, 96.38766519823788, 87.40310077519379, 88.7128712871287, 95.41751527494908, 83.18385650224215, 93.84133611691023, 90.46692607003891, 85.72895277207392, 83.74628344895936], [98.26530612244898, 98.59030837004406, 84.88372093023256, 90.29702970297029, 94.80651731160896, 88.11659192825113, 92.79749478079331, 90.1750972762646, 81.00616016427105, 83.94449950445986], [98.36734693877551, 97.26872246696036, 89.34108527131782, 89.8019801980198, 96.23217922606925, 88.2286995515695, 92.79749478079331, 90.95330739299611, 82.03285420944559, 85.33201189296334], [97.55102040816327, 96.74008810572687, 91.37596899224806, 88.7128712871287, 94.19551934826885, 88.78923766816143, 95.19832985386222, 89.49416342412451, 89.73305954825462, 90.68384539147671], [98.16326530612245, 97.26872246696036, 90.50387596899225, 92.87128712871286, 95.31568228105907, 87.21973094170404, 94.88517745302714, 90.75875486381322, 88.60369609856262, 89.29633300297324], [97.95918367346938, 97.79735682819383, 91.95736434108527, 91.68316831683168, 95.51934826883911, 89.34977578475336, 95.92901878914405, 91.53696498054475, 87.16632443531827, 89.69276511397423], [98.06122448979592, 98.14977973568281, 90.40697674418605, 93.06930693069307, 96.43584521384929, 90.13452914798206, 95.92901878914405, 91.73151750972762, 89.63039014373716, 88.00792864222002], [98.06122448979592, 98.06167400881057, 92.82945736434108, 93.06930693069307, 95.51934826883911, 90.47085201793722, 95.72025052192066, 93.57976653696498, 89.63039014373716, 89.49454905847374], [98.16326530612245, 98.06167400881057, 92.73255813953489, 92.37623762376238, 95.11201629327903, 90.91928251121077, 95.92901878914405, 92.12062256809338, 91.88911704312115, 91.87314172447968], [98.26530612244898, 97.79735682819383, 92.92635658914729, 93.76237623762377, 96.02851323828921, 91.59192825112108, 95.72025052192066, 92.8988326848249, 90.96509240246407, 91.37760158572844], [98.06122448979592, 98.41409691629956, 92.82945736434108, 92.77227722772277, 94.39918533604887, 92.37668161434978, 96.13778705636743, 94.45525291828794, 92.91581108829568, 93.1615460852329], [97.95918367346938, 97.97356828193833, 93.6046511627907, 94.85148514851485, 95.41751527494908, 90.02242152466367, 97.07724425887265, 93.96887159533074, 92.09445585215606, 93.26065411298315], [98.16326530612245, 98.76651982378854, 92.63565891472868, 92.67326732673267, 95.21384928716904, 92.48878923766816, 95.72025052192066, 93.28793774319067, 92.29979466119096, 94.54905847373637], [98.46938775510205, 98.14977973568281, 93.31395348837209, 92.87128712871286, 96.02851323828921, 92.26457399103138, 96.65970772442589, 92.99610894941634, 93.22381930184805, 93.06243805748265], [98.06122448979592, 98.76651982378854, 92.73255813953489, 92.67326732673267, 95.92668024439918, 92.26457399103138, 96.76409185803757, 93.96887159533074, 93.01848049281314, 93.45887016848364], [98.6734693877551, 98.59030837004406, 92.82945736434108, 92.37623762376238, 96.33401221995926, 93.72197309417041, 96.13778705636743, 94.06614785992218, 93.32648870636551, 93.26065411298315], [98.46938775510205, 98.6784140969163, 93.12015503875969, 94.35643564356435, 95.62118126272912, 93.16143497757848, 95.92901878914405, 94.64980544747081, 94.35318275154005, 94.25173439048562], [98.36734693877551, 98.8546255506608, 92.05426356589147, 92.87128712871286, 96.13034623217922, 93.60986547085201, 96.65970772442589, 95.3307392996109, 92.71047227926078, 92.76511397423191], [98.57142857142857, 98.94273127753304, 93.31395348837209, 95.24752475247524, 96.5376782077393, 92.82511210762331, 96.34655532359082, 93.96887159533074, 93.73716632443532, 93.65708622398414], [98.26530612244898, 98.6784140969163, 93.7015503875969, 95.04950495049505, 96.23217922606925, 93.94618834080717, 96.24217118997912, 93.3852140077821, 94.6611909650924, 94.44995044598612], [98.36734693877551, 98.8546255506608, 94.18604651162791, 93.96039603960396, 96.5376782077393, 95.2914798206278, 96.13778705636743, 93.28793774319067, 93.1211498973306, 93.45887016848364], [98.77551020408163, 98.6784140969163, 94.47674418604652, 96.13861386138613, 96.13034623217922, 92.82511210762331, 96.03340292275574, 95.71984435797665, 93.42915811088295, 93.06243805748265], [98.6734693877551, 98.59030837004406, 94.0891472868217, 95.44554455445545, 95.62118126272912, 91.59192825112108, 97.39039665970772, 95.03891050583658, 94.25051334702259, 94.05351833498513], [98.57142857142857, 98.59030837004406, 94.96124031007751, 96.03960396039604, 95.62118126272912, 92.71300448430493, 96.76409185803757, 94.8443579766537, 94.6611909650924, 94.25173439048562], [98.26530612244898, 98.50220264317181, 94.76744186046511, 95.94059405940594, 96.13034623217922, 92.152466367713, 96.86847599164926, 95.42801556420234, 95.37987679671458, 94.35084241823587]],