{"config": {"DATASET": "mnist", "TOTAL_CLIENTS": 100, "CLIENT_FRAC": 0.1, "POISON_FRAC": 0.1, "CREATE_DATASET": true, "RANDOM_DATA": true, "CLASS_RATIO": 10, "MODEL": "nnet", "LEARNING_RATE": 0.001, "BATCH_SIZE": 32, "LOCAL_EPOCHS": 10, "OPTIMIZER": "adam", "FED_ROUNDS": 30, "TEST_EVERY": 1, "RANDOM_PROCESS": true, "COS_DEFENCE": true, "SEL_METHOD": 1, "REDUCE_LR": 1, "COLLAB_MODE": true, "COLLAB_ALL": true, "CONSIDER_LAYERS": "l1", "GRAD_AGG": true, "FEATURE_FINDING_ALGO": "auror", "GRAD_COLLECTION_START": 0, "GRAD_COLLECT_FOR": -1, "CLUSTER_SEP": 0.001, "ALPHA": 0.8, "BETA": 0.8, "GAMMA": 0.1, "TRUST_INC": 2, "TRUST_CUT_METHOD": 2, "HONEST_PARDON_FACTOR": 0.99, "LOG_LEVEL": "INFO", "JSON_RESULTS": true}, "mean_poison_class_acc": 83.40116279069767, "mean_attack_srate": 3.1637596899224802, "total_accuracies": [53.69, 71.43, 85.44, 86.22, 87.96, 87.97, 89.86, 88.59, 91.44, 91.1, 92.75, 90.67, 92.73, 92.88, 93.3, 91.8, 93.37, 92.12, 93.3, 94.22, 94.63, 94.6, 88.6, 94.99, 94.85, 94.52, 93.01, 95.03, 95.47, 95.48], "class_accuracies": [[88.87755102040816, 96.12334801762114, 76.06589147286822, 54.35643564356435, 97.86150712830957, 0.0, 77.03549060542798, 0.0, 38.39835728952772, 0.0], [97.55102040816327, 98.6784140969163, 45.15503875968992, 57.62376237623762, 78.61507128309572, 75.22421524663677, 87.68267223382045, 47.95719844357976, 42.60780287474333, 82.06144697720515], [93.77551020408163, 97.97356828193833, 83.62403100775194, 81.88118811881188, 85.4378818737271, 72.86995515695067, 91.7536534446764, 83.75486381322958, 76.28336755646818, 84.34093161546085], [94.6938775510204, 97.5330396475771, 67.82945736434108, 88.11881188118812, 90.32586558044807, 81.16591928251121, 91.8580375782881, 91.63424124513618, 76.38603696098562, 81.26858275520317], [96.12244897959184, 97.97356828193833, 83.43023255813954, 86.53465346534654, 86.65987780040733, 73.09417040358744, 92.48434237995825, 89.29961089494164, 82.23819301848049, 89.09811694747275], [97.04081632653062, 96.82819383259911, 66.27906976744185, 87.62376237623762, 90.52953156822811, 83.18385650224215, 92.69311064718163, 89.2023346303502, 84.59958932238193, 90.98116947472745], [97.55102040816327, 97.5330396475771, 78.87596899224806, 89.70297029702971, 94.90835030549898, 85.53811659192826, 91.7536534446764, 90.46692607003891, 84.49691991786447, 86.81863230921705], [96.93877551020408, 97.09251101321586, 67.15116279069767, 86.13861386138613, 93.9918533604888, 92.82511210762331, 90.50104384133611, 89.39688715953308, 80.49281314168378, 91.47670961347869], [96.73469387755102, 97.18061674008811, 88.46899224806202, 95.04950495049505, 92.36252545824847, 81.61434977578476, 95.09394572025052, 89.78599221789884, 84.08624229979466, 92.36868186323092], [98.16326530612245, 97.18061674008811, 78.87596899224806, 88.61386138613861, 93.9918533604888, 90.91928251121077, 93.73695198329854, 91.82879377431907, 87.57700205338809, 89.89098116947473], [97.55102040816327, 97.5330396475771, 90.89147286821705, 93.76237623762377, 93.68635437881873, 85.31390134529148, 95.51148225469728, 91.147859922179, 89.3223819301848, 91.57581764122894], [97.65306122448979, 97.26872246696036, 69.67054263565892, 93.36633663366337, 92.26069246435846, 91.03139013452915, 95.51148225469728, 90.07782101167315, 85.83162217659138, 94.05351833498513], [98.06122448979592, 97.26872246696036, 84.39922480620154, 94.85148514851485, 94.29735234215886, 87.5560538116592, 95.4070981210856, 94.16342412451363, 89.63039014373716, 90.8820614469772], [97.85714285714286, 97.5330396475771, 85.36821705426357, 90.0990099009901, 92.87169042769857, 94.73094170403587, 93.84133611691023, 92.50972762645914, 89.42505133470226, 94.44995044598612], [97.85714285714286, 98.06167400881057, 85.85271317829458, 94.75247524752476, 95.010183299389, 91.14349775784753, 94.98956158663883, 92.21789883268482, 90.04106776180699, 92.56689791873141], [98.16326530612245, 97.79735682819383, 72.38372093023256, 92.47524752475248, 94.90835030549898, 95.4035874439462, 93.52818371607516, 94.06614785992218, 88.09034907597535, 91.47670961347869], [97.75510204081633, 98.50220264317181, 84.78682170542636, 93.46534653465346, 95.72301425661914, 93.38565022421524, 95.09394572025052, 92.50972762645914, 90.24640657084188, 91.97224975222993], [97.75510204081633, 98.59030837004406, 71.51162790697674, 93.26732673267327, 95.82484725050917, 93.94618834080717, 95.19832985386222, 93.57976653696498, 89.83572895277207, 91.87314172447968], [98.36734693877551, 98.23788546255507, 82.46124031007751, 93.46534653465346, 93.78818737270876, 94.73094170403587, 94.05010438413362, 93.67704280155642, 89.93839835728953, 94.15262636273538], [98.46938775510205, 98.23788546255507, 87.8875968992248, 94.85148514851485, 93.78818737270876, 93.16143497757848, 95.92901878914405, 93.8715953307393, 92.91581108829568, 92.76511397423191], [97.95918367346938, 97.88546255506608, 91.56976744186046, 94.75247524752476, 94.09368635437882, 93.04932735426009, 97.7035490605428, 92.21789883268482, 94.04517453798768, 92.76511397423191], [97.95918367346938, 97.88546255506608, 93.21705426356588, 93.86138613861387, 93.38085539714868, 90.91928251121077, 96.76409185803757, 92.12062256809338, 94.45585215605749, 94.84638255698711], [98.57142857142857, 98.32599118942731, 38.565891472868216, 92.97029702970298, 94.29735234215886, 91.70403587443946, 94.88517745302714, 94.06614785992218, 89.52772073921972, 94.05351833498513], [98.06122448979592, 98.41409691629956, 91.66666666666667, 94.05940594059406, 94.80651731160896, 93.04932735426009, 96.24217118997912, 94.74708171206225, 95.37987679671458, 93.06243805748265], [97.95918367346938, 98.41409691629956, 90.98837209302326, 94.15841584158416, 95.41751527494908, 93.60986547085201, 96.24217118997912, 94.64980544747081, 92.91581108829568, 93.75619425173439], [97.65306122448979, 98.41409691629956, 86.9186046511628, 94.65346534653466, 96.33401221995926, 92.9372197309417, 95.51148225469728, 95.13618677042801, 93.32648870636551, 93.95441030723488], [97.75510204081633, 98.59030837004406, 74.4186046511628, 93.56435643564356, 95.51934826883911, 93.16143497757848, 96.34655532359082, 92.99610894941634, 94.25051334702259, 93.65708622398414], [98.26530612244898, 97.70925110132158, 94.57364341085271, 94.05940594059406, 94.80651731160896, 92.48878923766816, 96.86847599164926, 92.80155642023347, 94.45585215605749, 93.85530227948463], [98.26530612244898, 98.59030837004406, 95.54263565891473, 95.24752475247524, 96.23217922606925, 92.04035874439462, 96.45093945720251, 94.55252918287938, 93.94250513347022, 93.1615460852329], [98.26530612244898, 98.23788546255507, 95.34883720930233, 94.65346534653466, 95.72301425661914, 94.61883408071749, 95.4070981210856, 94.06614785992218, 94.76386036960986, 93.3597621407334]],