{"config": {"DATASET": "mnist", "TOTAL_CLIENTS": 100, "CLIENT_FRAC": 0.1, "POISON_FRAC": 0.0, "CREATE_DATASET": true, "RANDOM_DATA": true, "CLASS_RATIO": 10, "MODEL": "nnet", "LEARNING_RATE": 0.001, "BATCH_SIZE": 32, "LOCAL_EPOCHS": 10, "OPTIMIZER": "adam", "FED_ROUNDS": 30, "TEST_EVERY": 1, "RANDOM_PROCESS": true, "COS_DEFENCE": false, "SEL_METHOD": 1, "REDUCE_LR": 1, "COLLAB_MODE": true, "COLLAB_ALL": true, "CONSIDER_LAYERS": "l1", "GRAD_AGG": true, "FEATURE_FINDING_ALGO": "auror", "GRAD_COLLECTION_START": 0, "GRAD_COLLECT_FOR": -1, "CLUSTER_SEP": 0.005, "ALPHA": 0.8, "BETA": 0.8, "GAMMA": 0.1, "TRUST_INC": 2, "TRUST_CUT_METHOD": 1, "HONEST_PARDON_FACTOR": 0.7, "LOG_LEVEL": "INFO", "JSON_RESULTS": true}, "mean_poison_class_acc": 92.13178294573642, "mean_attack_srate": 3.1201550387596897, "total_accuracies": [44.49, 78.54, 84.34, 87.0, 88.6, 89.0, 89.77, 90.79, 91.16, 91.59, 92.22, 92.5, 92.86, 92.5, 93.12, 93.56, 93.74, 94.09, 93.79, 93.82, 94.07, 94.3, 94.35, 94.48, 94.71, 94.79, 94.69, 94.98, 94.99, 95.02], "class_accuracies": [[94.18367346938776, 94.00881057268722, 30.523255813953487, 0.693069306930693, 3.258655804480652, 0.0, 72.75574112734864, 0.0, 47.125256673511295, 94.05351833498513], [96.0204081632653, 95.06607929515418, 76.25968992248062, 73.86138613861387, 87.9837067209776, 74.55156950672645, 74.73903966597078, 84.92217898832685, 55.13347022587269, 64.02378592666005], [94.79591836734694, 94.80176211453744, 79.26356589147287, 74.65346534653466, 82.58655804480652, 85.20179372197309, 91.02296450939457, 80.25291828793775, 77.82340862422998, 82.3587710604559], [96.3265306122449, 96.2114537444934, 82.46124031007751, 80.1980198019802, 81.9755600814664, 87.21973094170404, 92.90187891440502, 85.99221789883268, 77.51540041067761, 88.30525272547077], [96.22448979591837, 97.00440528634361, 87.5, 85.24752475247524, 89.20570264765784, 85.98654708520179, 94.57202505219206, 84.04669260700389, 77.00205338809035, 88.10703666997027], [96.53061224489795, 97.09251101321586, 81.2015503875969, 92.57425742574257, 93.89002036659878, 76.23318385650224, 93.84133611691023, 89.88326848249027, 85.83162217659138, 81.07036669970267], [97.24489795918367, 97.26872246696036, 86.43410852713178, 92.37623762376238, 95.72301425661914, 78.02690582959642, 93.73695198329854, 90.36964980544747, 81.72484599589322, 82.85431119920713], [97.85714285714286, 96.38766519823788, 90.98837209302326, 87.92079207920793, 93.27902240325865, 84.64125560538116, 93.42379958246346, 88.42412451361868, 85.31827515400411, 88.50346878097126], [98.06122448979592, 97.70925110132158, 90.69767441860465, 87.32673267326733, 93.38085539714868, 84.52914798206278, 92.48434237995825, 90.1750972762646, 89.01437371663245, 86.9177403369673], [97.65306122448979, 97.09251101321586, 89.43798449612403, 90.29702970297029, 95.72301425661914, 87.89237668161435, 94.1544885177453, 91.73151750972762, 85.42094455852155, 85.62933597621408], [98.16326530612245, 97.5330396475771, 89.24418604651163, 88.91089108910892, 93.58452138492872, 89.34977578475336, 94.46764091858037, 91.73151750972762, 88.09034907597535, 90.38652130822597], [98.26530612244898, 97.70925110132158, 91.86046511627907, 91.48514851485149, 94.80651731160896, 89.68609865470852, 93.94572025052192, 91.147859922179, 87.98767967145791, 87.31417244796829], [98.06122448979592, 97.62114537444934, 92.05426356589147, 91.08910891089108, 93.78818737270876, 89.34977578475336, 96.24217118997912, 90.95330739299611, 88.80903490759754, 89.89098116947473], [98.26530612244898, 97.62114537444934, 90.98837209302326, 96.23762376237623, 92.36252545824847, 84.75336322869956, 96.24217118997912, 91.82879377431907, 85.31827515400411, 89.99008919722498], [97.95918367346938, 98.32599118942731, 93.21705426356588, 93.86138613861387, 92.66802443991854, 88.78923766816143, 95.82463465553236, 90.85603112840467, 86.85831622176592, 91.77403369672943], [98.26530612244898, 97.79735682819383, 91.76356589147287, 91.38613861386139, 95.51934826883911, 90.47085201793722, 95.51148225469728, 92.50972762645914, 91.37577002053388, 90.38652130822597], [98.36734693877551, 97.97356828193833, 92.63565891472868, 90.39603960396039, 93.68635437881873, 93.16143497757848, 95.4070981210856, 91.34241245136187, 91.58110882956879, 92.46778989098117], [98.46938775510205, 97.79735682819383, 92.63565891472868, 93.66336633663366, 95.010183299389, 90.47085201793722, 95.51148225469728, 90.6614785992218, 93.01848049281314, 93.06243805748265], [97.55102040816327, 98.32599118942731, 90.89147286821705, 91.78217821782178, 95.62118126272912, 93.38565022421524, 95.92901878914405, 92.80155642023347, 90.04106776180699, 91.17938553022795], [98.36734693877551, 98.23788546255507, 88.0813953488372, 93.96039603960396, 96.74134419551935, 92.60089686098655, 96.45093945720251, 92.41245136186771, 91.17043121149898, 89.89098116947473], [98.16326530612245, 98.14977973568281, 91.47286821705427, 94.65346534653466, 95.31568228105907, 92.48878923766816, 96.03340292275574, 94.16342412451363, 87.16632443531827, 92.46778989098117], [98.26530612244898, 98.06167400881057, 91.27906976744185, 95.14851485148515, 95.62118126272912, 90.91928251121077, 95.82463465553236, 93.19066147859922, 91.47843942505133, 92.56689791873141], [97.65306122448979, 98.23788546255507, 92.73255813953489, 92.67326732673267, 95.62118126272912, 93.83408071748879, 95.72025052192066, 90.95330739299611, 91.78644763860369, 93.95441030723488], [98.06122448979592, 98.14977973568281, 93.8953488372093, 92.47524752475248, 94.60285132382892, 91.4798206278027, 97.07724425887265, 92.12062256809338, 91.68377823408625, 94.64816650148661], [98.77551020408163, 97.97356828193833, 94.96124031007751, 94.85148514851485, 96.33401221995926, 90.91928251121077, 95.82463465553236, 93.09338521400778, 92.29979466119096, 91.37760158572844], [98.16326530612245, 97.88546255506608, 94.57364341085271, 94.75247524752476, 95.62118126272912, 94.05829596412556, 95.51148225469728, 92.70428015564202, 90.34907597535934, 93.85530227948463], [98.16326530612245, 98.23788546255507, 92.73255813953489, 95.24752475247524, 96.84317718940937, 92.71300448430493, 96.13778705636743, 92.12062256809338, 91.06776180698152, 93.1615460852329], [98.06122448979592, 97.62114537444934, 92.92635658914729, 94.35643564356435, 94.90835030549898, 91.92825112107623, 96.97286012526096, 93.57976653696498, 94.86652977412732, 94.15262636273538], [98.46938775510205, 97.88546255506608, 92.73255813953489, 96.03960396039604, 95.41751527494908, 91.03139013452915, 96.03340292275574, 94.8443579766537, 93.32648870636551, 93.45887016848364], [98.6734693877551, 98.41409691629956, 91.95736434108527, 94.05940594059406, 96.23217922606925, 92.37668161434978, 96.03340292275574, 94.94163424124514, 94.04517453798768, 92.9633300297324]],