{"config": {"DATASET": "mnist", "TOTAL_CLIENTS": 100, "CLIENT_FRAC": 0.1, "POISON_FRAC": 0.1, "CREATE_DATASET": true, "RANDOM_DATA": true, "CLASS_RATIO": 10, "MODEL": "nnet", "LEARNING_RATE": 0.001, "BATCH_SIZE": 32, "LOCAL_EPOCHS": 3, "OPTIMIZER": "adam", "FED_ROUNDS": 30, "TEST_EVERY": 1, "RANDOM_PROCESS": true, "COS_DEFENCE": true, "SEL_METHOD": 1, "REDUCE_LR": 1, "COLLAB_MODE": true, "COLLAB_ALL": true, "CONSIDER_LAYERS": "f1l1", "GRAD_AGG": true, "FEATURE_FINDING_ALGO": "auror", "GRAD_COLLECTION_START": 0, "GRAD_COLLECT_FOR": -1, "CLUSTER_SEP": 0.002, "ALPHA": 0.8, "BETA": 0.8, "GAMMA": 0.1, "TRUST_INC": 2, "TRUST_CUT_METHOD": 2, "HONEST_PARDON_FACTOR": 0.99, "LOG_LEVEL": "INFO", "JSON_RESULTS": true}, "mean_poison_class_acc": 81.62306201550389, "mean_attack_srate": 3.0377906976744184, "total_accuracies": [31.23, 24.94, 46.4, 54.87, 67.02, 71.22, 76.11, 79.58, 81.93, 83.37, 84.19, 85.81, 85.9, 86.58, 87.91, 87.49, 88.2, 89.08, 89.25, 89.22, 89.56, 90.49, 90.76, 90.97, 89.17, 91.03, 90.83, 90.94, 90.39, 92.29], "class_accuracies": [[30.510204081632654, 49.4273127753304, 54.06976744186046, 66.23762376237623, 1.2219959266802445, 41.47982062780269, 0.0, 0.0, 0.0, 64.81665014866203], [96.53061224489795, 0.0, 54.651162790697676, 96.33663366336634, 0.3054989816700611, 0.0, 0.0, 0.0, 0.0, 0.7928642220019821], [97.34693877551021, 99.38325991189427, 53.68217054263566, 90.89108910891089, 51.323828920570264, 0.0, 13.048016701461378, 14.980544747081712, 0.0, 30.029732408325074], [97.44897959183673, 96.47577092511013, 78.39147286821705, 82.47524752475248, 69.24643584521385, 30.717488789237667, 0.6263048016701461, 3.9883268482490273, 17.04312114989733, 62.239841427155596], [96.63265306122449, 99.11894273127753, 68.5077519379845, 87.72277227722772, 75.25458248472505, 44.17040358744394, 75.05219206680584, 60.797665369649806, 0.0, 55.50049554013875], [92.44897959183673, 96.12334801762114, 82.84883720930233, 74.95049504950495, 86.45621181262729, 81.27802690582959, 83.40292275574113, 84.63035019455253, 1.0266940451745379, 25.76808721506442], [94.79591836734694, 98.76651982378854, 61.04651162790697, 90.5940594059406, 72.30142566191446, 56.83856502242153, 88.72651356993737, 89.98054474708171, 54.41478439425051, 48.9593657086224], [95.81632653061224, 96.47577092511013, 81.5891472868217, 85.54455445544555, 86.45621181262729, 73.09417040358744, 87.68267223382045, 88.03501945525292, 53.79876796714579, 44.400396432111], [94.89795918367346, 97.97356828193833, 73.06201550387597, 82.37623762376238, 86.9653767820774, 81.16591928251121, 90.6054279749478, 85.01945525291829, 74.53798767967146, 51.43706640237859], [95.51020408163265, 97.18061674008811, 74.2248062015504, 84.65346534653466, 77.4949083503055, 84.75336322869956, 87.2651356993737, 87.54863813229572, 69.0965092402464, 74.43012884043607], [95.20408163265306, 97.88546255506608, 79.65116279069767, 88.01980198019803, 66.08961303462321, 82.847533632287, 89.14405010438414, 85.89494163424125, 67.5564681724846, 87.31417244796829], [94.38775510204081, 97.44493392070484, 85.75581395348837, 79.9009900990099, 83.70672097759675, 84.52914798206278, 95.30271398747391, 86.08949416342412, 76.18069815195072, 73.53815659068384], [96.93877551020408, 96.65198237885463, 74.03100775193798, 83.36633663366337, 90.020366598778, 80.38116591928251, 93.52818371607516, 88.32684824902724, 84.80492813141684, 69.97026759167493], [97.04081632653062, 97.26872246696036, 74.90310077519379, 90.0990099009901, 84.92871690427698, 81.16591928251121, 91.9624217118998, 90.75875486381322, 77.82340862422998, 78.29534192269574], [96.83673469387755, 95.85903083700441, 85.46511627906976, 88.61386138613861, 85.4378818737271, 82.0627802690583, 91.12734864300626, 88.2295719844358, 80.59548254620123, 83.34985133795837], [96.22448979591837, 96.74008810572687, 81.5891472868217, 85.54455445544555, 95.31568228105907, 82.51121076233184, 94.67640918580376, 86.38132295719845, 80.69815195071868, 74.23191278493557], [96.3265306122449, 96.91629955947137, 80.32945736434108, 85.94059405940594, 82.89205702647658, 84.75336322869956, 91.54488517745303, 91.24513618677042, 82.13552361396304, 88.60257680872151], [97.04081632653062, 96.74008810572687, 87.79069767441861, 83.46534653465346, 89.71486761710794, 85.87443946188341, 93.94572025052192, 91.24513618677042, 81.21149897330595, 82.65609514370664], [97.75510204081633, 97.44493392070484, 85.75581395348837, 85.04950495049505, 84.82688391038697, 86.32286995515695, 93.31941544885177, 90.85603112840467, 82.23819301848049, 87.71060455896928], [98.26530612244898, 96.91629955947137, 79.84496124031008, 91.58415841584159, 87.57637474541751, 83.85650224215247, 92.48434237995825, 90.07782101167315, 82.54620123203286, 87.80971258671953], [97.95918367346938, 96.74008810572687, 77.71317829457364, 87.82178217821782, 93.68635437881873, 82.95964125560538, 93.42379958246346, 90.56420233463035, 87.57700205338809, 86.22398414271557], [96.93877551020408, 96.74008810572687, 86.53100775193798, 87.92079207920793, 93.27902240325865, 86.88340807174887, 92.79749478079331, 90.75875486381322, 86.652977412731, 85.53022794846383], [97.14285714285714, 96.47577092511013, 86.14341085271317, 88.61386138613861, 90.42769857433808, 84.75336322869956, 93.73695198329854, 90.75875486381322, 90.14373716632444, 88.40436075322101], [97.24489795918367, 96.56387665198238, 88.37209302325581, 86.73267326732673, 93.78818737270876, 90.24663677130044, 94.78079331941545, 89.2023346303502, 86.44763860369609, 85.92666005946482], [97.65306122448979, 96.29955947136564, 65.60077519379846, 88.91089108910892, 92.4643584521385, 86.09865470852019, 93.42379958246346, 90.27237354085604, 91.58110882956879, 89.29633300297324], [97.24489795918367, 96.91629955947137, 87.79069767441861, 87.32673267326733, 86.65987780040733, 88.34080717488789, 94.57202505219206, 90.56420233463035, 87.26899383983573, 92.76511397423191], [98.06122448979592, 96.65198237885463, 79.45736434108527, 89.8019801980198, 94.09368635437882, 88.56502242152466, 93.94572025052192, 91.92607003891051, 87.88501026694045, 87.51238850346878], [97.55102040816327, 97.09251101321586, 82.07364341085271, 90.79207920792079, 89.20570264765784, 89.23766816143498, 93.73695198329854, 90.1750972762646, 85.52361396303901, 93.3597621407334], [98.26530612244898, 97.44493392070484, 72.18992248062015, 88.7128712871287, 94.70468431771894, 90.02242152466367, 93.31941544885177, 90.95330739299611, 90.14373716632444, 88.10703666997027], [97.14285714285714, 96.82819383259911, 91.47286821705427, 90.4950495049505, 94.09368635437882, 86.99551569506727, 97.49478079331942, 90.27237354085604, 87.782340862423, 89.49454905847374]],