{"config": {"DATASET": "mnist", "TOTAL_CLIENTS": 100, "CLIENT_FRAC": 0.2, "POISON_FRAC": 0.2, "CREATE_DATASET": false, "RANDOM_DATA": true, "CLASS_RATIO": 10, "MODEL": "nnet", "LEARNING_RATE": 0.001, "BATCH_SIZE": 32, "LOCAL_EPOCHS": 10, "OPTIMIZER": "adam", "FED_ROUNDS": 30, "TEST_EVERY": 1, "RANDOM_PROCESS": false, "COS_DEFENCE": true, "SEL_METHOD": 1, "REDUCE_LR": 1, "COLLAB_MODE": true, "COLLAB_ALL": true, "CONSIDER_LAYERS": "l1", "GRAD_AGG": true, "FEATURE_FINDING_ALGO": "auror", "GRAD_COLLECTION_START": 0, "GRAD_COLLECT_FOR": -1, "CLUSTER_SEP": 0.005, "ALPHA": 0.8, "BETA": 0.8, "GAMMA": 0.1, "TRUST_INC": 2, "TRUST_CUT_METHOD": 1, "HONEST_PARDON_FACTOR": 0.7, "LOG_LEVEL": "INFO", "JSON_RESULTS": true}, "mean_poison_class_acc": 83.18992248062015, "mean_attack_srate": 3.108527131782946, "total_accuracies": [47.18, 68.92, 80.63, 86.01, 88.39, 89.27, 89.11, 91.05, 90.86, 91.12, 92.56, 92.3, 92.76, 93.33, 93.38, 93.29, 93.85, 93.18, 93.79, 94.54, 94.29, 92.71, 92.56, 94.98, 94.54, 94.31, 95.2, 94.8, 93.99, 94.86], "class_accuracies": [[99.38775510204081, 92.2466960352423, 0.0, 55.24752475247525, 76.57841140529531, 14.461883408071749, 21.39874739039666, 32.5875486381323, 25.15400410677618, 46.87809712586719], [97.44897959183673, 98.50220264317181, 9.786821705426357, 92.07920792079207, 80.5498981670061, 67.152466367713, 82.25469728601253, 89.10505836575875, 39.219712525667354, 30.921704658077303], [96.42857142857143, 97.70925110132158, 46.60852713178294, 90.39603960396039, 87.37270875763747, 70.62780269058295, 89.66597077244259, 92.60700389105058, 77.20739219712526, 55.89692765113974], [96.63265306122449, 97.44493392070484, 69.86434108527132, 88.91089108910892, 85.74338085539715, 84.86547085201794, 90.50104384133611, 90.36964980544747, 74.84599589322382, 79.78196233894946], [97.65306122448979, 97.18061674008811, 75.0, 89.60396039603961, 92.76985743380855, 82.62331838565022, 92.17118997912317, 91.43968871595331, 82.54620123203286, 81.76412289395441], [97.65306122448979, 97.00440528634361, 77.81007751937985, 89.60396039603961, 90.73319755600815, 84.97757847533633, 92.58872651356994, 90.1750972762646, 82.85420944558521, 88.30525272547077], [98.16326530612245, 97.3568281938326, 71.80232558139535, 91.88118811881188, 90.22403258655804, 86.7713004484305, 92.48434237995825, 89.49416342412451, 81.21149897330595, 90.98116947472745], [97.85714285714286, 97.70925110132158, 85.94961240310077, 88.91089108910892, 91.64969450101833, 89.46188340807174, 93.73695198329854, 89.78599221789884, 84.90759753593429, 89.79187314172448], [97.65306122448979, 97.70925110132158, 77.90697674418605, 93.46534653465346, 90.83503054989816, 88.67713004484305, 93.31941544885177, 91.24513618677042, 85.21560574948666, 91.87314172447968], [97.85714285714286, 98.41409691629956, 76.25968992248062, 92.57425742574257, 93.38085539714868, 88.34080717488789, 94.67640918580376, 90.27237354085604, 88.80903490759754, 90.08919722497522], [97.65306122448979, 98.23788546255507, 87.3062015503876, 93.26732673267327, 93.17718940936864, 88.90134529147981, 95.09394572025052, 92.12062256809338, 86.85831622176592, 92.07135777998018], [97.85714285714286, 97.97356828193833, 80.23255813953489, 92.57425742574257, 95.11201629327903, 91.59192825112108, 94.98956158663883, 91.05058365758755, 90.96509240246407, 90.48562933597621], [98.46938775510205, 98.76651982378854, 83.43023255813954, 93.36633663366337, 94.39918533604887, 90.35874439461884, 94.46764091858037, 91.73151750972762, 90.96509240246407, 91.0802775024777], [98.06122448979592, 98.50220264317181, 86.62790697674419, 93.96039603960396, 94.09368635437882, 92.9372197309417, 94.1544885177453, 91.34241245136187, 90.96509240246407, 92.26957383548067], [97.75510204081633, 98.23788546255507, 87.01550387596899, 94.45544554455445, 94.29735234215886, 91.25560538116592, 94.1544885177453, 91.92607003891051, 91.17043121149898, 92.9633300297324], [97.85714285714286, 98.23788546255507, 84.20542635658914, 93.26732673267327, 94.29735234215886, 91.59192825112108, 96.13778705636743, 91.92607003891051, 91.58110882956879, 93.45887016848364], [98.06122448979592, 98.41409691629956, 88.37209302325581, 93.36633663366337, 93.58452138492872, 94.17040358744394, 94.46764091858037, 92.80155642023347, 90.4517453798768, 94.44995044598612], [98.06122448979592, 98.76651982378854, 79.94186046511628, 95.14851485148515, 94.60285132382892, 91.03139013452915, 94.98956158663883, 93.96887159533074, 90.86242299794661, 93.95441030723488], [98.26530612244898, 98.6784140969163, 86.14341085271317, 93.46534653465346, 95.010183299389, 92.82511210762331, 94.78079331941545, 92.50972762645914, 91.68377823408625, 94.15262636273538], [98.26530612244898, 98.6784140969163, 92.53875968992249, 93.26732673267327, 94.19551934826885, 92.9372197309417, 95.82463465553236, 92.99610894941634, 92.81314168377824, 93.3597621407334], [98.26530612244898, 98.8546255506608, 86.7248062015504, 94.05940594059406, 94.39918533604887, 92.37668161434978, 96.24217118997912, 94.26070038910505, 93.01848049281314, 94.25173439048562], [98.46938775510205, 98.94273127753304, 71.12403100775194, 94.35643564356435, 95.41751527494908, 93.94618834080717, 95.61586638830897, 92.12062256809338, 92.71047227926078, 94.64816650148661], [98.46938775510205, 98.8546255506608, 70.83333333333333, 95.54455445544555, 96.43584521384929, 92.26457399103138, 96.45093945720251, 93.28793774319067, 91.17043121149898, 92.36868186323092], [98.57142857142857, 98.8546255506608, 89.05038759689923, 94.85148514851485, 95.92668024439918, 93.94618834080717, 96.65970772442589, 94.06614785992218, 94.25051334702259, 93.3597621407334], [98.16326530612245, 98.76651982378854, 87.8875968992248, 96.03960396039604, 93.58452138492872, 92.04035874439462, 96.76409185803757, 93.19066147859922, 93.42915811088295, 95.04459861248762], [98.36734693877551, 98.94273127753304, 84.39922480620154, 94.65346534653466, 96.02851323828921, 94.61883408071749, 96.24217118997912, 92.8988326848249, 92.40246406570841, 94.44995044598612], [98.36734693877551, 98.41409691629956, 91.66666666666667, 95.24752475247524, 95.31568228105907, 93.94618834080717, 96.97286012526096, 93.09338521400778, 93.83983572895278, 94.84638255698711], [98.36734693877551, 98.6784140969163, 88.17829457364341, 96.13861386138613, 95.62118126272912, 93.49775784753363, 95.92901878914405, 93.96887159533074, 91.68377823408625, 95.54013875123886], [98.87755102040816, 99.29515418502203, 78.58527131782945, 94.85148514851485, 95.92668024439918, 94.95515695067265, 95.51148225469728, 94.55252918287938, 92.91581108829568, 94.44995044598612], [98.77551020408163, 98.50220264317181, 85.75581395348837, 94.85148514851485, 95.41751527494908, 94.84304932735427, 96.5553235908142, 93.96887159533074, 94.86652977412732, 95.04459861248762]],