{"config": {"DATASET": "mnist", "TOTAL_CLIENTS": 100, "CLIENT_FRAC": 0.2, "POISON_FRAC": 0.1, "CREATE_DATASET": false, "RANDOM_DATA": true, "CLASS_RATIO": 10, "MODEL": "nnet", "LEARNING_RATE": 0.001, "BATCH_SIZE": 32, "LOCAL_EPOCHS": 10, "OPTIMIZER": "adam", "FED_ROUNDS": 30, "TEST_EVERY": 1, "RANDOM_PROCESS": false, "COS_DEFENCE": true, "SEL_METHOD": 1, "REDUCE_LR": 1, "COLLAB_MODE": true, "COLLAB_ALL": true, "CONSIDER_LAYERS": "l1", "GRAD_AGG": true, "FEATURE_FINDING_ALGO": "auror", "GRAD_COLLECTION_START": 0, "GRAD_COLLECT_FOR": -1, "CLUSTER_SEP": 0.002, "ALPHA": 0.8, "BETA": 0.8, "GAMMA": 0.1, "TRUST_INC": 2, "TRUST_CUT_METHOD": 1, "HONEST_PARDON_FACTOR": 0.7, "LOG_LEVEL": "INFO", "JSON_RESULTS": true}, "mean_poison_class_acc": 84.14728682170542, "mean_attack_srate": 3.0658914728682176, "total_accuracies": [50.88, 72.29, 82.7, 86.55, 88.33, 89.53, 89.34, 90.96, 90.42, 91.6, 92.57, 90.1, 92.46, 93.31, 93.4, 93.77, 91.47, 93.99, 94.25, 94.52, 94.79, 94.34, 93.54, 94.44, 95.05, 94.97, 94.64, 94.82, 95.62, 94.85], "class_accuracies": [[99.28571428571429, 91.18942731277534, 2.616279069767442, 54.45544554455446, 64.96945010183299, 25.672645739910315, 30.062630480167016, 25.19455252918288, 49.58932238193019, 60.05946481665015], [97.24489795918367, 98.59030837004406, 57.65503875968992, 93.16831683168317, 79.32790224032587, 55.493273542600896, 79.74947807933194, 89.2023346303502, 35.62628336755647, 31.61546085232904], [96.73469387755102, 98.23788546255507, 70.15503875968992, 89.60396039603961, 86.76171079429736, 67.04035874439462, 90.39665970772442, 92.70428015564202, 74.435318275154, 57.8790882061447], [96.93877551020408, 98.14977973568281, 75.87209302325581, 89.00990099009901, 84.0122199592668, 84.97757847533633, 91.64926931106471, 90.56420233463035, 71.97125256673512, 80.87215064420218], [97.75510204081633, 97.5330396475771, 77.51937984496124, 90.1980198019802, 91.95519348268839, 82.0627802690583, 91.9624217118998, 92.80155642023347, 80.08213552361396, 79.98017839444995], [97.44897959183673, 97.62114537444934, 81.0077519379845, 90.6930693069307, 91.24236252545825, 81.27802690582959, 92.90187891440502, 92.31517509727627, 82.85420944558521, 86.32309217046581], [97.95918367346938, 97.97356828193833, 75.0, 91.48514851485149, 91.64969450101833, 86.09865470852019, 92.48434237995825, 91.05058365758755, 78.85010266940452, 89.79187314172448], [97.44897959183673, 97.79735682819383, 84.59302325581395, 89.5049504950495, 92.26069246435846, 88.56502242152466, 93.84133611691023, 91.43968871595331, 84.80492813141684, 88.50346878097126], [97.65306122448979, 97.97356828193833, 75.1937984496124, 93.16831683168317, 92.15885947046843, 84.97757847533633, 93.84133611691023, 91.147859922179, 85.1129363449692, 91.97224975222993], [97.75510204081633, 98.76651982378854, 80.42635658914729, 92.17821782178218, 92.56619144602851, 89.57399103139014, 94.258872651357, 91.82879377431907, 86.44763860369609, 91.47670961347869], [98.06122448979592, 98.50220264317181, 88.46899224806202, 91.78217821782178, 94.90835030549898, 88.34080717488789, 94.98956158663883, 93.28793774319067, 86.24229979466119, 90.08919722497522], [98.06122448979592, 98.14977973568281, 60.36821705426357, 92.07920792079207, 94.90835030549898, 90.13452914798206, 93.42379958246346, 92.8988326848249, 88.50102669404518, 92.56689791873141], [98.57142857142857, 98.76651982378854, 81.97674418604652, 92.27722772277228, 92.76985743380855, 91.14349775784753, 94.57202505219206, 92.70428015564202, 90.04106776180699, 91.2784935579782], [98.46938775510205, 98.41409691629956, 86.62790697674419, 93.56435643564356, 94.70468431771894, 89.57399103139014, 94.57202505219206, 92.02334630350195, 91.88911704312115, 92.56689791873141], [97.75510204081633, 98.32599118942731, 85.56201550387597, 93.46534653465346, 95.31568228105907, 90.80717488789237, 95.61586638830897, 93.96887159533074, 89.63039014373716, 92.9633300297324], [97.75510204081633, 98.6784140969163, 88.66279069767442, 91.78217821782178, 93.78818737270876, 92.152466367713, 96.65970772442589, 93.28793774319067, 91.47843942505133, 92.9633300297324], [98.26530612244898, 98.6784140969163, 65.11627906976744, 93.76237623762377, 94.19551934826885, 92.04035874439462, 94.88517745302714, 93.96887159533074, 89.73305954825462, 94.15262636273538], [97.95918367346938, 98.76651982378854, 87.8875968992248, 95.14851485148515, 94.29735234215886, 91.25560538116592, 95.82463465553236, 93.96887159533074, 89.83572895277207, 94.25173439048562], [98.26530612244898, 98.50220264317181, 87.8875968992248, 93.26732673267327, 95.92668024439918, 92.37668161434978, 95.92901878914405, 94.16342412451363, 93.1211498973306, 92.66600594648166], [98.36734693877551, 98.6784140969163, 91.37596899224806, 93.66336633663366, 93.9918533604888, 91.4798206278027, 96.34655532359082, 93.3852140077821, 92.40246406570841, 94.84638255698711], [98.36734693877551, 98.6784140969163, 90.89147286821705, 94.35643564356435, 94.29735234215886, 91.70403587443946, 96.97286012526096, 95.42801556420234, 91.88911704312115, 94.64816650148661], [98.46938775510205, 98.76651982378854, 87.3062015503876, 94.25742574257426, 95.41751527494908, 92.82511210762331, 95.92901878914405, 94.94163424124514, 90.86242299794661, 94.15262636273538], [98.16326530612245, 98.6784140969163, 78.58527131782945, 95.24752475247524, 97.55600814663951, 92.60089686098655, 96.45093945720251, 94.3579766536965, 90.34907597535934, 93.26065411298315], [98.57142857142857, 98.76651982378854, 86.53100775193798, 95.74257425742574, 94.09368635437882, 92.82511210762331, 95.51148225469728, 93.67704280155642, 94.04517453798768, 94.25173439048562], [98.46938775510205, 98.76651982378854, 93.31395348837209, 94.35643564356435, 94.70468431771894, 92.60089686098655, 96.86847599164926, 93.67704280155642, 92.50513347022587, 94.64816650148661], [98.46938775510205, 98.76651982378854, 90.60077519379846, 95.34653465346534, 95.82484725050917, 92.71300448430493, 96.34655532359082, 93.19066147859922, 93.01848049281314, 94.94549058473736], [98.57142857142857, 98.6784140969163, 87.01550387596899, 94.75247524752476, 95.62118126272912, 94.28251121076234, 96.34655532359082, 94.45525291828794, 91.58110882956879, 94.84638255698711], [98.36734693877551, 98.76651982378854, 87.40310077519379, 95.14851485148515, 95.82484725050917, 92.04035874439462, 96.34655532359082, 95.71984435797665, 92.91581108829568, 95.14370664023787], [98.26530612244898, 98.8546255506608, 94.57364341085271, 94.15841584158416, 96.23217922606925, 93.49775784753363, 96.76409185803757, 94.55252918287938, 94.35318275154005, 94.44995044598612], [98.6734693877551, 98.50220264317181, 87.3062015503876, 95.14851485148515, 95.72301425661914, 92.37668161434978, 96.65970772442589, 95.03891050583658, 93.83983572895278, 94.84638255698711]],