{"config": {"DATASET": "mnist", "CLIENT_FRAC": 0.2, "POISON_FRAC": 0.2, "CREATE_DATASET": false, "CLASS_RATIO": 10, "MODEL": "nnet", "LEARNING_RATE": 0.001, "BATCH_SIZE": 32, "LOCAL_EPOCHS": 3, "OPTIMIZER": "adam", "FED_ROUNDS": 30, "TEST_EVERY": 1, "RANDOM": true, "COS_DEFENCE": true, "SEL_METHOD": 1, "COLLAB_MODE": true, "COLLAB_ALL": false, "CONSIDER_LAYERS": "l1", "GRAD_AGG": true, "FEATURE_FINDING_ALGO": "auror_plus", "GRAD_COLLECTION_START": 0, "GRAD_COLLECT_FOR": -1, "CLUSTER_SEP": 2.0, "ALPHA": 0.5, "BETA": 0.5, "GAMMA": 0.5, "TRUST_INC": 2, "TRUST_CUT_METHOD": 1, "HONEST_PARDON_FACTOR": 0.99, "LOG_LEVEL": "INFO", "JSON_RESULTS": true}, "mean_poison_class_acc": 70.12403100775194, "mean_attack_srate": 3.1550387596899223, "total_accuracies": [28.95, 33.66, 52.08, 51.18, 51.11, 52.49, 60.96, 70.47, 79.73, 81.84, 84.7, 86.54, 87.79, 87.52, 87.89, 88.01, 89.41, 89.4, 90.69, 88.88, 91.11, 90.78, 91.47, 91.58, 92.09, 92.2, 91.45, 92.7, 92.17, 92.44], "class_accuracies": [[33.97959183673469, 39.38325991189427, 0.0, 77.32673267326733, 0.0, 36.09865470852018, 9.916492693110648, 89.2023346303502, 0.0, 0.0], [59.69387755102041, 99.38325991189427, 0.0, 8.613861386138614, 0.0, 1.0089686098654709, 64.40501043841336, 91.43968871595331, 0.0, 0.0], [88.6734693877551, 94.7136563876652, 2.616279069767442, 20.99009900990099, 66.80244399185337, 85.31390134529148, 85.17745302713988, 77.04280155642023, 0.0, 0.0], [96.0204081632653, 99.47136563876651, 13.081395348837209, 35.84158415841584, 34.623217922606926, 73.87892376681614, 74.73903966597078, 68.3852140077821, 0.1026694045174538, 13.082259663032705], [94.59183673469387, 99.38325991189427, 0.5813953488372093, 71.18811881188118, 31.059063136456214, 3.0269058295964126, 89.4572025052192, 22.470817120622566, 0.0, 90.28741328047572], [99.28571428571429, 91.71806167400881, 12.790697674418604, 71.2871287128713, 0.3054989816700611, 48.65470852017937, 49.26931106471816, 78.40466926070039, 9.958932238193018, 56.590683845391474], [94.28571428571429, 99.11894273127753, 16.085271317829456, 42.17821782178218, 48.77800407331976, 74.43946188340807, 94.57202505219206, 89.88326848249027, 8.316221765913758, 39.742319127849356], [97.14285714285714, 99.20704845814979, 19.767441860465116, 82.37623762376238, 42.26069246435845, 72.19730941704036, 92.27557411273486, 79.86381322957199, 28.850102669404517, 88.00792864222002], [97.85714285714286, 98.76651982378854, 63.275193798449614, 86.23762376237623, 89.20570264765784, 63.45291479820628, 92.27557411273486, 85.40856031128405, 64.98973305954826, 52.72547076313182], [96.53061224489795, 98.41409691629956, 55.52325581395349, 87.52475247524752, 85.94704684317719, 70.85201793721973, 92.17118997912317, 87.15953307392996, 61.70431211498973, 80.0792864222002], [97.14285714285714, 97.88546255506608, 65.98837209302326, 84.15841584158416, 87.57637474541751, 82.73542600896862, 92.27557411273486, 89.88326848249027, 70.94455852156058, 77.20515361744302], [97.34693877551021, 97.18061674008811, 78.19767441860465, 88.21782178217822, 92.36252545824847, 76.34529147982063, 94.1544885177453, 88.715953307393, 77.61806981519507, 73.43904856293359], [97.14285714285714, 96.91629955947137, 77.81007751937985, 86.53465346534654, 88.59470468431772, 82.62331838565022, 94.258872651357, 89.59143968871595, 81.41683778234086, 81.86323092170466], [97.14285714285714, 97.3568281938326, 72.28682170542636, 84.65346534653466, 91.5478615071283, 83.40807174887892, 92.37995824634656, 86.38132295719845, 84.08624229979466, 85.13379583746284], [97.44897959183673, 98.06167400881057, 71.12403100775194, 87.32673267326733, 92.66802443991854, 85.87443946188341, 91.9624217118998, 87.7431906614786, 80.08213552361396, 85.82755203171457], [97.85714285714286, 96.74008810572687, 68.02325581395348, 88.51485148514851, 89.10386965376782, 84.52914798206278, 93.84133611691023, 88.03501945525292, 82.34086242299794, 90.48562933597621], [97.04081632653062, 97.18061674008811, 82.55813953488372, 87.22772277227723, 90.52953156822811, 89.46188340807174, 93.94572025052192, 91.63424124513618, 78.02874743326488, 85.72844400396433], [97.34693877551021, 97.3568281938326, 74.32170542635659, 91.98019801980197, 90.63136456211812, 85.53811659192826, 94.57202505219206, 90.1750972762646, 81.93018480492813, 89.29633300297324], [97.24489795918367, 97.44493392070484, 85.85271317829458, 88.11881188118812, 91.75152749490834, 87.89237668161435, 95.09394572025052, 89.98054474708171, 84.18891170431212, 88.50346878097126], [97.04081632653062, 97.18061674008811, 64.82558139534883, 88.51485148514851, 94.09368635437882, 88.56502242152466, 94.05010438413362, 91.43968871595331, 85.31827515400411, 87.71060455896928], [98.06122448979592, 96.82819383259911, 85.36821705426357, 91.68316831683168, 90.22403258655804, 84.97757847533633, 96.13778705636743, 91.34241245136187, 86.55030800821355, 88.89990089197225], [97.55102040816327, 97.62114537444934, 81.5891472868217, 89.10891089108911, 93.27902240325865, 89.12556053811659, 96.65970772442589, 90.85603112840467, 83.36755646817248, 88.10703666997027], [98.46938775510205, 97.79735682819383, 84.10852713178295, 92.87128712871286, 92.05702647657841, 86.7713004484305, 96.45093945720251, 91.73151750972762, 84.18891170431212, 89.29633300297324], [97.85714285714286, 97.26872246696036, 85.17441860465117, 90.5940594059406, 92.05702647657841, 89.57399103139014, 96.5553235908142, 92.99610894941634, 84.39425051334702, 88.70168483647176], [97.75510204081633, 97.62114537444934, 86.62790697674419, 92.87128712871286, 93.07535641547861, 88.2286995515695, 96.65970772442589, 92.50972762645914, 87.26899383983573, 87.51238850346878], [98.06122448979592, 97.44493392070484, 86.14341085271317, 91.68316831683168, 93.68635437881873, 89.79820627802691, 96.76409185803757, 91.43968871595331, 87.16632443531827, 89.29633300297324], [97.55102040816327, 98.06167400881057, 79.55426356589147, 93.96039603960396, 90.73319755600815, 88.90134529147981, 96.76409185803757, 91.43968871595331, 84.49691991786447, 92.36868186323092], [97.95918367346938, 97.62114537444934, 91.08527131782945, 90.29702970297029, 93.07535641547861, 90.13452914798206, 96.45093945720251, 92.02334630350195, 87.37166324435319, 90.28741328047572], [97.85714285714286, 97.18061674008811, 83.81782945736434, 92.27722772277228, 94.19551934826885, 88.78923766816143, 95.61586638830897, 90.56420233463035, 88.80903490759754, 92.07135777998018], [98.16326530612245, 97.97356828193833, 81.2015503875969, 93.46534653465346, 92.9735234215886, 91.14349775784753, 96.34655532359082, 93.09338521400778, 88.39835728952772, 91.2784935579782]],