{"config": {"DATASET": "mnist", "TOTAL_CLIENTS": 100, "CLIENT_FRAC": 0.1, "POISON_FRAC": 0.1, "CREATE_DATASET": true, "RANDOM_DATA": true, "CLASS_RATIO": 10, "MODEL": "nnet", "LEARNING_RATE": 0.001, "BATCH_SIZE": 32, "LOCAL_EPOCHS": 3, "OPTIMIZER": "adam", "FED_ROUNDS": 30, "TEST_EVERY": 1, "RANDOM_PROCESS": true, "COS_DEFENCE": true, "SEL_METHOD": 1, "REDUCE_LR": 1, "COLLAB_MODE": true, "COLLAB_ALL": true, "CONSIDER_LAYERS": "l1", "GRAD_AGG": true, "FEATURE_FINDING_ALGO": "auror", "GRAD_COLLECTION_START": 0, "GRAD_COLLECT_FOR": -1, "CLUSTER_SEP": 0.01, "ALPHA": 0.8, "BETA": 0.8, "GAMMA": 0.1, "TRUST_INC": 2, "TRUST_CUT_METHOD": 2, "HONEST_PARDON_FACTOR": 0.99, "LOG_LEVEL": "INFO", "JSON_RESULTS": true}, "mean_poison_class_acc": 81.26937984496125, "mean_attack_srate": 3.057170542635659, "total_accuracies": [34.04, 29.06, 39.29, 53.23, 62.89, 71.19, 78.39, 80.85, 83.05, 81.64, 85.46, 85.8, 87.15, 86.42, 87.97, 88.27, 88.98, 89.77, 89.13, 90.05, 89.73, 89.82, 90.62, 89.87, 90.57, 91.15, 91.77, 91.7, 90.32, 91.89], "class_accuracies": [[55.204081632653065, 95.50660792951543, 23.25581395348837, 96.33663366336634, 0.0, 19.618834080717487, 2.0876826722338206, 27.43190661478599, 9.137577002053389, 0.0], [99.79591836734694, 98.06167400881057, 0.0, 7.227722772277228, 0.0, 0.0, 1.3569937369519833, 0.19455252918287938, 0.0, 72.05153617443013], [97.44897959183673, 99.64757709251101, 0.09689922480620156, 63.960396039603964, 3.9714867617107945, 0.8968609865470852, 65.55323590814196, 1.8482490272373542, 40.143737166324435, 11.000991080277503], [94.89795918367346, 99.55947136563877, 48.15891472868217, 94.55445544554455, 36.86354378818737, 5.941704035874439, 56.15866388308977, 43.77431906614786, 0.4106776180698152, 40.0396432111001], [95.10204081632654, 98.94273127753304, 37.5968992248062, 93.76237623762377, 88.90020366598777, 22.982062780269057, 90.7098121085595, 61.38132295719844, 32.03285420944559, 0.8919722497522299], [94.08163265306122, 97.88546255506608, 57.17054263565891, 93.76237623762377, 85.64154786150714, 46.973094170403584, 93.31941544885177, 65.85603112840467, 49.48665297741273, 23.389494549058472], [93.77551020408163, 95.94713656387665, 63.275193798449614, 78.41584158415841, 83.91038696537679, 77.13004484304933, 93.31941544885177, 69.06614785992218, 71.56057494866529, 56.78889990089197], [95.20408163265306, 97.18061674008811, 86.82170542635659, 83.16831683168317, 78.20773930753565, 62.55605381165919, 87.78705636743216, 83.07392996108949, 64.68172484599589, 65.60951437066403], [94.48979591836735, 94.7136563876652, 66.66666666666667, 82.47524752475248, 71.4867617107943, 76.5695067264574, 94.1544885177453, 85.70038910505836, 81.21149897330595, 81.66501486620416], [95.51020408163265, 97.79735682819383, 59.30232558139535, 85.94059405940594, 87.88187372708758, 75.22421524663677, 92.48434237995825, 81.71206225680933, 63.860369609856264, 74.92566897918731], [96.3265306122449, 94.7136563876652, 78.97286821705427, 84.95049504950495, 81.9755600814664, 75.89686098654708, 92.17118997912317, 88.03501945525292, 85.42094455852155, 74.52923686818632], [96.73469387755102, 94.09691629955947, 77.90697674418605, 79.70297029702971, 77.80040733197556, 79.82062780269058, 90.81419624217119, 85.50583657587549, 87.47433264887064, 87.01684836471755], [97.14285714285714, 95.68281938325991, 80.13565891472868, 85.84158415841584, 80.34623217922606, 78.02690582959642, 91.54488517745303, 88.32684824902724, 86.85831622176592, 85.92666005946482], [96.12244897959184, 96.47577092511013, 72.77131782945736, 85.04950495049505, 85.84521384928716, 85.08968609865471, 91.44050104384134, 86.86770428015564, 76.69404517453799, 86.9177403369673], [97.04081632653062, 95.68281938325991, 81.1046511627907, 84.35643564356435, 89.40936863543789, 82.62331838565022, 94.05010438413362, 87.2568093385214, 85.62628336755647, 81.66501486620416], [97.75510204081633, 95.68281938325991, 77.71317829457364, 86.33663366336634, 86.65987780040733, 84.75336322869956, 91.64926931106471, 90.27237354085604, 85.52361396303901, 85.53022794846383], [96.83673469387755, 97.26872246696036, 83.13953488372093, 89.70297029702971, 86.25254582484725, 85.20179372197309, 92.69311064718163, 90.56420233463035, 81.41683778234086, 85.43111992071358], [96.93877551020408, 95.94713656387665, 88.46899224806202, 89.8019801980198, 88.18737270875764, 82.95964125560538, 93.21503131524008, 88.715953307393, 84.49691991786447, 87.61149653121903], [97.04081632653062, 97.3568281938326, 83.91472868217055, 84.15841584158416, 94.70468431771894, 86.09865470852019, 91.64926931106471, 89.59143968871595, 83.47022587268994, 82.3587710604559], [97.85714285714286, 96.65198237885463, 87.79069767441861, 86.93069306930693, 91.24236252545825, 87.78026905829596, 91.9624217118998, 87.2568093385214, 84.49691991786447, 87.71060455896928], [97.55102040816327, 96.91629955947137, 79.16666666666667, 92.67326732673267, 88.08553971486762, 85.31390134529148, 91.8580375782881, 89.29961089494164, 84.49691991786447, 90.8820614469772], [97.55102040816327, 96.56387665198238, 75.67829457364341, 88.81188118811882, 92.05702647657841, 89.12556053811659, 93.1106471816284, 91.82879377431907, 86.03696098562628, 87.1159563924678], [97.04081632653062, 96.56387665198238, 89.05038759689923, 86.53465346534654, 93.68635437881873, 88.34080717488789, 94.67640918580376, 88.2295719844358, 83.67556468172485, 87.71060455896928], [97.65306122448979, 96.82819383259911, 78.19767441860465, 87.92079207920793, 94.70468431771894, 89.12556053811659, 94.67640918580376, 89.29961089494164, 83.67556468172485, 86.32309217046581], [98.06122448979592, 96.74008810572687, 78.87596899224806, 90.99009900990099, 93.68635437881873, 88.90134529147981, 93.94572025052192, 90.85603112840467, 86.55030800821355, 86.7195242814668], [98.36734693877551, 96.74008810572687, 83.91472868217055, 89.00990099009901, 94.80651731160896, 88.56502242152466, 94.57202505219206, 90.6614785992218, 89.73305954825462, 84.73736372646184], [98.26530612244898, 96.91629955947137, 89.34108527131782, 87.42574257425743, 93.17718940936864, 90.02242152466367, 95.19832985386222, 89.49416342412451, 89.11704312114989, 88.30525272547077], [98.36734693877551, 96.82819383259911, 85.65891472868218, 93.76237623762377, 95.31568228105907, 87.33183856502242, 94.57202505219206, 89.10505836575875, 89.73305954825462, 85.72844400396433], [97.65306122448979, 96.65198237885463, 70.83333333333333, 92.07920792079207, 92.56619144602851, 92.26457399103138, 95.19832985386222, 90.1750972762646, 83.88090349075975, 92.07135777998018], [98.57142857142857, 96.38766519823788, 82.75193798449612, 90.6930693069307, 94.19551934826885, 88.56502242152466, 95.61586638830897, 91.34241245136187, 92.50513347022587, 88.00792864222002]],