{"config": {"DATASET": "mnist", "TOTAL_CLIENTS": 100, "CLIENT_FRAC": 0.2, "POISON_FRAC": 0.3, "CREATE_DATASET": true, "RANDOM_DATA": true, "CLASS_RATIO": 10, "MODEL": "nnet", "LEARNING_RATE": 0.001, "BATCH_SIZE": 32, "LOCAL_EPOCHS": 10, "OPTIMIZER": "adam", "FED_ROUNDS": 30, "TEST_EVERY": 1, "RANDOM_PROCESS": false, "COS_DEFENCE": false, "SEL_METHOD": 1, "REDUCE_LR": 1, "COLLAB_MODE": true, "COLLAB_ALL": true, "CONSIDER_LAYERS": "l1", "GRAD_AGG": true, "FEATURE_FINDING_ALGO": "auror", "GRAD_COLLECTION_START": 0, "GRAD_COLLECT_FOR": -1, "CLUSTER_SEP": 0.002, "ALPHA": 0.8, "BETA": 0.8, "GAMMA": 0.1, "TRUST_INC": 2, "TRUST_CUT_METHOD": 1, "HONEST_PARDON_FACTOR": 0.7, "LOG_LEVEL": "INFO", "JSON_RESULTS": true}, "mean_poison_class_acc": 73.68604651162791, "mean_attack_srate": 3.275193798449612, "total_accuracies": [47.66, 64.82, 80.04, 84.24, 87.21, 88.01, 86.74, 87.68, 90.51, 90.97, 90.68, 92.08, 92.5, 92.8, 92.74, 93.94, 93.31, 85.4, 94.14, 93.84, 94.12, 94.68, 94.0, 92.11, 94.23, 94.53, 94.07, 94.52, 94.83, 92.01], "class_accuracies": [[97.34693877551021, 99.8237885462555, 0.0, 43.366336633663366, 65.07128309572302, 47.98206278026906, 7.411273486430063, 82.78210116731518, 25.872689938398356, 0.0], [97.34693877551021, 98.94273127753304, 12.790697674418604, 84.05940594059406, 87.57637474541751, 82.28699551569507, 74.4258872651357, 85.70038910505836, 16.119096509240247, 7.829534192269574], [97.04081632653062, 98.23788546255507, 38.17829457364341, 86.53465346534654, 95.31568228105907, 76.68161434977578, 93.52818371607516, 91.82879377431907, 67.5564681724846, 54.70763131813677], [96.3265306122449, 97.97356828193833, 51.64728682170543, 86.43564356435644, 91.95519348268839, 87.21973094170404, 90.81419624217119, 90.07782101167315, 71.97125256673512, 77.70069375619426], [97.44897959183673, 97.88546255506608, 68.02325581395348, 89.8019801980198, 95.62118126272912, 82.51121076233184, 93.73695198329854, 92.21789883268482, 77.92607802874743, 75.9167492566898], [97.55102040816327, 97.26872246696036, 63.17829457364341, 86.53465346534654, 93.9918533604888, 84.64125560538116, 94.67640918580376, 91.43968871595331, 84.08624229979466, 86.32309217046581], [97.75510204081633, 98.50220264317181, 51.065891472868216, 91.18811881188118, 94.29735234215886, 89.46188340807174, 91.8580375782881, 91.82879377431907, 78.13141683778234, 83.34985133795837], [98.16326530612245, 97.62114537444934, 51.74418604651163, 91.38613861386139, 96.23217922606925, 87.89237668161435, 91.8580375782881, 92.41245136186771, 83.16221765913758, 86.42220019821606], [97.55102040816327, 96.82819383259911, 72.57751937984496, 89.4059405940594, 94.70468431771894, 89.91031390134529, 95.30271398747391, 91.34241245136187, 89.3223819301848, 88.20614469772052], [98.06122448979592, 97.5330396475771, 73.25581395348837, 93.06930693069307, 94.80651731160896, 88.2286995515695, 94.88517745302714, 92.99610894941634, 87.98767967145791, 88.50346878097126], [98.26530612244898, 97.44493392070484, 67.92635658914729, 93.56435643564356, 95.82484725050917, 89.57399103139014, 93.42379958246346, 93.09338521400778, 87.47433264887064, 90.08919722497522], [98.06122448979592, 98.06167400881057, 78.19767441860465, 93.86138613861387, 96.23217922606925, 90.69506726457399, 95.72025052192066, 92.80155642023347, 88.91170431211499, 88.00792864222002], [97.95918367346938, 98.41409691629956, 80.13565891472868, 93.26732673267327, 95.82484725050917, 90.24663677130044, 96.76409185803757, 94.26070038910505, 87.98767967145791, 89.69276511397423], [97.95918367346938, 97.97356828193833, 81.5891472868217, 93.26732673267327, 95.62118126272912, 92.37668161434978, 94.88517745302714, 93.57976653696498, 90.04106776180699, 90.48562933597621], [98.57142857142857, 97.70925110132158, 77.22868217054264, 94.85148514851485, 95.41751527494908, 92.152466367713, 94.98956158663883, 95.13618677042801, 90.75975359342915, 90.48562933597621], [98.06122448979592, 98.23788546255507, 87.59689922480621, 92.17821782178218, 94.5010183299389, 93.83408071748879, 96.5553235908142, 95.13618677042801, 90.75975359342915, 92.26957383548067], [97.95918367346938, 97.88546255506608, 80.32945736434108, 95.74257425742574, 95.41751527494908, 90.80717488789237, 96.45093945720251, 95.42801556420234, 90.65708418891171, 92.07135777998018], [98.06122448979592, 98.23788546255507, 4.748062015503876, 93.06930693069307, 94.60285132382892, 93.60986547085201, 95.61586638830897, 93.67704280155642, 91.27310061601642, 93.45887016848364], [98.26530612244898, 98.14977973568281, 88.0813953488372, 92.37623762376238, 95.51934826883911, 93.60986547085201, 96.76409185803757, 94.55252918287938, 92.40246406570841, 91.47670961347869], [98.06122448979592, 98.8546255506608, 82.65503875968992, 93.46534653465346, 95.21384928716904, 94.95515695067265, 96.03340292275574, 94.8443579766537, 91.47843942505133, 92.76511397423191], [98.6734693877551, 98.23788546255507, 85.07751937984496, 93.86138613861387, 95.31568228105907, 94.5067264573991, 96.45093945720251, 95.13618677042801, 92.19712525667352, 91.67492566897918], [98.46938775510205, 98.6784140969163, 89.14728682170542, 93.56435643564356, 95.41751527494908, 94.61883408071749, 95.82463465553236, 94.74708171206225, 92.81314168377824, 93.26065411298315], [97.75510204081633, 98.76651982378854, 81.87984496124031, 92.97029702970298, 96.33401221995926, 94.84304932735427, 96.86847599164926, 95.62256809338521, 93.01848049281314, 91.97224975222993], [98.57142857142857, 98.76651982378854, 63.372093023255815, 95.34653465346534, 94.80651731160896, 93.72197309417041, 96.5553235908142, 95.3307392996109, 92.40246406570841, 92.66600594648166], [98.26530612244898, 98.6784140969163, 82.46124031007751, 94.75247524752476, 95.51934826883911, 94.61883408071749, 95.92901878914405, 95.03891050583658, 94.04517453798768, 92.9633300297324], [98.46938775510205, 98.41409691629956, 87.20930232558139, 93.56435643564356, 95.62118126272912, 95.85201793721973, 95.4070981210856, 94.8443579766537, 92.50513347022587, 93.3597621407334], [98.46938775510205, 99.03083700440529, 82.84883720930233, 95.44554455445545, 96.74134419551935, 93.60986547085201, 96.45093945720251, 96.40077821011673, 92.29979466119096, 89.197224975223], [98.46938775510205, 98.6784140969163, 83.91472868217055, 95.54455445544555, 94.29735234215886, 92.48878923766816, 97.28601252609603, 96.10894941634241, 94.55852156057495, 93.55797819623389], [98.6734693877551, 98.59030837004406, 87.40310077519379, 95.34653465346534, 95.82484725050917, 92.48878923766816, 96.65970772442589, 95.23346303501945, 94.96919917864476, 92.76511397423191], [98.36734693877551, 98.41409691629956, 58.52713178294574, 95.04950495049505, 95.72301425661914, 94.05829596412556, 96.97286012526096, 96.59533073929961, 95.17453798767967, 91.97224975222993]],