{"config": {"DATASET": "mnist", "TOTAL_CLIENTS": 100, "CLIENT_FRAC": 0.1, "POISON_FRAC": 0.1, "CREATE_DATASET": true, "RANDOM_DATA": true, "CLASS_RATIO": 10, "MODEL": "nnet", "LEARNING_RATE": 0.001, "BATCH_SIZE": 32, "LOCAL_EPOCHS": 10, "OPTIMIZER": "adam", "FED_ROUNDS": 30, "TEST_EVERY": 1, "RANDOM_PROCESS": false, "COS_DEFENCE": false, "SEL_METHOD": 1, "REDUCE_LR": 1, "COLLAB_MODE": true, "COLLAB_ALL": true, "CONSIDER_LAYERS": "l1", "GRAD_AGG": true, "FEATURE_FINDING_ALGO": "auror", "GRAD_COLLECTION_START": 0, "GRAD_COLLECT_FOR": -1, "CLUSTER_SEP": 0.005, "ALPHA": 0.8, "BETA": 0.8, "GAMMA": 0.1, "TRUST_INC": 2, "TRUST_CUT_METHOD": 1, "HONEST_PARDON_FACTOR": 0.8, "LOG_LEVEL": "INFO", "JSON_RESULTS": true}, "mean_poison_class_acc": 80.83333333333333, "mean_attack_srate": 3.12015503875969, "total_accuracies": [45.3, 74.8, 84.24, 87.23, 86.66, 89.74, 89.81, 90.08, 90.53, 92.24, 92.3, 91.54, 92.99, 92.81, 93.95, 94.27, 94.24, 93.28, 91.34, 93.04, 94.08, 89.95, 94.85, 94.88, 94.45, 86.11, 94.88, 95.16, 95.11, 95.49], "class_accuracies": [[98.77551020408163, 99.8237885462555, 0.1937984496124031, 30.792079207920793, 12.423625254582484, 9.417040358744394, 37.89144050104384, 85.40856031128405, 48.35728952772074, 19.62338949454906], [96.42857142857143, 97.26872246696036, 42.82945736434109, 80.0, 95.51934826883911, 75.33632286995515, 92.27557411273486, 82.1011673151751, 66.11909650924025, 19.722497522299307], [95.40816326530613, 97.3568281938326, 61.04651162790697, 83.56435643564356, 89.5112016293279, 79.7085201793722, 92.27557411273486, 88.03501945525292, 75.77002053388091, 78.59266600594648], [95.40816326530613, 96.56387665198238, 75.48449612403101, 86.53465346534654, 91.95519348268839, 76.5695067264574, 95.09394572025052, 88.42412451361868, 82.75154004106776, 81.9623389494549], [97.24489795918367, 96.2114537444934, 59.689922480620154, 84.05940594059406, 92.9735234215886, 84.08071748878923, 93.21503131524008, 88.52140077821012, 85.01026694045174, 85.43111992071358], [97.14285714285714, 97.79735682819383, 83.04263565891473, 88.51485148514851, 92.36252545824847, 84.30493273542601, 94.67640918580376, 91.147859922179, 81.00616016427105, 86.12487611496532], [96.93877551020408, 97.88546255506608, 84.30232558139535, 88.31683168316832, 96.43584521384929, 86.21076233183857, 94.46764091858037, 89.6887159533074, 81.82751540041068, 81.07036669970267], [97.85714285714286, 97.09251101321586, 78.39147286821705, 90.1980198019802, 94.39918533604887, 88.67713004484305, 92.48434237995825, 90.6614785992218, 81.3141683778234, 89.09811694747275], [97.34693877551021, 97.3568281938326, 77.42248062015504, 88.01980198019803, 95.62118126272912, 89.91031390134529, 94.88517745302714, 91.34241245136187, 83.88090349075975, 89.197224975223], [98.16326530612245, 97.62114537444934, 89.24418604651163, 90.29702970297029, 95.010183299389, 88.11659192825113, 96.45093945720251, 91.92607003891051, 86.55030800821355, 88.20614469772052], [97.75510204081633, 97.70925110132158, 89.05038759689923, 92.77227722772277, 90.020366598778, 90.13452914798206, 94.36325678496868, 90.1750972762646, 86.24229979466119, 93.95441030723488], [98.46938775510205, 97.3568281938326, 77.32558139534883, 89.3069306930693, 96.13034623217922, 91.03139013452915, 94.36325678496868, 92.50972762645914, 88.29568788501027, 90.48562933597621], [98.06122448979592, 97.79735682819383, 87.40310077519379, 91.98019801980197, 95.72301425661914, 89.23766816143498, 96.03340292275574, 92.70428015564202, 89.73305954825462, 90.58473736372646], [98.46938775510205, 98.41409691629956, 83.04263565891473, 94.05940594059406, 95.62118126272912, 89.79820627802691, 96.65970772442589, 92.99610894941634, 89.42505133470226, 89.09811694747275], [98.26530612244898, 98.14977973568281, 92.44186046511628, 93.16831683168317, 96.02851323828921, 91.81614349775785, 95.92901878914405, 93.19066147859922, 88.80903490759754, 91.0802775024777], [98.57142857142857, 97.62114537444934, 92.34496124031008, 93.46534653465346, 94.80651731160896, 93.27354260089686, 95.30271398747391, 92.70428015564202, 92.09445585215606, 92.17046580773042], [97.85714285714286, 98.8546255506608, 93.21705426356588, 92.87128712871286, 95.62118126272912, 92.26457399103138, 97.07724425887265, 92.70428015564202, 90.65708418891171, 90.68384539147671], [98.06122448979592, 98.06167400881057, 77.90697674418605, 94.85148514851485, 94.70468431771894, 93.49775784753363, 94.88517745302714, 93.8715953307393, 93.53182751540041, 93.45887016848364], [97.75510204081633, 98.6784140969163, 65.01937984496124, 92.37623762376238, 96.23217922606925, 93.94618834080717, 95.4070981210856, 90.95330739299611, 90.55441478439425, 92.9633300297324], [98.16326530612245, 97.18061674008811, 75.96899224806202, 95.04950495049505, 96.02851323828921, 91.70403587443946, 95.92901878914405, 93.96887159533074, 93.1211498973306, 93.3597621407334], [98.77551020408163, 97.97356828193833, 86.7248062015504, 92.97029702970298, 95.11201629327903, 92.9372197309417, 95.72025052192066, 93.09338521400778, 95.07186858316221, 92.26957383548067], [97.75510204081633, 98.6784140969163, 47.57751937984496, 95.84158415841584, 97.65784114052953, 91.4798206278027, 94.98956158663883, 94.45525291828794, 89.63039014373716, 92.07135777998018], [97.85714285714286, 98.23788546255507, 91.08527131782945, 94.05940594059406, 96.84317718940937, 92.71300448430493, 95.82463465553236, 95.62256809338521, 93.73716632443532, 92.07135777998018], [98.26530612244898, 98.50220264317181, 94.47674418604652, 95.04950495049505, 97.04684317718942, 91.92825112107623, 95.92901878914405, 92.12062256809338, 94.96919917864476, 89.99008919722498], [98.36734693877551, 98.76651982378854, 84.20542635658914, 94.25742574257426, 95.62118126272912, 94.84304932735427, 95.61586638830897, 96.10894941634241, 92.81314168377824, 93.75619425173439], [98.57142857142857, 98.23788546255507, 9.205426356589147, 94.75247524752476, 96.94501018329939, 93.49775784753363, 93.84133611691023, 94.3579766536965, 91.06776180698152, 92.76511397423191], [97.55102040816327, 98.32599118942731, 90.21317829457364, 96.33663366336634, 96.23217922606925, 90.80717488789237, 96.5553235908142, 93.96887159533074, 94.14784394250513, 94.05351833498513], [97.95918367346938, 98.6784140969163, 92.73255813953489, 95.34653465346534, 95.92668024439918, 93.60986547085201, 95.61586638830897, 94.16342412451363, 94.25051334702259, 92.86422200198216], [98.46938775510205, 98.8546255506608, 91.47286821705427, 93.56435643564356, 95.51934826883911, 94.5067264573991, 96.34655532359082, 95.03891050583658, 92.91581108829568, 94.05351833498513], [97.44897959183673, 98.32599118942731, 95.25193798449612, 95.04950495049505, 95.62118126272912, 93.49775784753363, 95.61586638830897, 95.23346303501945, 94.35318275154005, 93.95441030723488]],