{"config": {"DATASET": "mnist", "TOTAL_CLIENTS": 100, "CLIENT_FRAC": 0.1, "POISON_FRAC": 0.1, "CREATE_DATASET": true, "RANDOM_DATA": true, "CLASS_RATIO": 10, "MODEL": "nnet", "LEARNING_RATE": 0.001, "BATCH_SIZE": 32, "LOCAL_EPOCHS": 10, "OPTIMIZER": "adam", "FED_ROUNDS": 30, "TEST_EVERY": 1, "RANDOM_PROCESS": true, "COS_DEFENCE": false, "SEL_METHOD": 1, "REDUCE_LR": 1, "COLLAB_MODE": true, "COLLAB_ALL": true, "CONSIDER_LAYERS": "l1", "GRAD_AGG": true, "FEATURE_FINDING_ALGO": "auror", "GRAD_COLLECTION_START": 0, "GRAD_COLLECT_FOR": -1, "CLUSTER_SEP": 0.005, "ALPHA": 0.8, "BETA": 0.8, "GAMMA": 0.1, "TRUST_INC": 2, "TRUST_CUT_METHOD": 1, "HONEST_PARDON_FACTOR": 0.7, "LOG_LEVEL": "INFO", "JSON_RESULTS": true}, "mean_poison_class_acc": 84.98062015503875, "mean_attack_srate": 3.15406976744186, "total_accuracies": [38.71, 67.14, 83.2, 85.52, 88.68, 89.84, 89.77, 91.38, 91.55, 92.39, 91.97, 92.82, 93.22, 93.79, 93.87, 90.52, 93.9, 93.76, 93.14, 94.67, 92.54, 93.79, 94.8, 92.05, 94.32, 94.77, 95.14, 94.71, 95.36, 95.04], "class_accuracies": [[93.9795918367347, 0.0, 71.89922480620154, 56.23762376237624, 77.18940936863544, 0.0, 91.9624217118998, 0.09727626459143969, 0.0, 0.0], [98.87755102040816, 95.50660792951543, 62.3062015503876, 70.79207920792079, 95.11201629327903, 26.569506726457398, 86.1169102296451, 77.43190661478599, 41.17043121149897, 10.901883052527255], [96.53061224489795, 96.91629955947137, 65.98837209302326, 87.22772277227723, 83.60488798370672, 67.71300448430493, 93.31941544885177, 90.27237354085604, 71.25256673511294, 76.41228939544104], [95.81632653061224, 97.26872246696036, 68.21705426356588, 87.62376237623762, 84.11405295315683, 83.6322869955157, 91.23173277661796, 89.2023346303502, 72.07392197125257, 84.73736372646184], [96.63265306122449, 95.15418502202643, 82.17054263565892, 88.81188118811882, 90.32586558044807, 81.95067264573991, 89.97912317327766, 88.32684824902724, 86.55030800821355, 85.72844400396433], [97.55102040816327, 96.2114537444934, 87.8875968992248, 85.74257425742574, 88.69653767820773, 86.88340807174887, 92.48434237995825, 88.32684824902724, 85.52361396303901, 88.20614469772052], [97.24489795918367, 96.56387665198238, 75.5813953488372, 86.53465346534654, 90.52953156822811, 88.11659192825113, 94.05010438413362, 89.6887159533074, 89.73305954825462, 89.39544103072349], [97.24489795918367, 97.09251101321586, 87.3062015503876, 89.5049504950495, 95.11201629327903, 91.03139013452915, 92.48434237995825, 90.07782101167315, 85.93429158110882, 87.51238850346878], [97.55102040816327, 97.5330396475771, 86.62790697674419, 95.44554455445545, 92.36252545824847, 84.30493273542601, 95.4070981210856, 90.6614785992218, 86.55030800821355, 87.80971258671953], [97.85714285714286, 97.09251101321586, 89.53488372093024, 90.0990099009901, 92.76985743380855, 88.78923766816143, 95.30271398747391, 92.60700389105058, 90.55441478439425, 88.60257680872151], [98.36734693877551, 96.82819383259911, 81.68604651162791, 94.75247524752476, 93.27902240325865, 88.00448430493273, 95.30271398747391, 91.05058365758755, 89.42505133470226, 90.48562933597621], [97.14285714285714, 98.32599118942731, 89.05038759689923, 92.97029702970298, 96.02851323828921, 92.26457399103138, 95.92901878914405, 90.75875486381322, 89.42505133470226, 85.92666005946482], [97.34693877551021, 97.18061674008811, 86.33720930232558, 91.18811881188118, 94.5010183299389, 92.04035874439462, 95.30271398747391, 93.77431906614785, 94.55852156057495, 89.79187314172448], [97.85714285714286, 98.14977973568281, 92.44186046511628, 92.27722772277228, 94.90835030549898, 90.5829596412556, 95.30271398747391, 93.28793774319067, 90.75975359342915, 91.57581764122894], [97.95918367346938, 98.14977973568281, 88.37209302325581, 92.67326732673267, 94.29735234215886, 94.61883408071749, 95.4070981210856, 92.8988326848249, 91.17043121149898, 92.9633300297324], [97.85714285714286, 97.70925110132158, 54.554263565891475, 95.94059405940594, 95.82484725050917, 90.5829596412556, 94.46764091858037, 94.94163424124514, 91.78644763860369, 91.97224975222993], [97.95918367346938, 98.23788546255507, 89.82558139534883, 92.67326732673267, 96.02851323828921, 94.73094170403587, 94.88517745302714, 92.80155642023347, 91.17043121149898, 90.48562933597621], [98.46938775510205, 98.14977973568281, 85.65891472868218, 93.56435643564356, 97.04684317718942, 93.49775784753363, 95.09394572025052, 93.77431906614785, 91.68377823408625, 90.48562933597621], [98.16326530612245, 97.97356828193833, 79.36046511627907, 92.27722772277228, 97.25050916496944, 91.4798206278027, 95.92901878914405, 92.70428015564202, 93.1211498973306, 93.06243805748265], [98.36734693877551, 98.23788546255507, 94.28294573643412, 92.37623762376238, 96.43584521384929, 93.27354260089686, 95.4070981210856, 92.02334630350195, 93.73716632443532, 92.17046580773042], [97.85714285714286, 98.59030837004406, 75.0, 94.75247524752476, 94.39918533604887, 91.92825112107623, 96.5553235908142, 91.43968871595331, 89.3223819301848, 95.44103072348861], [97.85714285714286, 98.06167400881057, 83.62403100775194, 93.96039603960396, 96.94501018329939, 94.05829596412556, 96.34655532359082, 93.28793774319067, 94.25051334702259, 89.59365708622398], [98.46938775510205, 98.14977973568281, 93.6046511627907, 91.78217821782178, 95.72301425661914, 95.06726457399103, 96.45093945720251, 94.06614785992218, 93.01848049281314, 91.47670961347869], [97.34693877551021, 98.41409691629956, 66.08527131782945, 95.54455445544555, 95.72301425661914, 91.70403587443946, 96.65970772442589, 92.02334630350195, 92.91581108829568, 94.35084241823587], [98.57142857142857, 97.88546255506608, 84.59302325581395, 95.24752475247524, 96.94501018329939, 93.83408071748879, 96.03340292275574, 95.3307392996109, 92.09445585215606, 92.56689791873141], [98.6734693877551, 98.06167400881057, 89.43798449612403, 95.04950495049505, 96.43584521384929, 93.83408071748879, 95.72025052192066, 92.50972762645914, 93.73716632443532, 94.05351833498513], [98.46938775510205, 98.32599118942731, 94.67054263565892, 93.56435643564356, 94.70468431771894, 92.9372197309417, 97.49478079331942, 95.03891050583658, 93.32648870636551, 92.36868186323092], [98.16326530612245, 98.06167400881057, 87.8875968992248, 95.64356435643565, 96.02851323828921, 93.27354260089686, 96.97286012526096, 93.57976653696498, 93.63449691991786, 93.65708622398414], [98.46938775510205, 98.23788546255507, 92.73255813953489, 95.04950495049505, 96.84317718940937, 93.38565022421524, 96.76409185803757, 94.16342412451363, 95.17453798767967, 92.46778989098117], [98.57142857142857, 97.97356828193833, 90.40697674418605, 93.36633663366337, 96.13034623217922, 95.17937219730942, 95.72025052192066, 94.94163424124514, 94.25051334702259, 93.75619425173439]],