{"config": {"DATASET": "mnist", "TOTAL_CLIENTS": 100, "CLIENT_FRAC": 0.1, "POISON_FRAC": 0.4, "CREATE_DATASET": false, "RANDOM_DATA": true, "CLASS_RATIO": 10, "MODEL": "nnet", "LEARNING_RATE": 0.001, "BATCH_SIZE": 32, "LOCAL_EPOCHS": 10, "OPTIMIZER": "adam", "FED_ROUNDS": 30, "TEST_EVERY": 1, "RANDOM_PROCESS": false, "COS_DEFENCE": true, "SEL_METHOD": 1, "REDUCE_LR": 1, "COLLAB_MODE": true, "COLLAB_ALL": true, "CONSIDER_LAYERS": "l1", "GRAD_AGG": true, "FEATURE_FINDING_ALGO": "auror", "GRAD_COLLECTION_START": 0, "GRAD_COLLECT_FOR": -1, "CLUSTER_SEP": 0.005, "ALPHA": 0.8, "BETA": 0.8, "GAMMA": 0.1, "TRUST_INC": 2, "TRUST_CUT_METHOD": 1, "HONEST_PARDON_FACTOR": 0.7, "LOG_LEVEL": "INFO", "JSON_RESULTS": true}, "mean_poison_class_acc": 60.27131782945736, "mean_attack_srate": 3.7693798449612403, "total_accuracies": [37.69, 68.24, 76.84, 82.09, 86.27, 83.23, 84.43, 89.5, 90.0, 88.93, 91.02, 87.57, 87.87, 91.48, 83.96, 92.25, 89.2, 86.2, 91.04, 92.88, 93.41, 93.69, 94.13, 91.25, 94.21, 93.77, 85.67, 93.88, 94.12, 88.35], "class_accuracies": [[98.9795918367347, 93.83259911894272, 0.0, 36.73267326732673, 27.90224032586558, 13.116591928251122, 2.2964509394572024, 0.0, 0.4106776180698152, 93.75619425173439], [96.53061224489795, 98.8546255506608, 0.0, 91.18811881188118, 90.93686354378819, 47.75784753363229, 82.5678496868476, 84.3385214007782, 58.0082135523614, 29.038652130822598], [95.71428571428571, 98.06167400881057, 0.1937984496124031, 90.89108910891089, 86.35437881873727, 75.67264573991031, 88.93528183716076, 84.63035019455253, 71.04722792607802, 76.90782953419227], [96.42857142857143, 97.70925110132158, 31.492248062015506, 90.89108910891089, 91.64969450101833, 77.01793721973094, 94.88517745302714, 87.93774319066148, 77.51540041067761, 75.02477700693757], [96.22448979591837, 97.00440528634361, 60.174418604651166, 87.52475247524752, 92.56619144602851, 85.53811659192826, 93.0062630480167, 88.2295719844358, 84.59958932238193, 77.70069375619426], [96.53061224489795, 98.41409691629956, 22.286821705426355, 89.9009900990099, 90.73319755600815, 85.87443946188341, 93.73695198329854, 89.10505836575875, 79.87679671457906, 86.52130822596631], [97.34693877551021, 98.6784140969163, 44.08914728682171, 86.53465346534654, 97.35234215885947, 88.11659192825113, 94.1544885177453, 88.91050583657588, 78.74743326488706, 70.86223984142715], [97.65306122448979, 97.62114537444934, 74.6124031007752, 89.4059405940594, 95.11201629327903, 89.12556053811659, 93.21503131524008, 89.59143968871595, 82.85420944558521, 85.43111992071358], [97.65306122448979, 97.18061674008811, 73.54651162790698, 89.60396039603961, 95.62118126272912, 89.01345291479821, 94.88517745302714, 89.39688715953308, 85.83162217659138, 87.1159563924678], [98.06122448979592, 97.70925110132158, 59.10852713178294, 91.78217821782178, 95.51934826883911, 86.7713004484305, 96.76409185803757, 90.07782101167315, 86.75564681724846, 86.81863230921705], [97.04081632653062, 98.32599118942731, 76.74418604651163, 91.48514851485149, 91.85336048879837, 87.21973094170404, 95.30271398747391, 90.27237354085604, 87.57700205338809, 93.65708622398414], [97.24489795918367, 98.06167400881057, 42.82945736434109, 93.16831683168317, 96.02851323828921, 88.67713004484305, 95.92901878914405, 88.91050583657588, 87.26899383983573, 88.30525272547077], [97.95918367346938, 98.14977973568281, 43.02325581395349, 93.46534653465346, 96.23217922606925, 87.78026905829596, 96.86847599164926, 91.63424124513618, 87.47433264887064, 86.7195242814668], [98.16326530612245, 98.41409691629956, 75.29069767441861, 94.15841584158416, 92.66802443991854, 88.78923766816143, 96.03340292275574, 90.1750972762646, 87.16632443531827, 93.45887016848364], [98.36734693877551, 98.32599118942731, 0.29069767441860467, 93.76237623762377, 96.5376782077393, 92.82511210762331, 93.94572025052192, 92.41245136186771, 86.44763860369609, 88.9990089197225], [97.85714285714286, 98.8546255506608, 77.51937984496124, 92.97029702970298, 94.80651731160896, 91.70403587443946, 96.97286012526096, 91.147859922179, 88.80903490759754, 91.67492566897918], [98.06122448979592, 98.50220264317181, 45.542635658914726, 94.75247524752476, 94.39918533604887, 89.79820627802691, 95.4070981210856, 91.63424124513618, 91.68377823408625, 92.86422200198216], [97.95918367346938, 98.76651982378854, 18.313953488372093, 93.46534653465346, 94.19551934826885, 91.70403587443946, 96.65970772442589, 90.46692607003891, 88.50102669404518, 93.65708622398414], [97.24489795918367, 98.8546255506608, 61.434108527131784, 95.14851485148515, 93.9918533604888, 93.49775784753363, 97.28601252609603, 90.36964980544747, 89.73305954825462, 93.3597621407334], [97.65306122448979, 99.03083700440529, 78.68217054263566, 94.25742574257426, 96.13034623217922, 91.14349775784753, 96.24217118997912, 91.63424124513618, 92.29979466119096, 91.47670961347869], [97.85714285714286, 98.94273127753304, 82.84883720930233, 93.26732673267327, 95.010183299389, 93.60986547085201, 97.18162839248434, 91.147859922179, 91.06776180698152, 93.06243805748265], [97.34693877551021, 98.8546255506608, 84.01162790697674, 95.04950495049505, 95.010183299389, 90.80717488789237, 96.5553235908142, 93.19066147859922, 92.09445585215606, 93.45887016848364], [97.85714285714286, 98.8546255506608, 88.56589147286822, 93.66336633663366, 95.82484725050917, 93.83408071748879, 96.76409185803757, 92.12062256809338, 90.04106776180699, 93.45887016848364], [98.46938775510205, 98.41409691629956, 59.593023255813954, 93.36633663366337, 95.92668024439918, 93.60986547085201, 96.13778705636743, 93.19066147859922, 91.37577002053388, 93.06243805748265], [97.65306122448979, 98.76651982378854, 90.40697674418605, 94.75247524752476, 97.35234215885947, 92.04035874439462, 96.5553235908142, 92.02334630350195, 92.40246406570841, 89.69276511397423], [98.36734693877551, 99.11894273127753, 82.46124031007751, 96.13861386138613, 94.80651731160896, 92.71300448430493, 95.61586638830897, 92.80155642023347, 91.27310061601642, 94.05351833498513], [98.26530612244898, 99.29515418502203, 2.616279069767442, 95.24752475247524, 95.92668024439918, 94.05829596412556, 95.82463465553236, 93.96887159533074, 90.34907597535934, 93.45887016848364], [98.26530612244898, 99.03083700440529, 83.43023255813954, 94.35643564356435, 97.65784114052953, 93.94618834080717, 95.92901878914405, 93.09338521400778, 94.35318275154005, 88.70168483647176], [97.75510204081633, 98.76651982378854, 85.07751937984496, 92.87128712871286, 94.39918533604887, 93.94618834080717, 96.13778705636743, 92.60700389105058, 94.14784394250513, 95.34192269573836], [97.75510204081633, 99.11894273127753, 26.74418604651163, 94.25742574257426, 96.43584521384929, 95.06726457399103, 96.24217118997912, 93.77431906614785, 91.9917864476386, 93.85530227948463]],