{"config": {"DATASET": "mnist", "TOTAL_CLIENTS": 100, "CLIENT_FRAC": 0.2, "POISON_FRAC": 0.1, "CREATE_DATASET": true, "RANDOM_DATA": true, "CLASS_RATIO": 10, "MODEL": "nnet", "LEARNING_RATE": 0.001, "BATCH_SIZE": 32, "LOCAL_EPOCHS": 10, "OPTIMIZER": "adam", "FED_ROUNDS": 30, "TEST_EVERY": 1, "RANDOM_PROCESS": false, "COS_DEFENCE": false, "SEL_METHOD": 1, "REDUCE_LR": 1, "COLLAB_MODE": true, "COLLAB_ALL": true, "CONSIDER_LAYERS": "l1", "GRAD_AGG": true, "FEATURE_FINDING_ALGO": "auror", "GRAD_COLLECTION_START": 0, "GRAD_COLLECT_FOR": -1, "CLUSTER_SEP": 0.002, "ALPHA": 0.8, "BETA": 0.8, "GAMMA": 0.1, "TRUST_INC": 2, "TRUST_CUT_METHOD": 1, "HONEST_PARDON_FACTOR": 0.7, "LOG_LEVEL": "INFO", "JSON_RESULTS": true}, "mean_poison_class_acc": 83.81395348837208, "mean_attack_srate": 3.027131782945737, "total_accuracies": [51.43, 71.31, 83.86, 86.26, 88.13, 89.0, 87.51, 90.2, 89.99, 90.44, 92.63, 92.21, 92.34, 91.95, 94.0, 94.3, 94.43, 92.68, 94.08, 94.72, 94.18, 94.82, 94.74, 93.42, 95.53, 95.12, 95.43, 94.41, 95.28, 95.23], "class_accuracies": [[97.24489795918367, 99.91189427312776, 3.294573643410853, 47.82178217821782, 73.62525458248473, 31.838565022421523, 20.876826722338205, 83.75486381322958, 48.35728952772074, 0.0], [97.65306122448979, 98.59030837004406, 35.27131782945737, 81.38613861386139, 91.95519348268839, 81.16591928251121, 84.75991649269311, 88.03501945525292, 35.215605749486656, 18.037661050545093], [96.63265306122449, 97.70925110132158, 69.37984496124031, 82.47524752475248, 94.5010183299389, 79.5964125560538, 92.48434237995825, 91.43968871595331, 73.40862422997947, 59.66303270564916], [97.04081632653062, 98.23788546255507, 71.02713178294573, 85.94059405940594, 92.05702647657841, 86.7713004484305, 91.23173277661796, 89.59143968871595, 70.73921971252567, 78.98909811694747], [97.04081632653062, 97.97356828193833, 74.51550387596899, 89.5049504950495, 94.60285132382892, 83.07174887892377, 93.63256784968685, 91.92607003891051, 77.51540041067761, 80.2775024777007], [97.65306122448979, 96.82819383259911, 76.35658914728683, 88.21782178217822, 94.90835030549898, 84.19282511210763, 92.27557411273486, 91.05058365758755, 82.95687885010267, 84.63825569871159], [98.06122448979592, 98.6784140969163, 60.94961240310077, 89.9009900990099, 94.5010183299389, 89.01345291479821, 90.91858037578288, 92.02334630350195, 74.74332648870636, 85.82755203171457], [98.36734693877551, 97.79735682819383, 79.16666666666667, 91.2871287128713, 96.33401221995926, 87.21973094170404, 91.9624217118998, 91.53696498054475, 80.28747433264887, 87.1159563924678], [97.65306122448979, 97.5330396475771, 69.28294573643412, 90.29702970297029, 94.09368635437882, 88.90134529147981, 94.258872651357, 90.85603112840467, 85.72895277207392, 91.0802775024777], [98.26530612244898, 97.88546255506608, 72.77131782945736, 92.37623762376238, 95.72301425661914, 87.5560538116592, 93.84133611691023, 91.24513618677042, 83.9835728952772, 90.18830525272547], [98.26530612244898, 97.97356828193833, 88.17829457364341, 91.98019801980197, 95.92668024439918, 89.68609865470852, 95.30271398747391, 92.41245136186771, 86.13963039014374, 89.69276511397423], [97.95918367346938, 98.32599118942731, 80.42635658914729, 93.56435643564356, 96.33401221995926, 89.46188340807174, 94.88517745302714, 92.60700389105058, 87.88501026694045, 90.08919722497522], [98.16326530612245, 98.59030837004406, 79.16666666666667, 93.76237623762377, 95.82484725050917, 91.3677130044843, 94.88517745302714, 94.45525291828794, 86.03696098562628, 90.68384539147671], [98.06122448979592, 98.6784140969163, 74.6124031007752, 94.25742574257426, 95.72301425661914, 89.57399103139014, 94.98956158663883, 94.16342412451363, 87.67967145790554, 91.2784935579782], [98.26530612244898, 97.79735682819383, 90.21317829457364, 94.15841584158416, 96.23217922606925, 92.48878923766816, 95.30271398747391, 93.8715953307393, 90.96509240246407, 90.28741328047572], [97.75510204081633, 98.6784140969163, 92.05426356589147, 93.76237623762377, 92.76985743380855, 92.48878923766816, 95.92901878914405, 94.94163424124514, 90.96509240246407, 92.9633300297324], [97.95918367346938, 98.59030837004406, 90.01937984496124, 95.74257425742574, 95.31568228105907, 90.80717488789237, 96.97286012526096, 94.26070038910505, 91.58110882956879, 92.36868186323092], [98.46938775510205, 98.76651982378854, 78.00387596899225, 91.88118811881188, 95.21384928716904, 93.04932735426009, 94.46764091858037, 94.45525291828794, 89.01437371663245, 93.26065411298315], [98.06122448979592, 98.6784140969163, 87.40310077519379, 92.47524752475248, 95.51934826883911, 93.04932735426009, 96.45093945720251, 94.16342412451363, 92.71047227926078, 91.97224975222993], [98.16326530612245, 98.94273127753304, 90.31007751937985, 93.56435643564356, 95.62118126272912, 93.04932735426009, 96.45093945720251, 94.55252918287938, 93.32648870636551, 92.76511397423191], [98.46938775510205, 98.8546255506608, 85.65891472868218, 95.14851485148515, 95.82484725050917, 93.49775784753363, 95.51148225469728, 94.74708171206225, 91.17043121149898, 92.56689791873141], [98.46938775510205, 98.94273127753304, 90.60077519379846, 93.96039603960396, 95.62118126272912, 93.72197309417041, 95.51148225469728, 95.03891050583658, 92.50513347022587, 93.3597621407334], [98.46938775510205, 98.94273127753304, 88.95348837209302, 94.35643564356435, 95.62118126272912, 93.72197309417041, 96.65970772442589, 95.8171206225681, 92.19712525667352, 92.26957383548067], [98.77551020408163, 98.8546255506608, 77.71317829457364, 95.34653465346534, 95.72301425661914, 92.26457399103138, 95.72025052192066, 94.94163424124514, 91.06776180698152, 93.55797819623389], [98.26530612244898, 99.03083700440529, 94.0891472868217, 95.54455445544555, 95.82484725050917, 94.05829596412556, 95.92901878914405, 94.06614785992218, 94.25051334702259, 93.75619425173439], [98.26530612244898, 99.03083700440529, 91.56976744186046, 94.45544554455445, 95.51934826883911, 95.85201793721973, 96.03340292275574, 94.8443579766537, 91.88911704312115, 93.45887016848364], [98.77551020408163, 98.94273127753304, 93.31395348837209, 95.94059405940594, 96.84317718940937, 93.60986547085201, 96.24217118997912, 95.03891050583658, 93.1211498973306, 91.97224975222993], [98.26530612244898, 98.6784140969163, 84.68992248062015, 96.53465346534654, 95.11201629327903, 93.38565022421524, 96.86847599164926, 95.42801556420234, 90.96509240246407, 93.85530227948463], [98.57142857142857, 98.76651982378854, 90.89147286821705, 95.64356435643565, 96.13034623217922, 93.16143497757848, 96.45093945720251, 94.3579766536965, 94.76386036960986, 93.65708622398414], [98.46938775510205, 98.41409691629956, 88.95348837209302, 96.03960396039604, 95.82484725050917, 93.60986547085201, 96.65970772442589, 95.3307392996109, 94.45585215605749, 94.25173439048562]],