{"config": {"DATASET": "mnist", "TOTAL_CLIENTS": 100, "CLIENT_FRAC": 0.2, "POISON_FRAC": 0.5, "CREATE_DATASET": true, "RANDOM_DATA": true, "CLASS_RATIO": 10, "MODEL": "nnet", "LEARNING_RATE": 0.001, "BATCH_SIZE": 32, "LOCAL_EPOCHS": 10, "OPTIMIZER": "adam", "FED_ROUNDS": 30, "TEST_EVERY": 1, "RANDOM_PROCESS": false, "COS_DEFENCE": false, "SEL_METHOD": 1, "REDUCE_LR": 1, "COLLAB_MODE": true, "COLLAB_ALL": true, "CONSIDER_LAYERS": "l1", "GRAD_AGG": true, "FEATURE_FINDING_ALGO": "auror", "GRAD_COLLECTION_START": 0, "GRAD_COLLECT_FOR": -1, "CLUSTER_SEP": 0.002, "ALPHA": 0.8, "BETA": 0.8, "GAMMA": 0.1, "TRUST_INC": 2, "TRUST_CUT_METHOD": 1, "HONEST_PARDON_FACTOR": 0.7, "LOG_LEVEL": "INFO", "JSON_RESULTS": true}, "mean_poison_class_acc": 37.786821705426355, "mean_attack_srate": 4.457364341085271, "total_accuracies": [48.7, 63.73, 78.35, 84.33, 79.6, 81.04, 85.79, 86.93, 89.36, 83.39, 91.19, 88.01, 91.95, 84.32, 92.83, 85.06, 86.66, 92.24, 85.31, 87.16, 92.65, 85.44, 94.18, 85.6, 85.88, 93.13, 85.8, 94.29, 85.84, 94.6], "class_accuracies": [[97.85714285714286, 99.91189427312776, 0.0, 46.633663366336634, 85.74338085539715, 35.31390134529148, 5.845511482254698, 85.40856031128405, 22.073921971252567, 0.0], [97.65306122448979, 98.76651982378854, 0.0, 80.89108910891089, 92.4643584521385, 84.4170403587444, 67.64091858037578, 86.38132295719845, 18.480492813141684, 10.009910802775025], [97.55102040816327, 97.70925110132158, 26.550387596899224, 87.42574257425743, 95.11201629327903, 74.88789237668162, 92.17118997912317, 91.92607003891051, 72.58726899383984, 47.175421209117935], [96.93877551020408, 97.70925110132158, 53.00387596899225, 83.46534653465346, 91.85336048879837, 87.66816143497758, 92.06680584551148, 88.03501945525292, 74.33264887063655, 78.1962338949455], [97.34693877551021, 98.41409691629956, 0.09689922480620156, 90.0, 95.11201629327903, 82.51121076233184, 93.0062630480167, 90.27237354085604, 74.33264887063655, 75.9167492566898], [97.65306122448979, 96.91629955947137, 0.9689922480620154, 89.00990099009901, 94.80651731160896, 83.5201793721973, 94.88517745302714, 90.46692607003891, 81.62217659137578, 82.06144697720515], [97.75510204081633, 98.41409691629956, 44.57364341085271, 90.29702970297029, 94.80651731160896, 88.78923766816143, 91.9624217118998, 91.05058365758755, 81.21149897330595, 79.38553022794846], [97.95918367346938, 97.88546255506608, 44.96124031007752, 90.89108910891089, 95.51934826883911, 88.2286995515695, 94.1544885177453, 92.02334630350195, 82.03285420944559, 86.02576808721507], [97.65306122448979, 97.26872246696036, 62.1124031007752, 89.4059405940594, 93.89002036659878, 89.68609865470852, 95.19832985386222, 90.46692607003891, 89.11704312114989, 89.09811694747275], [97.85714285714286, 97.97356828193833, 0.7751937984496124, 93.66336633663366, 94.90835030549898, 86.43497757847534, 95.61586638830897, 92.12062256809338, 87.88501026694045, 88.40436075322101], [97.65306122448979, 98.14977973568281, 75.1937984496124, 91.88118811881188, 96.13034623217922, 90.13452914798206, 96.03340292275574, 92.12062256809338, 87.06365503080082, 87.31417244796829], [97.95918367346938, 98.41409691629956, 39.34108527131783, 93.56435643564356, 95.31568228105907, 90.13452914798206, 95.61586638830897, 93.57976653696498, 88.29568788501027, 88.70168483647176], [97.75510204081633, 98.32599118942731, 75.5813953488372, 93.86138613861387, 95.41751527494908, 89.57399103139014, 97.07724425887265, 93.3852140077821, 88.80903490759754, 89.39544103072349], [97.85714285714286, 98.32599118942731, 0.0, 93.06930693069307, 94.80651731160896, 90.69506726457399, 96.24217118997912, 94.26070038910505, 90.04106776180699, 90.08919722497522], [98.16326530612245, 98.06167400881057, 82.94573643410853, 94.15841584158416, 96.02851323828921, 91.92825112107623, 95.72025052192066, 93.96887159533074, 90.86242299794661, 86.22398414271557], [97.95918367346938, 98.32599118942731, 2.9069767441860463, 92.77227722772277, 93.58452138492872, 92.152466367713, 96.13778705636743, 94.74708171206225, 91.37577002053388, 92.86422200198216], [97.55102040816327, 98.14977973568281, 19.767441860465116, 95.24752475247524, 95.51934826883911, 89.01345291479821, 97.28601252609603, 94.55252918287938, 90.96509240246407, 89.99008919722498], [98.36734693877551, 98.50220264317181, 70.54263565891473, 93.56435643564356, 95.11201629327903, 92.71300448430493, 96.5553235908142, 93.67704280155642, 91.06776180698152, 92.46778989098117], [98.26530612244898, 98.59030837004406, 2.131782945736434, 93.06930693069307, 95.31568228105907, 92.82511210762331, 97.07724425887265, 93.77431906614785, 91.9917864476386, 92.46778989098117], [97.95918367346938, 98.76651982378854, 20.155038759689923, 92.87128712871286, 95.62118126272912, 92.82511210762331, 96.65970772442589, 94.3579766536965, 92.60780287474333, 91.57581764122894], [98.6734693877551, 98.23788546255507, 72.57751937984496, 93.66336633663366, 95.62118126272912, 93.16143497757848, 96.45093945720251, 94.06614785992218, 92.19712525667352, 92.07135777998018], [98.26530612244898, 98.8546255506608, 0.0, 94.05940594059406, 95.72301425661914, 93.60986547085201, 95.82463465553236, 94.06614785992218, 92.60780287474333, 93.85530227948463], [98.26530612244898, 98.6784140969163, 87.20930232558139, 92.27722772277228, 95.92668024439918, 94.39461883408072, 97.28601252609603, 94.8443579766537, 92.09445585215606, 90.68384539147671], [98.57142857142857, 98.76651982378854, 0.29069767441860467, 94.65346534653466, 96.84317718940937, 93.16143497757848, 96.76409185803757, 94.8443579766537, 93.42915811088295, 91.17938553022795], [98.16326530612245, 98.59030837004406, 1.937984496124031, 94.65346534653466, 95.92668024439918, 93.94618834080717, 95.92901878914405, 94.16342412451363, 94.55852156057495, 93.45887016848364], [98.06122448979592, 98.59030837004406, 73.93410852713178, 94.05940594059406, 97.04684317718942, 94.95515695067265, 96.45093945720251, 94.3579766536965, 92.50513347022587, 91.67492566897918], [98.77551020408163, 98.8546255506608, 0.0, 95.34653465346534, 96.74134419551935, 93.72197309417041, 96.45093945720251, 95.52529182879377, 93.1211498973306, 91.97224975222993], [98.36734693877551, 98.50220264317181, 83.52713178294573, 95.64356435643565, 95.11201629327903, 92.37668161434978, 97.28601252609603, 95.03891050583658, 94.35318275154005, 92.46778989098117], [98.6734693877551, 98.32599118942731, 0.09689922480620156, 95.24752475247524, 95.51934826883911, 93.16143497757848, 96.97286012526096, 94.16342412451363, 95.37987679671458, 93.45887016848364], [98.46938775510205, 98.41409691629956, 83.13953488372093, 95.24752475247524, 96.5376782077393, 93.04932735426009, 97.18162839248434, 95.52529182879377, 95.58521560574948, 92.76511397423191]],