{"config": {"DATASET": "mnist", "CLIENT_FRAC": 0.2, "POISON_FRAC": 0.0, "CREATE_DATASET": false, "CLASS_RATIO": 10, "MODEL": "nnet", "LEARNING_RATE": 0.001, "BATCH_SIZE": 32, "LOCAL_EPOCHS": 3, "OPTIMIZER": "adam", "FED_ROUNDS": 30, "TEST_EVERY": 1, "RANDOM": true, "COS_DEFENCE": false, "SEL_METHOD": 1, "COLLAB_MODE": true, "COLLAB_ALL": false, "CONSIDER_LAYERS": "l1", "GRAD_AGG": true, "FEATURE_FINDING_ALGO": "auror_plus", "GRAD_COLLECTION_START": 0, "GRAD_COLLECT_FOR": -1, "CLUSTER_SEP": 2.0, "ALPHA": 0.5, "BETA": 0.5, "GAMMA": 0.5, "TRUST_INC": 2, "TRUST_CUT_METHOD": 1, "HONEST_PARDON_FACTOR": 0.99, "LOG_LEVEL": "INFO", "JSON_RESULTS": true}, "mean_poison_class_acc": 84.62403100775195, "mean_attack_srate": 3.0232558139534884, "total_accuracies": [18.97, 25.8, 40.71, 52.03, 64.71, 73.17, 77.24, 81.16, 81.7, 84.41, 85.57, 85.79, 86.25, 87.62, 88.16, 88.77, 89.35, 89.34, 90.03, 89.98, 90.72, 91.06, 91.19, 91.26, 91.65, 91.65, 91.92, 92.14, 92.44, 92.64], "class_accuracies": [[16.93877551020408, 0.0, 32.55813953488372, 0.0, 19.144602851323828, 99.66367713004485, 0.0, 0.0, 0.0, 31.516352824578792], [99.89795918367346, 99.29515418502203, 12.5, 31.386138613861387, 2.8513238289205702, 0.0, 0.0, 0.0, 0.0, 0.0], [97.75510204081633, 99.64757709251101, 55.52325581395349, 79.00990099009901, 40.835030549898164, 21.41255605381166, 0.0, 1.8482490272373542, 0.0, 0.0], [98.6734693877551, 99.11894273127753, 58.52713178294574, 92.27722772277228, 49.08350305498982, 4.37219730941704, 0.0, 38.03501945525292, 0.1026694045174538, 65.60951437066403], [97.44897959183673, 98.59030837004406, 69.0891472868217, 88.61386138613861, 75.050916496945, 40.80717488789238, 54.07098121085595, 54.766536964980546, 12.320328542094456, 48.26560951437067], [97.34693877551021, 97.97356828193833, 73.15891472868218, 87.52475247524752, 77.59674134419552, 60.53811659192825, 80.27139874739039, 78.11284046692607, 28.747433264887064, 45.39147670961348], [96.73469387755102, 97.70925110132158, 75.0, 87.72277227722772, 74.43991853360488, 59.417040358744394, 84.34237995824634, 81.51750972762646, 47.84394250513347, 62.83448959365709], [96.3265306122449, 96.82819383259911, 74.51550387596899, 83.26732673267327, 71.07942973523421, 78.1390134529148, 89.5615866388309, 83.36575875486382, 59.445585215605746, 76.70961347869178], [95.51020408163265, 97.3568281938326, 80.23255813953489, 80.29702970297029, 88.08553971486762, 80.82959641255606, 87.05636743215031, 88.81322957198444, 66.0164271047228, 50.94152626362735], [97.14285714285714, 96.74008810572687, 78.48837209302326, 78.7128712871287, 76.88391038696538, 83.29596412556054, 89.97912317327766, 85.50583657587549, 73.10061601642711, 82.75520317145688], [96.93877551020408, 96.91629955947137, 79.74806201550388, 84.85148514851485, 85.64154786150714, 79.7085201793722, 90.18789144050105, 87.15953307392996, 78.74743326488706, 74.13280475718533], [96.73469387755102, 97.62114537444934, 78.29457364341086, 91.2871287128713, 80.65173116089613, 75.0, 91.33611691022965, 88.61867704280155, 72.48459958932239, 83.25074331020812], [96.73469387755102, 96.91629955947137, 83.04263565891473, 75.84158415841584, 84.92871690427698, 87.89237668161435, 92.17118997912317, 84.8249027237354, 75.97535934291581, 83.34985133795837], [97.14285714285714, 96.74008810572687, 83.43023255813954, 84.95049504950495, 83.91038696537679, 84.52914798206278, 91.33611691022965, 86.7704280155642, 80.59548254620123, 85.53022794846383], [97.24489795918367, 96.65198237885463, 83.52713178294573, 83.26732673267327, 90.42769857433808, 83.74439461883408, 91.33611691022965, 89.49416342412451, 83.05954825462013, 81.66501486620416], [97.24489795918367, 96.82819383259911, 87.8875968992248, 84.05940594059406, 88.79837067209776, 85.65022421524664, 92.27557411273486, 87.15953307392996, 82.64887063655031, 84.0436075322101], [97.04081632653062, 96.91629955947137, 88.37209302325581, 84.15841584158416, 92.26069246435846, 86.09865470852019, 92.27557411273486, 89.29961089494164, 83.36755646817248, 82.65609514370664], [97.24489795918367, 98.50220264317181, 83.91472868217055, 88.61386138613861, 89.20570264765784, 85.53811659192826, 91.64926931106471, 91.24513618677042, 78.33675564681725, 87.61149653121903], [97.44897959183673, 96.65198237885463, 88.0813953488372, 86.43564356435644, 89.81670061099797, 86.21076233183857, 93.21503131524008, 91.05058365758755, 81.82751540041068, 88.40436075322101], [96.83673469387755, 95.59471365638767, 86.04651162790698, 83.86138613861387, 91.85336048879837, 87.66816143497758, 92.17118997912317, 87.7431906614786, 89.93839835728953, 87.61149653121903], [96.73469387755102, 97.70925110132158, 89.24418604651163, 88.61386138613861, 91.44602851323829, 86.21076233183857, 93.31941544885177, 89.39688715953308, 84.39425051334702, 88.89990089197225], [97.14285714285714, 97.26872246696036, 88.75968992248062, 87.42574257425743, 92.76985743380855, 87.89237668161435, 95.51148225469728, 89.29961089494164, 85.83162217659138, 87.90882061446978], [97.34693877551021, 97.5330396475771, 88.46899224806202, 88.21782178217822, 93.9918533604888, 86.21076233183857, 93.21503131524008, 90.36964980544747, 88.60369609856262, 86.9177403369673], [97.65306122448979, 97.00440528634361, 87.59689922480621, 88.31683168316832, 93.9918533604888, 88.2286995515695, 92.58872651356994, 91.63424124513618, 87.37166324435319, 87.41328047571854], [97.75510204081633, 97.79735682819383, 88.17829457364341, 93.26732673267327, 92.36252545824847, 86.54708520179372, 93.63256784968685, 91.34241245136187, 85.1129363449692, 89.29633300297324], [97.44897959183673, 97.62114537444934, 88.37209302325581, 93.26732673267327, 90.73319755600815, 87.21973094170404, 94.1544885177453, 89.98054474708171, 84.80492813141684, 91.77403369672943], [97.75510204081633, 97.88546255506608, 90.21317829457364, 89.20792079207921, 95.010183299389, 88.34080717488789, 93.84133611691023, 91.73151750972762, 87.47433264887064, 86.81863230921705], [97.14285714285714, 97.79735682819383, 88.46899224806202, 89.20792079207921, 93.68635437881873, 90.47085201793722, 94.67640918580376, 91.34241245136187, 88.39835728952772, 89.59365708622398], [97.44897959183673, 97.97356828193833, 90.98837209302326, 92.67326732673267, 93.07535641547861, 87.89237668161435, 94.258872651357, 90.85603112840467, 87.47433264887064, 90.68384539147671], [97.34693877551021, 97.3568281938326, 91.56976744186046, 90.79207920792079, 94.39918533604887, 88.45291479820628, 96.34655532359082, 91.05058365758755, 88.70636550308008, 89.59365708622398]],