{"config": {"DATASET": "mnist", "TOTAL_CLIENTS": 100, "CLIENT_FRAC": 0.1, "POISON_FRAC": 0.1, "CREATE_DATASET": true, "RANDOM_DATA": true, "CLASS_RATIO": 10, "MODEL": "nnet", "LEARNING_RATE": 0.001, "BATCH_SIZE": 32, "LOCAL_EPOCHS": 3, "OPTIMIZER": "adam", "FED_ROUNDS": 30, "TEST_EVERY": 1, "RANDOM_PROCESS": true, "COS_DEFENCE": true, "SEL_METHOD": 1, "REDUCE_LR": 1, "COLLAB_MODE": true, "COLLAB_ALL": true, "CONSIDER_LAYERS": "f1l1", "GRAD_AGG": true, "FEATURE_FINDING_ALGO": "auror", "GRAD_COLLECTION_START": 0, "GRAD_COLLECT_FOR": -1, "CLUSTER_SEP": 0.007, "ALPHA": 0.8, "BETA": 0.8, "GAMMA": 0.1, "TRUST_INC": 2, "TRUST_CUT_METHOD": 2, "HONEST_PARDON_FACTOR": 0.99, "LOG_LEVEL": "INFO", "JSON_RESULTS": true}, "mean_poison_class_acc": 78.76937984496124, "mean_attack_srate": 3.444767441860465, "total_accuracies": [21.66, 22.44, 43.36, 52.88, 55.77, 69.98, 71.64, 77.21, 79.63, 81.8, 81.21, 84.48, 82.45, 84.68, 84.86, 86.83, 86.01, 87.84, 88.45, 88.93, 89.2, 89.58, 89.93, 90.26, 90.26, 90.27, 91.14, 91.39, 88.17, 90.67], "class_accuracies": [[12.551020408163266, 0.0, 0.5813953488372093, 90.4950495049505, 99.08350305498982, 16.591928251121075, 0.0, 0.0, 0.2053388090349076, 0.0], [91.63265306122449, 0.0, 1.937984496124031, 98.51485148514851, 0.0, 0.0, 0.0, 0.0, 0.0, 32.804757185332015], [97.75510204081633, 98.32599118942731, 70.44573643410853, 75.74257425742574, 75.76374745417515, 0.0, 0.0, 0.0, 0.0, 2.576808721506442], [94.89795918367346, 99.11894273127753, 58.72093023255814, 85.94059405940594, 89.10386965376782, 45.403587443946186, 29.853862212943632, 1.3618677042801557, 0.0, 17.74033696729435], [95.91836734693878, 98.76651982378854, 45.251937984496124, 86.83168316831683, 97.25050916496944, 39.7982062780269, 77.03549060542798, 2.9182879377431905, 0.0, 9.31615460852329], [92.24489795918367, 98.41409691629956, 73.06201550387597, 91.18811881188118, 73.42158859470469, 42.152466367713004, 82.4634655532359, 88.81322957198444, 8.213552361396303, 41.823587710604556], [95.81632653061224, 98.14977973568281, 58.042635658914726, 90.0, 63.95112016293279, 36.43497757847533, 91.9624217118998, 48.735408560311285, 41.27310061601643, 85.82755203171457], [95.40816326530613, 98.76651982378854, 72.18992248062015, 85.64356435643565, 85.03054989816701, 69.28251121076234, 94.67640918580376, 80.54474708171206, 39.42505133470226, 47.869177403369676], [95.40816326530613, 98.50220264317181, 78.29457364341086, 88.41584158415841, 64.25661914460285, 73.87892376681614, 90.08350730688936, 83.07392996108949, 45.17453798767967, 75.52031714568881], [97.44897959183673, 98.59030837004406, 74.6124031007752, 83.36633663366337, 71.18126272912424, 78.69955156950672, 89.03966597077245, 83.07392996108949, 61.49897330595483, 77.998017839445], [96.83673469387755, 98.59030837004406, 78.29457364341086, 91.2871287128713, 57.84114052953157, 68.49775784753363, 88.4133611691023, 85.7976653696498, 55.95482546201232, 86.22398414271557], [97.75510204081633, 97.18061674008811, 78.00387596899225, 85.74257425742574, 73.93075356415478, 79.82062780269058, 89.24843423799582, 88.61867704280155, 72.68993839835728, 79.68285431119921], [97.34693877551021, 97.88546255506608, 65.40697674418605, 89.8019801980198, 66.80244399185337, 72.19730941704036, 89.97912317327766, 86.38132295719845, 65.81108829568788, 89.89098116947473], [97.65306122448979, 96.2114537444934, 72.86821705426357, 90.1980198019802, 72.5050916496945, 80.38116591928251, 90.7098121085595, 82.00389105058366, 72.8952772073922, 89.69276511397423], [97.04081632653062, 97.18061674008811, 68.02325581395348, 85.34653465346534, 82.4847250509165, 84.64125560538116, 89.24843423799582, 87.54863813229572, 68.6858316221766, 87.1159563924678], [97.65306122448979, 97.62114537444934, 80.23255813953489, 89.4059405940594, 83.09572301425662, 80.71748878923766, 93.31941544885177, 88.13229571984436, 70.32854209445586, 85.82755203171457], [97.34693877551021, 96.91629955947137, 66.76356589147287, 84.65346534653466, 92.87169042769857, 84.4170403587444, 88.51774530271399, 89.10505836575875, 76.79671457905545, 81.86323092170466], [97.75510204081633, 96.65198237885463, 79.26356589147287, 86.13861386138613, 93.78818737270876, 85.08968609865471, 91.64926931106471, 87.06225680933852, 80.49281314168378, 79.68285431119921], [98.06122448979592, 97.09251101321586, 84.78682170542636, 91.48514851485149, 86.55804480651732, 81.95067264573991, 91.54488517745303, 88.03501945525292, 74.33264887063655, 88.800792864222], [97.65306122448979, 96.74008810572687, 84.10852713178295, 89.20792079207921, 84.62321792260693, 83.07174887892377, 92.27557411273486, 88.52140077821012, 80.9034907597536, 90.68384539147671], [98.06122448979592, 97.00440528634361, 83.04263565891473, 91.2871287128713, 87.9837067209776, 84.19282511210763, 92.37995824634656, 87.84046692607004, 78.33675564681725, 90.48562933597621], [98.16326530612245, 94.8898678414097, 86.24031007751938, 85.54455445544555, 92.15885947046843, 82.51121076233184, 92.48434237995825, 86.47859922178988, 89.3223819301848, 87.1159563924678], [97.55102040816327, 97.88546255506608, 85.65891472868218, 90.39603960396039, 91.44602851323829, 86.09865470852019, 91.9624217118998, 87.45136186770428, 81.00616016427105, 88.60257680872151], [97.85714285714286, 96.47577092511013, 85.07751937984496, 90.79207920792079, 93.07535641547861, 86.32286995515695, 91.9624217118998, 90.27237354085604, 83.5728952772074, 86.22398414271557], [97.24489795918367, 95.94713656387665, 85.56201550387597, 86.43564356435644, 91.14052953156823, 84.86547085201794, 91.9624217118998, 88.61867704280155, 90.14373716632444, 89.79187314172448], [98.26530612244898, 97.00440528634361, 78.00387596899225, 90.89108910891089, 93.48268839103869, 89.34977578475336, 93.42379958246346, 89.88326848249027, 84.08624229979466, 87.90882061446978], [97.04081632653062, 96.82819383259911, 86.43410852713178, 90.29702970297029, 90.020366598778, 85.20179372197309, 95.09394572025052, 91.63424124513618, 88.60369609856262, 89.197224975223], [97.34693877551021, 97.44493392070484, 88.75968992248062, 87.82178217821782, 92.87169042769857, 89.34977578475336, 93.21503131524008, 90.27237354085604, 88.29568788501027, 87.80971258671953], [98.57142857142857, 97.97356828193833, 58.13953488372093, 93.76237623762377, 93.68635437881873, 87.89237668161435, 90.81419624217119, 90.85603112840467, 80.18480492813141, 89.49454905847374], [98.9795918367347, 97.00440528634361, 80.71705426356588, 93.16831683168317, 94.60285132382892, 88.67713004484305, 93.1106471816284, 90.07782101167315, 81.93018480492813, 87.80971258671953]],