{"config": {"DATASET": "mnist", "TOTAL_CLIENTS": 100, "CLIENT_FRAC": 0.1, "POISON_FRAC": 0.1, "CREATE_DATASET": true, "RANDOM_DATA": true, "CLASS_RATIO": 10, "MODEL": "nnet", "LEARNING_RATE": 0.001, "BATCH_SIZE": 32, "LOCAL_EPOCHS": 3, "OPTIMIZER": "adam", "FED_ROUNDS": 30, "TEST_EVERY": 1, "RANDOM_PROCESS": true, "COS_DEFENCE": true, "SEL_METHOD": 1, "REDUCE_LR": 1, "COLLAB_MODE": true, "COLLAB_ALL": true, "CONSIDER_LAYERS": "f1l1", "GRAD_AGG": true, "FEATURE_FINDING_ALGO": "auror", "GRAD_COLLECTION_START": 0, "GRAD_COLLECT_FOR": -1, "CLUSTER_SEP": 0.01, "ALPHA": 0.8, "BETA": 0.8, "GAMMA": 0.1, "TRUST_INC": 2, "TRUST_CUT_METHOD": 2, "HONEST_PARDON_FACTOR": 0.99, "LOG_LEVEL": "INFO", "JSON_RESULTS": true}, "mean_poison_class_acc": 79.45251937984497, "mean_attack_srate": 3.2412790697674416, "total_accuracies": [19.47, 32.4, 37.87, 45.89, 54.84, 70.11, 75.06, 79.88, 76.26, 78.58, 83.34, 84.66, 86.81, 86.8, 88.36, 86.58, 87.24, 87.01, 88.77, 90.11, 90.6, 89.82, 90.56, 90.33, 91.31, 91.55, 90.68, 91.81, 91.8, 92.2], "class_accuracies": [[14.285714285714286, 0.0, 79.55426356589147, 93.76237623762377, 0.0, 0.0, 0.0, 0.2918287937743191, 3.696098562628337, 0.0], [92.44897959183673, 68.01762114537445, 54.263565891472865, 97.42574257425743, 0.0, 2.0179372197309418, 0.0, 0.0, 0.0, 0.0], [94.18367346938776, 96.56387665198238, 74.12790697674419, 92.37623762376238, 0.0, 7.3991031390134525, 0.0, 0.38910505836575876, 0.0, 0.0], [97.34693877551021, 98.23788546255507, 71.80232558139535, 87.32673267326733, 29.327902240325866, 0.0, 1.0438413361169103, 18.48249027237354, 41.17043121149897, 0.7928642220019821], [96.3265306122449, 98.76651982378854, 59.30232558139535, 87.02970297029702, 29.327902240325866, 43.38565022421525, 35.59498956158664, 4.669260700389105, 2.0533880903490758, 83.64717542120911], [96.3265306122449, 97.26872246696036, 74.12790697674419, 72.07920792079207, 79.53156822810591, 75.89686098654708, 60.438413361169104, 55.252918287937746, 49.89733059548254, 37.56194251734391], [96.0204081632653, 96.82819383259911, 74.4186046511628, 86.63366336633663, 72.91242362525458, 52.01793721973094, 91.23173277661796, 71.69260700389106, 39.630390143737166, 64.02378592666005], [95.61224489795919, 96.2114537444934, 75.87209302325581, 80.99009900990099, 73.21792260692465, 65.5829596412556, 87.05636743215031, 78.01556420233463, 64.06570841889118, 78.69177403369673], [96.53061224489795, 97.26872246696036, 36.91860465116279, 85.44554455445545, 61.30346232179226, 70.51569506726457, 86.53444676409185, 86.67315175097276, 59.856262833675565, 79.08820614469772], [96.3265306122449, 96.82819383259911, 50.872093023255815, 88.01980198019803, 88.79837067209776, 64.12556053811659, 88.62212943632568, 86.284046692607, 69.60985626283367, 53.81565906838454], [96.93877551020408, 94.53744493392071, 71.41472868217055, 90.0, 80.44806517311609, 72.53363228699551, 90.91858037578288, 86.284046692607, 71.66324435318275, 76.51139742319128], [97.55102040816327, 96.65198237885463, 84.20542635658914, 78.21782178217822, 91.95519348268839, 80.82959641255606, 91.12734864300626, 84.24124513618678, 76.69404517453799, 63.825569871159566], [96.73469387755102, 95.50660792951543, 81.2015503875969, 84.95049504950495, 84.21588594704684, 82.39910313901345, 90.7098121085595, 84.92217898832685, 81.93018480492813, 84.34093161546085], [97.04081632653062, 97.62114537444934, 76.74418604651163, 83.96039603960396, 85.23421588594705, 83.85650224215247, 92.06680584551148, 83.852140077821, 80.08213552361396, 86.42220019821606], [97.75510204081633, 96.74008810572687, 83.91472868217055, 85.94059405940594, 90.42769857433808, 81.95067264573991, 91.44050104384134, 87.15953307392996, 83.5728952772074, 83.34985133795837], [97.34693877551021, 98.14977973568281, 65.79457364341086, 84.15841584158416, 88.90020366598777, 89.46188340807174, 91.54488517745303, 86.08949416342412, 79.05544147843942, 85.0346878097126], [96.63265306122449, 98.06167400881057, 69.76744186046511, 84.75247524752476, 89.5112016293279, 85.42600896860986, 94.57202505219206, 85.60311284046692, 78.74743326488706, 88.60257680872151], [98.06122448979592, 97.00440528634361, 59.786821705426355, 86.33663366336634, 89.5112016293279, 89.46188340807174, 91.44050104384134, 89.39688715953308, 80.28747433264887, 88.800792864222], [97.65306122448979, 96.65198237885463, 74.51550387596899, 86.63366336633663, 87.88187372708758, 82.73542600896862, 93.21503131524008, 90.1750972762646, 86.96098562628337, 90.28741328047572], [97.85714285714286, 96.29955947136564, 85.56201550387597, 87.02970297029702, 91.44602851323829, 83.40807174887892, 94.78079331941545, 88.13229571984436, 87.98767967145791, 87.61149653121903], [98.36734693877551, 97.00440528634361, 85.65891472868218, 89.4059405940594, 93.78818737270876, 86.32286995515695, 92.90187891440502, 90.85603112840467, 86.55030800821355, 84.2418235877106], [98.06122448979592, 97.97356828193833, 78.48837209302326, 90.6930693069307, 93.17718940936864, 86.43497757847534, 93.73695198329854, 88.32684824902724, 80.59548254620123, 89.79187314172448], [97.55102040816327, 97.09251101321586, 82.26744186046511, 89.3069306930693, 88.4928716904277, 89.12556053811659, 94.36325678496868, 90.6614785992218, 85.42094455852155, 90.68384539147671], [97.55102040816327, 98.23788546255507, 81.1046511627907, 91.18811881188118, 91.5478615071283, 90.35874439461884, 93.1106471816284, 88.715953307393, 79.36344969199179, 91.37760158572844], [98.26530612244898, 97.18061674008811, 86.9186046511628, 93.36633663366337, 93.58452138492872, 85.53811659192826, 94.258872651357, 87.93774319066148, 86.652977412731, 88.40436075322101], [98.06122448979592, 97.44493392070484, 87.8875968992248, 91.68316831683168, 95.62118126272912, 89.91031390134529, 93.73695198329854, 89.00778210116732, 84.39425051334702, 87.1159563924678], [97.95918367346938, 98.41409691629956, 76.74418604651163, 92.17821782178218, 95.010183299389, 90.24663677130044, 92.79749478079331, 90.46692607003891, 83.88090349075975, 88.60257680872151], [98.16326530612245, 96.82819383259911, 84.59302325581395, 91.08910891089108, 94.39918533604887, 86.43497757847534, 95.09394572025052, 91.147859922179, 91.47843942505133, 88.20614469772052], [98.6734693877551, 97.62114537444934, 84.01162790697674, 93.26732673267327, 94.09368635437882, 86.32286995515695, 94.67640918580376, 91.43968871595331, 86.75564681724846, 90.18830525272547], [97.85714285714286, 98.14977973568281, 88.46899224806202, 91.38613861386139, 92.87169042769857, 91.59192825112108, 94.88517745302714, 89.2023346303502, 84.59958932238193, 92.36868186323092]],