{"config": {"DATASET": "mnist", "TOTAL_CLIENTS": 100, "CLIENT_FRAC": 0.2, "POISON_FRAC": 0.3, "CREATE_DATASET": false, "RANDOM_DATA": true, "CLASS_RATIO": 10, "MODEL": "nnet", "LEARNING_RATE": 0.001, "BATCH_SIZE": 32, "LOCAL_EPOCHS": 10, "OPTIMIZER": "adam", "FED_ROUNDS": 30, "TEST_EVERY": 1, "RANDOM_PROCESS": false, "COS_DEFENCE": true, "SEL_METHOD": 1, "REDUCE_LR": 1, "COLLAB_MODE": true, "COLLAB_ALL": true, "CONSIDER_LAYERS": "l1", "GRAD_AGG": true, "FEATURE_FINDING_ALGO": "auror", "GRAD_COLLECTION_START": 0, "GRAD_COLLECT_FOR": -1, "CLUSTER_SEP": 0.002, "ALPHA": 0.8, "BETA": 0.8, "GAMMA": 0.1, "TRUST_INC": 2, "TRUST_CUT_METHOD": 1, "HONEST_PARDON_FACTOR": 0.7, "LOG_LEVEL": "INFO", "JSON_RESULTS": true}, "mean_poison_class_acc": 75.43023255813954, "mean_attack_srate": 3.2325581395348832, "total_accuracies": [45.73, 66.18, 80.61, 82.78, 86.64, 89.12, 88.95, 90.84, 90.85, 90.66, 89.92, 92.2, 92.13, 93.14, 93.12, 92.68, 86.58, 93.64, 92.86, 93.39, 94.22, 85.12, 94.25, 93.91, 94.36, 93.7, 93.57, 94.57, 93.89, 94.82], "class_accuracies": [[99.38775510204081, 92.68722466960352, 0.0, 58.01980198019802, 61.5071283095723, 19.955156950672645, 19.51983298538622, 29.085603112840467, 13.141683778234086, 55.99603567888999], [96.93877551020408, 98.76651982378854, 1.550387596899225, 92.37623762376238, 80.24439918533605, 66.59192825112108, 79.22755741127348, 87.2568093385214, 24.33264887063655, 32.01189296333003], [96.42857142857143, 98.59030837004406, 60.56201550387597, 90.5940594059406, 86.55804480651732, 64.57399103139014, 89.35281837160751, 92.02334630350195, 74.53798767967146, 49.85133795837463], [97.04081632653062, 97.97356828193833, 40.98837209302326, 88.21782178217822, 86.86354378818737, 86.99551569506727, 89.97912317327766, 89.00778210116732, 71.7659137577002, 78.88999008919723], [97.75510204081633, 97.62114537444934, 62.4031007751938, 90.99009900990099, 90.32586558044807, 82.73542600896862, 91.8580375782881, 92.50972762645914, 80.28747433264887, 78.98909811694747], [97.65306122448979, 97.70925110132158, 78.39147286821705, 90.4950495049505, 89.81670061099797, 82.73542600896862, 93.52818371607516, 90.85603112840467, 81.41683778234086, 87.21506442021804], [98.26530612244898, 97.44493392070484, 71.02713178294573, 91.2871287128713, 89.10386965376782, 87.4439461883408, 93.21503131524008, 89.10505836575875, 81.3141683778234, 90.68384539147671], [97.75510204081633, 97.62114537444934, 86.24031007751938, 89.20792079207921, 93.48268839103869, 88.78923766816143, 92.90187891440502, 90.6614785992218, 83.26488706365502, 87.61149653121903], [98.26530612244898, 97.62114537444934, 79.36046511627907, 92.77227722772277, 91.85336048879837, 86.65919282511211, 93.42379958246346, 90.75875486381322, 85.42094455852155, 91.47670961347869], [98.26530612244898, 98.8546255506608, 73.44961240310077, 93.06930693069307, 91.85336048879837, 88.00448430493273, 94.78079331941545, 90.95330739299611, 84.49691991786447, 92.17046580773042], [98.06122448979592, 98.50220264317181, 65.40697674418605, 94.55445544554455, 92.87169042769857, 87.10762331838565, 94.98956158663883, 92.80155642023347, 82.4435318275154, 91.87314172447968], [98.06122448979592, 97.97356828193833, 81.78294573643412, 91.18811881188118, 95.41751527494908, 91.4798206278027, 96.13778705636743, 91.05058365758755, 89.52772073921972, 89.197224975223], [98.57142857142857, 98.94273127753304, 79.84496124031008, 94.05940594059406, 93.17718940936864, 88.34080717488789, 95.51148225469728, 91.92607003891051, 88.09034907597535, 92.07135777998018], [98.57142857142857, 98.41409691629956, 86.7248062015504, 93.36633663366337, 93.48268839103869, 92.82511210762331, 94.67640918580376, 90.75875486381322, 89.3223819301848, 92.86422200198216], [97.75510204081633, 98.32599118942731, 84.20542635658914, 94.45544554455445, 94.19551934826885, 90.69506726457399, 96.34655532359082, 92.80155642023347, 88.91170431211499, 92.9633300297324], [98.06122448979592, 98.41409691629956, 78.39147286821705, 93.26732673267327, 94.19551934826885, 92.37668161434978, 95.92901878914405, 93.19066147859922, 91.17043121149898, 91.67492566897918], [98.06122448979592, 98.50220264317181, 19.864341085271317, 94.55445544554455, 93.89002036659878, 91.3677130044843, 96.24217118997912, 92.99610894941634, 88.09034907597535, 93.75619425173439], [97.95918367346938, 98.76651982378854, 85.94961240310077, 95.34653465346534, 93.38085539714868, 91.14349775784753, 96.13778705636743, 93.48249027237354, 89.83572895277207, 93.75619425173439], [98.06122448979592, 98.41409691629956, 75.7751937984496, 94.05940594059406, 96.33401221995926, 92.26457399103138, 96.03340292275574, 92.8988326848249, 92.09445585215606, 92.66600594648166], [98.16326530612245, 98.59030837004406, 81.4922480620155, 94.15841584158416, 92.76985743380855, 92.48878923766816, 96.86847599164926, 93.3852140077821, 91.47843942505133, 94.25173439048562], [98.46938775510205, 98.6784140969163, 87.6937984496124, 94.35643564356435, 93.68635437881873, 91.81614349775785, 96.03340292275574, 93.77431906614785, 93.42915811088295, 93.75619425173439], [97.95918367346938, 98.76651982378854, 1.3565891472868217, 95.54455445544555, 95.62118126272912, 92.26457399103138, 96.24217118997912, 93.09338521400778, 89.11704312114989, 93.45887016848364], [98.16326530612245, 98.8546255506608, 87.1124031007752, 94.75247524752476, 95.72301425661914, 93.04932735426009, 95.61586638830897, 94.16342412451363, 92.09445585215606, 92.56689791873141], [98.57142857142857, 98.76651982378854, 82.65503875968992, 94.55445544554455, 94.39918533604887, 93.72197309417041, 96.13778705636743, 92.8988326848249, 93.83983572895278, 93.45887016848364], [98.16326530612245, 98.8546255506608, 86.04651162790698, 95.04950495049505, 94.90835030549898, 93.49775784753363, 96.34655532359082, 93.3852140077821, 92.81314168377824, 94.25173439048562], [98.46938775510205, 98.76651982378854, 79.06976744186046, 96.03960396039604, 95.31568228105907, 92.9372197309417, 96.03340292275574, 93.28793774319067, 92.91581108829568, 94.05351833498513], [98.16326530612245, 98.6784140969163, 78.68217054263566, 94.85148514851485, 95.41751527494908, 94.17040358744394, 96.03340292275574, 93.77431906614785, 92.19712525667352, 93.75619425173439], [98.16326530612245, 98.76651982378854, 86.14341085271317, 95.14851485148515, 94.80651731160896, 93.27354260089686, 96.13778705636743, 95.03891050583658, 93.63449691991786, 94.25173439048562], [98.77551020408163, 98.59030837004406, 80.52325581395348, 95.04950495049505, 95.82484725050917, 93.60986547085201, 95.19832985386222, 92.8988326848249, 94.35318275154005, 94.05351833498513], [98.16326530612245, 98.59030837004406, 88.56589147286822, 94.55445544554455, 95.11201629327903, 93.83408071748879, 96.34655532359082, 94.74708171206225, 94.25051334702259, 93.75619425173439]],