{"config": {"DATASET": "mnist", "TOTAL_CLIENTS": 100, "CLIENT_FRAC": 0.2, "POISON_FRAC": 0.3, "CREATE_DATASET": false, "RANDOM_DATA": true, "CLASS_RATIO": 10, "MODEL": "nnet", "LEARNING_RATE": 0.001, "BATCH_SIZE": 32, "LOCAL_EPOCHS": 10, "OPTIMIZER": "adam", "FED_ROUNDS": 30, "TEST_EVERY": 1, "RANDOM_PROCESS": false, "COS_DEFENCE": true, "SEL_METHOD": 1, "REDUCE_LR": 1, "COLLAB_MODE": true, "COLLAB_ALL": true, "CONSIDER_LAYERS": "l1", "GRAD_AGG": true, "FEATURE_FINDING_ALGO": "auror", "GRAD_COLLECTION_START": 0, "GRAD_COLLECT_FOR": -1, "CLUSTER_SEP": 0.002, "ALPHA": 0.8, "BETA": 0.8, "GAMMA": 0.1, "TRUST_INC": 2, "TRUST_CUT_METHOD": 1, "HONEST_PARDON_FACTOR": 0.7, "LOG_LEVEL": "INFO", "JSON_RESULTS": true}, "mean_poison_class_acc": 79.58527131782947, "mean_attack_srate": 3.1472868217054266, "total_accuracies": [49.82, 66.99, 81.02, 84.12, 86.5, 89.01, 88.99, 90.88, 91.27, 91.74, 91.7, 91.72, 92.05, 91.52, 92.03, 93.86, 91.7, 91.87, 94.27, 93.4, 93.64, 93.84, 93.67, 93.0, 93.51, 94.84, 94.48, 95.21, 92.71, 94.7], "class_accuracies": [[99.38775510204081, 91.54185022026432, 3.10077519379845, 50.2970297029703, 59.47046843177189, 22.982062780269057, 28.49686847599165, 18.8715953307393, 55.74948665297741, 62.43805748265609], [97.34693877551021, 98.59030837004406, 1.550387596899225, 92.67326732673267, 79.42973523421588, 61.210762331838566, 80.37578288100208, 88.81322957198444, 40.4517453798768, 26.858275520317147], [95.81632653061224, 97.97356828193833, 51.74418604651163, 90.5940594059406, 86.45621181262729, 65.13452914798206, 89.77035490605428, 91.73151750972762, 78.54209445585215, 59.86124876114965], [96.73469387755102, 97.5330396475771, 50.3875968992248, 89.4059405940594, 84.5213849287169, 86.21076233183857, 89.77035490605428, 90.6614785992218, 73.61396303901438, 81.86323092170466], [97.75510204081633, 97.44493392070484, 59.20542635658915, 90.1980198019802, 93.38085539714868, 82.95964125560538, 91.64926931106471, 92.12062256809338, 80.9034907597536, 78.69177403369673], [97.34693877551021, 98.14977973568281, 78.68217054263566, 91.2871287128713, 93.38085539714868, 81.95067264573991, 94.1544885177453, 90.27237354085604, 80.69815195071868, 82.75520317145688], [97.95918367346938, 98.06167400881057, 70.63953488372093, 91.68316831683168, 90.93686354378819, 84.97757847533633, 93.0062630480167, 89.39688715953308, 81.51950718685832, 90.78295341922696], [97.95918367346938, 98.14977973568281, 81.97674418604652, 91.78217821782178, 91.85336048879837, 86.32286995515695, 93.73695198329854, 91.05058365758755, 85.01026694045174, 89.89098116947473], [97.85714285714286, 98.94273127753304, 81.5891472868217, 91.98019801980197, 92.4643584521385, 89.57399103139014, 94.1544885177453, 90.1750972762646, 84.70225872689939, 90.48562933597621], [97.85714285714286, 98.8546255506608, 83.91472868217055, 92.87128712871286, 91.75152749490834, 88.67713004484305, 94.88517745302714, 91.82879377431907, 84.29158110882958, 91.47670961347869], [97.85714285714286, 98.76651982378854, 81.2984496124031, 92.87128712871286, 95.51934826883911, 89.68609865470852, 95.19832985386222, 90.56420233463035, 85.01026694045174, 89.59365708622398], [97.95918367346938, 98.14977973568281, 75.87209302325581, 93.06930693069307, 93.89002036659878, 90.91928251121077, 94.88517745302714, 91.05058365758755, 89.42505133470226, 91.77403369672943], [98.16326530612245, 98.8546255506608, 78.58527131782945, 95.24752475247524, 92.66802443991854, 89.23766816143498, 95.61586638830897, 90.56420233463035, 88.70636550308008, 92.26957383548067], [98.16326530612245, 98.6784140969163, 69.86434108527132, 93.06930693069307, 93.38085539714868, 92.48878923766816, 94.78079331941545, 91.82879377431907, 90.04106776180699, 92.9633300297324], [97.24489795918367, 98.6784140969163, 74.2248062015504, 94.75247524752476, 94.39918533604887, 91.3677130044843, 96.13778705636743, 91.43968871595331, 89.73305954825462, 92.17046580773042], [97.95918367346938, 98.76651982378854, 89.63178294573643, 92.27722772277228, 93.48268839103869, 93.27354260089686, 96.13778705636743, 92.50972762645914, 91.06776180698152, 93.06243805748265], [97.65306122448979, 98.8546255506608, 68.4108527131783, 94.55445544554455, 95.11201629327903, 92.152466367713, 96.34655532359082, 92.21789883268482, 88.39835728952772, 93.3597621407334], [97.44897959183673, 98.76651982378854, 68.12015503875969, 94.95049504950495, 94.80651731160896, 92.152466367713, 96.34655532359082, 92.12062256809338, 90.4517453798768, 93.65708622398414], [98.16326530612245, 98.94273127753304, 91.47286821705427, 91.48514851485149, 95.11201629327903, 92.37668161434978, 96.5553235908142, 91.82879377431907, 93.01848049281314, 93.26065411298315], [98.46938775510205, 98.59030837004406, 80.13565891472868, 94.15841584158416, 93.68635437881873, 92.04035874439462, 96.65970772442589, 92.31517509727627, 93.94250513347022, 93.85530227948463], [98.57142857142857, 98.8546255506608, 80.42635658914729, 94.95049504950495, 95.51934826883911, 92.60089686098655, 96.34655532359082, 93.77431906614785, 91.27310061601642, 93.85530227948463], [98.26530612244898, 99.03083700440529, 84.98062015503876, 95.24752475247524, 96.13034623217922, 93.72197309417041, 96.5553235908142, 92.31517509727627, 89.11704312114989, 92.76511397423191], [97.95918367346938, 98.76651982378854, 79.94186046511628, 94.55445544554455, 95.92668024439918, 94.39461883408072, 95.61586638830897, 93.77431906614785, 92.19712525667352, 93.55797819623389], [98.77551020408163, 98.94273127753304, 73.74031007751938, 96.63366336633663, 94.60285132382892, 92.9372197309417, 95.82463465553236, 92.21789883268482, 92.29979466119096, 94.05351833498513], [98.57142857142857, 98.76651982378854, 76.93798449612403, 95.34653465346534, 96.02851323828921, 93.83408071748879, 95.92901878914405, 92.99610894941634, 93.1211498973306, 93.65708622398414], [98.6734693877551, 98.59030837004406, 90.50387596899225, 94.25742574257426, 95.21384928716904, 94.5067264573991, 96.86847599164926, 91.73151750972762, 93.83983572895278, 94.05351833498513], [98.26530612244898, 98.59030837004406, 85.56201550387597, 95.54455445544555, 95.41751527494908, 94.5067264573991, 96.86847599164926, 92.80155642023347, 93.01848049281314, 94.15262636273538], [98.26530612244898, 98.6784140969163, 89.92248062015504, 95.44554455445545, 95.41751527494908, 93.27354260089686, 97.49478079331942, 94.45525291828794, 94.04517453798768, 94.74727452923686], [98.16326530612245, 98.59030837004406, 68.21705426356588, 95.44554455445545, 95.62118126272912, 94.73094170403587, 95.92901878914405, 92.8988326848249, 93.73716632443532, 94.25173439048562], [98.77551020408163, 98.50220264317181, 84.98062015503876, 94.95049504950495, 95.51934826883911, 94.5067264573991, 96.86847599164926, 94.16342412451363, 94.45585215605749, 94.25173439048562]],