{"config": {"DATASET": "mnist", "TOTAL_CLIENTS": 100, "CLIENT_FRAC": 0.2, "POISON_FRAC": 0.4, "CREATE_DATASET": false, "RANDOM_DATA": true, "CLASS_RATIO": 10, "MODEL": "nnet", "LEARNING_RATE": 0.001, "BATCH_SIZE": 32, "LOCAL_EPOCHS": 10, "OPTIMIZER": "adam", "FED_ROUNDS": 30, "TEST_EVERY": 1, "RANDOM_PROCESS": false, "COS_DEFENCE": true, "SEL_METHOD": 1, "REDUCE_LR": 1, "COLLAB_MODE": true, "COLLAB_ALL": true, "CONSIDER_LAYERS": "l1", "GRAD_AGG": true, "FEATURE_FINDING_ALGO": "auror", "GRAD_COLLECTION_START": 0, "GRAD_COLLECT_FOR": -1, "CLUSTER_SEP": 0.002, "ALPHA": 0.8, "BETA": 0.8, "GAMMA": 0.1, "TRUST_INC": 2, "TRUST_CUT_METHOD": 1, "HONEST_PARDON_FACTOR": 0.7, "LOG_LEVEL": "INFO", "JSON_RESULTS": true}, "mean_poison_class_acc": 73.07364341085271, "mean_attack_srate": 3.4108527131782944, "total_accuracies": [47.34, 68.66, 78.28, 83.98, 84.06, 88.55, 88.81, 89.34, 90.15, 90.37, 92.35, 91.84, 88.08, 91.62, 92.43, 92.49, 91.21, 93.26, 93.36, 91.5, 94.08, 93.49, 93.97, 93.31, 89.58, 94.04, 92.06, 94.79, 94.22, 94.67], "class_accuracies": [[99.38775510204081, 97.00440528634361, 0.0, 44.851485148514854, 74.949083503055, 14.798206278026905, 10.438413361169102, 57.39299610894942, 6.365503080082136, 58.077304261645196], [97.34693877551021, 98.6784140969163, 6.395348837209302, 89.60396039603961, 83.29938900203666, 72.86995515695067, 80.06263048016702, 88.715953307393, 40.24640657084189, 27.94846382556987], [96.22448979591837, 98.6784140969163, 28.77906976744186, 91.38613861386139, 85.64154786150714, 67.04035874439462, 89.24843423799582, 92.70428015564202, 72.07392197125257, 59.06838453914767], [96.93877551020408, 97.5330396475771, 52.906976744186046, 88.91089108910892, 83.70672097759675, 86.65919282511211, 89.24843423799582, 89.6887159533074, 71.45790554414785, 82.1605550049554], [97.75510204081633, 97.3568281938326, 36.627906976744185, 90.39603960396039, 91.14052953156823, 83.5201793721973, 91.44050104384134, 92.21789883268482, 78.54209445585215, 81.56590683845391], [97.65306122448979, 97.62114537444934, 70.63953488372093, 88.01980198019803, 92.26069246435846, 84.97757847533633, 92.37995824634656, 91.05058365758755, 82.75154004106776, 87.31417244796829], [97.95918367346938, 98.32599118942731, 67.73255813953489, 90.79207920792079, 91.44602851323829, 87.10762331838565, 92.69311064718163, 90.27237354085604, 80.80082135523614, 90.28741328047572], [97.65306122448979, 97.79735682819383, 68.6046511627907, 90.0990099009901, 93.17718940936864, 89.12556053811659, 93.0062630480167, 91.53696498054475, 82.03285420944559, 89.99008919722498], [97.65306122448979, 97.26872246696036, 71.89922480620154, 91.48514851485149, 90.93686354378819, 89.01345291479821, 93.31941544885177, 91.92607003891051, 84.70225872689939, 92.86422200198216], [98.16326530612245, 98.8546255506608, 69.47674418604652, 92.97029702970298, 92.15885947046843, 89.01345291479821, 94.258872651357, 91.05058365758755, 85.72895277207392, 91.57581764122894], [96.93877551020408, 98.6784140969163, 87.59689922480621, 94.25742574257426, 92.4643584521385, 86.7713004484305, 95.4070981210856, 92.31517509727627, 84.80492813141684, 92.9633300297324], [97.55102040816327, 98.50220264317181, 76.84108527131782, 92.67326732673267, 94.29735234215886, 89.91031390134529, 95.19832985386222, 90.95330739299611, 89.73305954825462, 92.36868186323092], [98.36734693877551, 98.41409691629956, 36.627906976744185, 93.86138613861387, 94.19551934826885, 89.79820627802691, 95.51148225469728, 91.24513618677042, 90.75975359342915, 92.9633300297324], [98.57142857142857, 98.50220264317181, 70.54263565891473, 92.87128712871286, 94.19551934826885, 93.49775784753363, 94.67640918580376, 91.53696498054475, 90.65708418891171, 91.37760158572844], [97.75510204081633, 98.23788546255507, 76.45348837209302, 92.27722772277228, 93.78818737270876, 92.60089686098655, 95.92901878914405, 92.21789883268482, 91.06776180698152, 93.95441030723488], [97.55102040816327, 98.06167400881057, 74.51550387596899, 94.75247524752476, 92.9735234215886, 91.4798206278027, 96.24217118997912, 92.8988326848249, 91.47843942505133, 94.84638255698711], [97.55102040816327, 98.59030837004406, 61.531007751937985, 92.67326732673267, 95.010183299389, 93.27354260089686, 96.76409185803757, 93.67704280155642, 90.4517453798768, 93.06243805748265], [97.95918367346938, 98.76651982378854, 81.1046511627907, 95.74257425742574, 95.11201629327903, 91.14349775784753, 96.03340292275574, 93.19066147859922, 89.83572895277207, 93.26065411298315], [97.44897959183673, 98.41409691629956, 82.84883720930233, 94.05940594059406, 93.48268839103869, 92.82511210762331, 96.03340292275574, 92.21789883268482, 91.37577002053388, 94.64816650148661], [98.06122448979592, 98.8546255506608, 62.5, 94.95049504950495, 94.5010183299389, 92.48878923766816, 95.92901878914405, 92.50972762645914, 91.17043121149898, 94.35084241823587], [97.75510204081633, 98.76651982378854, 86.33720930232558, 93.96039603960396, 94.39918533604887, 92.60089686098655, 96.45093945720251, 92.99610894941634, 92.81314168377824, 94.35084241823587], [97.85714285714286, 98.94273127753304, 78.68217054263566, 94.75247524752476, 94.80651731160896, 93.16143497757848, 96.65970772442589, 94.06614785992218, 91.78644763860369, 94.05351833498513], [97.65306122448979, 98.94273127753304, 84.68992248062015, 94.95049504950495, 96.02851323828921, 93.83408071748879, 96.65970772442589, 92.8988326848249, 90.04106776180699, 93.75619425173439], [97.85714285714286, 98.8546255506608, 75.7751937984496, 94.15841584158416, 95.62118126272912, 93.83408071748879, 96.34655532359082, 93.67704280155642, 92.71047227926078, 94.35084241823587], [97.44897959183673, 99.03083700440529, 39.34108527131783, 96.73267326732673, 94.5010183299389, 92.60089686098655, 96.03340292275574, 93.8715953307393, 92.60780287474333, 94.64816650148661], [97.75510204081633, 98.94273127753304, 84.20542635658914, 93.96039603960396, 95.82484725050917, 93.72197309417041, 96.24217118997912, 93.48249027237354, 91.9917864476386, 94.05351833498513], [97.95918367346938, 99.03083700440529, 63.85658914728682, 95.44554455445545, 94.29735234215886, 95.17937219730942, 96.03340292275574, 92.31517509727627, 92.19712525667352, 94.84638255698711], [97.85714285714286, 98.94273127753304, 87.40310077519379, 95.24752475247524, 95.41751527494908, 94.05829596412556, 96.65970772442589, 93.77431906614785, 93.1211498973306, 95.14370664023787], [97.55102040816327, 98.6784140969163, 81.87984496124031, 94.95049504950495, 95.51934826883911, 94.17040358744394, 96.65970772442589, 94.26070038910505, 92.81314168377824, 95.6392467789891], [98.57142857142857, 98.94273127753304, 85.75581395348837, 94.85148514851485, 96.02851323828921, 92.82511210762331, 96.03340292275574, 93.96887159533074, 94.55852156057495, 94.84638255698711]],