{"config": {"DATASET": "mnist", "TOTAL_CLIENTS": 100, "CLIENT_FRAC": 0.2, "POISON_FRAC": 0.1, "CREATE_DATASET": false, "RANDOM_DATA": true, "CLASS_RATIO": 10, "MODEL": "nnet", "LEARNING_RATE": 0.001, "BATCH_SIZE": 32, "LOCAL_EPOCHS": 10, "OPTIMIZER": "adam", "FED_ROUNDS": 30, "TEST_EVERY": 1, "RANDOM_PROCESS": false, "COS_DEFENCE": true, "SEL_METHOD": 1, "REDUCE_LR": 1, "COLLAB_MODE": true, "COLLAB_ALL": true, "CONSIDER_LAYERS": "l1", "GRAD_AGG": true, "FEATURE_FINDING_ALGO": "auror", "GRAD_COLLECTION_START": 0, "GRAD_COLLECT_FOR": -1, "CLUSTER_SEP": 0.002, "ALPHA": 0.8, "BETA": 0.8, "GAMMA": 0.1, "TRUST_INC": 2, "TRUST_CUT_METHOD": 1, "HONEST_PARDON_FACTOR": 0.7, "LOG_LEVEL": "INFO", "JSON_RESULTS": true}, "mean_poison_class_acc": 87.515503875969, "mean_attack_srate": 3.0813953488372094, "total_accuracies": [47.46, 71.77, 83.27, 86.27, 88.48, 89.96, 89.99, 91.1, 90.59, 92.32, 92.78, 93.05, 93.13, 93.55, 93.36, 94.14, 93.74, 93.48, 93.53, 94.14, 94.82, 94.88, 94.71, 95.14, 94.66, 94.37, 95.11, 94.88, 95.3, 95.13], "class_accuracies": [[99.28571428571429, 92.33480176211454, 3.875968992248062, 51.28712871287129, 63.84928716904277, 25.0, 29.123173277661795, 17.898832684824903, 37.987679671457904, 47.968285431119924], [97.24489795918367, 98.59030837004406, 43.12015503875969, 92.97029702970298, 81.87372708757637, 61.43497757847533, 82.15031315240084, 87.7431906614786, 39.52772073921971, 29.236868186323093], [96.63265306122449, 98.32599118942731, 74.90310077519379, 88.7128712871287, 88.4928716904277, 66.4798206278027, 90.91858037578288, 91.82879377431907, 79.05544147843942, 54.31119920713578], [96.53061224489795, 97.88546255506608, 72.48062015503876, 89.70297029702971, 84.21588594704684, 85.08968609865471, 89.5615866388309, 91.43968871595331, 72.68993839835728, 81.66501486620416], [97.55102040816327, 97.26872246696036, 78.10077519379846, 89.8019801980198, 92.87169042769857, 81.61434977578476, 91.64926931106471, 92.50972762645914, 81.51950718685832, 80.47571853320119], [97.55102040816327, 97.44493392070484, 86.43410852713178, 90.0990099009901, 91.34419551934828, 82.28699551569507, 92.58872651356994, 91.05058365758755, 82.75154004106776, 86.42220019821606], [97.75510204081633, 97.88546255506608, 81.2984496124031, 91.18811881188118, 91.95519348268839, 83.96860986547085, 92.90187891440502, 90.56420233463035, 81.62217659137578, 89.39544103072349], [97.65306122448979, 97.88546255506608, 84.49612403100775, 90.29702970297029, 93.78818737270876, 88.67713004484305, 93.52818371607516, 91.63424124513618, 83.5728952772074, 88.60257680872151], [97.55102040816327, 98.14977973568281, 75.09689922480621, 93.56435643564356, 91.34419551934828, 84.64125560538116, 93.42379958246346, 91.53696498054475, 86.96098562628337, 92.56689791873141], [97.44897959183673, 98.76651982378854, 88.95348837209302, 92.77227722772277, 92.56619144602851, 86.65919282511211, 95.61586638830897, 92.21789883268482, 85.42094455852155, 91.47670961347869], [97.85714285714286, 98.59030837004406, 88.2751937984496, 93.06930693069307, 93.78818737270876, 89.01345291479821, 95.4070981210856, 93.48249027237354, 87.16632443531827, 90.18830525272547], [97.85714285714286, 98.41409691629956, 87.40310077519379, 91.08910891089108, 95.11201629327903, 90.80717488789237, 94.67640918580376, 92.60700389105058, 90.96509240246407, 90.98116947472745], [98.26530612244898, 98.76651982378854, 88.37209302325581, 92.57425742574257, 94.80651731160896, 90.69506726457399, 94.36325678496868, 93.09338521400778, 89.01437371663245, 90.58473736372646], [98.16326530612245, 98.59030837004406, 88.66279069767442, 94.95049504950495, 95.11201629327903, 90.35874439461884, 93.52818371607516, 93.19066147859922, 90.04106776180699, 92.07135777998018], [97.95918367346938, 98.23788546255507, 85.56201550387597, 94.25742574257426, 95.010183299389, 91.03139013452915, 94.05010438413362, 93.67704280155642, 91.17043121149898, 92.07135777998018], [97.34693877551021, 98.50220264317181, 92.34496124031008, 94.45544554455445, 93.89002036659878, 90.02242152466367, 96.5553235908142, 93.57976653696498, 91.58110882956879, 92.26957383548067], [97.65306122448979, 98.6784140969163, 87.6937984496124, 92.57425742574257, 94.29735234215886, 92.48878923766816, 95.4070981210856, 93.8715953307393, 90.14373716632444, 94.05351833498513], [98.26530612244898, 98.76651982378854, 82.75193798449612, 95.34653465346534, 95.31568228105907, 89.46188340807174, 95.4070981210856, 95.23346303501945, 90.04106776180699, 93.45887016848364], [98.46938775510205, 98.59030837004406, 81.68604651162791, 93.76237623762377, 94.90835030549898, 91.59192825112108, 95.19832985386222, 95.23346303501945, 91.37577002053388, 94.05351833498513], [98.57142857142857, 98.41409691629956, 86.9186046511628, 94.45544554455445, 94.19551934826885, 92.37668161434978, 95.92901878914405, 93.19066147859922, 92.09445585215606, 94.84638255698711], [98.16326530612245, 98.50220264317181, 93.31395348837209, 95.04950495049505, 95.11201629327903, 90.13452914798206, 96.45093945720251, 94.74708171206225, 93.22381930184805, 92.66600594648166], [98.36734693877551, 98.59030837004406, 93.02325581395348, 94.25742574257426, 94.80651731160896, 92.26457399103138, 96.24217118997912, 93.8715953307393, 92.09445585215606, 94.64816650148661], [98.06122448979592, 98.6784140969163, 91.18217054263566, 95.64356435643565, 96.43584521384929, 91.92825112107623, 96.5553235908142, 93.8715953307393, 90.55441478439425, 93.55797819623389], [98.26530612244898, 98.41409691629956, 92.82945736434108, 94.65346534653466, 95.72301425661914, 92.9372197309417, 96.24217118997912, 94.06614785992218, 93.83983572895278, 93.95441030723488], [98.06122448979592, 98.6784140969163, 87.1124031007752, 96.93069306930693, 95.92668024439918, 91.14349775784753, 95.92901878914405, 95.71984435797665, 92.40246406570841, 94.05351833498513], [98.06122448979592, 98.94273127753304, 84.10852713178295, 95.14851485148515, 96.63951120162933, 93.16143497757848, 96.34655532359082, 95.13618677042801, 91.78644763860369, 94.05351833498513], [98.6734693877551, 98.50220264317181, 89.05038759689923, 95.94059405940594, 95.11201629327903, 94.28251121076234, 96.03340292275574, 95.42801556420234, 93.01848049281314, 94.74727452923686], [98.26530612244898, 98.59030837004406, 88.75968992248062, 95.44554455445545, 96.13034623217922, 94.28251121076234, 95.92901878914405, 94.45525291828794, 91.9917864476386, 94.64816650148661], [97.95918367346938, 98.59030837004406, 93.12015503875969, 93.76237623762377, 95.62118126272912, 94.17040358744394, 96.5553235908142, 94.8443579766537, 93.1211498973306, 94.84638255698711], [98.57142857142857, 98.41409691629956, 89.43798449612403, 95.14851485148515, 96.13034623217922, 92.60089686098655, 95.72025052192066, 95.23346303501945, 94.45585215605749, 95.14370664023787]],