{"config": {"DATASET": "mnist", "TOTAL_CLIENTS": 100, "CLIENT_FRAC": 0.1, "POISON_FRAC": 0.1, "CREATE_DATASET": false, "RANDOM_DATA": true, "CLASS_RATIO": 10, "MODEL": "nnet", "LEARNING_RATE": 0.001, "BATCH_SIZE": 32, "LOCAL_EPOCHS": 3, "OPTIMIZER": "adam", "FED_ROUNDS": 30, "TEST_EVERY": 1, "RANDOM_PROCESS": true, "COS_DEFENCE": true, "SEL_METHOD": 1, "REDUCE_LR": 1, "COLLAB_MODE": true, "COLLAB_ALL": true, "CONSIDER_LAYERS": "l1", "GRAD_AGG": true, "FEATURE_FINDING_ALGO": "auror", "GRAD_COLLECTION_START": 0, "GRAD_COLLECT_FOR": -1, "CLUSTER_SEP": 0.005, "ALPHA": 0.8, "BETA": 0.8, "GAMMA": 0.1, "TRUST_INC": 2, "TRUST_CUT_METHOD": 2, "HONEST_PARDON_FACTOR": 0.99, "LOG_LEVEL": "INFO", "JSON_RESULTS": true}, "mean_poison_class_acc": 77.48546511627906, "mean_attack_srate": 3.3478682170542635, "total_accuracies": [16.69, 54.18, 55.32, 61.02, 64.88, 69.14, 76.07, 81.76, 82.37, 83.25, 85.18, 84.01, 85.36, 87.44, 85.4, 88.12, 86.17, 88.38, 88.78, 89.16, 90.18, 90.1, 89.68, 90.52, 89.85, 90.92, 90.72, 85.61, 91.35, 90.39], "class_accuracies": [[0.0, 0.0, 60.07751937984496, 0.0, 99.89816700610999, 0.0, 0.0, 6.614785992217898, 0.0, 0.0], [98.57142857142857, 99.29515418502203, 56.104651162790695, 76.33663366336634, 71.9959266802444, 0.0, 77.34864300626305, 51.264591439688715, 0.0, 0.0], [98.77551020408163, 99.11894273127753, 47.286821705426355, 84.85148514851485, 69.4501018329939, 0.0, 55.741127348643005, 85.40856031128405, 0.0, 0.0], [98.77551020408163, 99.29515418502203, 47.48062015503876, 84.55445544554455, 58.961303462321794, 29.820627802690584, 71.29436325678496, 31.6147859922179, 20.84188911704312, 60.158572844400396], [97.75510204081633, 99.29515418502203, 60.36821705426357, 86.93069306930693, 90.12219959266803, 14.461883408071749, 85.17745302713988, 73.83268482490273, 26.48870636550308, 5.450941526263628], [95.20408163265306, 97.88546255506608, 53.00387596899225, 74.05940594059406, 13.74745417515275, 77.46636771300449, 81.00208768267224, 61.86770428015564, 42.19712525667351, 91.77403369672943], [96.63265306122449, 98.94273127753304, 61.04651162790697, 87.62376237623762, 75.35641547861508, 65.5829596412556, 85.17745302713988, 79.28015564202335, 40.4517453798768, 66.6005946481665], [97.04081632653062, 95.85903083700441, 79.36046511627907, 74.55445544554455, 72.40325865580448, 75.89686098654708, 90.39665970772442, 84.3385214007782, 67.14579055441479, 78.29534192269574], [96.0204081632653, 96.56387665198238, 79.26356589147287, 81.38613861386139, 84.82688391038697, 72.86995515695067, 94.1544885177453, 84.24124513618678, 67.5564681724846, 64.51932606541129], [97.85714285714286, 96.65198237885463, 82.36434108527132, 80.79207920792079, 90.12219959266803, 73.99103139013452, 92.37995824634656, 89.10505836575875, 70.63655030800821, 56.39246778989098], [96.42857142857143, 95.06607929515418, 80.71705426356588, 82.47524752475248, 90.93686354378819, 76.68161434977578, 89.77035490605428, 84.72762645914396, 80.39014373716633, 73.0426164519326], [97.14285714285714, 98.32599118942731, 67.05426356589147, 83.46534653465346, 92.15885947046843, 79.37219730941705, 91.12734864300626, 85.21400778210116, 68.6858316221766, 76.01585728444005], [95.71428571428571, 95.94713656387665, 71.80232558139535, 80.0, 79.0224032586558, 83.74439461883408, 91.7536534446764, 83.56031128404669, 81.3141683778234, 89.89098116947473], [97.04081632653062, 96.91629955947137, 84.98062015503876, 81.58415841584159, 82.68839103869654, 86.43497757847534, 91.7536534446764, 87.7431906614786, 77.20739219712526, 86.81863230921705], [97.04081632653062, 95.33039647577093, 59.20542635658915, 89.10891089108911, 85.64154786150714, 79.82062780269058, 89.03966597077245, 84.63035019455253, 82.75154004106776, 90.58473736372646], [97.44897959183673, 95.59471365638767, 88.2751937984496, 87.12871287128714, 85.84521384928716, 82.847533632287, 91.44050104384134, 91.34241245136187, 75.35934291581108, 84.2418235877106], [97.55102040816327, 96.82819383259911, 64.05038759689923, 83.36633663366337, 94.60285132382892, 86.32286995515695, 89.66597077244259, 86.284046692607, 80.39014373716633, 82.3587710604559], [97.44897959183673, 95.94713656387665, 77.61627906976744, 89.60396039603961, 87.27087576374745, 81.95067264573991, 90.81419624217119, 85.3112840466926, 84.90759753593429, 91.77403369672943], [97.55102040816327, 97.62114537444934, 82.17054263565892, 91.08910891089108, 94.29735234215886, 81.05381165919283, 92.79749478079331, 86.57587548638132, 79.05544147843942, 84.0436075322101], [97.55102040816327, 95.77092511013215, 83.04263565891473, 90.0990099009901, 90.32586558044807, 81.16591928251121, 91.33611691022965, 84.8249027237354, 84.49691991786447, 91.67492566897918], [97.14285714285714, 97.00440528634361, 86.33720930232558, 90.0, 92.76985743380855, 82.62331838565022, 93.52818371607516, 92.50972762645914, 82.85420944558521, 85.53022794846383], [97.75510204081633, 97.62114537444934, 87.01550387596899, 89.60396039603961, 91.44602851323829, 85.08968609865471, 94.98956158663883, 90.27237354085604, 79.97946611909651, 85.92666005946482], [97.04081632653062, 97.09251101321586, 81.0077519379845, 89.8019801980198, 90.93686354378819, 87.5560538116592, 92.27557411273486, 90.85603112840467, 78.95277207392198, 90.28741328047572], [96.73469387755102, 96.12334801762114, 86.14341085271317, 88.41584158415841, 93.07535641547861, 79.5964125560538, 93.21503131524008, 91.63424124513618, 89.3223819301848, 89.39544103072349], [97.65306122448979, 97.97356828193833, 75.87209302325581, 90.5940594059406, 93.27902240325865, 84.30493273542601, 92.58872651356994, 90.46692607003891, 83.9835728952772, 90.68384539147671], [97.75510204081633, 96.38766519823788, 90.40697674418605, 90.1980198019802, 95.51934826883911, 83.74439461883408, 95.09394572025052, 89.10505836575875, 83.16221765913758, 86.62041625371656], [96.3265306122449, 96.38766519823788, 83.81782945736434, 91.2871287128713, 92.15885947046843, 88.45291479820628, 93.94572025052192, 89.10505836575875, 85.62628336755647, 89.49454905847374], [97.34693877551021, 97.26872246696036, 38.85658914728682, 89.5049504950495, 94.39918533604887, 88.11659192825113, 89.77035490605428, 86.47859922178988, 83.47022587268994, 91.47670961347869], [97.75510204081633, 97.88546255506608, 84.98062015503876, 90.79207920792079, 94.70468431771894, 87.89237668161435, 94.98956158663883, 91.24513618677042, 84.18891170431212, 88.20614469772052], [97.34693877551021, 97.09251101321586, 76.35658914728683, 90.0990099009901, 92.36252545824847, 86.65919282511211, 94.78079331941545, 88.61867704280155, 87.16632443531827, 92.86422200198216]],