{"config": {"DATASET": "mnist", "TOTAL_CLIENTS": 100, "CLIENT_FRAC": 0.2, "POISON_FRAC": 0.1, "CREATE_DATASET": true, "RANDOM_DATA": true, "CLASS_RATIO": 10, "MODEL": "nnet", "LEARNING_RATE": 0.001, "BATCH_SIZE": 32, "LOCAL_EPOCHS": 10, "OPTIMIZER": "adam", "FED_ROUNDS": 30, "TEST_EVERY": 1, "RANDOM_PROCESS": false, "COS_DEFENCE": false, "SEL_METHOD": 1, "REDUCE_LR": 1, "COLLAB_MODE": true, "COLLAB_ALL": true, "CONSIDER_LAYERS": "l1", "GRAD_AGG": true, "FEATURE_FINDING_ALGO": "auror", "GRAD_COLLECTION_START": 0, "GRAD_COLLECT_FOR": -1, "CLUSTER_SEP": 0.02, "ALPHA": 0.8, "BETA": 0.8, "GAMMA": 0.1, "TRUST_INC": 2, "TRUST_CUT_METHOD": 1, "HONEST_PARDON_FACTOR": 0.8, "TRUST_MODIFY_STRATEGY": 1, "LOG_LEVEL": "INFO", "JSON_RESULTS": true}, "mean_poison_class_acc": 84.13178294573643, "avg_accs": [52.37, 74.3, 83.32, 87.02, 88.01, 89.54, 89.75, 89.83, 91.24, 90.8, 92.5, 91.27, 93.04, 92.39, 94.05, 93.51, 94.48, 93.49, 93.85, 93.99, 94.32, 93.43, 94.25, 94.46, 93.03, 94.8, 94.86, 93.9, 95.21, 95.26], "avg_precisions": [0.6973104051617691, 0.7807536370841043, 0.8441473507899842, 0.8731681734838598, 0.882407527227938, 0.8967433856756157, 0.9000404798589757, 0.9011105217006561, 0.9138881240459823, 0.9104483400631521, 0.9256763941434513, 0.9155386662545639, 0.9310434878517202, 0.9257809020815037, 0.9406748083858474, 0.9361205184702241, 0.9449531734332308, 0.9360478812885387, 0.9392934842544839, 0.9406496489705644, 0.943910108131176, 0.9357336531211233, 0.94324700750429, 0.9453859595288517, 0.9327971721883814, 0.9486322220836133, 0.9492053774332119, 0.9406911135998087, 0.9525079386741007, 0.9530860762653247], "avg_recalls": [0.5237, 0.743, 0.8332, 0.8702, 0.8801, 0.8954, 0.8975, 0.8983, 0.9124, 0.908, 0.925, 0.9127, 0.9304, 0.9239, 0.9405, 0.9351, 0.9448, 0.9349, 0.9385, 0.9399, 0.9432, 0.9343, 0.9425, 0.9446, 0.9303, 0.948, 0.9486, 0.939, 0.9521, 0.9526], "avg_f1_scores": [