{"config": {"DATASET": "mnist", "TOTAL_CLIENTS": 100, "CLIENT_FRAC": 0.2, "POISON_FRAC": 0.2, "CREATE_DATASET": true, "RANDOM_DATA": true, "CLASS_RATIO": 10, "MODEL": "nnet", "LEARNING_RATE": 0.001, "BATCH_SIZE": 32, "LOCAL_EPOCHS": 10, "OPTIMIZER": "adam", "FED_ROUNDS": 30, "TEST_EVERY": 1, "RANDOM_PROCESS": false, "COS_DEFENCE": false, "SEL_METHOD": 1, "REDUCE_LR": 1, "COLLAB_MODE": true, "COLLAB_ALL": true, "CONSIDER_LAYERS": "l1", "GRAD_AGG": true, "FEATURE_FINDING_ALGO": "auror", "GRAD_COLLECTION_START": 0, "GRAD_COLLECT_FOR": -1, "CLUSTER_SEP": 0.002, "ALPHA": 0.8, "BETA": 0.8, "GAMMA": 0.1, "TRUST_INC": 2, "TRUST_CUT_METHOD": 1, "HONEST_PARDON_FACTOR": 0.7, "LOG_LEVEL": "INFO", "JSON_RESULTS": true}, "mean_poison_class_acc": 73.56589147286822, "mean_attack_srate": 3.213178294573644, "total_accuracies": [51.0, 70.39, 82.56, 86.35, 88.19, 86.91, 89.71, 88.75, 88.97, 90.04, 90.72, 90.88, 92.92, 92.21, 91.77, 91.55, 91.02, 93.69, 93.35, 93.66, 93.21, 93.27, 93.92, 93.62, 91.97, 95.03, 93.37, 95.25, 89.01, 95.04], "class_accuracies": [[97.95918367346938, 99.55947136563877, 0.4844961240310077, 57.32673267326733, 80.85539714867618, 25.44843049327354, 16.17954070981211, 75.38910505836576, 48.76796714579056, 0.0], [98.06122448979592, 98.6784140969163, 32.65503875968992, 77.92079207920793, 93.17718940936864, 80.26905829596413, 83.92484342379959, 85.7976653696498, 37.26899383983573, 15.262636273538156], [96.22448979591837, 98.59030837004406, 64.53488372093024, 81.2871287128713, 94.09368635437882, 78.69955156950672, 94.36325678496868, 90.07782101167315, 72.58726899383984, 53.91476709613479], [96.93877551020408, 97.79735682819383, 71.02713178294573, 85.34653465346534, 91.0386965376782, 86.43497757847534, 92.48434237995825, 89.2023346303502, 73.61396303901438, 78.79088206144698], [97.24489795918367, 97.79735682819383, 76.35658914728683, 88.11881188118812, 95.51934826883911, 81.61434977578476, 94.05010438413362, 91.34241245136187, 79.46611909650925, 79.08820614469772], [97.44897959183673, 97.00440528634361, 56.78294573643411, 88.41584158415841, 94.09368635437882, 83.40807174887892, 92.37995824634656, 89.78599221789884, 81.00616016427105, 88.30525272547077], [97.95918367346938, 98.32599118942731, 80.71705426356588, 89.9009900990099, 95.62118126272912, 89.12556053811659, 93.1106471816284, 89.59143968871595, 81.00616016427105, 81.07036669970267], [97.85714285714286, 98.06167400881057, 67.34496124031008, 90.89108910891089, 96.84317718940937, 86.54708520179372, 91.9624217118998, 91.43968871595331, 79.7741273100616, 86.12487611496532], [97.95918367346938, 97.5330396475771, 61.04651162790697, 88.01980198019803, 93.89002036659878, 88.11659192825113, 93.84133611691023, 90.56420233463035, 87.37166324435319, 91.37760158572844], [97.95918367346938, 97.88546255506608, 69.76744186046511, 92.97029702970298, 95.92668024439918, 86.54708520179372, 93.84133611691023, 91.63424124513618, 85.01026694045174, 88.30525272547077], [98.06122448979592, 98.32599118942731, 71.70542635658914, 92.37623762376238, 96.5376782077393, 89.68609865470852, 94.67640918580376, 92.12062256809338, 84.59958932238193, 88.800792864222], [97.85714285714286, 98.41409691629956, 70.44573643410853, 93.56435643564356, 96.94501018329939, 90.47085201793722, 95.19832985386222, 92.02334630350195, 86.96098562628337, 86.81863230921705], [97.85714285714286, 98.6784140969163, 87.1124031007752, 93.46534653465346, 95.92668024439918, 89.79820627802691, 96.76409185803757, 94.06614785992218, 88.09034907597535, 86.7195242814668], [97.85714285714286, 98.50220264317181, 75.87209302325581, 93.96039603960396, 95.72301425661914, 88.2286995515695, 95.72025052192066, 94.26070038910505, 90.34907597535934, 91.0802775024777], [98.16326530612245, 98.23788546255507, 69.67054263565892, 94.75247524752476, 96.43584521384929, 91.92825112107623, 95.30271398747391, 93.8715953307393, 88.91170431211499, 90.48562933597621], [97.95918367346938, 98.6784140969163, 66.66666666666667, 93.26732673267327, 93.38085539714868, 92.71300448430493, 94.78079331941545, 94.55252918287938, 89.52772073921972, 94.05351833498513], [97.95918367346938, 98.32599118942731, 60.27131782945737, 95.54455445544555, 95.92668024439918, 88.90134529147981, 96.5553235908142, 93.67704280155642, 90.96509240246407, 92.17046580773042], [98.06122448979592, 98.6784140969163, 83.81782945736434, 93.66336633663366, 95.31568228105907, 92.9372197309417, 95.82463465553236, 94.16342412451363, 90.24640657084188, 93.85530227948463], [98.06122448979592, 98.59030837004406, 80.71705426356588, 92.77227722772277, 96.43584521384929, 92.9372197309417, 96.65970772442589, 93.77431906614785, 91.06776180698152, 92.36868186323092], [97.75510204081633, 98.76651982378854, 80.9108527131783, 93.96039603960396, 96.43584521384929, 92.9372197309417, 96.65970772442589, 94.55252918287938, 92.19712525667352, 92.26957383548067], [98.46938775510205, 98.6784140969163, 76.74418604651163, 94.25742574257426, 96.23217922606925, 93.38565022421524, 95.82463465553236, 94.74708171206225, 90.55441478439425, 93.1615460852329], [98.16326530612245, 98.76651982378854, 76.84108527131782, 94.15841584158416, 96.23217922606925, 93.04932735426009, 95.4070981210856, 94.26070038910505, 93.01848049281314, 92.76511397423191], [98.36734693877551, 98.8546255506608, 81.4922480620155, 94.45544554455445, 96.23217922606925, 93.49775784753363, 97.28601252609603, 95.13618677042801, 91.88911704312115, 91.87314172447968], [98.6734693877551, 98.8546255506608, 77.32558139534883, 95.54455445544555, 97.04684317718942, 93.27354260089686, 96.5553235908142, 94.8443579766537, 92.81314168377824, 91.2784935579782], [98.06122448979592, 98.50220264317181, 62.7906976744186, 94.95049504950495, 96.74134419551935, 94.28251121076234, 95.09394572025052, 94.16342412451363, 93.22381930184805, 92.46778989098117], [98.06122448979592, 98.6784140969163, 91.27906976744185, 94.35643564356435, 97.14867617107943, 95.73991031390135, 96.24217118997912, 94.45525291828794, 92.60780287474333, 91.57581764122894], [98.77551020408163, 98.6784140969163, 75.5813953488372, 96.23762376237623, 96.84317718940937, 93.16143497757848, 95.92901878914405, 95.13618677042801, 91.27310061601642, 92.07135777998018], [98.16326530612245, 98.50220264317181, 93.12015503875969, 95.84158415841584, 96.23217922606925, 90.69506726457399, 97.7035490605428, 94.94163424124514, 94.6611909650924, 91.97224975222993], [98.36734693877551, 98.59030837004406, 32.46124031007752, 95.94059405940594, 96.23217922606925, 92.9372197309417, 95.72025052192066, 93.96887159533074, 93.73716632443532, 93.55797819623389], [98.06122448979592, 98.59030837004406, 88.66279069767442, 95.84158415841584, 96.43584521384929, 92.04035874439462, 97.49478079331942, 95.42801556420234, 94.96919917864476, 92.46778989098117]],