{"config": {"DATASET": "mnist", "TOTAL_CLIENTS": 100, "CLIENT_FRAC": 0.1, "POISON_FRAC": 0.1, "CREATE_DATASET": true, "RANDOM_DATA": true, "CLASS_RATIO": 10, "MODEL": "nnet", "LEARNING_RATE": 0.001, "BATCH_SIZE": 32, "LOCAL_EPOCHS": 10, "OPTIMIZER": "adam", "FED_ROUNDS": 30, "TEST_EVERY": 1, "RANDOM_PROCESS": false, "COS_DEFENCE": false, "SEL_METHOD": 1, "REDUCE_LR": 1, "COLLAB_MODE": true, "COLLAB_ALL": true, "CONSIDER_LAYERS": "l1", "GRAD_AGG": true, "FEATURE_FINDING_ALGO": "auror", "GRAD_COLLECTION_START": 0, "GRAD_COLLECT_FOR": -1, "CLUSTER_SEP": 0.005, "ALPHA": 0.8, "BETA": 0.8, "GAMMA": 0.1, "TRUST_INC": 2, "TRUST_CUT_METHOD": 1, "HONEST_PARDON_FACTOR": 0.8, "LOG_LEVEL": "INFO", "JSON_RESULTS": true}, "mean_poison_class_acc": 81.93798449612403, "mean_attack_srate": 3.0959302325581395, "total_accuracies": [44.84, 73.25, 85.57, 86.98, 88.78, 89.89, 89.12, 90.67, 92.07, 88.79, 91.84, 93.35, 92.16, 92.83, 92.38, 94.28, 91.86, 93.66, 86.54, 94.48, 93.56, 94.97, 93.38, 94.37, 94.42, 95.52, 94.9, 93.66, 95.06, 95.15], "class_accuracies": [[98.9795918367347, 99.73568281938326, 0.9689922480620154, 22.77227722772277, 23.727087576374746, 24.55156950672646, 23.799582463465555, 75.68093385214007, 47.74127310061601, 21.704658077304263], [96.83673469387755, 97.70925110132158, 38.08139534883721, 83.96039603960396, 95.11201629327903, 74.88789237668162, 88.10020876826722, 82.49027237354086, 56.05749486652977, 18.434093161546084], [96.63265306122449, 96.74008810572687, 73.15891472868218, 85.54455445544555, 86.35437881873727, 79.26008968609865, 91.44050104384134, 87.64591439688716, 75.35934291581108, 81.9623389494549], [96.73469387755102, 96.56387665198238, 71.70542635658914, 87.82178217821782, 92.4643584521385, 76.5695067264574, 94.98956158663883, 88.61867704280155, 81.21149897330595, 81.66501486620416], [97.14285714285714, 96.0352422907489, 79.84496124031008, 84.45544554455445, 92.4643584521385, 83.85650224215247, 93.73695198329854, 89.29961089494164, 86.13963039014374, 84.0436075322101], [96.63265306122449, 98.41409691629956, 86.04651162790698, 89.20792079207921, 91.95519348268839, 83.85650224215247, 94.36325678496868, 91.24513618677042, 77.92607802874743, 87.61149653121903], [97.34693877551021, 98.14977973568281, 75.3875968992248, 88.81188118811882, 97.35234215885947, 86.65919282511211, 93.63256784968685, 89.98054474708171, 82.03285420944559, 81.16947472745292], [97.75510204081633, 97.00440528634361, 80.32945736434108, 90.79207920792079, 94.09368635437882, 89.23766816143498, 93.1106471816284, 91.43968871595331, 83.26488706365502, 89.09811694747275], [97.14285714285714, 97.26872246696036, 90.79457364341086, 89.20792079207921, 95.41751527494908, 89.01345291479821, 96.03340292275574, 91.82879377431907, 84.70225872689939, 88.50346878097126], [97.85714285714286, 97.79735682819383, 53.19767441860465, 89.70297029702971, 94.80651731160896, 89.46188340807174, 96.5553235908142, 93.3852140077821, 85.52361396303901, 89.99008919722498], [98.06122448979592, 97.79735682819383, 82.55813953488372, 93.66336633663366, 92.36252545824847, 90.69506726457399, 94.258872651357, 91.147859922179, 83.16221765913758, 94.05351833498513], [97.85714285714286, 97.3568281938326, 93.6046511627907, 91.98019801980197, 96.33401221995926, 91.4798206278027, 95.09394572025052, 92.50972762645914, 87.67967145790554, 88.9990089197225], [97.65306122448979, 97.70925110132158, 76.55038759689923, 93.06930693069307, 95.62118126272912, 90.91928251121077, 95.30271398747391, 94.06614785992218, 88.70636550308008, 91.77403369672943], [98.26530612244898, 98.50220264317181, 82.75193798449612, 94.25742574257426, 96.13034623217922, 90.5829596412556, 96.45093945720251, 93.8715953307393, 86.75564681724846, 90.18830525272547], [98.36734693877551, 98.14977973568281, 77.13178294573643, 93.86138613861387, 97.25050916496944, 93.27354260089686, 95.19832985386222, 93.67704280155642, 87.57700205338809, 89.29633300297324], [97.95918367346938, 97.5330396475771, 93.21705426356588, 92.97029702970298, 95.62118126272912, 93.60986547085201, 95.09394572025052, 93.77431906614785, 90.4517453798768, 92.17046580773042], [97.65306122448979, 98.94273127753304, 71.12403100775194, 93.16831683168317, 95.51934826883911, 93.72197309417041, 96.13778705636743, 93.48249027237354, 87.06365503080082, 91.87314172447968], [98.26530612244898, 97.5330396475771, 84.10852713178295, 95.44554455445545, 94.90835030549898, 92.82511210762331, 94.88517745302714, 93.28793774319067, 91.27310061601642, 93.85530227948463], [98.16326530612245, 98.41409691629956, 16.666666666666668, 93.46534653465346, 96.5376782077393, 94.73094170403587, 93.94572025052192, 92.99610894941634, 89.73305954825462, 92.76511397423191], [98.06122448979592, 97.79735682819383, 93.8953488372093, 93.66336633663366, 95.62118126272912, 92.60089686098655, 96.5553235908142, 92.31517509727627, 92.60780287474333, 91.2784935579782], [98.87755102040816, 97.97356828193833, 80.71705426356588, 93.86138613861387, 94.19551934826885, 93.60986547085201, 95.4070981210856, 93.3852140077821, 94.25051334702259, 93.3597621407334], [97.85714285714286, 97.79735682819383, 94.96124031007751, 94.95049504950495, 96.33401221995926, 92.82511210762331, 95.30271398747391, 93.96887159533074, 91.58110882956879, 93.55797819623389], [97.44897959183673, 98.59030837004406, 78.29457364341086, 95.04950495049505, 96.43584521384929, 94.17040358744394, 95.61586638830897, 95.42801556420234, 91.88911704312115, 90.8820614469772], [98.26530612244898, 98.41409691629956, 84.39922480620154, 96.73267326732673, 96.84317718940937, 93.60986547085201, 96.34655532359082, 94.8443579766537, 91.9917864476386, 92.07135777998018], [98.26530612244898, 98.59030837004406, 85.94961240310077, 95.34653465346534, 95.21384928716904, 95.06726457399103, 95.61586638830897, 95.3307392996109, 90.24640657084188, 94.35084241823587], [98.6734693877551, 98.32599118942731, 95.15503875968992, 95.14851485148515, 96.33401221995926, 93.72197309417041, 95.82463465553236, 95.13618677042801, 93.32648870636551, 93.06243805748265], [98.36734693877551, 98.06167400881057, 89.53488372093024, 96.13861386138613, 95.62118126272912, 92.26457399103138, 96.03340292275574, 94.45525291828794, 93.42915811088295, 94.64816650148661], [98.57142857142857, 98.41409691629956, 77.90697674418605, 96.33663366336634, 95.92668024439918, 93.72197309417041, 94.46764091858037, 95.62256809338521, 92.50513347022587, 93.06243805748265], [98.46938775510205, 99.03083700440529, 90.01937984496124, 94.65346534653466, 96.5376782077393, 95.17937219730942, 95.82463465553236, 95.23346303501945, 91.68377823408625, 93.65708622398414], [98.46938775510205, 97.97356828193833, 90.21317829457364, 95.34653465346534, 95.21384928716904, 94.28251121076234, 95.4070981210856, 95.91439688715953, 93.42915811088295, 94.94549058473736]],