{"config": {"DATASET": "mnist", "TOTAL_CLIENTS": 100, "CLIENT_FRAC": 0.1, "POISON_FRAC": 0.1, "CREATE_DATASET": true, "RANDOM_DATA": true, "CLASS_RATIO": 10, "MODEL": "nnet", "LEARNING_RATE": 0.001, "BATCH_SIZE": 32, "LOCAL_EPOCHS": 3, "OPTIMIZER": "adam", "FED_ROUNDS": 30, "TEST_EVERY": 1, "RANDOM_PROCESS": true, "COS_DEFENCE": true, "SEL_METHOD": 1, "REDUCE_LR": 1, "COLLAB_MODE": true, "COLLAB_ALL": true, "CONSIDER_LAYERS": "l1", "GRAD_AGG": true, "FEATURE_FINDING_ALGO": "auror", "GRAD_COLLECTION_START": 0, "GRAD_COLLECT_FOR": -1, "CLUSTER_SEP": 0.005, "ALPHA": 0.8, "BETA": 0.8, "GAMMA": 0.1, "TRUST_INC": 2, "TRUST_CUT_METHOD": 2, "HONEST_PARDON_FACTOR": 0.99, "LOG_LEVEL": "INFO", "JSON_RESULTS": true}, "mean_poison_class_acc": 82.8827519379845, "mean_attack_srate": 3.1686046511627906, "total_accuracies": [33.55, 37.29, 57.53, 59.77, 71.07, 71.53, 77.88, 79.44, 83.23, 83.89, 83.92, 85.25, 86.18, 86.69, 86.73, 87.3, 88.53, 88.43, 89.13, 89.1, 88.97, 88.8, 89.54, 90.1, 90.0, 89.86, 89.83, 90.73, 91.29, 91.53], "class_accuracies": [[0.0, 28.898678414096917, 93.7984496124031, 72.07920792079207, 43.17718940936864, 0.0, 0.0, 88.2295719844358, 0.0, 0.0], [96.63265306122449, 99.8237885462555, 71.41472868217055, 43.16831683168317, 1.120162932790224, 0.0, 2.5052192066805845, 23.054474708171206, 0.0, 20.218037661050545], [98.6734693877551, 99.47136563876651, 55.03875968992248, 66.73267326732673, 38.90020366598778, 4.820627802690583, 65.65762004175366, 86.96498054474708, 0.2053388090349076, 46.08523290386521], [96.73469387755102, 99.20704845814979, 55.03875968992248, 78.7128712871287, 18.126272912423627, 3.811659192825112, 91.54488517745303, 43.77431906614786, 14.373716632443532, 85.33201189296334], [95.0, 97.79735682819383, 59.20542635658915, 77.72277227722772, 96.33401221995926, 47.869955156950674, 86.53444676409185, 71.88715953307393, 60.47227926078029, 13.875123885034688], [98.6734693877551, 98.76651982378854, 58.52713178294574, 88.41584158415841, 47.657841140529534, 25.7847533632287, 84.13361169102296, 78.79377431906615, 39.630390143737166, 86.02576808721507], [97.34693877551021, 97.09251101321586, 77.61627906976744, 84.95049504950495, 74.74541751527495, 37.89237668161435, 91.9624217118998, 88.91050583657588, 73.71663244353182, 48.364717542120914], [96.42857142857143, 94.27312775330397, 62.7906976744186, 75.54455445544555, 86.55804480651732, 67.152466367713, 91.02296450939457, 88.715953307393, 84.08624229979466, 46.18434093161546], [95.81632653061224, 96.56387665198238, 77.61627906976744, 81.08910891089108, 70.061099796334, 65.24663677130044, 92.90187891440502, 88.03501945525292, 79.46611909650925, 82.1605550049554], [96.73469387755102, 97.00440528634361, 79.55426356589147, 75.84158415841584, 85.03054989816701, 83.85650224215247, 89.97912317327766, 89.6887159533074, 71.14989733059548, 68.6818632309217], [96.22448979591837, 95.94713656387665, 78.97286821705427, 88.41584158415841, 65.27494908350306, 67.82511210762331, 92.48434237995825, 87.15953307392996, 74.64065708418892, 88.89990089197225], [96.63265306122449, 94.27312775330397, 80.42635658914729, 85.14851485148515, 90.32586558044807, 78.69955156950672, 91.64926931106471, 86.96498054474708, 79.46611909650925, 67.69078295341923], [97.65306122448979, 95.77092511013215, 83.72093023255815, 86.23762376237623, 90.83503054989816, 76.12107623318386, 91.8580375782881, 88.2295719844358, 77.72073921971253, 71.75421209117938], [96.0204081632653, 95.06607929515418, 80.23255813953489, 89.9009900990099, 88.4928716904277, 83.18385650224215, 89.77035490605428, 89.59143968871595, 72.38193018480493, 80.87215064420218], [95.91836734693878, 92.95154185022027, 80.81395348837209, 82.97029702970298, 90.22403258655804, 75.89686098654708, 92.90187891440502, 84.24124513618678, 85.52361396303901, 84.63825569871159], [96.63265306122449, 95.24229074889868, 79.36046511627907, 89.10891089108911, 90.52953156822811, 80.82959641255606, 92.58872651356994, 85.60311284046692, 76.79671457905545, 85.0346878097126], [96.73469387755102, 96.12334801762114, 83.72093023255815, 85.64356435643565, 86.15071283095723, 82.62331838565022, 92.27557411273486, 90.27237354085604, 83.9835728952772, 86.42220019821606], [97.95918367346938, 95.33039647577093, 80.9108527131783, 87.82178217821782, 90.83503054989816, 83.18385650224215, 91.02296450939457, 90.6614785992218, 83.5728952772074, 81.9623389494549], [97.04081632653062, 95.94713656387665, 88.0813953488372, 89.5049504950495, 89.81670061099797, 83.6322869955157, 92.58872651356994, 87.06225680933852, 81.10882956878851, 85.23290386521309], [96.83673469387755, 95.24229074889868, 85.65891472868218, 89.70297029702971, 88.4928716904277, 79.37219730941705, 92.90187891440502, 88.61867704280155, 82.34086242299794, 90.18830525272547], [96.63265306122449, 94.27312775330397, 83.23643410852713, 86.33663366336634, 91.5478615071283, 83.07174887892377, 92.17118997912317, 89.29961089494164, 83.26488706365502, 88.89990089197225], [95.91836734693878, 96.38766519823788, 79.55426356589147, 88.61386138613861, 87.27087576374745, 86.09865470852019, 91.02296450939457, 86.7704280155642, 83.16221765913758, 92.26957383548067], [96.22448979591837, 95.24229074889868, 85.75581395348837, 88.81188118811882, 90.83503054989816, 82.73542600896862, 93.1106471816284, 85.99221789883268, 84.90759753593429, 90.68384539147671], [98.26530612244898, 96.91629955947137, 85.65891472868218, 89.8019801980198, 91.34419551934828, 85.42600896860986, 92.48434237995825, 91.43968871595331, 81.3141683778234, 87.1159563924678], [97.55102040816327, 95.68281938325991, 82.07364341085271, 91.68316831683168, 92.4643584521385, 83.74439461883408, 92.48434237995825, 88.52140077821012, 85.83162217659138, 88.9990089197225], [97.85714285714286, 96.65198237885463, 79.16666666666667, 87.22772277227723, 91.44602851323829, 83.18385650224215, 94.1544885177453, 92.21789883268482, 87.67967145790554, 88.00792864222002], [97.24489795918367, 97.00440528634361, 78.29457364341086, 86.33663366336634, 94.39918533604887, 85.98654708520179, 94.88517745302714, 89.29961089494164, 87.26899383983573, 87.01684836471755], [97.55102040816327, 96.29955947136564, 82.65503875968992, 89.4059405940594, 92.36252545824847, 89.12556053811659, 93.52818371607516, 90.85603112840467, 86.652977412731, 88.40436075322101], [97.95918367346938, 96.91629955947137, 89.72868217054264, 90.89108910891089, 92.9735234215886, 86.21076233183857, 95.19832985386222, 89.10505836575875, 84.29158110882958, 88.60257680872151], [97.65306122448979, 96.74008810572687, 89.63178294573643, 92.37623762376238, 91.5478615071283, 88.90134529147981, 94.46764091858037, 88.91050583657588, 83.9835728952772, 90.28741328047572]],