{"config": {"DATASET": "mnist", "TOTAL_CLIENTS": 100, "CLIENT_FRAC": 0.1, "POISON_FRAC": 0.2, "CREATE_DATASET": false, "RANDOM_DATA": true, "CLASS_RATIO": 10, "MODEL": "nnet", "LEARNING_RATE": 0.001, "BATCH_SIZE": 32, "LOCAL_EPOCHS": 10, "OPTIMIZER": "adam", "FED_ROUNDS": 30, "TEST_EVERY": 1, "RANDOM_PROCESS": false, "COS_DEFENCE": true, "SEL_METHOD": 1, "REDUCE_LR": 1, "COLLAB_MODE": true, "COLLAB_ALL": true, "CONSIDER_LAYERS": "l1", "GRAD_AGG": true, "FEATURE_FINDING_ALGO": "auror", "GRAD_COLLECTION_START": 0, "GRAD_COLLECT_FOR": -1, "CLUSTER_SEP": 0.005, "ALPHA": 0.8, "BETA": 0.8, "GAMMA": 0.1, "TRUST_INC": 2, "TRUST_CUT_METHOD": 1, "HONEST_PARDON_FACTOR": 0.7, "LOG_LEVEL": "INFO", "JSON_RESULTS": true}, "mean_poison_class_acc": 83.44961240310077, "mean_attack_srate": 3.1153100775193794, "total_accuracies": [42.29, 74.28, 81.73, 86.48, 87.28, 89.78, 88.79, 90.69, 90.4, 87.98, 92.04, 91.7, 91.94, 92.59, 91.39, 93.22, 93.61, 94.14, 93.54, 90.92, 93.39, 93.06, 93.61, 94.03, 94.78, 94.43, 94.28, 93.19, 94.95, 94.91], "class_accuracies": [[99.59183673469387, 92.51101321585904, 0.0, 45.94059405940594, 49.287169042769854, 1.5695067264573992, 37.36951983298539, 1.264591439688716, 0.0, 86.22398414271557], [96.22448979591837, 98.6784140969163, 41.86046511627907, 91.68316831683168, 86.55804480651732, 58.18385650224215, 87.78705636743216, 84.72762645914396, 50.30800821355236, 43.21110009910803], [95.71428571428571, 98.32599118942731, 49.127906976744185, 88.7128712871287, 87.78004073319755, 75.33632286995515, 92.69311064718163, 85.60311284046692, 72.68993839835728, 69.97026759167493], [96.73469387755102, 96.56387665198238, 69.0891472868217, 88.41584158415841, 87.57637474541751, 78.36322869955157, 94.36325678496868, 88.715953307393, 79.36344969199179, 84.2418235877106], [96.63265306122449, 96.82819383259911, 66.37596899224806, 87.52475247524752, 93.68635437881873, 85.31390134529148, 92.90187891440502, 88.61867704280155, 84.08624229979466, 80.47571853320119], [96.83673469387755, 98.32599118942731, 84.01162790697674, 88.31683168316832, 90.83503054989816, 85.53811659192826, 94.258872651357, 90.75875486381322, 80.69815195071868, 86.9177403369673], [96.83673469387755, 98.50220264317181, 74.4186046511628, 88.7128712871287, 96.84317718940937, 87.4439461883408, 94.258872651357, 88.2295719844358, 80.49281314168378, 81.56590683845391], [97.24489795918367, 97.3568281938326, 85.36821705426357, 89.5049504950495, 93.68635437881873, 90.5829596412556, 92.27557411273486, 89.78599221789884, 82.85420944558521, 87.61149653121903], [97.85714285714286, 97.44493392070484, 74.6124031007752, 88.31683168316832, 94.80651731160896, 89.34977578475336, 94.88517745302714, 90.56420233463035, 86.13963039014374, 89.79187314172448], [98.26530612244898, 97.97356828193833, 47.189922480620154, 91.18811881188118, 94.29735234215886, 88.2286995515695, 96.03340292275574, 92.02334630350195, 84.59958932238193, 90.38652130822597], [97.95918367346938, 98.94273127753304, 83.43023255813954, 91.88118811881188, 92.76985743380855, 88.78923766816143, 94.88517745302714, 92.31517509727627, 86.24229979466119, 92.26957383548067], [97.95918367346938, 98.76651982378854, 80.71705426356588, 91.38613861386139, 95.92668024439918, 93.16143497757848, 93.31941544885177, 90.85603112840467, 87.26899383983573, 87.41328047571854], [98.16326530612245, 98.50220264317181, 79.65116279069767, 91.38613861386139, 95.82484725050917, 93.27354260089686, 95.09394572025052, 93.96887159533074, 86.652977412731, 86.7195242814668], [98.06122448979592, 98.8546255506608, 85.56201550387597, 93.36633663366337, 93.48268839103869, 90.69506726457399, 94.78079331941545, 90.36964980544747, 86.75564681724846, 93.26065411298315], [98.26530612244898, 98.6784140969163, 73.64341085271317, 93.36633663366337, 96.43584521384929, 92.48878923766816, 93.63256784968685, 91.73151750972762, 85.93429158110882, 89.59365708622398], [98.16326530612245, 98.94273127753304, 85.75581395348837, 92.47524752475248, 93.07535641547861, 92.152466367713, 96.03340292275574, 92.50972762645914, 89.42505133470226, 93.1615460852329], [98.26530612244898, 98.6784140969163, 88.0813953488372, 93.66336633663366, 93.17718940936864, 91.14349775784753, 94.98956158663883, 91.24513618677042, 92.19712525667352, 94.05351833498513], [97.95918367346938, 98.59030837004406, 92.15116279069767, 93.86138613861387, 94.90835030549898, 91.81614349775785, 96.34655532359082, 91.43968871595331, 90.65708418891171, 93.06243805748265], [98.06122448979592, 98.76651982378854, 84.49612403100775, 94.45544554455445, 94.09368635437882, 92.48878923766816, 96.34655532359082, 94.16342412451363, 89.93839835728953, 92.17046580773042], [98.26530612244898, 99.11894273127753, 59.30232558139535, 94.05940594059406, 95.51934826883911, 92.26457399103138, 95.4070981210856, 91.63424124513618, 92.09445585215606, 91.97224975222993], [97.65306122448979, 98.94273127753304, 82.84883720930233, 93.86138613861387, 95.31568228105907, 94.17040358744394, 95.51148225469728, 92.8988326848249, 89.73305954825462, 92.76511397423191], [97.44897959183673, 98.94273127753304, 78.58527131782945, 95.64356435643565, 95.72301425661914, 90.47085201793722, 96.24217118997912, 94.3579766536965, 90.4517453798768, 92.26957383548067], [98.16326530612245, 98.6784140969163, 83.43023255813954, 93.76237623762377, 95.010183299389, 92.9372197309417, 96.03340292275574, 92.70428015564202, 90.55441478439425, 94.54905847373637], [98.57142857142857, 98.76651982378854, 86.43410852713178, 93.26732673267327, 96.33401221995926, 94.95515695067265, 94.98956158663883, 93.57976653696498, 92.19712525667352, 91.0802775024777], [98.06122448979592, 98.6784140969163, 89.82558139534883, 95.24752475247524, 96.84317718940937, 93.38565022421524, 97.18162839248434, 92.60700389105058, 93.42915811088295, 92.26957383548067], [98.06122448979592, 98.8546255506608, 88.85658914728683, 94.85148514851485, 96.13034623217922, 92.9372197309417, 96.34655532359082, 92.99610894941634, 92.81314168377824, 92.07135777998018], [98.46938775510205, 98.94273127753304, 88.46899224806202, 93.96039603960396, 96.33401221995926, 93.94618834080717, 96.24217118997912, 93.77431906614785, 90.65708418891171, 91.67492566897918], [99.08163265306122, 98.59030837004406, 75.67829457364341, 94.95049504950495, 96.43584521384929, 94.28251121076234, 94.36325678496868, 91.82879377431907, 93.53182751540041, 93.3597621407334], [98.46938775510205, 98.76651982378854, 91.66666666666667, 94.05940594059406, 94.39918533604887, 93.83408071748879, 96.13778705636743, 93.09338521400778, 93.94250513347022, 94.74727452923686], [98.26530612244898, 98.76651982378854, 90.40697674418605, 94.35643564356435, 96.33401221995926, 94.61883408071749, 96.5553235908142, 93.67704280155642, 92.50513347022587, 93.3597621407334]],