{"config": {"DATASET": "mnist", "TOTAL_CLIENTS": 100, "CLIENT_FRAC": 0.2, "POISON_FRAC": 0.4, "CREATE_DATASET": true, "RANDOM_DATA": true, "CLASS_RATIO": 10, "MODEL": "nnet", "LEARNING_RATE": 0.001, "BATCH_SIZE": 32, "LOCAL_EPOCHS": 10, "OPTIMIZER": "adam", "FED_ROUNDS": 30, "TEST_EVERY": 1, "RANDOM_PROCESS": false, "COS_DEFENCE": false, "SEL_METHOD": 1, "REDUCE_LR": 1, "COLLAB_MODE": true, "COLLAB_ALL": true, "CONSIDER_LAYERS": "l1", "GRAD_AGG": true, "FEATURE_FINDING_ALGO": "auror", "GRAD_COLLECTION_START": 0, "GRAD_COLLECT_FOR": -1, "CLUSTER_SEP": 0.005, "ALPHA": 0.8, "BETA": 0.8, "GAMMA": 0.1, "TRUST_INC": 2, "TRUST_CUT_METHOD": 1, "HONEST_PARDON_FACTOR": 0.7, "LOG_LEVEL": "INFO", "JSON_RESULTS": true}, "mean_poison_class_acc": 64.35658914728683, "mean_attack_srate": 3.4457364341085275, "total_accuracies": [50.69, 62.65, 76.58, 81.52, 85.05, 87.36, 88.36, 88.21, 91.33, 91.64, 89.5, 86.25, 91.28, 91.55, 88.1, 93.53, 92.85, 91.88, 92.84, 92.49, 90.74, 92.75, 85.33, 94.15, 93.14, 92.61, 92.35, 91.14, 94.8, 94.79], "class_accuracies": [[97.55102040816327, 99.64757709251101, 0.0, 36.53465346534654, 78.10590631364562, 53.699551569506724, 20.668058455114824, 87.2568093385214, 27.926078028747433, 0.0], [97.65306122448979, 98.8546255506608, 0.29069767441860467, 77.82178217821782, 88.08553971486762, 82.62331838565022, 71.18997912317327, 88.715953307393, 16.119096509240247, 4.360753221010902], [97.14285714285714, 98.76651982378854, 16.472868217054263, 89.00990099009901, 95.010183299389, 71.41255605381166, 91.8580375782881, 92.31517509727627, 61.60164271047228, 51.238850346878095], [97.14285714285714, 97.70925110132158, 26.550387596899224, 86.93069306930693, 92.66802443991854, 86.09865470852019, 91.54488517745303, 87.84046692607004, 71.25256673511294, 77.998017839445], [97.34693877551021, 97.97356828193833, 50.968992248062015, 90.6930693069307, 95.62118126272912, 81.72645739910314, 93.0062630480167, 91.34241245136187, 75.97535934291581, 75.22299306243806], [97.65306122448979, 96.74008810572687, 60.36821705426357, 87.72277227722772, 94.80651731160896, 85.20179372197309, 93.84133611691023, 90.56420233463035, 83.26488706365502, 83.25074331020812], [97.85714285714286, 98.50220264317181, 68.6046511627907, 91.08910891089108, 95.010183299389, 89.12556053811659, 93.21503131524008, 92.31517509727627, 75.77002053388091, 81.56590683845391], [98.16326530612245, 97.26872246696036, 57.55813953488372, 92.07920792079207, 96.23217922606925, 87.4439461883408, 92.90187891440502, 92.12062256809338, 83.5728952772074, 84.73736372646184], [97.65306122448979, 97.26872246696036, 80.62015503875969, 88.91089108910892, 94.09368635437882, 89.79820627802691, 95.51148225469728, 90.6614785992218, 89.42505133470226, 89.09811694747275], [98.36734693877551, 97.5330396475771, 80.13565891472868, 94.65346534653466, 95.62118126272912, 87.66816143497758, 94.98956158663883, 92.31517509727627, 86.55030800821355, 87.90882061446978], [98.06122448979592, 98.06167400881057, 57.46124031007752, 93.66336633663366, 95.82484725050917, 88.90134529147981, 95.92901878914405, 91.82879377431907, 85.83162217659138, 89.59365708622398], [97.95918367346938, 98.23788546255507, 21.899224806201552, 94.25742574257426, 96.63951120162933, 90.69506726457399, 96.13778705636743, 92.50972762645914, 87.782340862423, 87.90882061446978], [97.95918367346938, 98.76651982378854, 69.47674418604652, 93.46534653465346, 95.11201629327903, 90.47085201793722, 97.07724425887265, 93.77431906614785, 87.37166324435319, 89.197224975223], [97.85714285714286, 98.6784140969163, 68.9922480620155, 95.34653465346534, 95.010183299389, 90.35874439461884, 95.72025052192066, 92.60700389105058, 89.11704312114989, 91.67492566897918], [98.26530612244898, 97.88546255506608, 32.945736434108525, 95.44554455445545, 96.43584521384929, 90.69506726457399, 96.5553235908142, 92.80155642023347, 90.65708418891171, 90.58473736372646], [97.95918367346938, 98.8546255506608, 84.39922480620154, 93.46534653465346, 94.09368635437882, 92.26457399103138, 96.65970772442589, 94.8443579766537, 90.14373716632444, 92.17046580773042], [98.26530612244898, 98.32599118942731, 76.25968992248062, 96.03960396039604, 96.02851323828921, 89.79820627802691, 97.18162839248434, 93.67704280155642, 90.75975359342915, 91.87314172447968], [98.6734693877551, 98.8546255506608, 67.53875968992249, 93.46534653465346, 94.5010183299389, 92.37668161434978, 96.03340292275574, 93.19066147859922, 90.4517453798768, 93.85530227948463], [98.36734693877551, 98.76651982378854, 75.1937984496124, 93.56435643564356, 95.72301425661914, 93.04932735426009, 96.45093945720251, 93.67704280155642, 91.68377823408625, 91.97224975222993], [98.26530612244898, 98.76651982378854, 69.86434108527132, 93.96039603960396, 96.13034623217922, 93.16143497757848, 96.5553235908142, 93.8715953307393, 92.09445585215606, 92.46778989098117], [98.6734693877551, 98.6784140969163, 52.325581395348834, 94.45544554455445, 96.33401221995926, 92.82511210762331, 96.24217118997912, 94.26070038910505, 91.68377823408625, 92.66600594648166], [98.57142857142857, 98.8546255506608, 69.76744186046511, 94.85148514851485, 95.41751527494908, 94.39461883408072, 95.72025052192066, 93.48249027237354, 92.91581108829568, 93.85530227948463], [97.95918367346938, 98.76651982378854, 0.0, 94.75247524752476, 96.43584521384929, 93.16143497757848, 97.07724425887265, 94.74708171206225, 91.37577002053388, 91.47670961347869], [98.46938775510205, 98.94273127753304, 85.85271317829458, 95.24752475247524, 96.23217922606925, 92.9372197309417, 96.97286012526096, 94.55252918287938, 90.86242299794661, 91.0802775024777], [98.06122448979592, 98.59030837004406, 73.44961240310077, 95.24752475247524, 95.82484725050917, 93.72197309417041, 95.82463465553236, 94.16342412451363, 92.60780287474333, 94.05351833498513], [98.16326530612245, 98.6784140969163, 67.82945736434108, 94.95049504950495, 96.43584521384929, 95.62780269058295, 96.03340292275574, 94.06614785992218, 91.9917864476386, 92.86422200198216], [98.6734693877551, 98.6784140969163, 63.372093023255815, 96.13861386138613, 96.13034623217922, 93.94618834080717, 96.45093945720251, 95.8171206225681, 92.09445585215606, 92.66600594648166], [98.26530612244898, 98.76651982378854, 51.93798449612403, 96.23762376237623, 95.62118126272912, 92.04035874439462, 97.39039665970772, 95.42801556420234, 93.22381930184805, 93.1615460852329], [98.57142857142857, 98.8546255506608, 87.8875968992248, 95.74257425742574, 96.02851323828921, 92.152466367713, 97.28601252609603, 93.19066147859922, 94.45585215605749, 93.45887016848364], [98.36734693877551, 98.59030837004406, 85.17441860465117, 95.64356435643565, 96.13034623217922, 93.60986547085201, 96.97286012526096, 95.42801556420234, 94.04517453798768, 93.75619425173439]],