{"config": {"DATASET": "mnist", "TOTAL_CLIENTS": 100, "CLIENT_FRAC": 0.2, "POISON_FRAC": 0.4, "CREATE_DATASET": false, "RANDOM_DATA": true, "CLASS_RATIO": 10, "MODEL": "nnet", "LEARNING_RATE": 0.001, "BATCH_SIZE": 32, "LOCAL_EPOCHS": 10, "OPTIMIZER": "adam", "FED_ROUNDS": 30, "TEST_EVERY": 1, "RANDOM_PROCESS": false, "COS_DEFENCE": true, "SEL_METHOD": 1, "REDUCE_LR": 1, "COLLAB_MODE": true, "COLLAB_ALL": true, "CONSIDER_LAYERS": "l1", "GRAD_AGG": true, "FEATURE_FINDING_ALGO": "auror", "GRAD_COLLECTION_START": 0, "GRAD_COLLECT_FOR": -1, "CLUSTER_SEP": 0.005, "ALPHA": 0.8, "BETA": 0.8, "GAMMA": 0.1, "TRUST_INC": 2, "TRUST_CUT_METHOD": 1, "HONEST_PARDON_FACTOR": 0.7, "LOG_LEVEL": "INFO", "JSON_RESULTS": true}, "mean_poison_class_acc": 71.18604651162791, "mean_attack_srate": 3.3410852713178296, "total_accuracies": [48.64, 67.8, 76.58, 85.42, 85.53, 86.9, 87.9, 90.57, 90.89, 90.36, 88.52, 91.78, 83.87, 92.49, 93.33, 93.26, 92.34, 92.38, 92.63, 93.55, 93.56, 93.45, 92.92, 93.3, 93.92, 93.64, 94.65, 86.0, 94.56, 93.84], "class_accuracies": [[99.38775510204081, 98.59030837004406, 0.0, 56.13861386138614, 80.65173116089613, 13.90134529147982, 12.630480167014614, 49.90272373540856, 10.26694045174538, 54.905847373637265], [98.06122448979592, 98.6784140969163, 7.073643410852713, 90.0, 82.68839103869654, 69.05829596412556, 80.37578288100208, 86.67315175097276, 29.363449691991786, 33.89494549058474], [96.63265306122449, 98.50220264317181, 21.802325581395348, 90.79207920792079, 87.78004073319755, 67.9372197309417, 89.14405010438414, 92.70428015564202, 72.17659137577002, 46.87809712586719], [97.04081632653062, 97.18061674008811, 66.08527131782945, 86.93069306930693, 86.25254582484725, 85.76233183856502, 89.5615866388309, 89.6887159533074, 75.87268993839835, 78.98909811694747], [97.75510204081633, 97.62114537444934, 50.2906976744186, 90.5940594059406, 92.56619144602851, 82.39910313901345, 91.54488517745303, 91.92607003891051, 79.15811088295688, 80.87215064420218], [97.85714285714286, 97.3568281938326, 57.46124031007752, 89.70297029702971, 90.42769857433808, 83.29596412556054, 92.37995824634656, 91.34241245136187, 80.80082135523614, 87.71060455896928], [98.36734693877551, 97.18061674008811, 61.531007751937985, 91.2871287128713, 91.64969450101833, 86.54708520179372, 91.8580375782881, 90.07782101167315, 81.10882956878851, 88.9990089197225], [97.75510204081633, 97.5330396475771, 83.91472868217055, 88.81188118811882, 93.48268839103869, 88.67713004484305, 93.1106471816284, 90.75875486381322, 83.88090349075975, 87.01684836471755], [97.85714285714286, 97.44493392070484, 79.65116279069767, 92.37623762376238, 89.71486761710794, 87.21973094170404, 93.84133611691023, 90.85603112840467, 86.96098562628337, 92.17046580773042], [98.26530612244898, 98.32599118942731, 71.80232558139535, 92.87128712871286, 92.36252545824847, 88.45291479820628, 92.79749478079331, 91.63424124513618, 86.24229979466119, 90.28741328047572], [97.34693877551021, 98.06167400881057, 50.58139534883721, 93.56435643564356, 92.66802443991854, 89.79820627802691, 94.67640918580376, 92.70428015564202, 85.01026694045174, 91.0802775024777], [97.85714285714286, 97.88546255506608, 76.93798449612403, 92.07920792079207, 94.90835030549898, 89.57399103139014, 95.30271398747391, 91.82879377431907, 90.4517453798768, 90.68384539147671], [98.6734693877551, 98.8546255506608, 0.0, 93.26732673267327, 93.17718940936864, 90.13452914798206, 94.258872651357, 92.50972762645914, 89.21971252566735, 90.58473736372646], [98.46938775510205, 98.32599118942731, 80.62015503875969, 93.36633663366337, 94.19551934826885, 92.37668161434978, 93.73695198329854, 92.02334630350195, 91.17043121149898, 90.38652130822597], [97.44897959183673, 98.06167400881057, 88.75968992248062, 93.86138613861387, 94.29735234215886, 91.25560538116592, 96.13778705636743, 91.63424124513618, 90.14373716632444, 91.17938553022795], [97.65306122448979, 98.41409691629956, 84.20542635658914, 94.65346534653466, 93.9918533604888, 91.3677130044843, 96.45093945720251, 92.70428015564202, 89.83572895277207, 92.86422200198216], [97.95918367346938, 98.76651982378854, 76.16279069767442, 92.77227722772277, 92.56619144602851, 93.38565022421524, 95.4070981210856, 94.16342412451363, 88.09034907597535, 93.95441030723488], [97.55102040816327, 98.76651982378854, 73.54651162790698, 95.84158415841584, 93.68635437881873, 91.14349775784753, 96.5553235908142, 93.96887159533074, 88.91170431211499, 93.55797819623389], [98.16326530612245, 98.6784140969163, 75.96899224806202, 94.65346534653466, 94.60285132382892, 91.03139013452915, 95.92901878914405, 94.16342412451363, 89.73305954825462, 93.06243805748265], [98.36734693877551, 98.8546255506608, 83.43023255813954, 93.86138613861387, 94.5010183299389, 93.27354260089686, 96.24217118997912, 93.67704280155642, 90.65708418891171, 92.36868186323092], [98.77551020408163, 98.59030837004406, 82.55813953488372, 94.15841584158416, 93.48268839103869, 91.14349775784753, 96.24217118997912, 94.3579766536965, 93.73716632443532, 92.17046580773042], [97.95918367346938, 98.8546255506608, 79.94186046511628, 94.55445544554455, 94.60285132382892, 92.152466367713, 97.07724425887265, 94.26070038910505, 91.17043121149898, 93.65708622398414], [97.95918367346938, 98.94273127753304, 75.3875968992248, 95.34653465346534, 96.13034623217922, 92.9372197309417, 96.86847599164926, 94.06614785992218, 89.73305954825462, 91.77403369672943], [98.06122448979592, 98.8546255506608, 75.96899224806202, 94.35643564356435, 94.90835030549898, 93.83408071748879, 96.65970772442589, 94.3579766536965, 93.63449691991786, 92.46778989098117], [97.95918367346938, 99.03083700440529, 83.72093023255815, 96.73267326732673, 94.60285132382892, 91.92825112107623, 96.5553235908142, 93.96887159533074, 91.27310061601642, 92.9633300297324], [98.36734693877551, 98.8546255506608, 78.97286821705427, 95.14851485148515, 95.72301425661914, 92.71300448430493, 96.34655532359082, 93.96887159533074, 91.9917864476386, 94.15262636273538], [97.95918367346938, 98.76651982378854, 88.17829457364341, 95.84158415841584, 95.21384928716904, 93.83408071748879, 96.65970772442589, 93.77431906614785, 92.29979466119096, 93.65708622398414], [97.65306122448979, 98.94273127753304, 4.844961240310077, 95.64356435643565, 95.72301425661914, 94.39461883408072, 96.97286012526096, 93.67704280155642, 91.17043121149898, 93.3597621407334], [98.26530612244898, 98.94273127753304, 86.24031007751938, 95.04950495049505, 95.31568228105907, 93.27354260089686, 96.34655532359082, 95.42801556420234, 92.09445585215606, 94.25173439048562], [98.16326530612245, 99.03083700440529, 79.26356589147287, 95.64356435643565, 95.82484725050917, 93.16143497757848, 96.34655532359082, 95.13618677042801, 91.9917864476386, 93.65708622398414]],