{"config": {"DATASET": "mnist", "TOTAL_CLIENTS": 100, "CLIENT_FRAC": 0.2, "POISON_FRAC": 0.1, "CREATE_DATASET": true, "RANDOM_DATA": true, "CLASS_RATIO": 10, "MODEL": "nnet", "LEARNING_RATE": 0.001, "BATCH_SIZE": 32, "LOCAL_EPOCHS": 10, "OPTIMIZER": "adam", "FED_ROUNDS": 30, "TEST_EVERY": 1, "RANDOM_PROCESS": false, "COS_DEFENCE": false, "SEL_METHOD": 1, "REDUCE_LR": 1, "COLLAB_MODE": true, "COLLAB_ALL": true, "CONSIDER_LAYERS": "l1", "GRAD_AGG": true, "FEATURE_FINDING_ALGO": "auror", "GRAD_COLLECTION_START": 0, "GRAD_COLLECT_FOR": -1, "CLUSTER_SEP": 0.002, "ALPHA": 0.8, "BETA": 0.8, "GAMMA": 0.1, "TRUST_INC": 2, "TRUST_CUT_METHOD": 1, "HONEST_PARDON_FACTOR": 0.7, "LOG_LEVEL": "INFO", "JSON_RESULTS": true}, "mean_poison_class_acc": 83.79844961240309, "mean_attack_srate": 2.965116279069768, "total_accuracies": [51.39, 70.83, 82.4, 87.07, 85.48, 89.27, 89.79, 90.83, 91.41, 91.09, 92.96, 92.23, 93.51, 93.33, 92.77, 93.94, 94.54, 93.59, 94.4, 92.49, 94.66, 94.3, 92.61, 93.66, 94.83, 95.12, 94.01, 95.25, 95.48, 94.37], "class_accuracies": [[97.75510204081633, 98.76651982378854, 0.09689922480620156, 53.26732673267327, 79.83706720977597, 27.80269058295964, 12.943632567849686, 86.7704280155642, 48.562628336755644, 0.0], [97.75510204081633, 98.59030837004406, 37.3062015503876, 78.11881188118812, 91.14052953156823, 82.95964125560538, 85.80375782881002, 85.89494163424125, 39.83572895277207, 10.307234886025768], [96.3265306122449, 98.41409691629956, 63.75968992248062, 84.15841584158416, 93.68635437881873, 77.24215246636771, 94.57202505219206, 91.63424124513618, 69.0965092402464, 53.617443012884046], [96.83673469387755, 97.5330396475771, 77.42248062015504, 86.13861386138613, 91.95519348268839, 85.20179372197309, 92.48434237995825, 89.49416342412451, 75.25667351129364, 77.30426164519326], [96.0204081632653, 98.6784140969163, 53.19767441860465, 88.51485148514851, 95.92668024439918, 83.29596412556054, 93.1106471816284, 91.43968871595331, 76.59137577002053, 77.40336967294351], [97.44897959183673, 97.09251101321586, 76.93798449612403, 88.61386138613861, 94.5010183299389, 84.4170403587444, 94.57202505219206, 90.75875486381322, 84.08624229979466, 83.44895936570862], [97.44897959183673, 98.59030837004406, 81.2015503875969, 90.4950495049505, 95.62118126272912, 89.23766816143498, 94.1544885177453, 90.27237354085604, 81.82751540041068, 78.39444995044599], [97.75510204081633, 97.70925110132158, 84.01162790697674, 90.6930693069307, 96.02851323828921, 87.89237668161435, 93.0062630480167, 91.92607003891051, 83.47022587268994, 84.93557978196233], [97.34693877551021, 97.26872246696036, 81.68604651162791, 88.61386138613861, 94.80651731160896, 89.46188340807174, 95.19832985386222, 90.07782101167315, 90.65708418891171, 88.70168483647176], [97.85714285714286, 97.79735682819383, 77.71317829457364, 92.77227722772277, 96.74134419551935, 86.88340807174887, 94.67640918580376, 89.98054474708171, 88.70636550308008, 87.21506442021804], [97.85714285714286, 97.79735682819383, 91.66666666666667, 91.68316831683168, 95.82484725050917, 89.91031390134529, 96.03340292275574, 91.92607003891051, 88.19301848049281, 88.00792864222002], [97.75510204081633, 98.14977973568281, 80.23255813953489, 94.15841584158416, 96.74134419551935, 89.79820627802691, 95.72025052192066, 92.31517509727627, 87.98767967145791, 88.9990089197225], [97.85714285714286, 98.41409691629956, 89.34108527131782, 92.27722772277228, 95.41751527494908, 91.03139013452915, 97.18162839248434, 94.16342412451363, 89.73305954825462, 89.09811694747275], [97.95918367346938, 98.32599118942731, 84.68992248062015, 93.86138613861387, 95.31568228105907, 91.14349775784753, 96.13778705636743, 92.99610894941634, 90.86242299794661, 91.57581764122894], [98.16326530612245, 98.06167400881057, 79.84496124031008, 94.55445544554455, 96.33401221995926, 91.3677130044843, 95.82463465553236, 94.06614785992218, 89.63039014373716, 89.59365708622398], [97.85714285714286, 98.41409691629956, 85.94961240310077, 93.46534653465346, 94.60285132382892, 92.82511210762331, 96.5553235908142, 95.13618677042801, 91.27310061601642, 92.9633300297324], [97.85714285714286, 98.50220264317181, 91.08527131782945, 95.44554455445545, 95.51934826883911, 91.14349775784753, 97.18162839248434, 93.8715953307393, 92.09445585215606, 92.07135777998018], [98.16326530612245, 98.59030837004406, 82.65503875968992, 93.16831683168317, 95.21384928716904, 93.49775784753363, 95.61586638830897, 94.3579766536965, 89.93839835728953, 94.44995044598612], [98.26530612244898, 98.59030837004406, 89.82558139534883, 92.67326732673267, 96.23217922606925, 93.27354260089686, 97.07724425887265, 93.67704280155642, 92.81314168377824, 91.2784935579782], [97.95918367346938, 98.94273127753304, 69.28294573643412, 94.35643564356435, 95.82484725050917, 93.94618834080717, 96.13778705636743, 94.64980544747081, 90.86242299794661, 93.1615460852329], [98.6734693877551, 98.76651982378854, 90.40697674418605, 92.57425742574257, 96.84317718940937, 93.27354260089686, 96.5553235908142, 94.16342412451363, 92.91581108829568, 92.07135777998018], [98.46938775510205, 98.6784140969163, 85.65891472868218, 94.25742574257426, 96.02851323828921, 93.72197309417041, 94.46764091858037, 94.55252918287938, 92.40246406570841, 94.44995044598612], [98.26530612244898, 98.76651982378854, 68.9922480620155, 94.55445544554455, 96.5376782077393, 94.5067264573991, 96.65970772442589, 96.49805447470817, 90.04106776180699, 91.57581764122894], [98.77551020408163, 98.76651982378854, 78.00387596899225, 95.34653465346534, 96.94501018329939, 94.05829596412556, 96.5553235908142, 94.94163424124514, 92.40246406570841, 90.8820614469772], [98.46938775510205, 98.6784140969163, 87.8875968992248, 95.74257425742574, 96.23217922606925, 94.73094170403587, 96.03340292275574, 94.16342412451363, 92.91581108829568, 93.26065411298315], [98.36734693877551, 98.8546255506608, 90.69767441860465, 94.85148514851485, 96.94501018329939, 96.18834080717488, 95.92901878914405, 94.74708171206225, 92.50513347022587, 91.97224975222993], [98.9795918367347, 98.76651982378854, 79.74806201550388, 96.33663366336634, 96.74134419551935, 94.17040358744394, 96.03340292275574, 95.71984435797665, 91.68377823408625, 91.87314172447968], [98.46938775510205, 98.6784140969163, 91.95736434108527, 95.64356435643565, 96.74134419551935, 92.60089686098655, 97.07724425887265, 94.45525291828794, 94.04517453798768, 92.36868186323092], [98.6734693877551, 98.76651982378854, 94.47674418604652, 95.64356435643565, 96.5376782077393, 91.92825112107623, 96.5553235908142, 93.96887159533074, 94.86652977412732, 92.76511397423191], [98.46938775510205, 98.23788546255507, 81.0077519379845, 95.64356435643565, 96.63951120162933, 93.60986547085201, 96.97286012526096, 95.62256809338521, 93.94250513347022, 93.55797819623389]],