{"config": {"DATASET": "mnist", "TOTAL_CLIENTS": 100, "CLIENT_FRAC": 0.1, "POISON_FRAC": 0.1, "CREATE_DATASET": true, "RANDOM_DATA": true, "CLASS_RATIO": 10, "MODEL": "nnet", "LEARNING_RATE": 0.001, "BATCH_SIZE": 32, "LOCAL_EPOCHS": 3, "OPTIMIZER": "adam", "FED_ROUNDS": 30, "TEST_EVERY": 1, "RANDOM_PROCESS": true, "COS_DEFENCE": true, "SEL_METHOD": 1, "REDUCE_LR": 1, "COLLAB_MODE": true, "COLLAB_ALL": true, "CONSIDER_LAYERS": "l2", "GRAD_AGG": true, "FEATURE_FINDING_ALGO": "auror", "GRAD_COLLECTION_START": 0, "GRAD_COLLECT_FOR": -1, "CLUSTER_SEP": 0.001, "ALPHA": 0.8, "BETA": 0.8, "GAMMA": 0.1, "TRUST_INC": 2, "TRUST_CUT_METHOD": 2, "HONEST_PARDON_FACTOR": 0.99, "LOG_LEVEL": "INFO", "JSON_RESULTS": true}, "mean_poison_class_acc": 79.06976744186048, "mean_attack_srate": 3.095930232558139, "total_accuracies": [28.1, 31.77, 46.67, 59.26, 58.2, 69.58, 78.0, 77.84, 80.14, 81.25, 82.5, 84.94, 86.56, 87.38, 86.49, 88.0, 88.57, 89.29, 89.41, 90.26, 87.8, 89.9, 90.0, 90.0, 91.3, 90.2, 91.97, 91.98, 92.09, 92.55], "class_accuracies": [[88.46938775510205, 100.0, 0.0, 12.871287128712872, 62.729124236252545, 6.95067264573991, 0.0, 0.0, 0.0, 0.0], [97.04081632653062, 99.38325991189427, 17.635658914728683, 87.02970297029702, 3.6659877800407332, 0.11210762331838565, 0.0, 0.0, 0.0, 0.0], [97.24489795918367, 99.47136563876651, 69.86434108527132, 52.277227722772274, 90.93686354378819, 46.52466367713004, 0.0, 0.09727626459143969, 2.1560574948665296, 0.5946481665014867], [98.87755102040816, 99.38325991189427, 69.47674418604652, 74.35643564356435, 91.5478615071283, 34.19282511210762, 47.7035490605428, 62.840466926070036, 0.8213552361396304, 4.558969276511397], [96.93877551020408, 98.6784140969163, 65.01937984496124, 93.26732673267327, 97.14867617107943, 18.83408071748879, 62.94363256784969, 24.31906614785992, 15.91375770020534, 0.6937561942517344], [93.36734693877551, 98.94273127753304, 56.58914728682171, 49.603960396039604, 86.55804480651732, 89.79820627802691, 78.18371607515658, 78.40466926070039, 12.936344969199178, 49.85133795837463], [97.95918367346938, 96.2114537444934, 77.90697674418605, 85.14851485148515, 76.4765784114053, 57.62331838565022, 79.85386221294364, 71.88715953307393, 58.82956878850103, 73.53815659068384], [95.71428571428571, 95.50660792951543, 62.2093023255814, 67.32673267326733, 92.56619144602851, 84.86547085201794, 89.03966597077245, 85.11673151750973, 69.30184804928132, 36.76907829534192], [96.73469387755102, 96.47577092511013, 44.08914728682171, 84.05940594059406, 82.28105906313645, 73.76681614349776, 91.02296450939457, 85.21400778210116, 71.66324435318275, 74.82656095143706], [96.83673469387755, 96.2114537444934, 71.12403100775194, 75.14851485148515, 94.80651731160896, 82.73542600896862, 92.48434237995825, 87.54863813229572, 71.56057494866529, 43.50842418235877], [96.53061224489795, 95.06607929515418, 71.70542635658914, 87.62376237623762, 56.41547861507129, 77.69058295964126, 91.23173277661796, 84.92217898832685, 68.89117043121149, 92.66600594648166], [96.93877551020408, 97.3568281938326, 69.67054263565892, 82.17821782178218, 87.88187372708758, 84.08071748878923, 91.9624217118998, 91.147859922179, 73.81930184804928, 73.33994053518335], [97.85714285714286, 95.59471365638767, 81.4922480620155, 88.11881188118812, 81.9755600814664, 81.95067264573991, 90.7098121085595, 88.52140077821012, 71.25256673511294, 86.42220019821606], [96.63265306122449, 95.41850220264317, 81.5891472868217, 87.62376237623762, 86.15071283095723, 85.20179372197309, 93.0062630480167, 89.98054474708171, 74.435318275154, 82.65609514370664], [96.63265306122449, 96.12334801762114, 65.60077519379846, 83.86138613861387, 85.5397148676171, 84.4170403587444, 93.21503131524008, 86.284046692607, 85.01026694045174, 87.80971258671953], [97.75510204081633, 96.47577092511013, 77.13178294573643, 88.11881188118812, 85.5397148676171, 82.847533632287, 96.13778705636743, 91.05058365758755, 79.46611909650925, 84.34093161546085], [97.14285714285714, 97.18061674008811, 78.00387596899225, 87.72277227722772, 91.85336048879837, 84.64125560538116, 93.42379958246346, 92.21789883268482, 81.10882956878851, 81.36769078295342], [97.75510204081633, 96.56387665198238, 82.07364341085271, 86.13861386138613, 88.08553971486762, 85.53811659192826, 94.57202505219206, 87.84046692607004, 86.75564681724846, 86.81863230921705], [97.04081632653062, 97.88546255506608, 82.55813953488372, 82.57425742574257, 90.63136456211812, 90.02242152466367, 95.09394572025052, 87.7431906614786, 84.08624229979466, 86.02576808721507], [98.06122448979592, 97.09251101321586, 85.56201550387597, 90.99009900990099, 91.14052953156823, 85.42600896860986, 93.84133611691023, 91.82879377431907, 82.95687885010267, 84.53914767096134], [97.55102040816327, 97.18061674008811, 59.98062015503876, 90.5940594059406, 92.76985743380855, 88.45291479820628, 91.12734864300626, 89.49416342412451, 82.75154004106776, 88.00792864222002], [97.85714285714286, 96.82819383259911, 76.16279069767442, 89.9009900990099, 93.58452138492872, 85.20179372197309, 95.72025052192066, 91.147859922179, 85.21560574948666, 86.7195242814668], [97.55102040816327, 96.91629955947137, 77.71317829457364, 86.53465346534654, 93.07535641547861, 84.86547085201794, 95.82463465553236, 88.715953307393, 88.70636550308008, 89.49454905847374], [97.85714285714286, 97.09251101321586, 75.29069767441861, 88.51485148514851, 88.59470468431772, 87.66816143497758, 94.78079331941545, 89.98054474708171, 86.652977412731, 93.06243805748265], [97.95918367346938, 95.94713656387665, 86.62790697674419, 87.02970297029702, 93.68635437881873, 88.2286995515695, 95.61586638830897, 92.12062256809338, 88.80903490759754, 86.52130822596631], [97.04081632653062, 97.5330396475771, 74.90310077519379, 88.81188118811882, 93.9918533604888, 88.11659192825113, 95.61586638830897, 90.56420233463035, 85.52361396303901, 89.49454905847374], [97.55102040816327, 97.70925110132158, 87.20930232558139, 89.20792079207921, 93.38085539714868, 91.4798206278027, 95.19832985386222, 91.63424124513618, 87.47433264887064, 88.40436075322101], [97.65306122448979, 97.09251101321586, 88.0813953488372, 89.5049504950495, 93.07535641547861, 91.81614349775785, 94.88517745302714, 91.53696498054475, 87.57700205338809, 88.20614469772052], [98.16326530612245, 97.44493392070484, 89.05038759689923, 90.5940594059406, 92.66802443991854, 89.23766816143498, 94.88517745302714, 91.24513618677042, 85.52361396303901, 91.2784935579782], [97.85714285714286, 97.5330396475771, 90.98837209302326, 91.08910891089108, 93.89002036659878, 91.92825112107623, 94.98956158663883, 91.63424124513618, 85.72895277207392, 89.29633300297324]],