{"config": {"DATASET": "mnist", "TOTAL_CLIENTS": 100, "CLIENT_FRAC": 0.1, "POISON_FRAC": 0.1, "CREATE_DATASET": true, "CLASS_RATIO": 10, "MODEL": "nnet", "LEARNING_RATE": 0.001, "BATCH_SIZE": 32, "LOCAL_EPOCHS": 3, "OPTIMIZER": "adam", "FED_ROUNDS": 30, "TEST_EVERY": 1, "RANDOM": true, "COS_DEFENCE": true, "SEL_METHOD": 1, "REDUCE_LR": 1, "COLLAB_MODE": true, "COLLAB_ALL": true, "CONSIDER_LAYERS": "l1", "GRAD_AGG": true, "FEATURE_FINDING_ALGO": "auror", "GRAD_COLLECTION_START": 0, "GRAD_COLLECT_FOR": -1, "CLUSTER_SEP": 0.01, "ALPHA": 0.7, "BETA": 0.7, "GAMMA": 0.1, "TRUST_INC": 2, "TRUST_CUT_METHOD": 1, "HONEST_PARDON_FACTOR": 0.99, "LOG_LEVEL": "INFO", "JSON_RESULTS": true}, "mean_poison_class_acc": 79.47674418604652, "mean_attack_srate": 3.236434108527132, "total_accuracies": [29.35, 29.48, 36.91, 53.7, 58.18, 61.22, 70.86, 73.33, 80.0, 81.16, 83.01, 82.31, 85.47, 86.14, 86.89, 86.27, 87.2, 85.79, 88.36, 89.21, 88.59, 89.3, 89.29, 90.32, 89.33, 90.23, 90.78, 90.91, 90.36, 91.43], "class_accuracies": [[93.6734693877551, 92.0704845814978, 0.0, 0.0, 98.98167006109979, 0.0, 0.0, 0.0, 0.0, 0.0], [99.89795918367346, 95.85903083700441, 2.4224806201550386, 61.48514851485149, 23.930753564154784, 0.0, 0.0, 0.0, 0.0, 0.0], [99.38775510204081, 99.38325991189427, 6.589147286821706, 50.693069306930695, 65.27494908350306, 2.802690582959641, 15.657620041753653, 3.501945525291829, 16.119096509240247, 0.0], [96.93877551020408, 99.20704845814979, 0.6782945736434108, 85.04950495049505, 88.69653767820773, 9.080717488789238, 77.24425887265136, 59.92217898832685, 12.320328542094456, 0.0], [97.44897959183673, 99.03083700440529, 54.94186046511628, 87.52475247524752, 91.44602851323829, 34.865470852017935, 53.340292275574114, 55.252918287937746, 0.0, 0.0], [96.42857142857143, 99.20704845814979, 37.5968992248062, 88.51485148514851, 84.82688391038697, 16.143497757847534, 88.72651356993737, 84.8249027237354, 2.3613963039014374, 4.658077304261645], [96.42857142857143, 98.8546255506608, 76.74418604651163, 75.84158415841584, 77.08757637474542, 69.39461883408072, 80.89770354906054, 84.63035019455253, 3.593429158110883, 40.13875123885035], [97.44897959183673, 98.6784140969163, 70.63953488372093, 81.78217821782178, 88.18737270875764, 68.38565022421524, 85.49060542797494, 90.07782101167315, 16.940451745379878, 31.417244796828545], [97.44897959183673, 98.32599118942731, 77.03488372093024, 80.79207920792079, 80.85539714867618, 63.34080717488789, 87.47390396659708, 87.64591439688716, 52.97741273100616, 69.77205153617443], [96.63265306122449, 98.14977973568281, 72.96511627906976, 79.00990099009901, 90.52953156822811, 66.81614349775785, 90.81419624217119, 85.7976653696498, 66.32443531827515, 61.54608523290386], [97.04081632653062, 98.06167400881057, 80.62015503875969, 81.98019801980197, 81.67006109979633, 77.01793721973094, 89.14405010438414, 85.11673151750973, 52.46406570841889, 84.0436075322101], [97.95918367346938, 98.06167400881057, 76.35658914728683, 86.43564356435644, 91.95519348268839, 72.19730941704036, 88.93528183716076, 90.07782101167315, 47.74127310061601, 70.06937561942517], [97.24489795918367, 96.56387665198238, 77.61627906976744, 73.56435643564356, 89.40936863543789, 77.13004484304933, 91.8580375782881, 88.42412451361868, 82.85420944558521, 78.49355797819624], [97.24489795918367, 97.09251101321586, 76.74418604651163, 83.76237623762377, 80.14256619144602, 80.38116591928251, 89.35281837160751, 88.61867704280155, 79.15811088295688, 87.1159563924678], [96.93877551020408, 97.97356828193833, 81.2984496124031, 85.44554455445545, 86.25254582484725, 79.37219730941705, 93.1106471816284, 89.49416342412451, 72.8952772073922, 84.0436075322101], [97.65306122448979, 97.09251101321586, 74.70930232558139, 90.4950495049505, 86.35437881873727, 77.46636771300449, 90.91858037578288, 92.31517509727627, 68.58316221765914, 84.83647175421208], [97.34693877551021, 96.91629955947137, 80.52325581395348, 88.11881188118812, 83.19755600814663, 83.07174887892377, 89.66597077244259, 85.21400778210116, 74.74332648870636, 91.57581764122894], [97.24489795918367, 95.24229074889868, 62.7906976744186, 83.16831683168317, 80.24439918533605, 81.83856502242152, 88.3089770354906, 86.86770428015564, 89.42505133470226, 92.07135777998018], [97.14285714285714, 97.00440528634361, 75.0, 86.03960396039604, 90.020366598778, 84.75336322869956, 93.73695198329854, 86.284046692607, 85.1129363449692, 87.80971258671953], [96.83673469387755, 97.88546255506608, 83.91472868217055, 82.47524752475248, 92.66802443991854, 89.01345291479821, 92.37995824634656, 88.61867704280155, 81.62217659137578, 85.92666005946482], [98.06122448979592, 98.06167400881057, 77.42248062015504, 90.0990099009901, 92.05702647657841, 85.53811659192826, 91.54488517745303, 94.45525291828794, 76.48870636550308, 80.87215064420218], [97.65306122448979, 97.79735682819383, 80.52325581395348, 85.74257425742574, 92.9735234215886, 90.47085201793722, 92.17118997912317, 91.34241245136187, 77.00205338809035, 86.62041625371656], [98.06122448979592, 97.62114537444934, 77.81007751937985, 88.21782178217822, 91.64969450101833, 83.5201793721973, 94.36325678496868, 92.02334630350195, 79.26078028747433, 89.09811694747275], [97.95918367346938, 97.62114537444934, 85.17441860465117, 89.5049504950495, 93.07535641547861, 86.99551569506727, 91.9624217118998, 92.8988326848249, 83.05954825462013, 83.84539147670961], [97.44897959183673, 97.3568281938326, 74.12790697674419, 87.42574257425743, 89.81670061099797, 92.152466367713, 92.17118997912317, 91.05058365758755, 82.54620123203286, 88.9990089197225], [97.95918367346938, 95.68281938325991, 82.55813953488372, 86.63366336633663, 91.44602851323829, 85.76233183856502, 93.42379958246346, 87.45136186770428, 89.3223819301848, 91.47670961347869], [98.06122448979592, 98.14977973568281, 85.27131782945736, 90.1980198019802, 90.83503054989816, 87.21973094170404, 93.84133611691023, 92.02334630350195, 81.21149897330595, 89.79187314172448], [97.04081632653062, 96.65198237885463, 87.3062015503876, 86.73267326732673, 93.48268839103869, 87.89237668161435, 92.90187891440502, 89.39688715953308, 89.63039014373716, 87.41328047571854], [97.55102040816327, 97.00440528634361, 78.48837209302326, 85.24752475247524, 92.76985743380855, 90.91928251121077, 93.84133611691023, 92.50972762645914, 87.88501026694045, 87.21506442021804], [97.34693877551021, 97.09251101321586, 91.27906976744185, 89.9009900990099, 90.93686354378819, 84.30493273542601, 94.88517745302714, 88.52140077821012, 86.85831622176592, 91.87314172447968]],