{"config": {"DATASET": "mnist", "TOTAL_CLIENTS": 100, "CLIENT_FRAC": 0.1, "POISON_FRAC": 0.4, "CREATE_DATASET": false, "RANDOM_DATA": true, "CLASS_RATIO": 10, "MODEL": "nnet", "LEARNING_RATE": 0.001, "BATCH_SIZE": 32, "LOCAL_EPOCHS": 10, "OPTIMIZER": "adam", "FED_ROUNDS": 30, "TEST_EVERY": 1, "RANDOM_PROCESS": false, "COS_DEFENCE": true, "SEL_METHOD": 1, "REDUCE_LR": 1, "COLLAB_MODE": true, "COLLAB_ALL": true, "CONSIDER_LAYERS": "l1", "GRAD_AGG": true, "FEATURE_FINDING_ALGO": "auror", "GRAD_COLLECTION_START": 0, "GRAD_COLLECT_FOR": -1, "CLUSTER_SEP": 0.005, "ALPHA": 0.8, "BETA": 0.8, "GAMMA": 0.1, "TRUST_INC": 2, "TRUST_CUT_METHOD": 1, "HONEST_PARDON_FACTOR": 0.7, "LOG_LEVEL": "INFO", "JSON_RESULTS": true}, "mean_poison_class_acc": 62.3982558139535, "mean_attack_srate": 3.7548449612403103, "total_accuracies": [41.71, 70.35, 78.51, 80.07, 86.13, 87.4, 88.56, 90.15, 89.37, 91.48, 91.74, 92.48, 92.02, 92.52, 89.78, 92.78, 88.97, 85.5, 91.82, 93.58, 91.29, 87.58, 91.87, 93.62, 85.61, 94.32, 94.36, 94.43, 85.53, 92.61], "class_accuracies": [[99.59183673469387, 94.27312775330397, 0.0, 45.148514851485146, 52.03665987780041, 7.623318385650224, 21.816283924843425, 0.0, 0.7186858316221766, 86.62041625371656], [95.3061224489796, 98.76651982378854, 0.0, 91.18811881188118, 86.45621181262729, 59.30493273542601, 86.0125260960334, 84.92217898832685, 50.30800821355236, 48.9593657086224], [95.91836734693878, 98.23788546255507, 15.891472868217054, 90.99009900990099, 84.5213849287169, 74.2152466367713, 90.81419624217119, 85.40856031128405, 72.48459958932239, 76.01585728444005], [96.12244897959184, 96.56387665198238, 6.2015503875969, 89.10891089108911, 88.69653767820773, 80.82959641255606, 93.73695198329854, 87.45136186770428, 79.7741273100616, 83.15163528245787], [96.73469387755102, 96.91629955947137, 57.55813953488372, 88.01980198019803, 91.64969450101833, 85.98654708520179, 92.90187891440502, 88.52140077821012, 83.47022587268994, 79.48463825569871], [97.14285714285714, 98.23788546255507, 62.01550387596899, 89.10891089108911, 89.61303462321793, 85.65022421524664, 93.63256784968685, 90.56420233463035, 80.69815195071868, 86.7195242814668], [96.22448979591837, 98.6784140969163, 76.74418604651163, 88.91089108910892, 96.02851323828921, 87.89237668161435, 94.258872651357, 87.54863813229572, 81.3141683778234, 77.40336967294351], [97.44897959183673, 97.79735682819383, 81.68604651162791, 90.99009900990099, 92.66802443991854, 88.56502242152466, 93.42379958246346, 89.49416342412451, 80.9034907597536, 87.71060455896928], [97.55102040816327, 97.62114537444934, 65.21317829457364, 89.9009900990099, 93.07535641547861, 89.23766816143498, 94.36325678496868, 90.36964980544747, 85.21560574948666, 91.0802775024777], [97.75510204081633, 97.97356828193833, 83.13953488372093, 90.1980198019802, 94.80651731160896, 88.45291479820628, 96.13778705636743, 91.147859922179, 86.44763860369609, 88.10703666997027], [97.55102040816327, 97.70925110132158, 82.84883720930233, 91.18811881188118, 92.87169042769857, 87.21973094170404, 96.13778705636743, 90.27237354085604, 89.21971252566735, 91.67492566897918], [98.06122448979592, 97.97356828193833, 88.66279069767442, 91.98019801980197, 95.92668024439918, 89.91031390134529, 95.30271398747391, 90.27237354085604, 87.88501026694045, 88.20614469772052], [97.44897959183673, 98.32599118942731, 82.17054263565892, 92.47524752475248, 94.70468431771894, 92.152466367713, 95.72025052192066, 92.12062256809338, 86.55030800821355, 88.20614469772052], [98.6734693877551, 98.32599118942731, 84.01162790697674, 92.97029702970298, 93.48268839103869, 92.26457399103138, 93.73695198329854, 91.147859922179, 87.06365503080082, 93.06243805748265], [98.16326530612245, 97.88546255506608, 56.298449612403104, 92.67326732673267, 95.82484725050917, 92.60089686098655, 94.46764091858037, 92.21789883268482, 86.75564681724846, 91.47670961347869], [97.85714285714286, 98.59030837004406, 84.88372093023256, 91.18811881188118, 93.58452138492872, 92.26457399103138, 96.5553235908142, 91.73151750972762, 87.06365503080082, 93.65708622398414], [98.36734693877551, 97.62114537444934, 44.08914728682171, 91.88118811881188, 94.09368635437882, 90.91928251121077, 94.88517745302714, 93.77431906614785, 93.1211498973306, 91.87314172447968], [98.36734693877551, 98.59030837004406, 10.755813953488373, 94.35643564356435, 94.19551934826885, 91.3677130044843, 95.4070981210856, 90.95330739299611, 89.11704312114989, 93.75619425173439], [98.36734693877551, 98.41409691629956, 67.82945736434108, 94.45544554455445, 93.89002036659878, 91.3677130044843, 96.24217118997912, 94.06614785992218, 91.27310061601642, 92.36868186323092], [98.26530612244898, 98.76651982378854, 83.23643410852713, 93.86138613861387, 94.60285132382892, 92.152466367713, 96.34655532359082, 92.31517509727627, 92.40246406570841, 93.55797819623389], [98.16326530612245, 99.11894273127753, 61.91860465116279, 92.57425742574257, 93.07535641547861, 93.72197309417041, 96.65970772442589, 93.57976653696498, 89.63039014373716, 94.84638255698711], [97.95918367346938, 98.94273127753304, 24.709302325581394, 94.25742574257426, 94.5010183299389, 92.48878923766816, 95.51148225469728, 92.99610894941634, 91.58110882956879, 94.35084241823587], [98.06122448979592, 98.8546255506608, 65.69767441860465, 94.65346534653466, 94.39918533604887, 92.82511210762331, 96.86847599164926, 92.80155642023347, 90.24640657084188, 94.54905847373637], [98.36734693877551, 98.6784140969163, 83.23643410852713, 92.87128712871286, 96.74134419551935, 92.37668161434978, 96.13778705636743, 91.43968871595331, 93.94250513347022, 92.26957383548067], [97.85714285714286, 98.6784140969163, 0.09689922480620156, 95.34653465346534, 95.92668024439918, 93.49775784753363, 96.76409185803757, 94.3579766536965, 92.29979466119096, 93.75619425173439], [97.95918367346938, 99.03083700440529, 88.2751937984496, 92.37623762376238, 95.62118126272912, 94.5067264573991, 96.03340292275574, 92.70428015564202, 93.94250513347022, 92.56689791873141], [98.26530612244898, 99.11894273127753, 87.20930232558139, 95.94059405940594, 95.72301425661914, 91.81614349775785, 96.5553235908142, 93.19066147859922, 91.9917864476386, 93.26065411298315], [98.6734693877551, 99.11894273127753, 85.17441860465117, 96.23762376237623, 94.80651731160896, 93.60986547085201, 96.34655532359082, 93.57976653696498, 92.91581108829568, 93.55797819623389], [98.57142857142857, 98.76651982378854, 0.0, 95.74257425742574, 95.41751527494908, 94.17040358744394, 95.92901878914405, 92.99610894941634, 93.63449691991786, 92.66600594648166], [98.6734693877551, 98.94273127753304, 66.86046511627907, 95.44554455445545, 94.29735234215886, 93.49775784753363, 96.13778705636743, 95.03891050583658, 92.81314168377824, 94.64816650148661]],