{"config": {"DATASET": "mnist", "TOTAL_CLIENTS": 100, "CLIENT_FRAC": 0.1, "POISON_FRAC": 0.2, "CREATE_DATASET": false, "RANDOM_DATA": true, "CLASS_RATIO": 10, "MODEL": "nnet", "LEARNING_RATE": 0.001, "BATCH_SIZE": 32, "LOCAL_EPOCHS": 10, "OPTIMIZER": "adam", "FED_ROUNDS": 30, "TEST_EVERY": 1, "RANDOM_PROCESS": false, "COS_DEFENCE": true, "SEL_METHOD": 1, "REDUCE_LR": 1, "COLLAB_MODE": true, "COLLAB_ALL": true, "CONSIDER_LAYERS": "l1", "GRAD_AGG": true, "FEATURE_FINDING_ALGO": "auror", "GRAD_COLLECTION_START": 0, "GRAD_COLLECT_FOR": -1, "CLUSTER_SEP": 0.005, "ALPHA": 0.8, "BETA": 0.8, "GAMMA": 0.1, "TRUST_INC": 2, "TRUST_CUT_METHOD": 1, "HONEST_PARDON_FACTOR": 0.8, "LOG_LEVEL": "INFO", "JSON_RESULTS": true}, "mean_poison_class_acc": 78.47383720930233, "mean_attack_srate": 3.2751937984496124, "total_accuracies": [37.86, 72.26, 80.84, 86.51, 86.4, 89.32, 87.36, 89.98, 91.71, 90.44, 91.91, 92.2, 91.76, 92.26, 92.03, 92.44, 92.78, 93.19, 92.47, 93.95, 93.56, 91.33, 91.97, 93.74, 94.55, 94.22, 90.02, 94.6, 95.06, 91.31], "class_accuracies": [[99.59183673469387, 89.42731277533039, 0.0, 32.37623762376238, 39.205702647657844, 2.802690582959641, 14.405010438413361, 0.0, 1.4373716632443532, 89.79187314172448], [95.20408163265306, 98.76651982378854, 35.56201550387597, 92.27722772277228, 84.62321792260693, 52.57847533632287, 85.07306889352819, 83.65758754863813, 48.97330595482546, 41.72447968285431], [95.81632653061224, 97.97356828193833, 41.56976744186046, 90.6930693069307, 83.09572301425662, 72.08520179372198, 91.7536534446764, 88.52140077821012, 71.86858316221766, 73.33994053518335], [96.12244897959184, 96.12334801762114, 72.67441860465117, 89.4059405940594, 85.74338085539715, 75.33632286995515, 94.57202505219206, 89.00778210116732, 81.41683778234086, 82.95341922695738], [96.42857142857143, 96.91629955947137, 58.81782945736434, 88.31683168316832, 90.73319755600815, 84.08071748878923, 92.90187891440502, 88.42412451361868, 84.59958932238193, 82.45787908820614], [96.93877551020408, 97.79735682819383, 82.75193798449612, 88.11881188118812, 89.71486761710794, 84.52914798206278, 94.258872651357, 90.36964980544747, 80.59548254620123, 86.81863230921705], [97.34693877551021, 98.76651982378854, 62.5, 87.72277227722772, 95.72301425661914, 87.33183856502242, 94.258872651357, 89.59143968871595, 79.15811088295688, 80.87215064420218], [97.65306122448979, 97.62114537444934, 79.94186046511628, 90.4950495049505, 92.66802443991854, 88.45291479820628, 92.48434237995825, 90.6614785992218, 81.21149897330595, 87.80971258671953], [97.34693877551021, 97.44493392070484, 88.2751937984496, 89.20792079207921, 93.9918533604888, 87.21973094170404, 95.61586638830897, 90.36964980544747, 86.96098562628337, 89.79187314172448], [98.26530612244898, 98.06167400881057, 70.44573643410853, 92.77227722772277, 93.68635437881873, 85.87443946188341, 96.45093945720251, 93.28793774319067, 85.01026694045174, 89.89098116947473], [98.16326530612245, 97.88546255506608, 86.9186046511628, 92.17821782178218, 91.44602851323829, 83.40807174887892, 96.45093945720251, 91.43968871595331, 86.24229979466119, 93.55797819623389], [97.85714285714286, 99.03083700440529, 89.43798449612403, 90.5940594059406, 95.21384928716904, 89.46188340807174, 95.51148225469728, 90.27237354085604, 85.1129363449692, 88.60257680872151], [98.26530612244898, 97.97356828193833, 79.06976744186046, 92.27722772277228, 94.80651731160896, 89.12556053811659, 96.76409185803757, 90.56420233463035, 86.24229979466119, 92.07135777998018], [98.26530612244898, 98.32599118942731, 82.65503875968992, 93.16831683168317, 91.75152749490834, 90.69506726457399, 94.78079331941545, 91.34241245136187, 86.44763860369609, 94.54905847373637], [98.16326530612245, 98.41409691629956, 77.61627906976744, 93.66336633663366, 95.010183299389, 90.91928251121077, 94.67640918580376, 91.34241245136187, 87.47433264887064, 92.66600594648166], [97.75510204081633, 97.70925110132158, 78.48837209302326, 92.87128712871286, 93.9918533604888, 91.4798206278027, 95.82463465553236, 91.92607003891051, 89.83572895277207, 94.35084241823587], [97.75510204081633, 97.5330396475771, 80.42635658914729, 92.97029702970298, 93.27902240325865, 91.70403587443946, 95.4070981210856, 93.09338521400778, 92.40246406570841, 93.06243805748265], [98.16326530612245, 98.32599118942731, 84.30232558139535, 94.75247524752476, 94.19551934826885, 91.03139013452915, 95.82463465553236, 91.34241245136187, 89.21971252566735, 94.25173439048562], [97.85714285714286, 98.41409691629956, 73.93410852713178, 95.44554455445545, 94.19551934826885, 90.47085201793722, 96.45093945720251, 94.45525291828794, 90.14373716632444, 93.06243805748265], [98.06122448979592, 98.8546255506608, 87.6937984496124, 94.35643564356435, 93.27902240325865, 90.69506726457399, 96.45093945720251, 92.8988326848249, 92.29979466119096, 94.25173439048562], [98.26530612244898, 98.94273127753304, 84.30232558139535, 93.66336633663366, 93.58452138492872, 92.37668161434978, 96.45093945720251, 93.19066147859922, 89.52772073921972, 94.84638255698711], [96.93877551020408, 98.94273127753304, 62.1124031007752, 95.64356435643565, 94.19551934826885, 91.14349775784753, 96.24217118997912, 93.96887159533074, 90.24640657084188, 93.95441030723488], [97.34693877551021, 98.76651982378854, 66.47286821705427, 95.34653465346534, 94.39918533604887, 92.37668161434978, 96.97286012526096, 92.31517509727627, 90.86242299794661, 95.04459861248762], [97.95918367346938, 98.76651982378854, 82.46124031007751, 94.15841584158416, 93.78818737270876, 92.04035874439462, 95.82463465553236, 93.3852140077821, 93.22381930184805, 95.44103072348861], [98.06122448979592, 98.6784140969163, 88.0813953488372, 95.04950495049505, 94.39918533604887, 91.92825112107623, 96.97286012526096, 94.45525291828794, 94.25051334702259, 93.1615460852329], [97.95918367346938, 98.76651982378854, 84.68992248062015, 93.36633663366337, 95.62118126272912, 93.27354260089686, 96.13778705636743, 93.57976653696498, 94.14784394250513, 94.44995044598612], [98.36734693877551, 99.03083700440529, 44.76744186046512, 95.84158415841584, 94.80651731160896, 92.9372197309417, 96.34655532359082, 92.70428015564202, 91.06776180698152, 95.24281466798811], [98.16326530612245, 98.76651982378854, 87.59689922480621, 94.85148514851485, 95.41751527494908, 93.72197309417041, 96.76409185803757, 93.28793774319067, 93.73716632443532, 93.45887016848364], [97.95918367346938, 99.03083700440529, 91.37596899224806, 94.35643564356435, 95.92668024439918, 94.5067264573991, 96.65970772442589, 92.50972762645914, 94.35318275154005, 93.65708622398414], [97.24489795918367, 98.76651982378854, 57.07364341085271, 94.75247524752476, 94.19551934826885, 93.16143497757848, 96.45093945720251, 91.82879377431907, 93.94250513347022, 96.33300297324084]],