{"config": {"DATASET": "mnist", "TOTAL_CLIENTS": 100, "CLIENT_FRAC": 0.1, "POISON_FRAC": 0.1, "CREATE_DATASET": false, "RANDOM_DATA": true, "CLASS_RATIO": 10, "MODEL": "nnet", "LEARNING_RATE": 0.001, "BATCH_SIZE": 32, "LOCAL_EPOCHS": 10, "OPTIMIZER": "adam", "FED_ROUNDS": 30, "TEST_EVERY": 1, "RANDOM_PROCESS": false, "COS_DEFENCE": true, "SEL_METHOD": 1, "REDUCE_LR": 1, "COLLAB_MODE": true, "COLLAB_ALL": true, "CONSIDER_LAYERS": "l1", "GRAD_AGG": true, "FEATURE_FINDING_ALGO": "auror", "GRAD_COLLECTION_START": 0, "GRAD_COLLECT_FOR": -1, "CLUSTER_SEP": 0.005, "ALPHA": 0.8, "BETA": 0.8, "GAMMA": 0.1, "TRUST_INC": 2, "TRUST_CUT_METHOD": 1, "HONEST_PARDON_FACTOR": 0.7, "LOG_LEVEL": "INFO", "JSON_RESULTS": true}, "mean_poison_class_acc": 85.03391472868216, "mean_attack_srate": 3.0281007751937983, "total_accuracies": [43.41, 73.44, 84.66, 87.15, 87.31, 89.4, 88.92, 90.56, 90.79, 91.86, 92.31, 92.29, 92.3, 93.02, 90.65, 93.74, 93.6, 92.5, 94.46, 93.78, 94.33, 94.68, 90.39, 94.8, 94.92, 94.98, 92.61, 94.63, 95.07, 94.79], "class_accuracies": [[99.59183673469387, 95.41850220264317, 1.550387596899225, 45.24752475247525, 51.425661914460285, 2.690582959641256, 41.96242171189979, 0.0, 1.2320328542094456, 85.82755203171457], [95.51020408163265, 98.76651982378854, 28.003875968992247, 89.10891089108911, 79.83706720977597, 65.24663677130044, 85.28183716075156, 85.11673151750973, 52.772073921971256, 52.130822596630324], [95.3061224489796, 97.88546255506608, 80.03875968992249, 86.33663366336634, 86.86354378818737, 73.09417040358744, 91.02296450939457, 85.50583657587549, 74.64065708418892, 73.33994053518335], [95.91836734693878, 96.82819383259911, 80.13565891472868, 88.81188118811882, 87.4745417515275, 75.33632286995515, 94.1544885177453, 88.2295719844358, 81.00616016427105, 81.56590683845391], [96.53061224489795, 96.65198237885463, 69.57364341085271, 85.74257425742574, 91.75152749490834, 84.30493273542601, 93.52818371607516, 89.2023346303502, 83.67556468172485, 81.56590683845391], [96.42857142857143, 98.14977973568281, 82.07364341085271, 90.1980198019802, 89.71486761710794, 83.5201793721973, 94.1544885177453, 90.85603112840467, 80.08213552361396, 87.31417244796829], [96.73469387755102, 98.41409691629956, 76.64728682170542, 86.63366336633663, 96.43584521384929, 89.46188340807174, 94.258872651357, 89.10505836575875, 79.56878850102669, 81.46679881070366], [97.44897959183673, 97.09251101321586, 83.62403100775194, 90.39603960396039, 92.87169042769857, 91.14349775784753, 92.69311064718163, 90.36964980544747, 81.93018480492813, 87.51238850346878], [98.06122448979592, 97.26872246696036, 80.62015503875969, 89.10891089108911, 94.80651731160896, 89.01345291479821, 94.78079331941545, 90.75875486381322, 84.80492813141684, 88.20614469772052], [97.85714285714286, 97.44493392070484, 85.07751937984496, 91.68316831683168, 93.78818737270876, 87.21973094170404, 96.65970772442589, 92.50972762645914, 86.34496919917865, 89.197224975223], [97.85714285714286, 98.32599118942731, 90.11627906976744, 92.47524752475248, 93.78818737270876, 85.42600896860986, 94.78079331941545, 91.82879377431907, 85.93429158110882, 91.17938553022795], [98.36734693877551, 98.14977973568281, 85.07751937984496, 92.27722772277228, 96.43584521384929, 88.90134529147981, 94.78079331941545, 91.147859922179, 89.3223819301848, 87.80971258671953], [98.06122448979592, 97.79735682819383, 84.01162790697674, 90.5940594059406, 95.41751527494908, 89.91031390134529, 96.65970772442589, 92.21789883268482, 89.3223819301848, 88.60257680872151], [97.95918367346938, 98.06167400881057, 89.34108527131782, 93.96039603960396, 93.07535641547861, 89.46188340807174, 95.61586638830897, 91.34241245136187, 87.06365503080082, 93.45887016848364], [97.85714285714286, 97.88546255506608, 64.43798449612403, 94.45544554455445, 96.13034623217922, 91.3677130044843, 94.46764091858037, 92.41245136186771, 87.16632443531827, 90.48562933597621], [97.44897959183673, 98.14977973568281, 91.56976744186046, 92.67326732673267, 94.80651731160896, 91.14349775784753, 96.45093945720251, 92.02334630350195, 89.93839835728953, 92.56689791873141], [98.36734693877551, 98.23788546255507, 88.46899224806202, 90.39603960396039, 95.41751527494908, 92.60089686098655, 95.92901878914405, 94.06614785992218, 91.68377823408625, 90.48562933597621], [98.46938775510205, 98.8546255506608, 77.90697674418605, 95.54455445544555, 95.62118126272912, 91.3677130044843, 94.78079331941545, 91.63424124513618, 86.85831622176592, 93.55797819623389], [97.95918367346938, 98.41409691629956, 92.15116279069767, 94.75247524752476, 94.39918533604887, 92.152466367713, 96.13778705636743, 94.26070038910505, 91.47843942505133, 92.26957383548067], [98.06122448979592, 98.8546255506608, 84.59302325581395, 95.14851485148515, 94.80651731160896, 91.59192825112108, 96.03340292275574, 93.77431906614785, 91.17043121149898, 93.26065411298315], [97.85714285714286, 99.03083700440529, 89.72868217054264, 94.55445544554455, 95.21384928716904, 93.72197309417041, 96.5553235908142, 93.67704280155642, 89.11704312114989, 93.3597621407334], [97.14285714285714, 99.03083700440529, 91.47286821705427, 94.55445544554455, 95.51934826883911, 91.92825112107623, 96.45093945720251, 95.91439688715953, 91.27310061601642, 92.76511397423191], [97.65306122448979, 98.76651982378854, 52.13178294573643, 95.14851485148515, 95.31568228105907, 93.83408071748879, 96.45093945720251, 93.48249027237354, 88.80903490759754, 93.06243805748265], [98.06122448979592, 98.94273127753304, 92.73255813953489, 94.45544554455445, 94.70468431771894, 91.70403587443946, 97.28601252609603, 92.41245136186771, 93.53182751540041, 93.55797819623389], [97.85714285714286, 98.32599118942731, 92.34496124031008, 94.95049504950495, 95.82484725050917, 92.26457399103138, 96.76409185803757, 93.28793774319067, 94.14784394250513, 92.9633300297324], [98.06122448979592, 98.8546255506608, 92.73255813953489, 95.04950495049505, 96.84317718940937, 91.25560538116592, 97.28601252609603, 93.57976653696498, 93.63449691991786, 91.87314172447968], [98.57142857142857, 98.94273127753304, 70.34883720930233, 96.63366336633663, 95.11201629327903, 91.4798206278027, 95.09394572025052, 95.42801556420234, 89.93839835728953, 94.35084241823587], [98.26530612244898, 98.76651982378854, 87.98449612403101, 97.32673267326733, 95.51934826883911, 92.37668161434978, 96.86847599164926, 94.06614785992218, 91.78644763860369, 92.86422200198216], [98.16326530612245, 98.94273127753304, 93.6046511627907, 94.15841584158416, 96.5376782077393, 94.5067264573991, 96.13778705636743, 92.12062256809338, 94.04517453798768, 92.17046580773042], [97.65306122448979, 98.59030837004406, 89.92248062015504, 95.24752475247524, 93.38085539714868, 92.48878923766816, 96.76409185803757, 92.99610894941634, 94.55852156057495, 95.8374628344896]],