{"config": {"DATASET": "mnist", "TOTAL_CLIENTS": 100, "CLIENT_FRAC": 0.2, "POISON_FRAC": 0.1, "CREATE_DATASET": true, "RANDOM_DATA": true, "CLASS_RATIO": 10, "MODEL": "nnet", "LEARNING_RATE": 0.001, "BATCH_SIZE": 32, "LOCAL_EPOCHS": 10, "OPTIMIZER": "adam", "FED_ROUNDS": 30, "TEST_EVERY": 1, "RANDOM_PROCESS": false, "COS_DEFENCE": false, "SEL_METHOD": 1, "REDUCE_LR": 1, "COLLAB_MODE": true, "COLLAB_ALL": true, "CONSIDER_LAYERS": "l1", "GRAD_AGG": true, "FEATURE_FINDING_ALGO": "auror", "GRAD_COLLECTION_START": 0, "GRAD_COLLECT_FOR": -1, "CLUSTER_SEP": 0.002, "ALPHA": 0.8, "BETA": 0.8, "GAMMA": 0.1, "TRUST_INC": 2, "TRUST_CUT_METHOD": 1, "HONEST_PARDON_FACTOR": 0.7, "LOG_LEVEL": "INFO", "JSON_RESULTS": true}, "mean_poison_class_acc": 86.22480620155036, "mean_attack_srate": 2.9302325581395343, "total_accuracies": [51.08, 70.58, 82.27, 86.46, 87.77, 89.4, 89.6, 90.65, 91.83, 92.2, 92.47, 92.31, 93.26, 93.47, 93.31, 94.6, 94.43, 94.66, 93.34, 93.52, 94.88, 94.82, 95.04, 92.76, 95.08, 94.83, 94.71, 95.02, 95.74, 95.17], "class_accuracies": [[97.34693877551021, 99.91189427312776, 1.065891472868217, 50.99009900990099, 72.60692464358452, 30.269058295964125, 17.32776617954071, 81.1284046692607, 52.46406570841889, 0.0], [98.26530612244898, 98.6784140969163, 31.976744186046513, 76.83168316831683, 93.17718940936864, 79.48430493273543, 82.98538622129436, 83.94941634241245, 39.322381930184804, 20.218037661050545], [96.53061224489795, 98.32599118942731, 62.7906976744186, 82.67326732673267, 94.5010183299389, 77.3542600896861, 94.36325678496868, 91.34241245136187, 75.46201232032854, 48.16650148662042], [96.63265306122449, 97.62114537444934, 76.55038759689923, 84.15841584158416, 92.56619144602851, 86.7713004484305, 91.64926931106471, 89.00778210116732, 73.92197125256673, 74.82656095143706], [96.93877551020408, 97.3568281938326, 73.06201550387597, 87.72277227722772, 95.51934826883911, 81.72645739910314, 93.31941544885177, 90.46692607003891, 81.62217659137578, 78.88999008919723], [97.75510204081633, 96.29955947136564, 79.06976744186046, 87.42574257425743, 95.11201629327903, 82.17488789237669, 92.27557411273486, 90.75875486381322, 86.75564681724846, 85.33201189296334], [97.75510204081633, 98.32599118942731, 80.32945736434108, 90.4950495049505, 95.31568228105907, 88.78923766816143, 91.44050104384134, 90.27237354085604, 81.41683778234086, 81.07036669970267], [97.85714285714286, 97.3568281938326, 81.5891472868217, 90.79207920792079, 96.33401221995926, 87.33183856502242, 92.69311064718163, 91.82879377431907, 84.39425051334702, 85.53022794846383], [97.44897959183673, 96.91629955947137, 87.3062015503876, 88.41584158415841, 94.39918533604887, 88.78923766816143, 94.36325678496868, 89.78599221789884, 90.34907597535934, 89.99008919722498], [97.95918367346938, 97.5330396475771, 86.7248062015504, 93.66336633663366, 95.72301425661914, 86.65919282511211, 94.88517745302714, 91.147859922179, 87.88501026694045, 88.89990089197225], [97.75510204081633, 98.06167400881057, 86.82170542635659, 92.27722772277228, 96.23217922606925, 89.46188340807174, 95.19832985386222, 91.82879377431907, 87.06365503080082, 89.29633300297324], [97.85714285714286, 98.23788546255507, 81.1046511627907, 93.56435643564356, 96.84317718940937, 90.5829596412556, 95.72025052192066, 92.12062256809338, 88.39835728952772, 88.30525272547077], [97.75510204081633, 98.23788546255507, 88.0813953488372, 93.76237623762377, 95.62118126272912, 90.02242152466367, 96.03340292275574, 94.16342412451363, 88.50102669404518, 89.69276511397423], [98.06122448979592, 98.14977973568281, 86.62790697674419, 93.16831683168317, 95.51934826883911, 89.79820627802691, 96.13778705636743, 93.28793774319067, 92.09445585215606, 91.2784935579782], [98.16326530612245, 98.06167400881057, 83.72093023255815, 93.56435643564356, 96.5376782077393, 92.37668161434978, 95.51148225469728, 93.09338521400778, 90.65708418891171, 91.17938553022795], [97.95918367346938, 98.76651982378854, 92.24806201550388, 93.46534653465346, 94.80651731160896, 92.37668161434978, 95.92901878914405, 94.64980544747081, 93.1211498973306, 92.07135777998018], [97.85714285714286, 98.23788546255507, 90.01937984496124, 95.44554455445545, 96.02851323828921, 89.79820627802691, 96.76409185803757, 93.67704280155642, 93.22381930184805, 92.56689791873141], [98.16326530612245, 98.6784140969163, 92.92635658914729, 92.27722772277228, 95.11201629327903, 93.04932735426009, 95.61586638830897, 93.48249027237354, 93.1211498973306, 93.65708622398414], [97.95918367346938, 98.76651982378854, 80.23255813953489, 93.56435643564356, 95.92668024439918, 92.48878923766816, 96.24217118997912, 93.8715953307393, 90.34907597535934, 93.75619425173439], [97.65306122448979, 98.76651982378854, 81.5891472868217, 92.77227722772277, 96.33401221995926, 92.82511210762331, 96.13778705636743, 93.3852140077821, 92.91581108829568, 92.66600594648166], [98.36734693877551, 98.8546255506608, 90.89147286821705, 94.05940594059406, 96.33401221995926, 93.38565022421524, 95.61586638830897, 94.45525291828794, 92.91581108829568, 93.45887016848364], [98.36734693877551, 98.8546255506608, 90.11627906976744, 93.86138613861387, 95.82484725050917, 93.72197309417041, 94.88517745302714, 94.26070038910505, 93.83983572895278, 94.05351833498513], [97.75510204081633, 98.94273127753304, 92.53875968992249, 93.76237623762377, 96.5376782077393, 93.83408071748879, 96.5553235908142, 94.3579766536965, 93.53182751540041, 92.17046580773042], [98.57142857142857, 98.59030837004406, 68.7984496124031, 94.75247524752476, 97.04684317718942, 94.39461883408072, 95.61586638830897, 94.55252918287938, 93.32648870636551, 92.36868186323092], [98.06122448979592, 98.59030837004406, 89.92248062015504, 94.65346534653466, 96.33401221995926, 94.17040358744394, 95.61586638830897, 93.77431906614785, 94.96919917864476, 94.44995044598612], [98.06122448979592, 98.59030837004406, 88.56589147286822, 94.15841584158416, 96.5376782077393, 95.17937219730942, 95.61586638830897, 94.26070038910505, 93.42915811088295, 93.75619425173439], [98.77551020408163, 98.59030837004406, 86.82170542635659, 95.24752475247524, 97.45417515274949, 93.83408071748879, 96.03340292275574, 95.03891050583658, 93.1211498973306, 91.97224975222993], [98.26530612244898, 98.50220264317181, 87.59689922480621, 96.03960396039604, 96.5376782077393, 92.82511210762331, 96.97286012526096, 94.74708171206225, 94.55852156057495, 93.85530227948463], [98.6734693877551, 98.50220264317181, 94.18604651162791, 96.13861386138613, 96.02851323828921, 92.82511210762331, 96.65970772442589, 93.8715953307393, 95.48254620123203, 94.54905847373637], [98.16326530612245, 98.50220264317181, 87.79069767441861, 95.34653465346534, 97.14867617107943, 92.82511210762331, 96.76409185803757, 95.23346303501945, 95.7905544147844, 93.85530227948463]],