{"config": {"DATASET": "mnist", "TOTAL_CLIENTS": 100, "CLIENT_FRAC": 0.2, "POISON_FRAC": 0.1, "CREATE_DATASET": false, "RANDOM_DATA": true, "CLASS_RATIO": 10, "MODEL": "nnet", "LEARNING_RATE": 0.001, "BATCH_SIZE": 32, "LOCAL_EPOCHS": 10, "OPTIMIZER": "adam", "FED_ROUNDS": 30, "TEST_EVERY": 1, "RANDOM_PROCESS": false, "COS_DEFENCE": true, "SEL_METHOD": 1, "REDUCE_LR": 1, "COLLAB_MODE": true, "COLLAB_ALL": true, "CONSIDER_LAYERS": "l1", "GRAD_AGG": true, "FEATURE_FINDING_ALGO": "auror", "GRAD_COLLECTION_START": 0, "GRAD_COLLECT_FOR": -1, "CLUSTER_SEP": 0.005, "ALPHA": 0.8, "BETA": 0.8, "GAMMA": 0.1, "TRUST_INC": 2, "TRUST_CUT_METHOD": 1, "HONEST_PARDON_FACTOR": 0.7, "LOG_LEVEL": "INFO", "JSON_RESULTS": true}, "mean_poison_class_acc": 86.71317829457362, "mean_attack_srate": 3.027131782945737, "total_accuracies": [50.08, 71.34, 82.68, 86.8, 88.58, 89.79, 89.91, 91.37, 91.06, 92.08, 92.41, 92.69, 93.31, 92.88, 93.54, 93.77, 93.21, 94.34, 94.41, 94.47, 93.91, 94.2, 94.22, 94.57, 94.82, 94.88, 94.8, 94.58, 95.17, 94.51], "class_accuracies": [[99.48979591836735, 94.09691629955947, 3.682170542635659, 46.83168316831683, 61.5071283095723, 21.41255605381166, 29.331941544885176, 24.90272373540856, 47.125256673511295, 65.70862239841428], [97.44897959183673, 98.6784140969163, 55.91085271317829, 91.78217821782178, 76.88391038696538, 57.73542600896861, 78.70563674321504, 89.59143968871595, 40.04106776180698, 21.80376610505451], [96.83673469387755, 98.41409691629956, 76.74418604651163, 89.4059405940594, 87.88187372708758, 61.99551569506726, 91.54488517745303, 92.12062256809338, 74.84599589322382, 53.3201189296333], [96.93877551020408, 98.14977973568281, 80.62015503875969, 88.01980198019803, 85.74338085539715, 84.52914798206278, 91.64926931106471, 91.24513618677042, 71.04722792607802, 78.39444995044599], [98.06122448979592, 97.3568281938326, 81.0077519379845, 90.0, 92.05702647657841, 80.15695067264573, 92.90187891440502, 92.60700389105058, 81.00616016427105, 78.98909811694747], [97.44897959183673, 97.79735682819383, 84.39922480620154, 90.5940594059406, 89.91853360488798, 81.61434977578476, 93.94572025052192, 92.12062256809338, 82.34086242299794, 86.02576808721507], [98.16326530612245, 97.97356828193833, 78.87596899224806, 91.08910891089108, 92.05702647657841, 85.53811659192826, 92.79749478079331, 90.46692607003891, 81.10882956878851, 89.89098116947473], [97.55102040816327, 97.5330396475771, 85.36821705426357, 91.78217821782178, 92.05702647657841, 85.42600896860986, 94.36325678496868, 91.73151750972762, 87.98767967145791, 88.800792864222], [98.06122448979592, 97.88546255506608, 81.3953488372093, 91.78217821782178, 91.75152749490834, 86.7713004484305, 93.52818371607516, 92.8988326848249, 83.9835728952772, 91.47670961347869], [97.65306122448979, 98.76651982378854, 85.17441860465117, 93.06930693069307, 91.85336048879837, 86.88340807174887, 95.30271398747391, 92.21789883268482, 86.03696098562628, 92.66600594648166], [97.24489795918367, 98.6784140969163, 87.40310077519379, 93.06930693069307, 94.09368635437882, 88.34080717488789, 94.78079331941545, 93.28793774319067, 84.90759753593429, 91.17938553022795], [97.75510204081633, 97.97356828193833, 85.36821705426357, 92.57425742574257, 95.62118126272912, 89.79820627802691, 95.30271398747391, 93.09338521400778, 89.93839835728953, 88.89990089197225], [98.06122448979592, 98.6784140969163, 89.82558139534883, 94.15841584158416, 94.19551934826885, 89.01345291479821, 95.4070981210856, 93.28793774319067, 88.80903490759754, 90.68384539147671], [98.46938775510205, 97.79735682819383, 81.87984496124031, 93.56435643564356, 93.78818737270876, 89.23766816143498, 94.1544885177453, 93.96887159533074, 91.78644763860369, 93.55797819623389], [97.55102040816327, 98.59030837004406, 86.9186046511628, 95.04950495049505, 95.21384928716904, 91.25560538116592, 95.82463465553236, 93.8715953307393, 89.3223819301848, 91.17938553022795], [97.85714285714286, 98.41409691629956, 89.05038759689923, 92.87128712871286, 93.07535641547861, 90.13452914798206, 96.34655532359082, 93.77431906614785, 91.88911704312115, 93.55797819623389], [98.26530612244898, 98.50220264317181, 81.4922480620155, 94.75247524752476, 95.21384928716904, 90.35874439461884, 95.92901878914405, 95.03891050583658, 88.80903490759754, 93.1615460852329], [97.85714285714286, 98.6784140969163, 91.56976744186046, 95.34653465346534, 94.5010183299389, 89.34977578475336, 95.61586638830897, 94.8443579766537, 91.37577002053388, 93.26065411298315], [97.85714285714286, 98.6784140969163, 91.37596899224806, 94.75247524752476, 95.21384928716904, 90.91928251121077, 96.13778705636743, 94.26070038910505, 92.19712525667352, 91.97224975222993], [98.26530612244898, 98.6784140969163, 90.69767441860465, 94.95049504950495, 94.09368635437882, 90.13452914798206, 96.13778705636743, 94.16342412451363, 92.81314168377824, 93.95441030723488], [98.26530612244898, 98.76651982378854, 82.75193798449612, 95.34653465346534, 95.72301425661914, 90.69506726457399, 96.34655532359082, 95.03891050583658, 92.50513347022587, 93.1615460852329], [97.44897959183673, 98.76651982378854, 87.40310077519379, 95.24752475247524, 96.23217922606925, 91.59192825112108, 96.45093945720251, 95.42801556420234, 90.55441478439425, 92.26957383548067], [98.57142857142857, 98.50220264317181, 85.46511627906976, 95.44554455445545, 95.92668024439918, 92.152466367713, 96.24217118997912, 95.13618677042801, 91.17043121149898, 93.1615460852329], [98.57142857142857, 98.59030837004406, 87.3062015503876, 95.54455445544555, 94.60285132382892, 91.70403587443946, 96.34655532359082, 94.45525291828794, 94.55852156057495, 93.55797819623389], [98.06122448979592, 98.50220264317181, 90.98837209302326, 95.64356435643565, 95.11201629327903, 91.81614349775785, 96.13778705636743, 93.96887159533074, 93.73716632443532, 93.65708622398414], [98.87755102040816, 98.76651982378854, 90.40697674418605, 94.55445544554455, 95.31568228105907, 91.81614349775785, 96.34655532359082, 95.3307392996109, 93.1211498973306, 93.65708622398414], [98.26530612244898, 98.76651982378854, 90.01937984496124, 94.95049504950495, 95.51934826883911, 93.60986547085201, 96.13778705636743, 94.8443579766537, 91.78644763860369, 93.65708622398414], [97.65306122448979, 98.6784140969163, 88.2751937984496, 95.04950495049505, 94.09368635437882, 92.71300448430493, 96.5553235908142, 95.62256809338521, 91.68377823408625, 94.94549058473736], [98.06122448979592, 98.14977973568281, 91.86046511627907, 95.34653465346534, 94.90835030549898, 92.71300448430493, 96.45093945720251, 95.62256809338521, 94.25051334702259, 93.85530227948463], [98.16326530612245, 98.50220264317181, 82.55813953488372, 95.84158415841584, 96.13034623217922, 93.72197309417041, 96.5553235908142, 95.91439688715953, 93.32648870636551, 94.25173439048562]],