{"config": {"DATASET": "mnist", "TOTAL_CLIENTS": 100, "CLIENT_FRAC": 0.2, "POISON_FRAC": 0.2, "CREATE_DATASET": true, "RANDOM_DATA": true, "CLASS_RATIO": 10, "MODEL": "nnet", "LEARNING_RATE": 0.001, "BATCH_SIZE": 32, "LOCAL_EPOCHS": 10, "OPTIMIZER": "adam", "FED_ROUNDS": 30, "TEST_EVERY": 1, "RANDOM_PROCESS": false, "COS_DEFENCE": false, "SEL_METHOD": 1, "REDUCE_LR": 1, "COLLAB_MODE": true, "COLLAB_ALL": true, "CONSIDER_LAYERS": "l1", "GRAD_AGG": true, "FEATURE_FINDING_ALGO": "auror", "GRAD_COLLECTION_START": 0, "GRAD_COLLECT_FOR": -1, "CLUSTER_SEP": 0.002, "ALPHA": 0.8, "BETA": 0.8, "GAMMA": 0.1, "TRUST_INC": 2, "TRUST_CUT_METHOD": 1, "HONEST_PARDON_FACTOR": 0.7, "LOG_LEVEL": "INFO", "JSON_RESULTS": true}, "mean_poison_class_acc": 77.94573643410853, "mean_attack_srate": 3.1240310077519378, "total_accuracies": [50.93, 66.07, 80.32, 85.81, 86.05, 87.49, 88.91, 84.51, 91.24, 89.96, 91.91, 92.64, 91.75, 93.3, 94.05, 92.66, 94.37, 94.32, 94.43, 93.8, 93.1, 94.6, 94.02, 94.28, 91.49, 95.07, 92.34, 95.18, 95.33, 93.67], "class_accuracies": [[97.75510204081633, 96.91629955947137, 0.0, 54.05940594059406, 87.88187372708758, 23.99103139013453, 11.586638830897703, 83.26848249027238, 45.68788501026694, 0.0], [97.85714285714286, 98.76651982378854, 8.236434108527131, 78.7128712871287, 90.32586558044807, 84.52914798206278, 76.30480167014613, 87.06225680933852, 28.439425051334702, 10.20812685827552], [96.3265306122449, 98.6784140969163, 44.96124031007752, 81.08910891089108, 93.07535641547861, 80.15695067264573, 94.46764091858037, 90.27237354085604, 71.97125256673512, 51.73439048562933], [96.63265306122449, 97.70925110132158, 65.69767441860465, 85.24752475247524, 92.76985743380855, 85.87443946188341, 93.0062630480167, 89.2023346303502, 76.38603696098562, 75.02477700693757], [97.04081632653062, 97.97356828193833, 57.36434108527132, 88.91089108910892, 95.72301425661914, 81.72645739910314, 92.90187891440502, 91.05058365758755, 78.02874743326488, 78.98909811694747], [97.55102040816327, 96.82819383259911, 59.20542635658915, 87.82178217821782, 94.80651731160896, 83.07174887892377, 93.21503131524008, 89.88326848249027, 86.44763860369609, 85.72844400396433], [97.55102040816327, 98.6784140969163, 72.28682170542636, 89.4059405940594, 95.21384928716904, 88.2286995515695, 92.79749478079331, 90.1750972762646, 81.82751540041068, 82.3587710604559], [97.75510204081633, 97.79735682819383, 25.968992248062015, 90.6930693069307, 96.23217922606925, 87.10762331838565, 91.44050104384134, 91.24513618677042, 80.80082135523614, 86.81863230921705], [97.14285714285714, 97.18061674008811, 84.30232558139535, 88.7128712871287, 95.11201629327903, 88.45291479820628, 95.30271398747391, 89.6887159533074, 90.34907597535934, 85.72844400396433], [98.06122448979592, 97.44493392070484, 66.66666666666667, 92.77227722772277, 96.43584521384929, 87.21973094170404, 94.46764091858037, 91.147859922179, 87.67967145790554, 87.51238850346878], [98.16326530612245, 97.97356828193833, 81.97674418604652, 91.78217821782178, 96.63951120162933, 89.57399103139014, 95.4070981210856, 91.24513618677042, 88.29568788501027, 87.61149653121903], [97.85714285714286, 97.97356828193833, 85.65891472868218, 93.96039603960396, 96.84317718940937, 89.91031390134529, 95.51148225469728, 92.02334630350195, 89.21971252566735, 86.9177403369673], [97.85714285714286, 98.14977973568281, 74.4186046511628, 92.57425742574257, 96.13034623217922, 90.69506726457399, 96.34655532359082, 94.26070038910505, 88.39835728952772, 88.50346878097126], [97.85714285714286, 98.23788546255507, 85.36821705426357, 93.96039603960396, 95.51934826883911, 90.69506726457399, 96.45093945720251, 92.8988326848249, 91.27310061601642, 90.28741328047572], [98.36734693877551, 97.79735682819383, 90.01937984496124, 94.85148514851485, 96.23217922606925, 91.25560538116592, 96.03340292275574, 93.57976653696498, 91.9917864476386, 89.89098116947473], [97.65306122448979, 98.41409691629956, 75.3875968992248, 92.87128712871286, 94.80651731160896, 92.152466367713, 96.03340292275574, 95.03891050583658, 90.75975359342915, 93.3597621407334], [97.95918367346938, 98.06167400881057, 89.53488372093024, 95.24752475247524, 95.72301425661914, 90.69506726457399, 97.28601252609603, 94.64980544747081, 92.50513347022587, 91.47670961347869], [98.36734693877551, 98.41409691629956, 90.79457364341086, 92.67326732673267, 95.31568228105907, 92.60089686098655, 96.03340292275574, 92.8988326848249, 91.9917864476386, 93.65708622398414], [98.16326530612245, 98.76651982378854, 89.05038759689923, 91.98019801980197, 95.92668024439918, 93.27354260089686, 97.18162839248434, 94.16342412451363, 93.01848049281314, 92.46778989098117], [98.06122448979592, 98.59030837004406, 82.94573643410853, 93.26732673267327, 96.5376782077393, 92.9372197309417, 96.34655532359082, 94.3579766536965, 92.81314168377824, 91.97224975222993], [98.36734693877551, 98.6784140969163, 74.8062015503876, 94.05940594059406, 96.43584521384929, 93.38565022421524, 95.72025052192066, 93.8715953307393, 92.71047227926078, 93.06243805748265], [98.46938775510205, 98.6784140969163, 86.7248062015504, 93.46534653465346, 96.63951120162933, 93.94618834080717, 95.92901878914405, 94.3579766536965, 94.04517453798768, 93.55797819623389], [98.06122448979592, 98.76651982378854, 81.78294573643412, 93.76237623762377, 96.84317718940937, 94.5067264573991, 97.28601252609603, 94.94163424124514, 92.29979466119096, 91.97224975222993], [98.57142857142857, 98.8546255506608, 82.17054263565892, 95.54455445544555, 96.94501018329939, 93.38565022421524, 96.45093945720251, 95.42801556420234, 93.01848049281314, 92.26957383548067], [98.16326530612245, 98.8546255506608, 56.492248062015506, 94.85148514851485, 96.33401221995926, 94.17040358744394, 94.98956158663883, 94.45525291828794, 94.14784394250513, 93.1615460852329], [98.36734693877551, 98.6784140969163, 91.18217054263566, 94.65346534653466, 97.25050916496944, 95.17937219730942, 95.72025052192066, 94.45525291828794, 93.22381930184805, 91.77403369672943], [98.57142857142857, 98.8546255506608, 64.53488372093024, 95.14851485148515, 97.65784114052953, 94.95515695067265, 95.30271398747391, 95.52529182879377, 92.50513347022587, 90.8820614469772], [98.16326530612245, 98.32599118942731, 90.79457364341086, 95.54455445544555, 96.33401221995926, 92.9372197309417, 97.7035490605428, 94.74708171206225, 94.45585215605749, 92.46778989098117], [98.57142857142857, 98.59030837004406, 91.76356589147287, 95.44554455445545, 96.74134419551935, 93.16143497757848, 96.97286012526096, 94.16342412451363, 94.86652977412732, 92.66600594648166], [98.16326530612245, 98.41409691629956, 74.8062015503876, 94.55445544554455, 97.55600814663951, 93.94618834080717, 96.5553235908142, 95.91439688715953, 94.86652977412732, 92.17046580773042]],