{"config": {"DATASET": "mnist", "TOTAL_CLIENTS": 100, "CLIENT_FRAC": 0.1, "POISON_FRAC": 0.2, "CREATE_DATASET": false, "RANDOM_DATA": true, "CLASS_RATIO": 10, "MODEL": "nnet", "LEARNING_RATE": 0.001, "BATCH_SIZE": 32, "LOCAL_EPOCHS": 10, "OPTIMIZER": "adam", "FED_ROUNDS": 30, "TEST_EVERY": 1, "RANDOM_PROCESS": false, "COS_DEFENCE": true, "SEL_METHOD": 1, "REDUCE_LR": 1, "COLLAB_MODE": true, "COLLAB_ALL": true, "CONSIDER_LAYERS": "l1", "GRAD_AGG": true, "FEATURE_FINDING_ALGO": "auror", "GRAD_COLLECTION_START": 0, "GRAD_COLLECT_FOR": -1, "CLUSTER_SEP": 0.005, "ALPHA": 0.8, "BETA": 0.8, "GAMMA": 0.1, "TRUST_INC": 2, "TRUST_CUT_METHOD": 1, "HONEST_PARDON_FACTOR": 0.8, "LOG_LEVEL": "INFO", "JSON_RESULTS": true}, "mean_poison_class_acc": 73.12015503875969, "mean_attack_srate": 3.318798449612403, "total_accuracies": [41.95, 73.14, 83.22, 86.68, 88.55, 87.77, 89.88, 88.92, 89.89, 90.86, 91.32, 92.37, 90.64, 92.78, 88.31, 90.12, 89.58, 93.36, 86.43, 93.82, 92.32, 94.15, 87.36, 94.53, 94.41, 94.84, 91.91, 94.77, 94.97, 95.23], "class_accuracies": [[99.59183673469387, 93.74449339207048, 0.1937984496124031, 42.17821782178218, 42.871690427698574, 2.1300448430493275, 41.127348643006265, 0.0, 0.2053388090349076, 88.30525272547077], [95.40816326530613, 98.6784140969163, 28.100775193798448, 92.17821782178218, 82.68839103869654, 57.847533632286996, 84.8643006263048, 85.40856031128405, 49.48665297741273, 53.221010901883055], [95.51020408163265, 98.14977973568281, 61.04651162790697, 87.52475247524752, 86.35437881873727, 75.7847533632287, 92.27557411273486, 85.99221789883268, 75.15400410677618, 72.74529236868186], [96.63265306122449, 96.29955947136564, 74.51550387596899, 88.51485148514851, 89.20570264765784, 76.00896860986548, 94.258872651357, 88.52140077821012, 81.82751540041068, 79.38553022794846], [95.51020408163265, 96.12334801762114, 81.4922480620155, 86.63366336633663, 90.42769857433808, 84.4170403587444, 93.52818371607516, 88.52140077821012, 85.62628336755647, 82.3587710604559], [97.04081632653062, 97.88546255506608, 67.44186046511628, 88.61386138613861, 89.0020366598778, 86.7713004484305, 93.21503131524008, 90.75875486381322, 78.54209445585215, 87.71060455896928], [96.63265306122449, 98.14977973568281, 86.62790697674419, 86.93069306930693, 96.23217922606925, 88.34080717488789, 94.57202505219206, 88.61867704280155, 81.62217659137578, 80.2775024777007], [97.65306122448979, 97.26872246696036, 68.8953488372093, 90.1980198019802, 93.9918533604888, 90.80717488789237, 92.27557411273486, 89.78599221789884, 79.46611909650925, 88.70168483647176], [97.65306122448979, 97.09251101321586, 71.41472868217055, 88.61386138613861, 94.90835030549898, 90.5829596412556, 94.98956158663883, 90.46692607003891, 85.21560574948666, 88.00792864222002], [97.95918367346938, 97.09251101321586, 76.74418604651163, 91.88118811881188, 94.09368635437882, 87.10762331838565, 96.24217118997912, 91.63424124513618, 85.62628336755647, 89.69276511397423], [98.46938775510205, 97.79735682819383, 76.84108527131782, 91.2871287128713, 95.41751527494908, 89.01345291479821, 94.67640918580376, 92.99610894941634, 87.26899383983573, 88.9990089197225], [97.95918367346938, 97.97356828193833, 89.53488372093024, 92.37623762376238, 96.13034623217922, 89.12556053811659, 94.67640918580376, 90.56420233463035, 87.782340862423, 86.81863230921705], [97.75510204081633, 97.70925110132158, 68.5077519379845, 93.26732673267327, 95.11201629327903, 90.02242152466367, 95.72025052192066, 92.02334630350195, 87.16632443531827, 89.09811694747275], [98.6734693877551, 98.6784140969163, 87.01550387596899, 93.76237623762377, 94.29735234215886, 90.24663677130044, 95.61586638830897, 93.09338521400778, 85.1129363449692, 90.48562933597621], [97.85714285714286, 98.14977973568281, 44.47674418604651, 94.25742574257426, 96.23217922606925, 91.59192825112108, 94.05010438413362, 92.41245136186771, 85.31827515400411, 89.49454905847374], [97.95918367346938, 98.6784140969163, 58.236434108527135, 90.89108910891089, 94.90835030549898, 93.94618834080717, 96.86847599164926, 91.73151750972762, 87.782340862423, 90.8820614469772], [98.26530612244898, 98.41409691629956, 49.031007751937985, 93.46534653465346, 94.19551934826885, 93.04932735426009, 94.258872651357, 92.8988326848249, 91.88911704312115, 91.17938553022795], [97.85714285714286, 98.76651982378854, 87.6937984496124, 93.96039603960396, 94.60285132382892, 92.26457399103138, 95.72025052192066, 90.85603112840467, 87.88501026694045, 93.45887016848364], [97.95918367346938, 97.97356828193833, 17.441860465116278, 95.04950495049505, 93.58452138492872, 92.9372197309417, 95.61586638830897, 94.3579766536965, 88.91170431211499, 92.26957383548067], [98.26530612244898, 99.03083700440529, 89.14728682170542, 93.16831683168317, 94.70468431771894, 92.37668161434978, 96.24217118997912, 91.82879377431907, 91.68377823408625, 91.2784935579782], [98.46938775510205, 98.94273127753304, 73.44961240310077, 95.94059405940594, 93.9918533604888, 93.38565022421524, 95.09394572025052, 92.31517509727627, 87.57700205338809, 93.95441030723488], [97.85714285714286, 98.94273127753304, 88.75968992248062, 93.26732673267327, 94.90835030549898, 93.72197309417041, 96.13778705636743, 93.57976653696498, 91.17043121149898, 92.76511397423191], [97.75510204081633, 97.79735682819383, 23.837209302325583, 95.14851485148515, 96.02851323828921, 92.60089686098655, 96.86847599164926, 92.31517509727627, 90.04106776180699, 92.9633300297324], [98.36734693877551, 98.8546255506608, 91.95736434108527, 93.56435643564356, 95.72301425661914, 92.04035874439462, 96.86847599164926, 92.99610894941634, 91.17043121149898, 93.1615460852329], [98.26530612244898, 98.32599118942731, 87.5, 93.96039603960396, 96.02851323828921, 92.82511210762331, 96.86847599164926, 92.70428015564202, 94.6611909650924, 92.76511397423191], [98.46938775510205, 98.59030837004406, 91.08527131782945, 94.05940594059406, 96.63951120162933, 91.3677130044843, 96.76409185803757, 94.3579766536965, 94.25051334702259, 92.26957383548067], [98.36734693877551, 98.8546255506608, 63.85658914728682, 95.64356435643565, 95.72301425661914, 92.60089686098655, 95.92901878914405, 92.41245136186771, 92.19712525667352, 93.85530227948463], [98.57142857142857, 98.76651982378854, 90.69767441860465, 95.54455445544555, 95.21384928716904, 93.27354260089686, 97.07724425887265, 92.99610894941634, 93.01848049281314, 92.17046580773042], [98.57142857142857, 98.94273127753304, 90.60077519379846, 94.85148514851485, 96.5376782077393, 94.28251121076234, 96.24217118997912, 93.3852140077821, 93.73716632443532, 92.26957383548067], [98.16326530612245, 98.8546255506608, 92.73255813953489, 93.46534653465346, 94.80651731160896, 93.94618834080717, 96.76409185803757, 93.48249027237354, 94.86652977412732, 94.84638255698711]],