{"config": {"DATASET": "mnist", "TOTAL_CLIENTS": 100, "CLIENT_FRAC": 0.2, "POISON_FRAC": 0.2, "CREATE_DATASET": false, "RANDOM_DATA": true, "CLASS_RATIO": 10, "MODEL": "nnet", "LEARNING_RATE": 0.001, "BATCH_SIZE": 32, "LOCAL_EPOCHS": 10, "OPTIMIZER": "adam", "FED_ROUNDS": 30, "TEST_EVERY": 1, "RANDOM_PROCESS": false, "COS_DEFENCE": true, "SEL_METHOD": 1, "REDUCE_LR": 1, "COLLAB_MODE": true, "COLLAB_ALL": true, "CONSIDER_LAYERS": "l1", "GRAD_AGG": true, "FEATURE_FINDING_ALGO": "auror", "GRAD_COLLECTION_START": 0, "GRAD_COLLECT_FOR": -1, "CLUSTER_SEP": 0.005, "ALPHA": 0.8, "BETA": 0.8, "GAMMA": 0.1, "TRUST_INC": 2, "TRUST_CUT_METHOD": 1, "HONEST_PARDON_FACTOR": 0.7, "LOG_LEVEL": "INFO", "JSON_RESULTS": true}, "mean_poison_class_acc": 79.37984496124031, "mean_attack_srate": 3.174418604651163, "total_accuracies": [49.91, 71.25, 79.98, 85.31, 88.01, 89.08, 89.42, 89.94, 91.29, 91.99, 89.68, 92.09, 91.61, 93.27, 93.23, 90.99, 93.46, 94.22, 92.57, 94.04, 92.53, 94.54, 93.54, 94.84, 94.3, 94.41, 92.56, 94.34, 92.31, 94.97], "class_accuracies": [[99.38775510204081, 95.15418502202643, 0.0, 58.81188118811881, 61.40529531568228, 21.076233183856502, 23.48643006263048, 53.01556420233463, 20.636550308008214, 57.58176412289396], [96.73469387755102, 98.6784140969163, 46.22093023255814, 92.87128712871286, 80.44806517311609, 65.80717488789237, 80.48016701461378, 86.86770428015564, 35.1129363449692, 25.66897918731417], [96.83673469387755, 98.50220264317181, 43.31395348837209, 89.9009900990099, 86.45621181262729, 72.53363228699551, 89.66597077244259, 92.31517509727627, 72.38193018480493, 56.194251734390484], [97.34693877551021, 97.44493392070484, 64.92248062015504, 86.13861386138613, 86.0488798370672, 88.34080717488789, 89.77035490605428, 89.88326848249027, 71.86858316221766, 80.67393458870168], [97.85714285714286, 97.26872246696036, 75.09689922480621, 89.00990099009901, 91.0386965376782, 85.08968609865471, 91.64926931106471, 93.19066147859922, 80.18480492813141, 78.69177403369673], [97.75510204081633, 97.70925110132158, 78.00387596899225, 91.98019801980197, 91.64969450101833, 80.94170403587444, 93.63256784968685, 91.05058365758755, 80.08213552361396, 86.42220019821606], [97.95918367346938, 97.79735682819383, 75.96899224806202, 92.17821782178218, 91.0386965376782, 85.08968609865471, 93.42379958246346, 89.49416342412451, 80.28747433264887, 89.89098116947473], [97.55102040816327, 97.88546255506608, 75.5813953488372, 91.08910891089108, 93.07535641547861, 88.67713004484305, 94.258872651357, 91.34241245136187, 81.3141683778234, 88.00792864222002], [97.85714285714286, 97.44493392070484, 83.52713178294573, 92.47524752475248, 90.93686354378819, 88.67713004484305, 94.46764091858037, 90.56420233463035, 84.70225872689939, 91.47670961347869], [97.75510204081633, 98.32599118942731, 85.75581395348837, 91.78217821782178, 92.66802443991854, 88.11659192825113, 95.72025052192066, 91.24513618677042, 86.85831622176592, 90.78295341922696], [97.14285714285714, 98.14977973568281, 61.33720930232558, 93.36633663366337, 94.39918533604887, 89.23766816143498, 94.98956158663883, 92.60700389105058, 82.64887063655031, 92.76511397423191], [97.75510204081633, 97.97356828193833, 77.61627906976744, 92.27722772277228, 94.90835030549898, 90.35874439461884, 96.03340292275574, 91.53696498054475, 90.65708418891171, 91.57581764122894], [98.6734693877551, 98.50220264317181, 72.09302325581395, 94.65346534653466, 94.90835030549898, 89.57399103139014, 94.78079331941545, 92.60700389105058, 88.39835728952772, 91.57581764122894], [98.46938775510205, 98.41409691629956, 87.1124031007752, 94.45544554455445, 94.80651731160896, 91.4798206278027, 94.67640918580376, 91.43968871595331, 89.01437371663245, 92.26957383548067], [97.75510204081633, 98.32599118942731, 82.55813953488372, 95.14851485148515, 95.41751527494908, 90.80717488789237, 96.13778705636743, 92.70428015564202, 90.04106776180699, 92.9633300297324], [97.44897959183673, 98.23788546255507, 60.85271317829457, 93.26732673267327, 95.11201629327903, 92.152466367713, 96.5553235908142, 92.70428015564202, 90.55441478439425, 93.45887016848364], [98.06122448979592, 98.32599118942731, 84.20542635658914, 92.97029702970298, 93.27902240325865, 93.27354260089686, 96.13778705636743, 93.48249027237354, 90.4517453798768, 94.15262636273538], [98.16326530612245, 98.50220264317181, 90.40697674418605, 95.94059405940594, 94.80651731160896, 90.24663677130044, 96.24217118997912, 93.77431906614785, 89.73305954825462, 93.55797819623389], [97.65306122448979, 98.50220264317181, 72.67441860465117, 94.75247524752476, 95.82484725050917, 92.71300448430493, 96.13778705636743, 93.28793774319067, 89.83572895277207, 94.35084241823587], [98.57142857142857, 98.59030837004406, 86.43410852713178, 95.14851485148515, 93.58452138492872, 92.152466367713, 96.13778705636743, 93.09338521400778, 91.17043121149898, 95.04459861248762], [98.06122448979592, 98.59030837004406, 71.89922480620154, 95.14851485148515, 93.58452138492872, 91.81614349775785, 96.13778705636743, 94.26070038910505, 90.75975359342915, 94.94549058473736], [98.77551020408163, 98.6784140969163, 88.46899224806202, 94.75247524752476, 95.41751527494908, 92.152466367713, 96.13778705636743, 94.06614785992218, 91.88911704312115, 94.54905847373637], [98.26530612244898, 98.8546255506608, 80.23255813953489, 95.64356435643565, 96.74134419551935, 92.48878923766816, 96.34655532359082, 93.3852140077821, 90.34907597535934, 92.86422200198216], [98.16326530612245, 98.6784140969163, 90.01937984496124, 94.75247524752476, 95.21384928716904, 93.60986547085201, 96.13778705636743, 94.16342412451363, 93.1211498973306, 94.15262636273538], [98.06122448979592, 98.8546255506608, 86.14341085271317, 95.94059405940594, 95.92668024439918, 92.48878923766816, 96.13778705636743, 93.96887159533074, 91.06776180698152, 93.95441030723488], [98.26530612244898, 98.8546255506608, 85.65891472868218, 95.34653465346534, 95.51934826883911, 93.49775784753363, 95.92901878914405, 93.67704280155642, 91.9917864476386, 95.04459861248762], [97.95918367346938, 98.76651982378854, 69.28294573643412, 96.63366336633663, 94.70468431771894, 92.152466367713, 96.76409185803757, 93.8715953307393, 90.96509240246407, 94.54905847373637], [98.26530612244898, 98.76651982378854, 85.17441860465117, 95.74257425742574, 96.43584521384929, 93.27354260089686, 96.5553235908142, 93.77431906614785, 90.96509240246407, 94.15262636273538], [98.16326530612245, 98.41409691629956, 63.565891472868216, 95.54455445544555, 95.41751527494908, 93.94618834080717, 95.30271398747391, 95.62256809338521, 92.50513347022587, 95.04459861248762], [98.57142857142857, 98.59030837004406, 89.92248062015504, 95.14851485148515, 96.02851323828921, 92.48878923766816, 94.78079331941545, 94.16342412451363, 94.86652977412732, 94.64816650148661]],