{"config": {"DATASET": "mnist", "TOTAL_CLIENTS": 100, "CLIENT_FRAC": 0.2, "POISON_FRAC": 0.4, "CREATE_DATASET": false, "RANDOM_DATA": true, "CLASS_RATIO": 10, "MODEL": "nnet", "LEARNING_RATE": 0.001, "BATCH_SIZE": 32, "LOCAL_EPOCHS": 10, "OPTIMIZER": "adam", "FED_ROUNDS": 30, "TEST_EVERY": 1, "RANDOM_PROCESS": false, "COS_DEFENCE": true, "SEL_METHOD": 1, "REDUCE_LR": 1, "COLLAB_MODE": true, "COLLAB_ALL": true, "CONSIDER_LAYERS": "l1", "GRAD_AGG": true, "FEATURE_FINDING_ALGO": "auror", "GRAD_COLLECTION_START": 0, "GRAD_COLLECT_FOR": -1, "CLUSTER_SEP": 0.005, "ALPHA": 0.8, "BETA": 0.8, "GAMMA": 0.1, "TRUST_INC": 2, "TRUST_CUT_METHOD": 1, "HONEST_PARDON_FACTOR": 0.7, "LOG_LEVEL": "INFO", "JSON_RESULTS": true}, "mean_poison_class_acc": 74.74418604651163, "mean_attack_srate": 3.2519379844961236, "total_accuracies": [49.88, 67.31, 77.55, 84.35, 84.54, 89.67, 88.85, 89.54, 90.62, 91.37, 90.4, 89.95, 91.98, 92.2, 91.57, 93.6, 92.85, 90.81, 93.08, 92.3, 93.94, 91.11, 94.31, 94.03, 93.86, 92.41, 94.11, 93.83, 94.21, 94.13], "class_accuracies": [[99.28571428571429, 96.2114537444934, 0.0, 51.584158415841586, 61.812627291242364, 27.017937219730943, 34.23799582463466, 37.93774319066148, 25.256673511293634, 58.47373637264619], [97.24489795918367, 98.8546255506608, 0.29069767441860467, 90.6930693069307, 84.31771894093686, 72.86995515695067, 77.34864300626305, 87.84046692607004, 32.03285420944559, 30.029732408325074], [96.83673469387755, 98.06167400881057, 26.162790697674417, 90.89108910891089, 87.06720977596741, 64.91031390134529, 91.44050104384134, 92.80155642023347, 74.33264887063655, 51.238850346878095], [96.53061224489795, 97.26872246696036, 52.810077519379846, 89.9009900990099, 85.64154786150714, 85.42600896860986, 90.18789144050105, 90.36964980544747, 74.94866529774127, 79.8810703666997], [97.65306122448979, 97.26872246696036, 39.43798449612403, 90.0, 93.48268839103869, 82.0627802690583, 91.44050104384134, 91.63424124513618, 80.80082135523614, 81.46679881070366], [96.42857142857143, 98.06167400881057, 82.07364341085271, 86.93069306930693, 92.66802443991854, 86.7713004484305, 94.258872651357, 90.46692607003891, 82.23819301848049, 85.82755203171457], [98.06122448979592, 97.62114537444934, 68.02325581395348, 89.5049504950495, 91.0386965376782, 88.45291479820628, 92.69311064718163, 89.6887159533074, 81.3141683778234, 91.67492566897918], [97.85714285714286, 97.88546255506608, 66.66666666666667, 92.17821782178218, 92.87169042769857, 87.66816143497758, 93.63256784968685, 91.43968871595331, 84.90759753593429, 89.89098116947473], [97.85714285714286, 97.70925110132158, 75.0, 92.87128712871286, 91.0386965376782, 87.4439461883408, 94.78079331941545, 91.73151750972762, 85.52361396303901, 91.57581764122894], [97.44897959183673, 98.23788546255507, 78.29457364341086, 91.48514851485149, 92.66802443991854, 88.45291479820628, 95.19832985386222, 91.24513618677042, 89.11704312114989, 90.98116947472745], [97.04081632653062, 98.6784140969163, 66.37596899224806, 94.05940594059406, 95.21384928716904, 87.4439461883408, 96.34655532359082, 91.43968871595331, 85.01026694045174, 91.97224975222993], [98.26530612244898, 97.88546255506608, 58.236434108527135, 91.78217821782178, 94.29735234215886, 90.91928251121077, 95.09394572025052, 91.82879377431907, 90.86242299794661, 90.78295341922696], [98.06122448979592, 98.6784140969163, 75.5813953488372, 93.46534653465346, 93.89002036659878, 91.25560538116592, 95.09394572025052, 92.31517509727627, 89.52772073921972, 91.67492566897918], [98.06122448979592, 97.79735682819383, 76.25968992248062, 92.57425742574257, 92.76985743380855, 93.04932735426009, 94.258872651357, 91.43968871595331, 91.78644763860369, 94.05351833498513], [97.34693877551021, 98.14977973568281, 70.73643410852713, 95.84158415841584, 95.51934826883911, 90.35874439461884, 96.34655532359082, 90.85603112840467, 88.70636550308008, 91.77403369672943], [97.75510204081633, 98.50220264317181, 87.79069767441861, 91.2871287128713, 93.78818737270876, 92.04035874439462, 96.65970772442589, 92.21789883268482, 91.9917864476386, 93.55797819623389], [98.06122448979592, 98.76651982378854, 78.19767441860465, 94.15841584158416, 95.010183299389, 91.4798206278027, 96.24217118997912, 93.28793774319067, 89.42505133470226, 93.55797819623389], [97.24489795918367, 98.8546255506608, 59.883720930232556, 97.22772277227723, 93.68635437881873, 88.67713004484305, 96.03340292275574, 93.28793774319067, 88.70636550308008, 94.35084241823587], [98.16326530612245, 98.32599118942731, 76.84108527131782, 93.76237623762377, 94.90835030549898, 91.81614349775785, 96.34655532359082, 93.67704280155642, 93.1211498973306, 93.75619425173439], [98.6734693877551, 98.50220264317181, 69.86434108527132, 94.95049504950495, 93.89002036659878, 91.81614349775785, 96.24217118997912, 93.8715953307393, 91.58110882956879, 93.65708622398414], [97.95918367346938, 98.59030837004406, 84.68992248062015, 93.56435643564356, 94.09368635437882, 90.80717488789237, 97.07724425887265, 94.74708171206225, 93.63449691991786, 93.75619425173439], [97.85714285714286, 98.94273127753304, 57.36434108527132, 95.44554455445545, 96.02851323828921, 91.70403587443946, 96.34655532359082, 93.96887159533074, 90.14373716632444, 93.65708622398414], [97.75510204081633, 98.59030837004406, 86.7248062015504, 94.85148514851485, 96.94501018329939, 91.81614349775785, 96.86847599164926, 94.3579766536965, 91.58110882956879, 93.1615460852329], [98.46938775510205, 98.59030837004406, 82.07364341085271, 93.86138613861387, 94.60285132382892, 93.72197309417041, 96.13778705636743, 94.16342412451363, 94.55852156057495, 94.05351833498513], [98.46938775510205, 98.6784140969163, 81.2015503875969, 94.05940594059406, 95.51934826883911, 93.04932735426009, 95.92901878914405, 93.96887159533074, 93.01848049281314, 94.54905847373637], [98.36734693877551, 98.76651982378854, 65.50387596899225, 95.04950495049505, 96.02851323828921, 94.17040358744394, 95.82463465553236, 92.99610894941634, 93.42915811088295, 94.44995044598612], [98.06122448979592, 98.41409691629956, 81.0077519379845, 95.24752475247524, 95.62118126272912, 92.71300448430493, 96.34655532359082, 94.94163424124514, 94.04517453798768, 94.54905847373637], [98.36734693877551, 98.6784140969163, 78.00387596899225, 95.84158415841584, 95.62118126272912, 92.152466367713, 96.5553235908142, 94.64980544747081, 93.32648870636551, 94.94549058473736], [98.16326530612245, 98.6784140969163, 83.04263565891473, 94.45544554455445, 95.51934826883911, 94.17040358744394, 95.82463465553236, 93.77431906614785, 93.42915811088295, 94.94549058473736], [98.36734693877551, 98.59030837004406, 79.16666666666667, 95.14851485148515, 95.82484725050917, 94.17040358744394, 96.34655532359082, 94.64980544747081, 94.6611909650924, 94.44995044598612]],