{"config": {"DATASET": "mnist", "TOTAL_CLIENTS": 100, "CLIENT_FRAC": 0.1, "POISON_FRAC": 0.4, "CREATE_DATASET": false, "RANDOM_DATA": true, "CLASS_RATIO": 10, "MODEL": "nnet", "LEARNING_RATE": 0.001, "BATCH_SIZE": 32, "LOCAL_EPOCHS": 10, "OPTIMIZER": "adam", "FED_ROUNDS": 30, "TEST_EVERY": 1, "RANDOM_PROCESS": false, "COS_DEFENCE": true, "SEL_METHOD": 1, "REDUCE_LR": 1, "COLLAB_MODE": true, "COLLAB_ALL": true, "CONSIDER_LAYERS": "l1", "GRAD_AGG": true, "FEATURE_FINDING_ALGO": "auror", "GRAD_COLLECTION_START": 0, "GRAD_COLLECT_FOR": -1, "CLUSTER_SEP": 0.005, "ALPHA": 0.8, "BETA": 0.8, "GAMMA": 0.1, "TRUST_INC": 2, "TRUST_CUT_METHOD": 1, "HONEST_PARDON_FACTOR": 0.8, "LOG_LEVEL": "INFO", "JSON_RESULTS": true}, "mean_poison_class_acc": 69.31686046511626, "mean_attack_srate": 3.604651162790698, "total_accuracies": [42.56, 69.36, 76.74, 82.03, 83.35, 86.35, 88.11, 88.76, 82.17, 85.16, 91.3, 92.09, 92.03, 92.34, 91.33, 90.82, 91.86, 92.54, 87.22, 93.3, 84.72, 93.33, 93.85, 93.15, 92.91, 89.3, 94.08, 90.69, 94.49, 93.5], "class_accuracies": [[99.38775510204081, 95.24229074889868, 0.0, 49.7029702970297, 66.90427698574338, 3.587443946188341, 9.18580375782881, 4.571984435797665, 0.3080082135523614, 86.42220019821606], [96.63265306122449, 98.94273127753304, 0.0, 90.39603960396039, 86.45621181262729, 48.54260089686099, 83.8204592901879, 87.06225680933852, 53.59342915811088, 44.697720515361745], [96.3265306122449, 98.14977973568281, 2.4224806201550386, 90.29702970297029, 85.94704684317719, 73.20627802690584, 89.35281837160751, 86.86770428015564, 70.43121149897331, 74.03369672943508], [96.42857142857143, 96.82819383259911, 30.523255813953487, 90.0, 89.5112016293279, 73.87892376681614, 94.258872651357, 88.32684824902724, 79.56878850102669, 80.37661050545094], [95.91836734693878, 96.65198237885463, 31.782945736434108, 85.74257425742574, 91.14052953156823, 85.42600896860986, 93.31941544885177, 88.52140077821012, 85.21560574948666, 80.57482656095144], [96.83673469387755, 98.06167400881057, 51.84108527131783, 90.1980198019802, 89.91853360488798, 85.31390134529148, 94.67640918580376, 89.98054474708171, 81.00616016427105, 85.43111992071358], [97.04081632653062, 98.59030837004406, 69.0891472868217, 87.72277227722772, 96.23217922606925, 87.66816143497758, 94.57202505219206, 89.10505836575875, 79.87679671457906, 80.77304261645193], [97.95918367346938, 96.65198237885463, 66.56976744186046, 89.8019801980198, 94.09368635437882, 89.91031390134529, 92.69311064718163, 90.07782101167315, 82.64887063655031, 87.21506442021804], [97.34693877551021, 97.44493392070484, 0.0, 88.41584158415841, 94.80651731160896, 89.23766816143498, 94.67640918580376, 90.27237354085604, 85.21560574948666, 86.42220019821606], [97.95918367346938, 97.79735682819383, 21.705426356589147, 91.48514851485149, 94.70468431771894, 88.11659192825113, 96.13778705636743, 92.31517509727627, 86.75564681724846, 85.92666005946482], [97.14285714285714, 96.91629955947137, 82.55813953488372, 89.8019801980198, 91.75152749490834, 86.43497757847534, 95.61586638830897, 89.00778210116732, 89.63039014373716, 93.45887016848364], [97.85714285714286, 98.06167400881057, 85.65891472868218, 91.88118811881188, 93.89002036659878, 89.46188340807174, 94.36325678496868, 91.73151750972762, 87.88501026694045, 89.39544103072349], [98.06122448979592, 98.14977973568281, 81.3953488372093, 91.78217821782178, 95.11201629327903, 92.37668161434978, 94.67640918580376, 92.80155642023347, 88.19301848049281, 87.51238850346878], [97.75510204081633, 98.76651982378854, 84.39922480620154, 93.86138613861387, 93.68635437881873, 90.69506726457399, 95.30271398747391, 91.05058365758755, 85.72895277207392, 91.47670961347869], [98.16326530612245, 98.23788546255507, 71.99612403100775, 93.66336633663366, 95.51934826883911, 92.26457399103138, 95.30271398747391, 92.99610894941634, 86.13963039014374, 88.9990089197225], [98.26530612244898, 98.6784140969163, 63.468992248062015, 92.07920792079207, 93.78818737270876, 92.60089686098655, 96.24217118997912, 92.99610894941634, 88.19301848049281, 92.17046580773042], [98.46938775510205, 97.44493392070484, 71.60852713178295, 93.36633663366337, 93.78818737270876, 89.91031390134529, 95.4070981210856, 92.41245136186771, 93.22381930184805, 92.9633300297324], [97.65306122448979, 98.8546255506608, 78.87596899224806, 92.67326732673267, 94.5010183299389, 92.48878923766816, 95.30271398747391, 91.82879377431907, 89.11704312114989, 93.85530227948463], [98.26530612244898, 98.76651982378854, 25.968992248062015, 95.64356435643565, 93.17718940936864, 90.80717488789237, 96.86847599164926, 93.77431906614785, 87.16632443531827, 92.9633300297324], [97.85714285714286, 99.03083700440529, 81.68604651162791, 94.35643564356435, 94.29735234215886, 92.26457399103138, 96.45093945720251, 94.06614785992218, 91.17043121149898, 91.47670961347869], [98.26530612244898, 99.11894273127753, 0.0, 93.26732673267327, 94.19551934826885, 93.04932735426009, 95.51148225469728, 93.8715953307393, 88.80903490759754, 93.3597621407334], [97.75510204081633, 98.76651982378854, 82.26744186046511, 94.05940594059406, 94.60285132382892, 91.70403587443946, 95.4070981210856, 94.8443579766537, 91.37577002053388, 92.07135777998018], [97.44897959183673, 98.8546255506608, 87.6937984496124, 92.77227722772277, 94.70468431771894, 92.82511210762331, 97.28601252609603, 93.19066147859922, 89.11704312114989, 94.15262636273538], [98.16326530612245, 98.41409691629956, 77.81007751937985, 91.68316831683168, 94.80651731160896, 92.48878923766816, 96.5553235908142, 94.16342412451363, 93.83983572895278, 93.55797819623389], [97.95918367346938, 98.76651982378854, 73.25581395348837, 95.14851485148515, 95.62118126272912, 93.38565022421524, 97.39039665970772, 93.96887159533074, 91.47843942505133, 92.26957383548067], [98.26530612244898, 98.76651982378854, 37.3062015503876, 94.85148514851485, 94.70468431771894, 91.92825112107623, 97.18162839248434, 95.3307392996109, 92.91581108829568, 92.86422200198216], [98.26530612244898, 98.94273127753304, 86.82170542635659, 95.34653465346534, 94.80651731160896, 91.14349775784753, 97.07724425887265, 93.57976653696498, 90.55441478439425, 93.65708622398414], [98.57142857142857, 99.03083700440529, 51.16279069767442, 95.34653465346534, 95.11201629327903, 94.17040358744394, 96.13778705636743, 92.41245136186771, 93.42915811088295, 92.46778989098117], [98.57142857142857, 98.6784140969163, 86.7248062015504, 94.85148514851485, 95.21384928716904, 92.48878923766816, 96.24217118997912, 93.77431906614785, 94.14784394250513, 93.85530227948463], [98.06122448979592, 98.8546255506608, 75.67829457364341, 93.96039603960396, 95.31568228105907, 94.84304932735427, 96.5553235908142, 93.96887159533074, 94.35318275154005, 93.65708622398414]],