{"config": {"DATASET": "mnist", "TOTAL_CLIENTS": 100, "CLIENT_FRAC": 0.1, "POISON_FRAC": 0.4, "CREATE_DATASET": false, "RANDOM_DATA": true, "CLASS_RATIO": 10, "MODEL": "nnet", "LEARNING_RATE": 0.001, "BATCH_SIZE": 32, "LOCAL_EPOCHS": 10, "OPTIMIZER": "adam", "FED_ROUNDS": 30, "TEST_EVERY": 1, "RANDOM_PROCESS": false, "COS_DEFENCE": true, "SEL_METHOD": 1, "REDUCE_LR": 1, "COLLAB_MODE": true, "COLLAB_ALL": true, "CONSIDER_LAYERS": "l1", "GRAD_AGG": true, "FEATURE_FINDING_ALGO": "auror", "GRAD_COLLECTION_START": 0, "GRAD_COLLECT_FOR": -1, "CLUSTER_SEP": 0.005, "ALPHA": 0.8, "BETA": 0.8, "GAMMA": 0.1, "TRUST_INC": 2, "TRUST_CUT_METHOD": 1, "HONEST_PARDON_FACTOR": 0.8, "LOG_LEVEL": "INFO", "JSON_RESULTS": true}, "mean_poison_class_acc": 65.94476744186046, "mean_attack_srate": 3.594961240310078, "total_accuracies": [34.92, 67.89, 76.04, 78.51, 82.2, 83.19, 84.21, 90.17, 87.41, 87.68, 91.17, 90.98, 92.26, 84.15, 93.04, 93.14, 92.15, 92.53, 86.33, 93.76, 91.72, 92.88, 94.06, 93.4, 85.52, 85.3, 94.46, 93.49, 94.24, 94.44], "class_accuracies": [[99.79591836734694, 78.76651982378854, 0.0, 20.495049504950494, 34.82688391038697, 0.2242152466367713, 14.405010438413361, 2.7237354085603114, 0.0, 89.49454905847374], [96.53061224489795, 98.76651982378854, 0.0, 92.77227722772277, 83.70672097759675, 49.2152466367713, 81.62839248434238, 83.852140077821, 55.441478439425055, 33.696729435084244], [95.10204081632654, 97.79735682819383, 0.0, 90.89108910891089, 76.9857433808554, 73.87892376681614, 89.35281837160751, 86.86770428015564, 71.14989733059548, 77.998017839445], [96.3265306122449, 96.82819383259911, 0.0, 90.1980198019802, 87.78004073319755, 77.69058295964126, 94.46764091858037, 87.54863813229572, 76.59137577002053, 78.39444995044599], [96.42857142857143, 97.00440528634361, 23.06201550387597, 87.32673267326733, 92.56619144602851, 85.53811659192826, 92.90187891440502, 88.42412451361868, 82.85420944558521, 76.90782953419227], [96.83673469387755, 98.23788546255507, 22.189922480620154, 89.3069306930693, 90.22403258655804, 85.53811659192826, 94.258872651357, 89.98054474708171, 80.28747433264887, 85.72844400396433], [97.34693877551021, 98.50220264317181, 35.65891472868217, 88.61386138613861, 96.23217922606925, 85.76233183856502, 94.36325678496868, 88.91050583657588, 80.08213552361396, 77.10604558969277], [97.55102040816327, 97.3568281938326, 81.78294573643412, 89.5049504950495, 92.76985743380855, 88.11659192825113, 94.05010438413362, 89.59143968871595, 83.47022587268994, 86.81863230921705], [97.85714285714286, 97.70925110132158, 49.32170542635659, 88.11881188118812, 95.010183299389, 88.00448430493273, 94.67640918580376, 89.78599221789884, 86.85831622176592, 87.21506442021804], [97.95918367346938, 97.79735682819383, 43.41085271317829, 92.87128712871286, 93.17718940936864, 85.98654708520179, 96.24217118997912, 91.73151750972762, 88.09034907597535, 89.89098116947473], [98.16326530612245, 97.79735682819383, 77.42248062015504, 91.98019801980197, 91.14052953156823, 86.32286995515695, 95.09394572025052, 90.56420233463035, 88.91170431211499, 93.55797819623389], [97.65306122448979, 98.76651982378854, 74.2248062015504, 93.76237623762377, 94.60285132382892, 88.67713004484305, 94.46764091858037, 90.07782101167315, 85.62628336755647, 91.37760158572844], [98.46938775510205, 98.32599118942731, 84.39922480620154, 90.99009900990099, 94.90835030549898, 91.92825112107623, 95.19832985386222, 92.12062256809338, 86.652977412731, 89.197224975223], [98.6734693877551, 97.79735682819383, 3.003875968992248, 94.95049504950495, 93.38085539714868, 91.14349775784753, 94.98956158663883, 91.05058365758755, 85.83162217659138, 92.76511397423191], [98.06122448979592, 98.14977973568281, 88.46899224806202, 92.57425742574257, 94.29735234215886, 92.152466367713, 95.19832985386222, 91.73151750972762, 87.57700205338809, 91.67492566897918], [98.26530612244898, 98.06167400881057, 88.66279069767442, 90.39603960396039, 95.11201629327903, 93.16143497757848, 95.82463465553236, 90.1750972762646, 90.04106776180699, 91.47670961347869], [98.57142857142857, 98.06167400881057, 71.80232558139535, 94.95049504950495, 93.17718940936864, 91.25560538116592, 94.36325678496868, 93.57976653696498, 91.37577002053388, 94.25173439048562], [98.57142857142857, 98.14977973568281, 77.03488372093024, 93.36633663366337, 93.89002036659878, 93.49775784753363, 94.36325678496868, 92.41245136186771, 90.34907597535934, 93.65708622398414], [98.16326530612245, 98.23788546255507, 15.503875968992247, 95.44554455445545, 93.17718940936864, 91.03139013452915, 96.45093945720251, 93.96887159533074, 88.70636550308008, 94.25173439048562], [97.75510204081633, 98.6784140969163, 88.75968992248062, 93.46534653465346, 94.5010183299389, 91.4798206278027, 96.34655532359082, 91.92607003891051, 92.29979466119096, 91.87314172447968], [98.6734693877551, 99.20704845814979, 66.47286821705427, 94.75247524752476, 93.38085539714868, 93.27354260089686, 95.09394572025052, 93.09338521400778, 89.01437371663245, 94.35084241823587], [97.95918367346938, 98.76651982378854, 73.64341085271317, 94.65346534653466, 94.39918533604887, 93.49775784753363, 96.13778705636743, 94.64980544747081, 91.58110882956879, 93.55797819623389], [97.44897959183673, 98.76651982378854, 89.14728682170542, 94.85148514851485, 95.41751527494908, 93.16143497757848, 96.03340292275574, 92.8988326848249, 89.11704312114989, 93.26065411298315], [98.26530612244898, 98.94273127753304, 78.97286821705427, 94.85148514851485, 94.60285132382892, 94.17040358744394, 95.51148225469728, 91.92607003891051, 91.9917864476386, 94.74727452923686], [98.26530612244898, 98.6784140969163, 0.7751937984496124, 95.44554455445545, 95.31568228105907, 93.83408071748879, 95.61586638830897, 93.19066147859922, 94.25051334702259, 92.36868186323092], [97.95918367346938, 98.94273127753304, 0.0, 93.56435643564356, 95.92668024439918, 93.83408071748879, 96.13778705636743, 93.57976653696498, 93.83983572895278, 91.77403369672943], [97.95918367346938, 99.11894273127753, 89.92248062015504, 95.14851485148515, 95.31568228105907, 91.81614349775785, 95.82463465553236, 92.50972762645914, 92.29979466119096, 94.05351833498513], [98.57142857142857, 98.94273127753304, 77.13178294573643, 96.23762376237623, 96.23217922606925, 94.05829596412556, 95.09394572025052, 93.67704280155642, 92.91581108829568, 92.07135777998018], [98.16326530612245, 99.03083700440529, 87.3062015503876, 95.44554455445545, 94.60285132382892, 95.06726457399103, 95.4070981210856, 91.82879377431907, 91.9917864476386, 93.3597621407334], [97.55102040816327, 99.03083700440529, 86.24031007751938, 94.25742574257426, 94.80651731160896, 94.5067264573991, 96.5553235908142, 92.70428015564202, 94.55852156057495, 94.05351833498513]],