{"config": {"DATASET": "mnist", "CLIENT_FRAC": 0.2, "POISON_FRAC": 0.4, "CREATE_DATASET": false, "CLASS_RATIO": 10, "MODEL": "nnet", "LEARNING_RATE": 0.001, "BATCH_SIZE": 32, "LOCAL_EPOCHS": 3, "OPTIMIZER": "adam", "FED_ROUNDS": 40, "TEST_EVERY": 1, "RANDOM": false, "COS_DEFENCE": true, "SEL_METHOD": 1, "COLLAB_MODE": true, "CONSIDER_LAYERS": "l1", "GRAD_AGG": true, "FEATURE_FINDING_ALGO": "auror_plus", "GRAD_COLLECTION_START": 0, "GRAD_COLLECT_FOR": -1, "CLUSTER_SEP": 2.0, "ALPHA": 0.5, "BETA": 0.5, "GAMMA": 0.5, "TRUST_INC": 2, "TRUST_CUT_METHOD": 1, "HONEST_PARDON_FACTOR": 0.99, "LOG_LEVEL": "INFO", "JSON_RESULTS": true}, "mean_poison_class_acc": 58.527131782945744, "mean_attack_srate": 4.443521594684386, "total_accuracies": [9.74, 9.79, 9.77, 9.77, 9.81, 13.16, 33.15, 43.74, 51.69, 67.96, 71.22, 75.6, 77.67, 81.54, 81.28, 84.95, 84.96, 84.76, 86.38, 86.95, 88.11, 87.8, 89.2, 89.46, 90.02, 90.04, 90.43, 90.12, 90.79, 91.23, 91.07, 91.65, 91.88, 91.96, 91.97, 92.53, 92.56, 92.75, 93.04, 92.49], "class_accuracies": [[0.0, 0.0, 0.0, 0.0, 79.42973523421588, 0.0, 0.20876826722338204, 0.0, 0.0, 19.028741328047573], [0.0, 0.0, 0.0, 0.0, 80.14256619144602, 0.0, 0.20876826722338204, 0.0, 0.0, 18.830525272547078], [0.0, 0.0, 0.0, 0.0, 77.80040733197556, 0.0, 0.20876826722338204, 0.0, 0.0, 20.911793855302278], [0.0, 0.0, 0.0, 0.0, 77.90224032586558, 0.0, 0.20876826722338204, 0.0, 0.0, 20.81268582755203], [0.0, 0.0, 0.0, 0.0, 78.71690427698574, 0.0, 0.20876826722338204, 0.0, 0.0, 20.41625371655104], [30.102040816326532, 0.7048458149779736, 0.0, 0.0, 0.4073319755600815, 0.0, 0.0, 0.0, 0.0, 100.0], [98.9795918367347, 99.47136563876651, 0.0, 35.94059405940594, 13.034623217922608, 0.0, 18.580375782881003, 0.0, 0.3080082135523614, 53.91476709613479], [98.16326530612245, 99.47136563876651, 0.0, 66.33663366336634, 40.73319755600814, 28.026905829596412, 17.014613778705638, 0.0, 0.1026694045174538, 79.18731417244797], [98.06122448979592, 99.38325991189427, 0.0, 87.72277227722772, 34.623217922606926, 43.946188340807176, 36.22129436325678, 20.233463035019454, 2.6694045174537986, 87.31417244796829], [97.85714285714286, 99.03083700440529, 0.0, 87.92079207920793, 57.33197556008147, 52.690582959641254, 81.21085594989562, 82.68482490272373, 37.987679671457904, 78.69177403369673], [96.73469387755102, 98.8546255506608, 0.9689922480620154, 88.21782178217822, 74.74541751527495, 63.228699551569505, 86.53444676409185, 87.35408560311284, 44.86652977412731, 68.28543111992072], [96.73469387755102, 97.88546255506608, 15.213178294573643, 77.02970297029702, 84.72505091649694, 70.85201793721973, 88.51774530271399, 82.78210116731518, 80.49281314168378, 61.34786917740337], [97.55102040816327, 97.5330396475771, 35.46511627906977, 86.93069306930693, 90.73319755600815, 62.44394618834081, 90.18789144050105, 87.64591439688716, 76.18069815195072, 50.049554013875124], [97.75510204081633, 98.32599118942731, 48.44961240310077, 85.84158415841584, 86.65987780040733, 75.67264573991031, 89.77035490605428, 85.70038910505836, 71.66324435318275, 74.13280475718533], [97.34693877551021, 97.18061674008811, 32.36434108527132, 85.64356435643565, 87.37270875763747, 78.02690582959642, 89.24843423799582, 85.89494163424125, 79.7741273100616, 79.58374628344896], [97.04081632653062, 97.26872246696036, 66.47286821705427, 86.43564356435644, 91.85336048879837, 79.7085201793722, 91.9624217118998, 87.7431906614786, 78.02874743326488, 71.85332011892963], [97.34693877551021, 96.91629955947137, 56.201550387596896, 83.06930693069307, 87.88187372708758, 82.73542600896862, 90.6054279749478, 87.15953307392996, 83.77823408624229, 83.44895936570862], [97.24489795918367, 97.5330396475771, 50.968992248062015, 88.81188118811882, 89.91853360488798, 79.03587443946188, 91.64926931106471, 87.15953307392996, 80.80082135523614, 83.64717542120911], [97.14285714285714, 96.82819383259911, 61.91860465116279, 84.55445544554455, 91.85336048879837, 83.18385650224215, 92.48434237995825, 87.15953307392996, 82.85420944558521, 85.33201189296334], [97.34693877551021, 97.5330396475771, 67.92635658914729, 84.75247524752476, 87.27087576374745, 82.51121076233184, 93.21503131524008, 86.38132295719845, 81.62217659137578, 89.99008919722498], [97.34693877551021, 97.26872246696036, 73.93410852713178, 82.87128712871286, 92.36252545824847, 83.18385650224215, 92.69311064718163, 87.93774319066148, 87.782340862423, 84.93557978196233], [97.65306122448979, 97.70925110132158, 65.98837209302326, 86.73267326732673, 92.05702647657841, 83.18385650224215, 93.31941544885177, 88.715953307393, 82.54620123203286, 89.29633300297324], [97.24489795918367, 97.88546255506608, 81.1046511627907, 88.51485148514851, 94.39918533604887, 85.20179372197309, 93.52818371607516, 89.2023346303502, 82.85420944558521, 81.07036669970267], [97.34693877551021, 97.26872246696036, 77.51937984496124, 88.01980198019803, 92.76985743380855, 85.42600896860986, 92.17118997912317, 87.93774319066148, 86.96098562628337, 88.40436075322101], [97.65306122448979, 97.88546255506608, 78.00387596899225, 90.99009900990099, 93.58452138492872, 84.30493273542601, 93.94572025052192, 90.27237354085604, 85.21560574948666, 87.31417244796829], [97.75510204081633, 97.44493392070484, 80.71705426356588, 86.43564356435644, 94.90835030549898, 88.34080717488789, 91.8580375782881, 88.42412451361868, 86.44763860369609, 87.51238850346878], [97.65306122448979, 97.62114537444934, 78.97286821705427, 89.20792079207921, 92.26069246435846, 88.56502242152466, 94.57202505219206, 89.29961089494164, 86.03696098562628, 89.59365708622398], [98.06122448979592, 98.14977973568281, 75.7751937984496, 90.39603960396039, 92.56619144602851, 87.4439461883408, 94.46764091858037, 89.88326848249027, 84.18891170431212, 89.59365708622398], [97.95918367346938, 96.65198237885463, 79.65116279069767, 89.10891089108911, 93.27902240325865, 87.89237668161435, 94.1544885177453, 90.07782101167315, 89.21971252566735, 89.49454905847374], [97.85714285714286, 97.44493392070484, 81.87984496124031, 89.00990099009901, 92.4643584521385, 88.34080717488789, 94.36325678496868, 89.98054474708171, 90.55441478439425, 89.89098116947473], [98.06122448979592, 97.62114537444934, 79.16666666666667, 90.99009900990099, 94.29735234215886, 86.99551569506727, 94.67640918580376, 90.56420233463035, 88.70636550308008, 88.9990089197225], [98.06122448979592, 97.88546255506608, 83.33333333333333, 90.6930693069307, 93.9918533604888, 88.56502242152466, 95.19832985386222, 90.1750972762646, 88.50102669404518, 89.49454905847374], [97.14285714285714, 97.5330396475771, 83.52713178294573, 90.6930693069307, 92.9735234215886, 90.24663677130044, 95.51148225469728, 89.6887159533074, 89.83572895277207, 91.2784935579782], [98.16326530612245, 97.79735682819383, 83.13953488372093, 90.6930693069307, 93.68635437881873, 89.34977578475336, 95.09394572025052, 90.6614785992218, 88.80903490759754, 91.67492566897918], [98.06122448979592, 97.70925110132158, 83.13953488372093, 91.68316831683168, 95.82484725050917, 91.14349775784753, 94.36325678496868, 91.147859922179, 89.21971252566735, 87.1159563924678], [98.16326530612245, 98.32599118942731, 85.65891472868218, 92.47524752475248, 93.58452138492872, 89.12556053811659, 95.51148225469728, 90.6614785992218, 89.21971252566735, 91.87314172447968], [98.16326530612245, 98.06167400881057, 85.94961240310077, 92.07920792079207, 93.9918533604888, 88.90134529147981, 95.72025052192066, 89.98054474708171, 91.06776180698152, 91.0802775024777], [98.36734693877551, 98.32599118942731, 85.27131782945736, 92.27722772277228, 93.89002036659878, 90.80717488789237, 96.03340292275574, 90.85603112840467, 88.80903490759754, 92.36868186323092], [98.36734693877551, 97.62114537444934, 88.0813953488372, 91.78217821782178, 94.39918533604887, 90.13452914798206, 96.13778705636743, 90.75875486381322, 91.17043121149898, 91.47670961347869], [98.16326530612245, 98.14977973568281, 81.68604651162791, 91.68316831683168, 95.41751527494908, 90.24663677130044, 95.30271398747391, 90.6614785992218, 