{"config": {"DATASET": "mnist", "TOTAL_CLIENTS": 100, "CLIENT_FRAC": 0.2, "POISON_FRAC": 0.5, "CREATE_DATASET": false, "RANDOM_DATA": true, "CLASS_RATIO": 10, "MODEL": "nnet", "LEARNING_RATE": 0.001, "BATCH_SIZE": 32, "LOCAL_EPOCHS": 10, "OPTIMIZER": "adam", "FED_ROUNDS": 30, "TEST_EVERY": 1, "RANDOM_PROCESS": false, "COS_DEFENCE": true, "SEL_METHOD": 1, "REDUCE_LR": 1, "COLLAB_MODE": true, "COLLAB_ALL": true, "CONSIDER_LAYERS": "l1", "GRAD_AGG": true, "FEATURE_FINDING_ALGO": "auror", "GRAD_COLLECTION_START": 0, "GRAD_COLLECT_FOR": -1, "CLUSTER_SEP": 0.002, "ALPHA": 0.8, "BETA": 0.8, "GAMMA": 0.1, "TRUST_INC": 2, "TRUST_CUT_METHOD": 1, "HONEST_PARDON_FACTOR": 0.7, "LOG_LEVEL": "INFO", "JSON_RESULTS": true}, "mean_poison_class_acc": 48.39922480620155, "mean_attack_srate": 4.12015503875969, "total_accuracies": [45.9, 67.64, 77.3, 82.56, 82.6, 87.62, 86.45, 84.41, 85.66, 89.65, 86.23, 85.38, 91.48, 84.12, 92.35, 88.67, 85.36, 91.08, 90.71, 85.02, 93.21, 87.08, 93.69, 89.65, 91.97, 93.67, 94.32, 93.94, 85.81, 93.97], "class_accuracies": [[99.48979591836735, 94.36123348017621, 0.0, 41.08910891089109, 70.9775967413442, 8.071748878923767, 16.701461377870565, 53.01556420233463, 6.365503080082136, 58.77106045589693], [97.95918367346938, 98.6784140969163, 0.0, 88.41584158415841, 82.4847250509165, 71.63677130044843, 74.21711899791232, 88.61867704280155, 35.318275154004105, 37.26461843409316], [96.53061224489795, 98.6784140969163, 24.515503875968992, 91.18811881188118, 87.37270875763747, 68.60986547085201, 90.81419624217119, 92.41245136186771, 70.02053388090349, 51.33795837462834], [97.24489795918367, 97.62114537444934, 40.69767441860465, 87.42574257425743, 87.67820773930754, 87.5560538116592, 89.87473903966597, 90.46692607003891, 69.19917864476386, 77.7998017839445], [97.55102040816327, 97.88546255506608, 23.74031007751938, 90.6930693069307, 92.9735234215886, 83.85650224215247, 91.9624217118998, 91.53696498054475, 77.72073921971253, 78.49355797819624], [97.95918367346938, 98.23788546255507, 66.56976744186046, 88.7128712871287, 92.36252545824847, 87.21973094170404, 92.37995824634656, 90.07782101167315, 78.2340862422998, 83.84539147670961], [98.36734693877551, 97.97356828193833, 51.93798449612403, 90.79207920792079, 92.76985743380855, 88.45291479820628, 92.90187891440502, 88.61867704280155, 76.59137577002053, 86.12487611496532], [98.06122448979592, 96.91629955947137, 23.06201550387597, 89.3069306930693, 92.26069246435846, 88.45291479820628, 94.05010438413362, 89.59143968871595, 85.01026694045174, 88.70168483647176], [97.44897959183673, 97.97356828193833, 30.329457364341085, 92.67326732673267, 92.9735234215886, 87.78026905829596, 94.88517745302714, 89.98054474708171, 84.18891170431212, 89.197224975223], [97.85714285714286, 98.76651982378854, 67.15116279069767, 91.38613861386139, 93.27902240325865, 91.4798206278027, 93.84133611691023, 90.36964980544747, 83.36755646817248, 88.89990089197225], [97.44897959183673, 98.41409691629956, 29.651162790697676, 93.66336633663366, 93.07535641547861, 88.11659192825113, 94.98956158663883, 90.6614785992218, 85.1129363449692, 91.97224975222993], [97.85714285714286, 98.23788546255507, 18.992248062015506, 91.58415841584159, 96.23217922606925, 90.80717488789237, 94.88517745302714, 91.24513618677042, 87.98767967145791, 87.61149653121903], [98.46938775510205, 98.8546255506608, 75.0, 94.05940594059406, 94.09368635437882, 90.47085201793722, 94.46764091858037, 91.73151750972762, 86.85831622176592, 90.38652130822597], [98.46938775510205, 98.23788546255507, 0.0, 93.76237623762377, 93.17718940936864, 91.81614349775785, 93.1106471816284, 91.43968871595331, 90.96509240246407, 92.46778989098117], [97.75510204081633, 98.59030837004406, 79.94186046511628, 94.75247524752476, 94.60285132382892, 91.70403587443946, 95.30271398747391, 92.21789883268482, 87.782340862423, 90.48562933597621], [97.55102040816327, 98.59030837004406, 40.98837209302326, 93.56435643564356, 94.60285132382892, 90.80717488789237, 96.45093945720251, 92.31517509727627, 90.86242299794661, 91.87314172447968], [98.06122448979592, 98.50220264317181, 7.558139534883721, 93.76237623762377, 94.5010183299389, 93.38565022421524, 94.88517745302714, 93.19066147859922, 88.80903490759754, 93.06243805748265], [97.44897959183673, 98.59030837004406, 61.627906976744185, 95.54455445544555, 94.19551934826885, 90.80717488789237, 96.03340292275574, 93.09338521400778, 89.21971252566735, 94.35084241823587], [97.85714285714286, 98.41409691629956, 55.62015503875969, 93.96039603960396, 96.74134419551935, 93.60986547085201, 96.03340292275574, 92.8988326848249, 92.29979466119096, 90.48562933597621], [98.57142857142857, 98.50220264317181, 0.0, 94.65346534653466, 93.78818737270876, 92.60089686098655, 95.82463465553236, 92.99610894941634, 91.27310061601642, 94.35084241823587], [98.16326530612245, 98.76651982378854, 77.90697674418605, 95.14851485148515, 94.60285132382892, 92.60089686098655, 96.24217118997912, 93.96887159533074, 92.29979466119096, 92.26957383548067], [98.16326530612245, 98.8546255506608, 16.86046511627907, 94.75247524752476, 95.11201629327903, 93.94618834080717, 96.24217118997912, 93.96887159533074, 90.86242299794661, 93.95441030723488], [97.75510204081633, 98.59030837004406, 81.0077519379845, 94.35643564356435, 97.04684317718942, 94.28251121076234, 96.45093945720251, 94.45525291828794, 91.27310061601642, 91.67492566897918], [98.36734693877551, 98.50220264317181, 41.47286821705426, 94.55445544554455, 95.41751527494908, 94.95515695067265, 96.13778705636743, 93.09338521400778, 93.32648870636551, 92.07135777998018], [97.95918367346938, 98.6784140969163, 63.75968992248062, 95.34653465346534, 93.9918533604888, 94.28251121076234, 96.24217118997912, 93.8715953307393, 91.88911704312115, 94.15262636273538], [97.75510204081633, 98.94273127753304, 78.48837209302326, 95.04950495049505, 96.43584521384929, 94.95515695067265, 96.65970772442589, 92.99610894941634, 92.40246406570841, 93.1615460852329], [97.95918367346938, 98.6784140969163, 83.91472868217055, 95.14851485148515, 95.92668024439918, 94.73094170403587, 97.07724425887265, 94.06614785992218, 91.78644763860369, 93.85530227948463], [98.16326530612245, 98.59030837004406, 78.97286821705427, 95.14851485148515, 95.72301425661914, 94.5067264573991, 96.34655532359082, 95.13618677042801, 92.71047227926078, 94.15262636273538], [98.06122448979592, 98.59030837004406, 0.0, 95.24752475247524, 96.74134419551935, 94.61883408071749, 95.92901878914405, 94.8443579766537, 93.01848049281314, 93.65708622398414], [98.36734693877551, 98.6784140969163, 79.16666666666667, 95.04950495049505, 95.010183299389, 94.84304932735427, 96.45093945720251, 95.42801556420234, 93.73716632443532, 93.06243805748265]],