{"config": {"DATASET": "mnist", "TOTAL_CLIENTS": 100, "CLIENT_FRAC": 0.1, "POISON_FRAC": 0.1, "CREATE_DATASET": true, "RANDOM_DATA": true, "CLASS_RATIO": 10, "MODEL": "nnet", "LEARNING_RATE": 0.001, "BATCH_SIZE": 32, "LOCAL_EPOCHS": 10, "OPTIMIZER": "adam", "FED_ROUNDS": 30, "TEST_EVERY": 1, "RANDOM_PROCESS": true, "COS_DEFENCE": true, "SEL_METHOD": 1, "REDUCE_LR": 1, "COLLAB_MODE": true, "COLLAB_ALL": true, "CONSIDER_LAYERS": "l1", "GRAD_AGG": true, "FEATURE_FINDING_ALGO": "auror", "GRAD_COLLECTION_START": 0, "GRAD_COLLECT_FOR": -1, "CLUSTER_SEP": 0.005, "ALPHA": 0.8, "BETA": 0.8, "GAMMA": 0.1, "TRUST_INC": 2, "TRUST_CUT_METHOD": 1, "HONEST_PARDON_FACTOR": 0.7, "LOG_LEVEL": "INFO", "JSON_RESULTS": true}, "mean_poison_class_acc": 85.60077519379846, "mean_attack_srate": 3.008720930232558, "total_accuracies": [47.56, 78.82, 84.97, 87.16, 88.73, 87.51, 90.0, 89.03, 89.41, 90.67, 92.64, 92.55, 93.07, 92.51, 91.99, 93.8, 93.8, 92.3, 93.96, 94.55, 94.64, 93.72, 91.71, 94.87, 93.43, 94.95, 94.9, 94.06, 94.82, 95.25], "class_accuracies": [[99.38775510204081, 99.47136563876651, 53.10077519379845, 58.91089108910891, 1.2219959266802445, 32.28699551569507, 23.2776617954071, 5.447470817120623, 5.338809034907597, 87.1159563924678], [97.85714285714286, 98.6784140969163, 60.75581395348837, 83.06930693069307, 77.80040733197556, 66.81614349775785, 86.0125260960334, 76.84824902723736, 67.24845995893224, 70.16848364717542], [94.48979591836735, 95.94713656387665, 82.94573643410853, 81.38613861386139, 89.91853360488798, 68.04932735426009, 88.62212943632568, 91.05058365758755, 81.00616016427105, 73.33994053518335], [96.73469387755102, 95.41850220264317, 84.20542635658914, 87.72277227722772, 86.35437881873727, 76.79372197309416, 95.61586638830897, 86.47859922178988, 78.13141683778234, 82.3587710604559], [97.44897959183673, 97.26872246696036, 88.85658914728683, 87.82178217821782, 90.22403258655804, 84.08071748878923, 93.63256784968685, 90.46692607003891, 73.20328542094455, 82.65609514370664], [97.04081632653062, 97.18061674008811, 64.05038759689923, 88.91089108910892, 93.68635437881873, 82.28699551569507, 93.52818371607516, 91.147859922179, 79.46611909650925, 86.9177403369673], [96.83673469387755, 95.33039647577093, 81.3953488372093, 93.76237623762377, 91.0386965376782, 83.85650224215247, 94.46764091858037, 89.6887159533074, 82.54620123203286, 90.08919722497522], [97.44897959183673, 97.5330396475771, 67.44186046511628, 92.37623762376238, 90.52953156822811, 83.85650224215247, 93.42379958246346, 91.63424124513618, 83.05954825462013, 92.07135777998018], [96.73469387755102, 96.74008810572687, 66.08527131782945, 93.36633663366337, 85.13238289205702, 88.45291479820628, 93.94572025052192, 90.75875486381322, 88.09034907597535, 94.54905847373637], [97.14285714285714, 97.5330396475771, 72.67441860465117, 94.75247524752476, 90.73319755600815, 85.65022421524664, 97.28601252609603, 92.99610894941634, 85.93429158110882, 91.2784935579782], [97.14285714285714, 96.91629955947137, 91.08527131782945, 91.68316831683168, 93.27902240325865, 88.78923766816143, 96.76409185803757, 91.43968871595331, 87.26899383983573, 91.2784935579782], [97.34693877551021, 97.3568281938326, 86.04651162790698, 92.57425742574257, 94.19551934826885, 93.16143497757848, 95.61586638830897, 91.53696498054475, 87.37166324435319, 90.08919722497522], [98.06122448979592, 97.26872246696036, 92.24806201550388, 96.53465346534654, 95.41751527494908, 85.08968609865471, 95.51148225469728, 91.82879377431907, 87.88501026694045, 89.59365708622398], [96.63265306122449, 97.26872246696036, 80.23255813953489, 93.56435643564356, 92.9735234215886, 93.49775784753363, 96.97286012526096, 93.67704280155642, 88.39835728952772, 91.87314172447968], [96.53061224489795, 97.3568281938326, 73.35271317829458, 94.15841584158416, 95.31568228105907, 91.59192825112108, 97.7035490605428, 92.70428015564202, 91.47843942505133, 89.89098116947473], [97.95918367346938, 97.79735682819383, 90.11627906976744, 95.54455445544555, 94.60285132382892, 93.49775784753363, 95.92901878914405, 90.85603112840467, 89.21971252566735, 92.17046580773042], [97.65306122448979, 98.06167400881057, 87.1124031007752, 96.53465346534654, 95.41751527494908, 91.81614349775785, 95.72025052192066, 93.67704280155642, 90.04106776180699, 91.47670961347869], [96.53061224489795, 97.70925110132158, 71.99612403100775, 95.94059405940594, 93.78818737270876, 93.38565022421524, 95.82463465553236, 92.31517509727627, 91.78644763860369, 93.95441030723488], [97.85714285714286, 97.88546255506608, 94.0891472868217, 96.93069306930693, 96.43584521384929, 88.34080717488789, 96.34655532359082, 91.82879377431907, 90.4517453798768, 88.50346878097126], [97.85714285714286, 97.5330396475771, 93.21705426356588, 96.73267326732673, 95.62118126272912, 92.48878923766816, 97.18162839248434, 92.8988326848249, 90.34907597535934, 91.17938553022795], [97.85714285714286, 98.32599118942731, 93.7015503875969, 93.86138613861387, 95.21384928716904, 93.72197309417041, 96.45093945720251, 92.8988326848249, 91.17043121149898, 92.76511397423191], [97.95918367346938, 97.62114537444934, 80.52325581395348, 95.54455445544555, 95.82484725050917, 94.5067264573991, 95.09394572025052, 95.23346303501945, 93.22381930184805, 91.77403369672943], [97.44897959183673, 97.97356828193833, 62.98449612403101, 93.46534653465346, 96.63951120162933, 95.73991031390135, 93.0062630480167, 94.94163424124514, 95.27720739219713, 90.38652130822597], [98.36734693877551, 98.06167400881057, 93.9922480620155, 95.74257425742574, 94.39918533604887, 93.60986547085201, 95.61586638830897, 92.99610894941634, 92.71047227926078, 92.76511397423191], [97.14285714285714, 97.79735682819383, 75.67829457364341, 95.14851485148515, 95.010183299389, 94.28251121076234, 97.07724425887265, 95.91439688715953, 92.50513347022587, 93.95441030723488], [98.36734693877551, 98.14977973568281, 91.18217054263566, 94.05940594059406, 96.23217922606925, 94.05829596412556, 95.92901878914405, 93.96887159533074, 94.96919917864476, 92.36868186323092], [97.95918367346938, 98.50220264317181, 91.27906976744185, 96.03960396039604, 96.13034623217922, 92.26457399103138, 96.65970772442589, 92.99610894941634, 93.94250513347022, 92.76511397423191], [97.55102040816327, 98.06167400881057, 80.13565891472868, 95.34653465346534, 95.41751527494908, 93.49775784753363, 97.80793319415449, 95.23346303501945, 94.35318275154005, 93.26065411298315], [98.57142857142857, 98.14977973568281, 88.66279069767442, 97.72277227722772, 95.51934826883911, 93.16143497757848, 95.30271398747391, 94.3579766536965, 92.60780287474333, 93.75619425173439], [98.36734693877551, 97.79735682819383, 94.37984496124031, 95.64356435643565, 96.5376782077393, 93.04932735426009, 96.97286012526096, 91.73151750972762, 95.17453798767967, 92.56689791873141]],