{"config": {"DATASET": "mnist", "TOTAL_CLIENTS": 100, "CLIENT_FRAC": 0.2, "POISON_FRAC": 0.5, "CREATE_DATASET": true, "RANDOM_DATA": true, "CLASS_RATIO": 10, "MODEL": "nnet", "LEARNING_RATE": 0.001, "BATCH_SIZE": 32, "LOCAL_EPOCHS": 10, "OPTIMIZER": "adam", "FED_ROUNDS": 30, "TEST_EVERY": 1, "RANDOM_PROCESS": false, "COS_DEFENCE": false, "SEL_METHOD": 1, "REDUCE_LR": 1, "COLLAB_MODE": true, "COLLAB_ALL": true, "CONSIDER_LAYERS": "l1", "GRAD_AGG": true, "FEATURE_FINDING_ALGO": "auror", "GRAD_COLLECTION_START": 0, "GRAD_COLLECT_FOR": -1, "CLUSTER_SEP": 0.002, "ALPHA": 0.8, "BETA": 0.8, "GAMMA": 0.1, "TRUST_INC": 2, "TRUST_CUT_METHOD": 1, "HONEST_PARDON_FACTOR": 0.7, "LOG_LEVEL": "INFO", "JSON_RESULTS": true}, "mean_poison_class_acc": 32.22480620155038, "mean_attack_srate": 4.5310077519379846, "total_accuracies": [44.77, 65.33, 73.85, 78.18, 82.31, 81.02, 88.32, 81.99, 82.71, 90.36, 87.8, 91.87, 84.05, 91.87, 84.56, 85.83, 86.63, 87.31, 93.35, 86.71, 91.91, 86.79, 92.95, 85.61, 85.53, 94.45, 85.73, 94.89, 85.83, 86.04], "class_accuracies": [[97.14285714285714, 94.36123348017621, 0.0, 29.801980198019802, 69.04276985743381, 23.094170403587444, 5.949895615866389, 94.26070038910505, 24.94866529774127, 0.0], [96.22448979591837, 98.6784140969163, 0.0, 76.23762376237623, 93.48268839103869, 87.10762331838565, 72.65135699373695, 87.64591439688716, 30.595482546201232, 10.901883052527255], [96.22448979591837, 98.59030837004406, 0.0, 87.12871287128714, 94.60285132382892, 76.34529147982063, 92.79749478079331, 91.43968871595331, 68.58316221765914, 33.30029732408325], [96.42857142857143, 98.8546255506608, 1.6472868217054264, 84.85148514851485, 91.85336048879837, 88.45291479820628, 90.7098121085595, 90.46692607003891, 69.91786447638604, 69.97026759167493], [96.83673469387755, 97.70925110132158, 27.228682170542637, 88.41584158415841, 96.33401221995926, 83.29596412556054, 93.42379958246346, 90.46692607003891, 78.54209445585215, 71.35777998017839], [97.14285714285714, 96.65198237885463, 0.1937984496124031, 89.10891089108911, 94.5010183299389, 83.07174887892377, 94.05010438413362, 90.6614785992218, 83.77823408624229, 82.55698711595639], [97.55102040816327, 98.6784140969163, 69.86434108527132, 90.39603960396039, 95.21384928716904, 90.24663677130044, 93.52818371607516, 91.43968871595331, 78.43942505133471, 77.50247770069376], [97.44897959183673, 97.70925110132158, 0.0, 91.48514851485149, 96.23217922606925, 87.89237668161435, 93.52818371607516, 91.53696498054475, 82.54620123203286, 83.34985133795837], [96.73469387755102, 97.3568281938326, 0.0, 89.00990099009901, 93.89002036659878, 89.34977578475336, 95.30271398747391, 90.07782101167315, 89.3223819301848, 88.30525272547077], [97.44897959183673, 97.62114537444934, 69.0891472868217, 93.56435643564356, 95.21384928716904, 87.89237668161435, 95.92901878914405, 92.70428015564202, 88.19301848049281, 85.72844400396433], [97.55102040816327, 97.88546255506608, 42.92635658914729, 91.88118811881188, 95.82484725050917, 89.68609865470852, 96.5553235908142, 91.34241245136187, 87.88501026694045, 87.31417244796829], [97.44897959183673, 98.32599118942731, 78.77906976744185, 93.96039603960396, 96.13034623217922, 90.24663677130044, 96.65970772442589, 92.50972762645914, 88.91170431211499, 85.43111992071358], [97.24489795918367, 98.59030837004406, 0.29069767441860467, 93.36633663366337, 95.62118126272912, 90.24663677130044, 97.28601252609603, 93.57976653696498, 88.19301848049281, 88.20614469772052], [97.55102040816327, 98.23788546255507, 72.86821705426357, 94.85148514851485, 94.80651731160896, 87.5560538116592, 97.18162839248434, 94.06614785992218, 91.17043121149898, 89.99008919722498], [97.44897959183673, 97.62114537444934, 0.3875968992248062, 94.05940594059406, 96.02851323828921, 92.48878923766816, 96.13778705636743, 93.57976653696498, 90.96509240246407, 89.39544103072349], [97.75510204081633, 98.14977973568281, 8.817829457364342, 93.16831683168317, 94.80651731160896, 92.71300448430493, 97.07724425887265, 95.03891050583658, 91.47843942505133, 91.47670961347869], [97.75510204081633, 98.23788546255507, 17.151162790697676, 96.03960396039604, 95.51934826883911, 89.12556053811659, 97.18162839248434, 94.06614785992218, 91.78644763860369, 90.98116947472745], [97.95918367346938, 98.50220264317181, 23.449612403100776, 93.56435643564356, 95.010183299389, 92.9372197309417, 96.76409185803757, 92.70428015564202, 91.37577002053388, 92.56689791873141], [98.16326530612245, 98.8546255506608, 81.1046511627907, 92.37623762376238, 96.13034623217922, 93.27354260089686, 97.07724425887265, 94.16342412451363, 91.78644763860369, 90.48562933597621], [97.85714285714286, 98.6784140969163, 14.922480620155039, 93.06930693069307, 96.43584521384929, 93.72197309417041, 97.07724425887265, 94.74708171206225, 92.81314168377824, 89.89098116947473], [98.6734693877551, 98.50220264317181, 62.4031007751938, 94.65346534653466, 95.72301425661914, 93.83408071748879, 96.45093945720251, 95.23346303501945, 92.29979466119096, 91.87314172447968], [98.16326530612245, 98.76651982378854, 13.662790697674419, 94.15841584158416, 95.62118126272912, 93.60986547085201, 96.5553235908142, 93.96887159533074, 92.40246406570841, 93.06243805748265], [98.06122448979592, 98.8546255506608, 73.15891472868218, 94.45544554455445, 96.13034623217922, 93.60986547085201, 97.28601252609603, 95.3307392996109, 91.17043121149898, 91.57581764122894], [98.26530612244898, 98.94273127753304, 0.0, 95.94059405940594, 95.92668024439918, 92.9372197309417, 96.45093945720251, 93.8715953307393, 92.91581108829568, 93.26065411298315], [98.06122448979592, 98.8546255506608, 0.5813953488372093, 94.55445544554455, 96.33401221995926, 94.17040358744394, 96.03340292275574, 93.48249027237354, 92.91581108829568, 92.86422200198216], [98.06122448979592, 98.8546255506608, 86.04651162790698, 95.44554455445545, 96.23217922606925, 94.84304932735427, 96.34655532359082, 94.26070038910505, 91.88911704312115, 92.36868186323092], [98.57142857142857, 98.8546255506608, 0.0, 96.33663366336634, 96.74134419551935, 93.60986547085201, 96.65970772442589, 95.03891050583658, 91.88911704312115, 92.07135777998018], [98.06122448979592, 98.94273127753304, 87.79069767441861, 96.33663366336634, 95.31568228105907, 91.81614349775785, 97.80793319415449, 95.91439688715953, 93.32648870636551, 93.06243805748265], [98.6734693877551, 98.76651982378854, 0.0, 95.94059405940594, 96.02851323828921, 92.37668161434978, 97.07724425887265, 93.67704280155642, 94.6611909650924, 93.55797819623389], [97.95918367346938, 98.32599118942731, 2.131782945736434, 95.74257425742574, 96.23217922606925, 93.27354260089686, 97.39039665970772, 95.52529182879377, 94.04517453798768, 92.26957383548067]],