{"config": {"DATASET": "mnist", "TOTAL_CLIENTS": 100, "CLIENT_FRAC": 0.1, "POISON_FRAC": 0.1, "CREATE_DATASET": false, "CLASS_RATIO": 10, "MODEL": "nnet", "LEARNING_RATE": 0.001, "BATCH_SIZE": 32, "LOCAL_EPOCHS": 3, "OPTIMIZER": "adam", "FED_ROUNDS": 30, "TEST_EVERY": 1, "RANDOM": true, "COS_DEFENCE": true, "SEL_METHOD": 1, "REDUCE_LR": 1, "COLLAB_MODE": true, "COLLAB_ALL": true, "CONSIDER_LAYERS": "l1", "GRAD_AGG": true, "FEATURE_FINDING_ALGO": "auror", "GRAD_COLLECTION_START": 0, "GRAD_COLLECT_FOR": -1, "CLUSTER_SEP": 1.0, "ALPHA": 0.7, "BETA": 0.7, "GAMMA": 0.1, "TRUST_INC": 2, "TRUST_CUT_METHOD": 2, "HONEST_PARDON_FACTOR": 0.99, "LOG_LEVEL": "INFO", "JSON_RESULTS": true}, "mean_poison_class_acc": 78.98255813953487, "mean_attack_srate": 2.926356589147287, "total_accuracies": [29.12, 11.72, 31.66, 59.51, 55.21, 72.8, 71.85, 75.58, 78.1, 82.62, 82.38, 84.65, 85.36, 85.57, 87.11, 87.14, 88.76, 88.47, 88.93, 88.58, 88.9, 89.68, 89.28, 90.33, 90.36, 89.42, 90.84, 90.48, 91.18, 91.41], "class_accuracies": [[90.51020408163265, 95.06607929515418, 0.0, 0.0, 0.0, 0.0, 52.71398747390397, 0.0, 30.903490759753595, 13.875123885034688], [28.06122448979592, 0.0, 0.4844961240310077, 0.0, 0.0, 100.0, 0.0, 0.0, 0.0, 0.0], [95.10204081632654, 70.9251101321586, 95.93023255813954, 27.128712871287128, 12.627291242362526, 4.596412556053812, 0.0, 0.0, 0.0, 0.0], [95.0, 97.79735682819383, 58.72093023255814, 63.960396039603964, 82.68839103869654, 75.33632286995515, 80.68893528183716, 38.42412451361868, 0.6160164271047228, 0.0], [95.10204081632654, 94.00881057268722, 94.18604651162791, 72.17821782178218, 84.11405295315683, 37.89237668161435, 0.0, 56.42023346303502, 0.6160164271047228, 7.0366699702675914], [95.40816326530613, 97.26872246696036, 72.77131782945736, 65.84158415841584, 94.09368635437882, 73.31838565022422, 77.13987473903967, 74.90272373540856, 53.285420944558524, 21.704658077304263], [90.3061224489796, 97.97356828193833, 71.41472868217055, 73.66336633663366, 89.71486761710794, 87.4439461883408, 84.23799582463465, 69.55252918287938, 14.8870636550308, 37.56194251734391], [96.73469387755102, 97.88546255506608, 70.34883720930233, 80.99009900990099, 49.490835030549896, 72.30941704035874, 86.22129436325679, 61.86770428015564, 45.379876796714576, 91.17938553022795], [95.61224489795919, 98.94273127753304, 62.4031007751938, 77.72277227722772, 86.9653767820774, 77.91479820627802, 91.44050104384134, 85.11673151750973, 48.35728952772074, 54.509415262636274], [96.22448979591837, 96.29955947136564, 74.12790697674419, 72.27722772277228, 69.65376782077394, 83.07174887892377, 92.17118997912317, 85.60311284046692, 72.68993839835728, 82.75520317145688], [96.3265306122449, 94.27312775330397, 67.73255813953489, 77.82178217821782, 88.18737270875764, 78.69955156950672, 91.23173277661796, 91.147859922179, 80.18480492813141, 57.383548067393455], [96.53061224489795, 98.23788546255507, 79.06976744186046, 80.29702970297029, 85.13238289205702, 78.81165919282512, 91.9624217118998, 87.84046692607004, 68.48049281314168, 77.998017839445], [96.3265306122449, 96.91629955947137, 78.10077519379846, 79.4059405940594, 89.30753564154786, 81.39013452914799, 92.79749478079331, 91.63424124513618, 77.00205338809035, 69.37561942517344], [96.73469387755102, 97.00440528634361, 70.73643410852713, 84.55445544554455, 90.52953156822811, 85.53811659192826, 91.8580375782881, 85.89494163424125, 77.72073921971253, 74.52923686818632], [97.75510204081633, 95.68281938325991, 78.58527131782945, 82.87128712871286, 88.79837067209776, 80.60538116591928, 92.27557411273486, 90.07782101167315, 80.69815195071868, 82.45787908820614], [97.65306122448979, 96.12334801762114, 78.00387596899225, 81.18811881188118, 91.24236252545825, 87.4439461883408, 90.50104384133611, 86.18677042801556, 78.74743326488706, 83.74628344895936], [97.44897959183673, 96.47577092511013, 85.56201550387597, 83.56435643564356, 90.32586558044807, 87.33183856502242, 91.02296450939457, 88.91050583657588, 81.51950718685832, 84.53914767096134], [97.85714285714286, 95.59471365638767, 81.3953488372093, 80.6930693069307, 92.05702647657841, 89.34977578475336, 89.97912317327766, 88.52140077821012, 84.29158110882958, 84.63825569871159], [97.65306122448979, 95.33039647577093, 80.03875968992249, 86.53465346534654, 93.17718940936864, 82.39910313901345, 91.7536534446764, 89.88326848249027, 85.93429158110882, 85.62933597621408], [98.26530612244898, 96.29955947136564, 76.16279069767442, 84.95049504950495, 95.41751527494908, 84.86547085201794, 91.54488517745303, 88.42412451361868, 84.70225872689939, 84.53914767096134], [97.75510204081633, 97.26872246696036, 79.06976744186046, 87.32673267326733, 94.90835030549898, 88.34080717488789, 91.02296450939457, 92.50972762645914, 77.31006160164272, 82.65609514370664], [97.85714285714286, 96.29955947136564, 84.59302325581395, 82.87128712871286, 92.9735234215886, 87.78026905829596, 94.57202505219206, 87.35408560311284, 83.67556468172485, 88.30525272547077], [97.95918367346938, 96.65198237885463, 76.25968992248062, 86.73267326732673, 92.15885947046843, 86.65919282511211, 93.52818371607516, 93.67704280155642, 82.95687885010267, 85.53022794846383], [97.95918367346938, 96.74008810572687, 81.1046511627907, 89.5049504950495, 93.9918533604888, 84.19282511210763, 93.31941544885177, 90.75875486381322, 87.782340862423, 87.01684836471755], [97.65306122448979, 96.74008810572687, 81.97674418604652, 89.00990099009901, 95.51934826883911, 88.90134529147981, 92.69311064718163, 90.27237354085604, 85.52361396303901, 84.83647175421208], [97.95918367346938, 97.44493392070484, 70.05813953488372, 88.41584158415841, 95.010183299389, 86.54708520179372, 92.17118997912317, 90.46692607003891, 88.19301848049281, 87.51238850346878], [97.14285714285714, 96.74008810572687, 84.78682170542636, 85.44554455445545, 95.82484725050917, 90.13452914798206, 93.63256784968685, 91.43968871595331, 88.50102669404518, 84.4400396432111], [98.06122448979592, 97.00440528634361, 76.93798449612403, 90.1980198019802, 95.72301425661914, 89.68609865470852, 92.69311064718163, 91.147859922179, 87.47433264887064, 85.62933597621408], [97.44897959183673, 97.26872246696036, 84.98062015503876, 89.5049504950495, 95.21384928716904, 92.04035874439462, 94.46764091858037, 90.6614785992218, 82.95687885010267, 86.9177403369673], [98.06122448979592, 96.91629955947137, 84.49612403100775, 91.08910891089108, 91.0386965376782, 90.91928251121077, 94.05010438413362, 93.3852140077821, 83.47022587268994, 90.08919722497522]],