{"config": {"DATASET": "mnist", "TOTAL_CLIENTS": 100, "CLIENT_FRAC": 0.1, "POISON_FRAC": 0.1, "CREATE_DATASET": true, "RANDOM_DATA": true, "CLASS_RATIO": 10, "MODEL": "nnet", "LEARNING_RATE": 0.001, "BATCH_SIZE": 32, "LOCAL_EPOCHS": 3, "OPTIMIZER": "adam", "FED_ROUNDS": 30, "TEST_EVERY": 1, "RANDOM_PROCESS": true, "COS_DEFENCE": true, "SEL_METHOD": 1, "REDUCE_LR": 1, "COLLAB_MODE": true, "COLLAB_ALL": true, "CONSIDER_LAYERS": "f1l1", "GRAD_AGG": true, "FEATURE_FINDING_ALGO": "auror", "GRAD_COLLECTION_START": 0, "GRAD_COLLECT_FOR": -1, "CLUSTER_SEP": 0.005, "ALPHA": 0.8, "BETA": 0.8, "GAMMA": 0.1, "TRUST_INC": 2, "TRUST_CUT_METHOD": 2, "HONEST_PARDON_FACTOR": 0.99, "LOG_LEVEL": "INFO", "JSON_RESULTS": true}, "mean_poison_class_acc": 81.49224806201549, "mean_attack_srate": 3.13953488372093, "total_accuracies": [26.58, 40.42, 41.44, 56.18, 58.18, 64.11, 73.51, 78.85, 79.34, 83.98, 84.67, 84.28, 85.42, 86.01, 85.73, 87.46, 87.95, 85.94, 89.11, 89.6, 89.56, 90.04, 89.89, 89.95, 90.82, 90.1, 91.24, 91.06, 91.7, 91.43], "class_accuracies": [[82.34693877551021, 0.0, 85.65891472868218, 87.62376237623762, 0.6109979633401222, 0.0, 0.0, 0.0, 0.0, 7.5322101090188305], [99.08163265306122, 76.65198237885463, 25.0, 0.0, 95.21384928716904, 0.11210762331838565, 16.805845511482254, 82.29571984435798, 0.0, 0.0], [99.38775510204081, 98.94273127753304, 3.003875968992248, 30.099009900990097, 92.4643584521385, 10.874439461883409, 72.96450939457202, 0.0, 0.0, 0.7928642220019821], [96.42857142857143, 99.29515418502203, 66.18217054263566, 79.9009900990099, 87.57637474541751, 43.83408071748879, 79.43632567849687, 0.09727626459143969, 0.0, 4.261645193260654], [97.85714285714286, 99.11894273127753, 66.47286821705427, 83.86138613861387, 91.85336048879837, 29.260089686098656, 85.49060542797494, 0.09727626459143969, 10.472279260780287, 11.496531219028741], [97.85714285714286, 99.03083700440529, 12.790697674418604, 84.35643564356435, 53.15682281059063, 16.255605381165918, 92.69311064718163, 70.13618677042801, 46.50924024640657, 60.95143706640238], [95.0, 98.41409691629956, 77.42248062015504, 86.73267326732673, 95.21384928716904, 66.4798206278027, 89.5615866388309, 75.68093385214007, 31.62217659137577, 15.460852329038651], [95.81632653061224, 98.14977973568281, 73.25581395348837, 86.83168316831683, 77.59674134419552, 71.97309417040358, 92.17118997912317, 84.43579766536965, 32.54620123203286, 72.05153617443013], [98.06122448979592, 98.32599118942731, 68.21705426356588, 89.20792079207921, 58.24847250509165, 63.11659192825112, 92.79749478079331, 80.6420233463035, 51.950718685831625, 88.50346878097126], [97.44897959183673, 98.32599118942731, 80.62015503875969, 86.13861386138613, 81.46639511201629, 75.56053811659193, 92.06680584551148, 85.70038910505836, 69.60985626283367, 70.36669970267592], [96.12244897959184, 97.62114537444934, 76.35658914728683, 81.98019801980197, 82.28105906313645, 72.53363228699551, 93.84133611691023, 89.88326848249027, 82.23819301848049, 71.55599603567889], [96.3265306122449, 97.70925110132158, 74.32170542635659, 83.06930693069307, 87.57637474541751, 83.29596412556054, 88.72651356993737, 88.13229571984436, 75.35934291581108, 66.9970267591675], [96.22448979591837, 98.23788546255507, 81.1046511627907, 86.93069306930693, 71.07942973523421, 82.62331838565022, 92.48434237995825, 85.40856031128405, 70.73921971252567, 87.31417244796829], [98.57142857142857, 97.79735682819383, 80.13565891472868, 90.39603960396039, 79.938900203666, 77.13004484304933, 91.54488517745303, 88.13229571984436, 72.58726899383984, 81.46679881070366], [97.44897959183673, 96.56387665198238, 69.0891472868217, 87.22772277227723, 81.16089613034623, 78.47533632286995, 91.9624217118998, 88.13229571984436, 78.74743326488706, 86.9177403369673], [96.93877551020408, 95.50660792951543, 83.33333333333333, 83.16831683168317, 87.88187372708758, 76.23318385650224, 93.1106471816284, 88.42412451361868, 88.09034907597535, 80.2775024777007], [97.44897959183673, 96.56387665198238, 82.36434108527132, 86.13861386138613, 81.46639511201629, 86.7713004484305, 91.9624217118998, 90.07782101167315, 79.56878850102669, 86.02576808721507], [97.85714285714286, 97.18061674008811, 56.87984496124031, 87.72277227722772, 91.14052953156823, 78.25112107623319, 92.48434237995825, 89.39688715953308, 84.39425051334702, 83.15163528245787], [97.44897959183673, 97.18061674008811, 88.85658914728683, 87.22772277227723, 88.59470468431772, 79.82062780269058, 94.36325678496868, 91.53696498054475, 82.85420944558521, 81.36769078295342], [97.24489795918367, 97.97356828193833, 85.07751937984496, 87.52475247524752, 90.93686354378819, 86.99551569506727, 92.48434237995825, 89.6887159533074, 82.95687885010267, 84.0436075322101], [98.16326530612245, 98.59030837004406, 84.59302325581395, 88.61386138613861, 91.0386965376782, 82.39910313901345, 92.06680584551148, 92.41245136186771, 81.3141683778234, 84.63825569871159], [96.22448979591837, 97.62114537444934, 84.98062015503876, 89.10891089108911, 89.5112016293279, 88.11659192825113, 93.73695198329854, 91.05058365758755, 84.08624229979466, 85.0346878097126], [96.93877551020408, 97.70925110132158, 84.10852713178295, 89.4059405940594, 92.56619144602851, 81.72645739910314, 95.72025052192066, 90.56420233463035, 83.77823408624229, 84.93557978196233], [97.24489795918367, 97.26872246696036, 81.87984496124031, 90.39603960396039, 91.75152749490834, 87.66816143497758, 93.1106471816284, 88.61867704280155, 82.85420944558521, 87.90882061446978], [96.93877551020408, 97.44493392070484, 89.24418604651163, 90.0990099009901, 88.18737270875764, 83.18385650224215, 95.51148225469728, 87.7431906614786, 86.44763860369609, 91.97224975222993], [97.85714285714286, 96.65198237885463, 78.87596899224806, 89.00990099009901, 88.08553971486762, 89.79820627802691, 91.8580375782881, 91.24513618677042, 85.62628336755647, 91.47670961347869], [97.24489795918367, 97.09251101321586, 87.01550387596899, 90.99009900990099, 91.5478615071283, 90.13452914798206, 93.94572025052192, 90.56420233463035, 83.5728952772074, 89.59365708622398], [97.24489795918367, 98.06167400881057, 88.37209302325581, 88.7128712871287, 95.21384928716904, 85.08968609865471, 94.46764091858037, 89.2023346303502, 85.1129363449692, 87.90882061446978], [97.75510204081633, 98.14977973568281, 89.14728682170542, 88.61386138613861, 92.15885947046843, 89.79820627802691, 93.52818371607516, 92.8988326848249, 85.62628336755647, 88.40436075322101], [97.65306122448979, 97.3568281938326, 84.10852713178295, 92.27722772277228, 91.95519348268839, 86.21076233183857, 94.1544885177453, 90.36964980544747, 89.3223819301848, 89.99008919722498]],