{"config": {"DATASET": "mnist", "TOTAL_CLIENTS": 100, "CLIENT_FRAC": 0.2, "POISON_FRAC": 0.5, "CREATE_DATASET": false, "RANDOM_DATA": true, "CLASS_RATIO": 10, "MODEL": "nnet", "LEARNING_RATE": 0.001, "BATCH_SIZE": 32, "LOCAL_EPOCHS": 10, "OPTIMIZER": "adam", "FED_ROUNDS": 30, "TEST_EVERY": 1, "RANDOM_PROCESS": false, "COS_DEFENCE": true, "SEL_METHOD": 1, "REDUCE_LR": 1, "COLLAB_MODE": true, "COLLAB_ALL": true, "CONSIDER_LAYERS": "l1", "GRAD_AGG": true, "FEATURE_FINDING_ALGO": "auror", "GRAD_COLLECTION_START": 0, "GRAD_COLLECT_FOR": -1, "CLUSTER_SEP": 0.002, "ALPHA": 0.8, "BETA": 0.8, "GAMMA": 0.1, "TRUST_INC": 2, "TRUST_CUT_METHOD": 1, "HONEST_PARDON_FACTOR": 0.7, "LOG_LEVEL": "INFO", "JSON_RESULTS": true}, "mean_poison_class_acc": 42.83333333333333, "mean_attack_srate": 4.352713178294573, "total_accuracies": [46.39, 69.0, 73.75, 80.31, 82.24, 88.29, 87.68, 88.52, 87.74, 86.97, 88.98, 90.57, 83.95, 91.99, 92.82, 84.4, 91.37, 85.06, 86.49, 85.34, 92.74, 85.34, 94.02, 92.23, 85.57, 89.97, 86.26, 93.4, 88.62, 90.37], "class_accuracies": [[99.28571428571429, 94.97797356828194, 0.0, 59.801980198019805, 82.07739307535641, 15.358744394618833, 12.108559498956158, 27.140077821011673, 20.84188911704312, 43.904856293359764], [96.53061224489795, 98.8546255506608, 0.0, 88.7128712871287, 80.65173116089613, 74.66367713004485, 75.5741127348643, 87.93774319066148, 44.25051334702259, 41.52626362735381], [94.59183673469387, 98.8546255506608, 0.0, 90.29702970297029, 89.5112016293279, 69.84304932735427, 88.72651356993737, 92.41245136186771, 69.71252566735113, 42.91377601585729], [96.22448979591837, 97.5330396475771, 18.023255813953487, 87.72277227722772, 86.45621181262729, 86.65919282511211, 88.72651356993737, 90.56420233463035, 74.84599589322382, 77.00693756194252], [97.34693877551021, 97.62114537444934, 20.63953488372093, 88.61386138613861, 92.76985743380855, 83.40807174887892, 91.8580375782881, 92.12062256809338, 80.69815195071868, 77.89890981169475], [96.83673469387755, 97.70925110132158, 73.74031007751938, 90.1980198019802, 90.63136456211812, 84.4170403587444, 91.64926931106471, 90.07782101167315, 80.49281314168378, 86.02576808721507], [97.75510204081633, 97.62114537444934, 61.04651162790697, 88.91089108910892, 94.29735234215886, 90.02242152466367, 91.02296450939457, 89.78599221789884, 79.67145790554414, 86.62041625371656], [97.75510204081633, 97.09251101321586, 62.2093023255814, 90.0990099009901, 91.95519348268839, 88.78923766816143, 93.42379958246346, 90.46692607003891, 84.80492813141684, 88.60257680872151], [97.85714285714286, 97.5330396475771, 51.93798449612403, 93.06930693069307, 90.32586558044807, 88.56502242152466, 93.94572025052192, 90.56420233463035, 83.26488706365502, 90.48562933597621], [97.85714285714286, 98.41409691629956, 41.18217054263566, 90.39603960396039, 92.87169042769857, 92.37668161434978, 94.57202505219206, 90.75875486381322, 83.5728952772074, 88.60257680872151], [97.75510204081633, 98.23788546255507, 56.58914728682171, 92.77227722772277, 93.89002036659878, 89.12556053811659, 94.67640918580376, 90.56420233463035, 85.52361396303901, 90.78295341922696], [97.75510204081633, 98.06167400881057, 68.5077519379845, 91.58415841584159, 95.31568228105907, 91.4798206278027, 95.61586638830897, 92.60700389105058, 87.57700205338809, 87.31417244796829], [98.26530612244898, 98.8546255506608, 3.10077519379845, 92.77227722772277, 93.58452138492872, 91.92825112107623, 94.88517745302714, 90.75875486381322, 87.26899383983573, 90.18830525272547], [98.06122448979592, 97.97356828193833, 77.13178294573643, 91.58415841584159, 94.09368635437882, 92.9372197309417, 94.46764091858037, 90.6614785992218, 91.37577002053388, 91.67492566897918], [97.65306122448979, 98.23788546255507, 83.33333333333333, 93.46534653465346, 94.90835030549898, 92.9372197309417, 96.24217118997912, 91.63424124513618, 88.29568788501027, 91.2784935579782], [97.85714285714286, 98.32599118942731, 0.0, 91.78217821782178, 95.010183299389, 92.04035874439462, 96.24217118997912, 92.80155642023347, 90.86242299794661, 91.47670961347869], [97.75510204081633, 98.59030837004406, 65.31007751937985, 92.77227722772277, 95.11201629327903, 94.61883408071749, 96.24217118997912, 91.53696498054475, 89.63039014373716, 92.66600594648166], [98.16326530612245, 98.59030837004406, 3.7790697674418605, 95.04950495049505, 94.09368635437882, 91.3677130044843, 96.34655532359082, 92.99610894941634, 88.39835728952772, 93.85530227948463], [98.06122448979592, 98.50220264317181, 15.503875968992247, 92.27722772277228, 95.92668024439918, 92.82511210762331, 96.76409185803757, 92.60700389105058, 93.1211498973306, 91.37760158572844], [98.26530612244898, 98.76651982378854, 1.1627906976744187, 94.95049504950495, 93.78818737270876, 92.26457399103138, 96.97286012526096, 92.70428015564202, 92.71047227926078, 94.15262636273538], [98.26530612244898, 98.76651982378854, 72.09302325581395, 93.76237623762377, 94.19551934826885, 93.04932735426009, 97.07724425887265, 94.55252918287938, 92.09445585215606, 93.65708622398414], [97.24489795918367, 99.03083700440529, 0.0, 94.15841584158416, 96.33401221995926, 94.5067264573991, 96.65970772442589, 93.8715953307393, 90.96509240246407, 93.1615460852329], [98.06122448979592, 98.8546255506608, 81.87984496124031, 94.75247524752476, 97.35234215885947, 93.94618834080717, 97.18162839248434, 94.26070038910505, 92.40246406570841, 91.47670961347869], [98.16326530612245, 98.6784140969163, 66.08527131782945, 93.66336633663366, 94.90835030549898, 94.73094170403587, 96.65970772442589, 92.99610894941634, 94.25051334702259, 92.76511397423191], [97.95918367346938, 98.94273127753304, 0.0, 95.34653465346534, 94.5010183299389, 93.94618834080717, 96.86847599164926, 93.28793774319067, 93.01848049281314, 94.35084241823587], [98.36734693877551, 98.94273127753304, 40.79457364341085, 94.75247524752476, 96.84317718940937, 94.17040358744394, 96.65970772442589, 93.8715953307393, 93.22381930184805, 93.3597621407334], [98.36734693877551, 98.8546255506608, 4.069767441860465, 95.94059405940594, 95.11201629327903, 94.84304932735427, 96.86847599164926, 94.3579766536965, 92.60780287474333, 94.05351833498513], [98.36734693877551, 98.76651982378854, 73.44961240310077, 95.24752475247524, 95.51934826883911, 93.60986547085201, 97.39039665970772, 94.74708171206225, 92.60780287474333, 94.44995044598612], [98.16326530612245, 98.8546255506608, 26.74418604651163, 94.75247524752476, 96.5376782077393, 94.95515695067265, 96.45093945720251, 93.96887159533074, 93.32648870636551, 94.25173439048562], [98.46938775510205, 99.11894273127753, 41.18217054263566, 95.14851485148515, 95.82484725050917, 94.73094170403587, 96.86847599164926, 95.3307392996109, 94.96919917864476, 93.3597621407334]],