{"config": {"DATASET": "mnist", "TOTAL_CLIENTS": 100, "CLIENT_FRAC": 0.1, "POISON_FRAC": 0.2, "CREATE_DATASET": false, "RANDOM_DATA": true, "CLASS_RATIO": 10, "MODEL": "nnet", "LEARNING_RATE": 0.001, "BATCH_SIZE": 32, "LOCAL_EPOCHS": 10, "OPTIMIZER": "adam", "FED_ROUNDS": 30, "TEST_EVERY": 1, "RANDOM_PROCESS": false, "COS_DEFENCE": true, "SEL_METHOD": 1, "REDUCE_LR": 1, "COLLAB_MODE": true, "COLLAB_ALL": true, "CONSIDER_LAYERS": "l1", "GRAD_AGG": true, "FEATURE_FINDING_ALGO": "auror", "GRAD_COLLECTION_START": 0, "GRAD_COLLECT_FOR": -1, "CLUSTER_SEP": 0.005, "ALPHA": 0.8, "BETA": 0.8, "GAMMA": 0.1, "TRUST_INC": 2, "TRUST_CUT_METHOD": 1, "HONEST_PARDON_FACTOR": 0.8, "LOG_LEVEL": "INFO", "JSON_RESULTS": true}, "mean_poison_class_acc": 79.79651162790698, "mean_attack_srate": 3.158914728682171, "total_accuracies": [41.46, 71.04, 80.73, 85.2, 88.13, 89.39, 87.27, 90.25, 87.51, 90.07, 92.06, 92.19, 92.32, 92.09, 92.23, 93.18, 93.17, 93.6, 93.53, 87.35, 93.55, 93.42, 89.92, 94.48, 94.54, 94.61, 94.8, 92.87, 93.9, 94.62], "class_accuracies": [[99.18367346938776, 96.56387665198238, 0.0, 41.48514851485149, 60.69246435845214, 6.726457399103139, 13.152400835073069, 0.0, 0.2053388090349076, 86.7195242814668], [96.53061224489795, 98.8546255506608, 6.104651162790698, 91.18811881188118, 85.64154786150714, 52.24215246636771, 85.38622129436325, 83.65758754863813, 57.08418891170431, 50.64420218037661], [96.73469387755102, 98.23788546255507, 39.24418604651163, 89.8019801980198, 83.40122199592668, 72.53363228699551, 91.64926931106471, 87.54863813229572, 71.7659137577002, 74.82656095143706], [96.12244897959184, 96.91629955947137, 59.20542635658915, 90.29702970297029, 86.86354378818737, 72.98206278026906, 94.1544885177453, 88.52140077821012, 80.59548254620123, 84.63825569871159], [96.3265306122449, 96.56387665198238, 77.71317829457364, 86.33663366336634, 91.5478615071283, 83.6322869955157, 92.90187891440502, 89.10505836575875, 86.13963039014374, 80.17839444995045], [96.22448979591837, 98.50220264317181, 82.07364341085271, 90.4950495049505, 89.61303462321793, 83.96860986547085, 94.36325678496868, 90.6614785992218, 79.87679671457906, 86.62041625371656], [97.44897959183673, 98.23788546255507, 61.04651162790697, 89.10891089108911, 95.92668024439918, 86.7713004484305, 93.31941544885177, 88.2295719844358, 80.28747433264887, 82.06144697720515], [97.44897959183673, 96.91629955947137, 82.65503875968992, 89.60396039603961, 92.66802443991854, 89.01345291479821, 92.90187891440502, 89.49416342412451, 82.54620123203286, 88.60257680872151], [97.75510204081633, 97.26872246696036, 48.15891472868217, 89.8019801980198, 94.70468431771894, 88.2286995515695, 95.09394572025052, 89.29961089494164, 86.44763860369609, 88.89990089197225], [98.16326530612245, 97.00440528634361, 68.8953488372093, 92.27722772277228, 94.60285132382892, 85.42600896860986, 96.5553235908142, 91.82879377431907, 86.24229979466119, 89.29633300297324], [98.16326530612245, 97.44493392070484, 87.01550387596899, 90.79207920792079, 93.58452138492872, 86.88340807174887, 95.09394572025052, 91.73151750972762, 87.37166324435319, 91.57581764122894], [97.55102040816327, 98.32599118942731, 87.20930232558139, 92.67326732673267, 95.010183299389, 88.45291479820628, 95.19832985386222, 91.82879377431907, 84.90759753593429, 89.79187314172448], [98.16326530612245, 98.23788546255507, 86.33720930232558, 89.8019801980198, 94.19551934826885, 90.80717488789237, 97.18162839248434, 90.6614785992218, 88.19301848049281, 89.197224975223], [98.6734693877551, 97.88546255506608, 80.13565891472868, 93.66336633663366, 93.27902240325865, 92.04035874439462, 94.36325678496868, 91.82879377431907, 86.13963039014374, 92.56689791873141], [97.95918367346938, 98.32599118942731, 80.23255813953489, 93.36633663366337, 95.92668024439918, 90.69506726457399, 94.78079331941545, 93.19066147859922, 87.98767967145791, 89.39544103072349], [98.16326530612245, 98.32599118942731, 87.59689922480621, 92.57425742574257, 94.09368635437882, 92.04035874439462, 95.92901878914405, 92.8988326848249, 86.13963039014374, 93.45887016848364], [98.46938775510205, 98.06167400881057, 84.01162790697674, 94.05940594059406, 93.78818737270876, 92.04035874439462, 95.61586638830897, 91.73151750972762, 90.55441478439425, 93.06243805748265], [98.16326530612245, 98.14977973568281, 87.40310077519379, 95.04950495049505, 93.89002036659878, 91.25560538116592, 96.03340292275574, 90.6614785992218, 91.37577002053388, 93.55797819623389], [98.06122448979592, 98.23788546255507, 85.36821705426357, 95.14851485148515, 93.58452138492872, 91.14349775784753, 96.76409185803757, 92.50972762645914, 90.34907597535934, 93.65708622398414], [98.16326530612245, 98.8546255506608, 24.127906976744185, 94.75247524752476, 95.82484725050917, 89.46188340807174, 96.5553235908142, 92.50972762645914, 91.9917864476386, 92.56689791873141], [98.06122448979592, 99.20704845814979, 86.24031007751938, 94.85148514851485, 96.33401221995926, 91.70403587443946, 96.5553235908142, 92.31517509727627, 88.29568788501027, 91.37760158572844], [97.75510204081633, 99.11894273127753, 79.16666666666667, 94.85148514851485, 95.11201629327903, 92.152466367713, 96.34655532359082, 95.23346303501945, 91.68377823408625, 92.46778989098117], [98.06122448979592, 98.50220264317181, 46.02713178294574, 96.03960396039604, 94.5010183299389, 92.37668161434978, 96.76409185803757, 93.28793774319067, 89.83572895277207, 94.64816650148661], [98.06122448979592, 98.94273127753304, 92.24806201550388, 93.56435643564356, 96.23217922606925, 92.48878923766816, 96.97286012526096, 93.48249027237354, 90.96509240246407, 91.2784935579782], [98.36734693877551, 98.76651982378854, 89.53488372093024, 94.75247524752476, 95.21384928716904, 93.27354260089686, 95.51148225469728, 93.28793774319067, 93.94250513347022, 92.36868186323092], [98.36734693877551, 98.59030837004406, 88.85658914728683, 94.05940594059406, 96.33401221995926, 93.94618834080717, 95.82463465553236, 93.57976653696498, 93.01848049281314, 93.26065411298315], [98.6734693877551, 99.03083700440529, 89.05038759689923, 96.33663366336634, 95.31568228105907, 92.152466367713, 96.34655532359082, 94.8443579766537, 91.27310061601642, 94.35084241823587], [98.9795918367347, 98.6784140969163, 69.18604651162791, 96.43564356435644, 95.31568228105907, 93.49775784753363, 95.82463465553236, 93.3852140077821, 93.32648870636551, 94.35084241823587], [98.36734693877551, 99.03083700440529, 79.65116279069767, 95.24752475247524, 96.74134419551935, 94.28251121076234, 96.45093945720251, 93.3852140077821, 93.1211498973306, 92.76511397423191], [98.57142857142857, 98.76651982378854, 86.53100775193798, 95.04950495049505, 94.5010183299389, 93.38565022421524, 96.45093945720251, 93.48249027237354, 94.45585215605749, 94.74727452923686]],