{"config": {"DATASET": "mnist", "TOTAL_CLIENTS": 100, "CLIENT_FRAC": 0.2, "POISON_FRAC": 0.3, "CREATE_DATASET": true, "RANDOM_DATA": true, "CLASS_RATIO": 10, "MODEL": "nnet", "LEARNING_RATE": 0.001, "BATCH_SIZE": 32, "LOCAL_EPOCHS": 10, "OPTIMIZER": "adam", "FED_ROUNDS": 30, "TEST_EVERY": 1, "RANDOM_PROCESS": false, "COS_DEFENCE": false, "SEL_METHOD": 1, "REDUCE_LR": 1, "COLLAB_MODE": true, "COLLAB_ALL": true, "CONSIDER_LAYERS": "l1", "GRAD_AGG": true, "FEATURE_FINDING_ALGO": "auror", "GRAD_COLLECTION_START": 0, "GRAD_COLLECT_FOR": -1, "CLUSTER_SEP": 0.002, "ALPHA": 0.8, "BETA": 0.8, "GAMMA": 0.1, "TRUST_INC": 2, "TRUST_CUT_METHOD": 1, "HONEST_PARDON_FACTOR": 0.7, "LOG_LEVEL": "INFO", "JSON_RESULTS": true}, "mean_poison_class_acc": 71.41472868217053, "mean_attack_srate": 3.2674418604651168, "total_accuracies": [50.47, 64.5, 79.87, 85.45, 86.81, 87.97, 88.53, 90.12, 87.8, 91.29, 91.73, 91.83, 91.06, 91.63, 91.68, 90.58, 93.97, 88.18, 91.56, 93.68, 93.68, 93.81, 92.61, 93.37, 93.94, 93.94, 91.23, 94.86, 89.52, 94.75], "class_accuracies": [[98.06122448979592, 99.73568281938326, 0.0, 38.613861386138616, 81.67006109979633, 43.946188340807176, 12.734864300626304, 81.22568093385215, 42.40246406570842, 0.0], [98.16326530612245, 98.59030837004406, 12.693798449612403, 78.21782178217822, 91.34419551934828, 84.97757847533633, 67.11899791231733, 82.78210116731518, 20.431211498973305, 9.910802775024777], [96.53061224489795, 98.59030837004406, 36.82170542635659, 85.64356435643565, 94.80651731160896, 76.00896860986548, 92.69311064718163, 91.53696498054475, 69.0965092402464, 56.095143706640236], [97.04081632653062, 97.44493392070484, 62.3062015503876, 85.74257425742574, 93.9918533604888, 85.53811659192826, 91.33611691022965, 88.13229571984436, 74.74332648870636, 77.70069375619426], [97.55102040816327, 98.14977973568281, 65.01937984496124, 89.3069306930693, 95.62118126272912, 80.04484304932735, 93.73695198329854, 91.73151750972762, 76.89938398357289, 78.79088206144698], [97.85714285714286, 97.26872246696036, 66.18217054263566, 86.33663366336634, 95.11201629327903, 84.30493273542601, 94.1544885177453, 91.34241245136187, 83.36755646817248, 83.25074331020812], [98.16326530612245, 98.23788546255507, 68.7984496124031, 90.6930693069307, 95.21384928716904, 87.21973094170404, 93.0062630480167, 91.34241245136187, 78.64476386036961, 83.34985133795837], [98.26530612244898, 97.62114537444934, 77.81007751937985, 90.99009900990099, 96.63951120162933, 87.78026905829596, 93.21503131524008, 91.53696498054475, 81.82751540041068, 84.83647175421208], [97.44897959183673, 97.3568281938326, 50.3875968992248, 87.32673267326733, 93.27902240325865, 89.34977578475336, 94.05010438413362, 90.95330739299611, 87.26899383983573, 91.0802775024777], [98.16326530612245, 97.44493392070484, 80.23255813953489, 92.67326732673267, 96.23217922606925, 86.54708520179372, 94.78079331941545, 91.92607003891051, 87.16632443531827, 87.01684836471755], [98.06122448979592, 97.97356828193833, 81.1046511627907, 91.88118811881188, 96.02851323828921, 90.02242152466367, 95.51148225469728, 92.31517509727627, 85.21560574948666, 88.70168483647176], [98.26530612244898, 98.14977973568281, 76.45348837209302, 93.76237623762377, 96.5376782077393, 90.35874439461884, 95.4070981210856, 92.8988326848249, 87.88501026694045, 88.30525272547077], [97.85714285714286, 98.41409691629956, 68.12015503875969, 93.76237623762377, 95.11201629327903, 89.91031390134529, 96.03340292275574, 94.16342412451363, 86.34496919917865, 90.68384539147671], [98.26530612244898, 98.23788546255507, 70.44573643410853, 94.15841584158416, 95.41751527494908, 91.70403587443946, 95.30271398747391, 93.48249027237354, 89.93839835728953, 89.39544103072349], [98.46938775510205, 97.97356828193833, 70.44573643410853, 94.55445544554455, 95.41751527494908, 92.48878923766816, 95.4070981210856, 94.06614785992218, 87.782340862423, 90.28741328047572], [97.95918367346938, 98.41409691629956, 57.17054263565891, 93.26732673267327, 94.29735234215886, 92.04035874439462, 96.34655532359082, 95.03891050583658, 89.73305954825462, 91.97224975222993], [98.26530612244898, 98.14977973568281, 89.72868217054264, 95.64356435643565, 95.11201629327903, 89.57399103139014, 96.97286012526096, 93.77431906614785, 90.75975359342915, 90.98116947472745], [98.36734693877551, 98.41409691629956, 35.65891472868217, 91.98019801980197, 95.11201629327903, 93.83408071748879, 94.57202505219206, 93.57976653696498, 88.80903490759754, 92.76511397423191], [97.95918367346938, 98.59030837004406, 64.24418604651163, 93.06930693069307, 95.72301425661914, 93.04932735426009, 96.65970772442589, 93.57976653696498, 91.58110882956879, 91.57581764122894], [98.36734693877551, 98.6784140969163, 83.13953488372093, 93.16831683168317, 96.02851323828921, 93.72197309417041, 96.65970772442589, 93.8715953307393, 92.19712525667352, 90.8820614469772], [98.6734693877551, 98.50220264317181, 83.33333333333333, 93.96039603960396, 96.33401221995926, 93.49775784753363, 95.82463465553236, 94.06614785992218, 90.14373716632444, 92.26957383548067], [98.36734693877551, 98.76651982378854, 80.32945736434108, 94.55445544554455, 95.31568228105907, 94.05829596412556, 95.82463465553236, 94.64980544747081, 92.19712525667352, 93.95441030723488], [97.85714285714286, 98.76651982378854, 71.99612403100775, 94.35643564356435, 96.43584521384929, 93.27354260089686, 96.76409185803757, 94.45525291828794, 90.86242299794661, 91.47670961347869], [98.6734693877551, 98.76651982378854, 77.22868217054264, 95.34653465346534, 96.63951120162933, 93.72197309417041, 96.24217118997912, 94.06614785992218, 92.29979466119096, 90.78295341922696], [98.26530612244898, 98.41409691629956, 81.97674418604652, 95.24752475247524, 96.33401221995926, 93.72197309417041, 95.30271398747391, 93.8715953307393, 92.81314168377824, 93.3597621407334], [97.75510204081633, 98.76651982378854, 81.3953488372093, 94.65346534653466, 96.23217922606925, 95.62780269058295, 95.82463465553236, 93.96887159533074, 91.88911704312115, 93.3597621407334], [98.57142857142857, 98.76651982378854, 55.52325581395349, 95.74257425742574, 96.94501018329939, 92.9372197309417, 96.13778705636743, 95.52529182879377, 91.88911704312115, 90.8820614469772], [98.26530612244898, 98.59030837004406, 90.50387596899225, 95.14851485148515, 95.72301425661914, 91.25560538116592, 97.80793319415449, 94.45525291828794, 93.53182751540041, 92.76511397423191], [98.36734693877551, 98.50220264317181, 37.6937984496124, 95.54455445544555, 96.43584521384929, 92.60089686098655, 96.45093945720251, 93.96887159533074, 93.63449691991786, 93.26065411298315], [98.16326530612245, 98.59030837004406, 85.46511627906976, 96.03960396039604, 96.43584521384929, 92.82511210762331, 97.7035490605428, 95.52529182879377, 93.83983572895278, 92.66600594648166]],