{"config": {"DATASET": "mnist", "TOTAL_CLIENTS": 100, "CLIENT_FRAC": 0.1, "POISON_FRAC": 0.1, "CREATE_DATASET": false, "RANDOM_DATA": true, "CLASS_RATIO": 10, "MODEL": "nnet", "LEARNING_RATE": 0.001, "BATCH_SIZE": 32, "LOCAL_EPOCHS": 10, "OPTIMIZER": "adam", "FED_ROUNDS": 30, "TEST_EVERY": 1, "RANDOM_PROCESS": false, "COS_DEFENCE": true, "SEL_METHOD": 1, "REDUCE_LR": 1, "COLLAB_MODE": true, "COLLAB_ALL": true, "CONSIDER_LAYERS": "l1", "GRAD_AGG": true, "FEATURE_FINDING_ALGO": "auror", "GRAD_COLLECTION_START": 0, "GRAD_COLLECT_FOR": -1, "CLUSTER_SEP": 0.005, "ALPHA": 0.8, "BETA": 0.8, "GAMMA": 0.1, "TRUST_INC": 2, "TRUST_CUT_METHOD": 1, "HONEST_PARDON_FACTOR": 0.8, "LOG_LEVEL": "INFO", "JSON_RESULTS": true}, "mean_poison_class_acc": 86.25968992248062, "mean_attack_srate": 3.091085271317829, "total_accuracies": [39.89, 75.06, 84.02, 85.54, 87.5, 89.66, 90.05, 90.35, 86.44, 90.29, 90.61, 92.25, 91.64, 93.12, 92.19, 90.72, 94.04, 92.07, 94.15, 93.31, 93.78, 94.33, 94.4, 94.66, 95.01, 94.75, 95.15, 94.65, 94.99, 95.36], "class_accuracies": [[99.28571428571429, 94.62555066079295, 0.0, 37.02970297029703, 49.59266802443992, 5.044843049327354, 13.569937369519833, 0.0, 0.1026694045174538, 89.69276511397423], [96.53061224489795, 98.6784140969163, 45.15503875968992, 90.89108910891089, 88.39103869653768, 53.139013452914796, 84.9686847599165, 83.26848249027238, 61.90965092402464, 43.70664023785927], [96.22448979591837, 97.88546255506608, 68.9922480620155, 88.21782178217822, 86.55804480651732, 74.2152466367713, 90.39665970772442, 85.7976653696498, 75.15400410677618, 74.62834489593656], [96.53061224489795, 97.00440528634361, 60.65891472868217, 89.8019801980198, 84.72505091649694, 76.79372197309416, 93.73695198329854, 88.61867704280155, 79.46611909650925, 86.62041625371656], [96.93877551020408, 96.56387665198238, 69.86434108527132, 86.83168316831683, 91.34419551934828, 84.19282511210763, 92.48434237995825, 89.29961089494164, 84.59958932238193, 82.25966303270565], [96.42857142857143, 98.50220264317181, 86.9186046511628, 89.4059405940594, 88.59470468431772, 84.4170403587444, 93.84133611691023, 90.95330739299611, 79.56878850102669, 86.32309217046581], [96.3265306122449, 98.32599118942731, 87.5, 87.12871287128714, 95.92668024439918, 87.5560538116592, 94.46764091858037, 88.32684824902724, 82.03285420944559, 81.9623389494549], [97.44897959183673, 97.62114537444934, 84.20542635658914, 90.0990099009901, 92.9735234215886, 89.23766816143498, 92.58872651356994, 89.78599221789884, 80.18480492813141, 88.50346878097126], [97.55102040816327, 97.44493392070484, 41.18217054263566, 90.39603960396039, 94.09368635437882, 89.12556053811659, 92.79749478079331, 88.715953307393, 81.21149897330595, 92.46778989098117], [97.95918367346938, 97.70925110132158, 69.76744186046511, 92.07920792079207, 94.5010183299389, 86.7713004484305, 96.24217118997912, 92.70428015564202, 85.01026694045174, 89.69276511397423], [98.26530612244898, 97.88546255506608, 70.83333333333333, 93.06930693069307, 92.56619144602851, 87.89237668161435, 94.258872651357, 91.92607003891051, 85.72895277207392, 93.1615460852329], [97.55102040816327, 98.41409691629956, 86.62790697674419, 93.56435643564356, 95.010183299389, 85.08968609865471, 96.86847599164926, 93.19066147859922, 86.03696098562628, 88.89990089197225], [97.85714285714286, 97.5330396475771, 80.81395348837209, 90.99009900990099, 94.90835030549898, 88.45291479820628, 97.49478079331942, 91.53696498054475, 86.96098562628337, 89.39544103072349], [98.06122448979592, 98.14977973568281, 90.01937984496124, 93.16831683168317, 93.07535641547861, 90.47085201793722, 95.4070981210856, 91.82879377431907, 86.55030800821355, 93.65708622398414], [98.36734693877551, 97.88546255506608, 81.68604651162791, 92.67326732673267, 95.41751527494908, 93.72197309417041, 93.31941544885177, 92.12062256809338, 86.24229979466119, 90.28741328047572], [98.06122448979592, 98.41409691629956, 63.565891472868216, 93.86138613861387, 96.02851323828921, 91.92825112107623, 95.30271398747391, 93.3852140077821, 86.24229979466119, 90.58473736372646], [98.16326530612245, 98.06167400881057, 90.98837209302326, 92.47524752475248, 93.58452138492872, 92.37668161434978, 95.30271398747391, 93.48249027237354, 92.81314168377824, 92.66600594648166], [98.06122448979592, 98.14977973568281, 77.61627906976744, 95.44554455445545, 92.9735234215886, 91.03139013452915, 94.36325678496868, 91.53696498054475, 85.62628336755647, 95.44103072348861], [98.06122448979592, 98.14977973568281, 89.92248062015504, 93.76237623762377, 93.68635437881873, 91.70403587443946, 96.13778705636743, 94.74708171206225, 90.75975359342915, 93.95441030723488], [97.95918367346938, 98.41409691629956, 81.4922480620155, 94.65346534653466, 94.90835030549898, 90.80717488789237, 95.82463465553236, 93.77431906614785, 90.04106776180699, 94.74727452923686], [98.06122448979592, 99.03083700440529, 87.1124031007752, 93.76237623762377, 95.010183299389, 92.82511210762331, 96.13778705636743, 92.31517509727627, 89.83572895277207, 93.26065411298315], [97.85714285714286, 99.03083700440529, 89.63178294573643, 93.26732673267327, 94.09368635437882, 93.49775784753363, 95.61586638830897, 94.8443579766537, 90.86242299794661, 94.05351833498513], [97.65306122448979, 98.8546255506608, 92.53875968992249, 93.16831683168317, 94.90835030549898, 92.152466367713, 96.65970772442589, 92.8988326848249, 90.34907597535934, 94.15262636273538], [98.16326530612245, 98.94273127753304, 93.12015503875969, 92.87128712871286, 95.11201629327903, 92.9372197309417, 96.65970772442589, 92.80155642023347, 91.06776180698152, 94.35084241823587], [97.95918367346938, 98.59030837004406, 93.12015503875969, 93.86138613861387, 95.31568228105907, 92.82511210762331, 96.5553235908142, 93.48249027237354, 94.96919917864476, 92.9633300297324], [98.36734693877551, 98.76651982378854, 89.82558139534883, 93.66336633663366, 96.33401221995926, 92.9372197309417, 96.13778705636743, 94.45525291828794, 93.83983572895278, 92.76511397423191], [98.36734693877551, 99.03083700440529, 93.7015503875969, 95.74257425742574, 94.60285132382892, 91.81614349775785, 96.65970772442589, 93.67704280155642, 92.60780287474333, 94.54905847373637], [98.36734693877551, 99.03083700440529, 86.53100775193798, 95.84158415841584, 95.51934826883911, 93.38565022421524, 96.97286012526096, 92.99610894941634, 93.53182751540041, 94.05351833498513], [98.36734693877551, 98.94273127753304, 92.24806201550388, 93.56435643564356, 95.51934826883911, 95.4035874439462, 96.24217118997912, 92.21789883268482, 93.42915811088295, 93.75619425173439], [97.95918367346938, 98.8546255506608, 93.7984496124031, 94.25742574257426, 93.78818737270876, 93.60986547085201, 96.86847599164926, 93.8715953307393, 94.6611909650924, 95.44103072348861]],