{"config": {"DATASET": "mnist", "TOTAL_CLIENTS": 100, "CLIENT_FRAC": 0.1, "POISON_FRAC": 0.1, "CREATE_DATASET": true, "RANDOM_DATA": true, "CLASS_RATIO": 10, "MODEL": "nnet", "LEARNING_RATE": 0.001, "BATCH_SIZE": 32, "LOCAL_EPOCHS": 3, "OPTIMIZER": "adam", "FED_ROUNDS": 30, "TEST_EVERY": 1, "RANDOM_PROCESS": true, "COS_DEFENCE": true, "SEL_METHOD": 1, "REDUCE_LR": 1, "COLLAB_MODE": true, "COLLAB_ALL": true, "CONSIDER_LAYERS": "l1", "GRAD_AGG": true, "FEATURE_FINDING_ALGO": "auror", "GRAD_COLLECTION_START": 0, "GRAD_COLLECT_FOR": -1, "CLUSTER_SEP": 0.01, "ALPHA": 0.8, "BETA": 0.8, "GAMMA": 0.1, "TRUST_INC": 2, "TRUST_CUT_METHOD": 2, "HONEST_PARDON_FACTOR": 0.99, "LOG_LEVEL": "INFO", "JSON_RESULTS": true}, "mean_poison_class_acc": 78.7063953488372, "mean_attack_srate": 3.0959302325581395, "total_accuracies": [11.0, 35.58, 41.61, 46.38, 60.66, 71.48, 75.55, 81.93, 82.62, 84.69, 85.87, 85.05, 86.28, 87.02, 86.79, 86.23, 87.81, 88.92, 89.2, 89.34, 88.27, 90.2, 89.14, 90.63, 88.47, 90.54, 91.04, 89.09, 90.87, 91.15], "class_accuracies": [[7.142857142857143, 0.0, 0.0, 0.19801980198019803, 0.0, 0.0, 0.0, 100.0, 0.0, 0.0], [97.55102040816327, 99.55947136563877, 0.0, 0.0, 0.0, 0.0, 0.0, 75.58365758754864, 71.35523613963039, 0.0], [98.87755102040816, 99.55947136563877, 63.75968992248062, 32.277227722772274, 47.86150712830957, 3.3632286995515694, 0.10438413361169102, 43.96887159533074, 0.0, 12.388503468780971], [98.9795918367347, 99.55947136563877, 40.50387596899225, 61.48514851485149, 29.327902240325866, 3.1390134529147984, 23.38204592901879, 74.0272373540856, 14.271047227926077, 5.847373637264618], [98.57142857142857, 99.47136563876651, 63.08139534883721, 62.17821782178218, 0.5091649694501018, 38.11659192825112, 61.06471816283925, 74.70817120622569, 19.815195071868583, 79.38553022794846], [98.26530612244898, 99.29515418502203, 59.10852713178294, 82.07920792079207, 61.20162932790224, 39.237668161434975, 79.22755741127348, 72.17898832684826, 29.15811088295688, 87.51238850346878], [98.46938775510205, 98.6784140969163, 69.37984496124031, 75.64356435643565, 43.788187372708755, 75.0, 81.00208768267224, 82.29571984435798, 37.67967145790554, 89.39544103072349], [96.63265306122449, 98.32599118942731, 76.64728682170542, 87.32673267326733, 83.5030549898167, 64.23766816143498, 92.90187891440502, 86.67315175097276, 53.38809034907597, 75.61942517343905], [96.42857142857143, 98.06167400881057, 70.93023255813954, 84.05940594059406, 73.72708757637474, 78.47533632286995, 92.37995824634656, 88.52140077821012, 55.64681724845996, 85.43111992071358], [97.04081632653062, 97.18061674008811, 75.09689922480621, 86.83168316831683, 82.17922606924644, 74.2152466367713, 92.58872651356994, 88.03501945525292, 68.27515400410678, 82.95341922695738], [96.0204081632653, 96.91629955947137, 79.94186046511628, 80.0990099009901, 83.91038696537679, 84.4170403587444, 89.5615866388309, 82.19844357976653, 75.564681724846, 88.800792864222], [96.22448979591837, 98.32599118942731, 82.65503875968992, 78.21782178217822, 95.21384928716904, 80.60538116591928, 93.0062630480167, 84.72762645914396, 70.73921971252567, 69.17740336967294], [97.44897959183673, 97.26872246696036, 75.1937984496124, 82.97029702970298, 94.5010183299389, 77.24215246636771, 91.7536534446764, 85.11673151750973, 78.64476386036961, 81.07036669970267], [97.24489795918367, 97.97356828193833, 77.13178294573643, 82.17821782178218, 92.05702647657841, 81.61434977578476, 93.73695198329854, 85.21400778210116, 78.85010266940452, 82.95341922695738], [95.91836734693878, 96.12334801762114, 76.64728682170542, 78.31683168316832, 88.08553971486762, 88.11659192825113, 92.17118997912317, 86.67315175097276, 77.00205338809035, 88.30525272547077], [97.55102040816327, 98.14977973568281, 65.11627906976744, 83.56435643564356, 90.42769857433808, 84.30493273542601, 92.27557411273486, 89.39688715953308, 75.15400410677618, 85.43111992071358], [96.93877551020408, 96.82819383259911, 78.58527131782945, 82.37623762376238, 94.70468431771894, 85.08968609865471, 94.258872651357, 85.11673151750973, 80.28747433264887, 83.25074331020812], [97.34693877551021, 97.09251101321586, 88.0813953488372, 80.99009900990099, 89.0020366598778, 89.34977578475336, 93.0062630480167, 87.45136186770428, 79.7741273100616, 86.32309217046581], [97.75510204081633, 97.5330396475771, 80.32945736434108, 87.92079207920793, 91.14052953156823, 85.76233183856502, 92.79749478079331, 90.85603112840467, 79.67145790554414, 87.1159563924678], [97.65306122448979, 96.12334801762114, 84.01162790697674, 84.05940594059406, 89.0020366598778, 79.82062780269058, 91.54488517745303, 89.59143968871595, 91.06776180698152, 89.09811694747275], [97.85714285714286, 96.91629955947137, 76.25968992248062, 91.98019801980197, 89.5112016293279, 78.9237668161435, 92.17118997912317, 87.2568093385214, 78.13141683778234, 91.97224975222993], [96.73469387755102, 95.77092511013215, 85.07751937984496, 92.87128712871286, 92.66802443991854, 83.5201793721973, 93.73695198329854, 89.10505836575875, 81.51950718685832, 89.79187314172448], [98.06122448979592, 97.3568281938326, 72.86821705426357, 91.2871287128713, 94.90835030549898, 83.85650224215247, 92.48434237995825, 88.03501945525292, 83.67556468172485, 88.00792864222002], [97.65306122448979, 97.00440528634361, 86.53100775193798, 90.29702970297029, 91.24236252545825, 83.29596412556054, 93.84133611691023, 91.82879377431907, 83.5728952772074, 89.59365708622398], [98.06122448979592, 97.62114537444934, 66.76356589147287, 92.47524752475248, 96.13034623217922, 82.17488789237669, 93.73695198329854, 89.49416342412451, 82.4435318275154, 84.93557978196233], [97.55102040816327, 97.26872246696036, 79.74806201550388, 92.37623762376238, 94.39918533604887, 84.86547085201794, 94.88517745302714, 90.95330739299611, 83.9835728952772, 88.40436075322101], [97.44897959183673, 97.79735682819383, 90.11627906976744, 88.61386138613861, 95.92668024439918, 85.87443946188341, 95.4070981210856, 89.98054474708171, 81.10882956878851, 86.9177403369673], [97.95918367346938, 98.23788546255507, 66.86046511627907, 90.4950495049505, 95.41751527494908, 82.51121076233184, 95.82463465553236, 91.53696498054475, 83.26488706365502, 87.90882061446978], [97.95918367346938, 98.14977973568281, 79.94186046511628, 88.31683168316832, 94.5010183299389, 86.43497757847534, 94.98956158663883, 89.2023346303502, 88.39835728952772, 90.08919722497522], [98.06122448979592, 98.8546255506608, 82.26744186046511, 90.89108910891089, 94.09368635437882, 83.6322869955157, 95.82463465553236, 89.6887159533074, 86.44763860369609, 90.48562933597621]],