{"config": {"DATASET": "mnist", "TOTAL_CLIENTS": 100, "CLIENT_FRAC": 0.1, "POISON_FRAC": 0.1, "CREATE_DATASET": true, "CLASS_RATIO": 10, "MODEL": "nnet", "LEARNING_RATE": 0.001, "BATCH_SIZE": 32, "LOCAL_EPOCHS": 3, "OPTIMIZER": "adam", "FED_ROUNDS": 30, "TEST_EVERY": 1, "RANDOM": true, "COS_DEFENCE": true, "SEL_METHOD": 1, "REDUCE_LR": 1, "COLLAB_MODE": true, "COLLAB_ALL": true, "CONSIDER_LAYERS": "l1", "GRAD_AGG": true, "FEATURE_FINDING_ALGO": "auror", "GRAD_COLLECTION_START": 0, "GRAD_COLLECT_FOR": -1, "CLUSTER_SEP": 0.01, "ALPHA": 0.7, "BETA": 0.7, "GAMMA": 0.1, "TRUST_INC": 2, "TRUST_CUT_METHOD": 2, "HONEST_PARDON_FACTOR": 0.99, "LOG_LEVEL": "INFO", "JSON_RESULTS": true}, "mean_poison_class_acc": 74.6124031007752, "mean_attack_srate": 3.217054263565892, "total_accuracies": [10.58, 24.18, 44.09, 51.72, 58.74, 64.73, 69.48, 74.82, 78.89, 80.88, 78.38, 84.83, 81.22, 83.25, 86.31, 86.77, 86.18, 82.66, 87.82, 88.7, 88.46, 89.11, 87.59, 90.11, 89.67, 90.55, 90.8, 90.84, 91.11, 90.74], "class_accuracies": [[0.0, 0.0, 0.0, 0.0, 5.39714867617108, 0.0, 0.0, 0.0, 0.0, 99.60356788899901], [96.42857142857143, 100.0, 24.612403100775193, 4.851485148514851, 0.0, 0.0, 0.0, 0.0, 3.593429158110883, 0.0], [94.48979591836735, 100.0, 47.093023255813954, 31.683168316831683, 57.53564154786151, 20.40358744394619, 19.41544885177453, 44.747081712062254, 14.06570841889117, 1.1892963330029733], [96.63265306122449, 99.38325991189427, 36.627906976744185, 72.67326732673267, 82.58655804480652, 5.493273542600897, 78.39248434237996, 4.085603112840467, 4.620123203285421, 28.44400396432111], [93.77551020408163, 98.76651982378854, 71.22093023255815, 85.64356435643565, 96.63951120162933, 22.08520179372197, 73.69519832985387, 34.72762645914397, 2.4640657084188913, 0.09910802775024777], [95.10204081632654, 99.03083700440529, 74.03100775193798, 88.51485148514851, 81.16089613034623, 20.179372197309416, 88.51774530271399, 23.540856031128406, 10.472279260780287, 58.47373637264619], [93.87755102040816, 98.76651982378854, 70.25193798449612, 92.17821782178218, 84.72505091649694, 20.067264573991032, 89.66597077244259, 85.21400778210116, 14.271047227926077, 36.27353815659068], [90.51020408163265, 97.97356828193833, 73.44961240310077, 52.17821782178218, 89.40936863543789, 90.80717488789237, 86.53444676409185, 79.28015564202335, 52.97741273100616, 34.68780971258672], [93.9795918367347, 97.62114537444934, 58.81782945736434, 88.91089108910892, 79.73523421588595, 60.426008968609864, 91.9624217118998, 83.65758754863813, 67.35112936344969, 63.032705649157585], [95.51020408163265, 96.38766519823788, 60.27131782945737, 87.82178217821782, 81.05906313645622, 68.94618834080717, 92.79749478079331, 87.15953307392996, 74.74332648870636, 61.94251734390485], [96.53061224489795, 98.32599118942731, 49.031007751937985, 87.02970297029702, 56.211812627291245, 76.00896860986548, 90.81419624217119, 80.73929961089495, 54.82546201232033, 91.87314172447968], [97.55102040816327, 95.85903083700441, 79.26356589147287, 85.04950495049505, 79.22606924643584, 79.48430493273543, 91.33611691022965, 89.88326848249027, 70.32854209445586, 78.39444995044599], [96.53061224489795, 97.26872246696036, 61.531007751937985, 84.85148514851485, 59.67413441955193, 80.94170403587444, 90.50104384133611, 86.38132295719845, 61.39630390143737, 91.0802775024777], [97.95918367346938, 97.00440528634361, 59.883720930232556, 87.32673267326733, 91.24236252545825, 77.69058295964126, 91.23173277661796, 87.7431906614786, 68.6858316221766, 72.34886025768087], [97.14285714285714, 95.59471365638767, 74.32170542635659, 83.86138613861387, 86.55804480651732, 85.08968609865471, 90.29227557411274, 87.64591439688716, 78.43942505133471, 83.34985133795837], [97.14285714285714, 95.15418502202643, 82.26744186046511, 78.31683168316832, 90.020366598778, 81.16591928251121, 91.33611691022965, 88.42412451361868, 88.19301848049281, 74.72745292368681], [97.34693877551021, 97.26872246696036, 72.77131782945736, 86.23762376237623, 83.5030549898167, 82.0627802690583, 91.23173277661796, 88.32684824902724, 72.79260780287474, 88.70168483647176], [97.14285714285714, 96.56387665198238, 38.275193798449614, 81.2871287128713, 92.56619144602851, 87.89237668161435, 90.7098121085595, 86.57587548638132, 76.38603696098562, 79.8810703666997], [96.93877551020408, 96.82819383259911, 75.87209302325581, 86.13861386138613, 86.25254582484725, 84.19282511210763, 93.63256784968685, 87.06225680933852, 82.4435318275154, 87.90882061446978], [97.24489795918367, 96.56387665198238, 84.30232558139535, 83.36633663366337, 91.75152749490834, 88.67713004484305, 92.58872651356994, 89.00778210116732, 83.67556468172485, 79.28642220019822], [97.04081632653062, 96.82819383259911, 78.68217054263566, 84.85148514851485, 90.22403258655804, 86.09865470852019, 93.42379958246346, 89.49416342412451, 81.3141683778234, 85.82755203171457], [98.06122448979592, 96.0352422907489, 81.5891472868217, 84.05940594059406, 90.93686354378819, 86.7713004484305, 92.79749478079331, 89.10505836575875, 84.59958932238193, 86.52130822596631], [97.44897959183673, 97.44493392070484, 65.11627906976744, 87.62376237623762, 90.83503054989816, 87.4439461883408, 90.18789144050105, 91.82879377431907, 81.82751540041068, 85.62933597621408], [97.44897959183673, 97.09251101321586, 87.59689922480621, 88.21782178217822, 92.9735234215886, 82.847533632287, 92.37995824634656, 89.98054474708171, 88.19301848049281, 83.05252725470763], [96.53061224489795, 96.56387665198238, 81.2984496124031, 83.96039603960396, 88.79837067209776, 89.91031390134529, 93.31941544885177, 89.49416342412451, 87.37166324435319, 89.09811694747275], [97.44897959183673, 96.91629955947137, 86.62790697674419, 86.03960396039604, 93.17718940936864, 83.96860986547085, 93.94572025052192, 89.39688715953308, 89.63039014373716, 87.31417244796829], [97.55102040816327, 96.74008810572687, 88.37209302325581, 89.60396039603961, 92.76985743380855, 84.4170403587444, 92.48434237995825, 90.36964980544747, 88.29568788501027, 86.22398414271557], [97.95918367346938, 97.44493392070484, 82.84883720930233, 90.4950495049505, 94.60285132382892, 87.33183856502242, 93.52818371607516, 92.02334630350195, 86.55030800821355, 84.83647175421208], [98.06122448979592, 97.44493392070484, 84.68992248062015, 87.92079207920793, 93.48268839103869, 90.35874439461884, 93.42379958246346, 92.21789883268482, 85.72895277207392, 87.21506442021804], [97.85714285714286, 96.38766519823788, 77.90697674418605, 90.39603960396039, 91.44602851323829, 88.78923766816143, 95.09394572025052, 91.53696498054475, 87.16632443531827, 90.48562933597621]],