{"config": {"DATASET": "mnist", "TOTAL_CLIENTS": 100, "CLIENT_FRAC": 0.2, "POISON_FRAC": 0.4, "CREATE_DATASET": true, "RANDOM_DATA": true, "CLASS_RATIO": 10, "MODEL": "nnet", "LEARNING_RATE": 0.001, "BATCH_SIZE": 32, "LOCAL_EPOCHS": 10, "OPTIMIZER": "adam", "FED_ROUNDS": 30, "TEST_EVERY": 1, "RANDOM_PROCESS": false, "COS_DEFENCE": false, "SEL_METHOD": 1, "REDUCE_LR": 1, "COLLAB_MODE": true, "COLLAB_ALL": true, "CONSIDER_LAYERS": "l1", "GRAD_AGG": true, "FEATURE_FINDING_ALGO": "auror", "GRAD_COLLECTION_START": 0, "GRAD_COLLECT_FOR": -1, "CLUSTER_SEP": 0.005, "ALPHA": 0.8, "BETA": 0.8, "GAMMA": 0.1, "TRUST_INC": 2, "TRUST_CUT_METHOD": 1, "HONEST_PARDON_FACTOR": 0.7, "LOG_LEVEL": "INFO", "JSON_RESULTS": true}, "mean_poison_class_acc": 59.53875968992249, "mean_attack_srate": 3.6162790697674416, "total_accuracies": [47.83, 65.03, 76.14, 83.43, 85.83, 88.08, 87.9, 88.2, 89.78, 88.53, 89.6, 91.68, 84.29, 92.81, 87.69, 92.93, 93.46, 93.49, 93.76, 91.84, 92.76, 93.32, 89.92, 94.74, 88.6, 94.12, 86.0, 94.46, 86.67, 95.05], "class_accuracies": [[96.83673469387755, 98.50220264317181, 0.0, 52.67326732673267, 85.84521384928716, 19.05829596412556, 5.010438413361169, 82.49027237354086, 28.234086242299796, 0.0], [97.14285714285714, 98.94273127753304, 2.5193798449612403, 77.32673267326733, 93.58452138492872, 85.20179372197309, 66.38830897703549, 88.2295719844358, 25.359342915811087, 15.064420218037661], [96.12244897959184, 98.59030837004406, 12.5968992248062, 84.35643564356435, 95.41751527494908, 78.47533632286995, 91.7536534446764, 91.147859922179, 68.58316221765914, 44.5986124876115], [96.42857142857143, 97.97356828193833, 45.05813953488372, 85.64356435643565, 91.5478615071283, 87.21973094170404, 90.7098121085595, 88.61867704280155, 74.12731006160165, 77.00693756194252], [96.93877551020408, 97.62114537444934, 56.68604651162791, 88.7128712871287, 96.02851323828921, 82.51121076233184, 93.0062630480167, 90.1750972762646, 80.18480492813141, 75.9167492566898], [97.85714285714286, 96.56387665198238, 68.6046511627907, 88.01980198019803, 95.41751527494908, 83.6322869955157, 92.17118997912317, 90.1750972762646, 84.80492813141684, 82.95341922695738], [97.95918367346938, 98.32599118942731, 65.40697674418605, 91.08910891089108, 95.62118126272912, 88.45291479820628, 92.27557411273486, 90.27237354085604, 78.54209445585215, 80.67393458870168], [98.16326530612245, 97.44493392070484, 57.848837209302324, 90.99009900990099, 96.33401221995926, 88.67713004484305, 92.69311064718163, 91.73151750972762, 83.05954825462013, 85.13379583746284], [97.85714285714286, 97.26872246696036, 67.24806201550388, 88.7128712871287, 93.38085539714868, 90.02242152466367, 94.46764091858037, 91.24513618677042, 88.80903490759754, 88.89990089197225], [98.36734693877551, 97.44493392070484, 51.55038759689923, 93.56435643564356, 94.90835030549898, 87.21973094170404, 94.67640918580376, 92.31517509727627, 86.96098562628337, 88.50346878097126], [98.26530612244898, 97.97356828193833, 58.43023255813954, 93.26732673267327, 95.82484725050917, 89.79820627802691, 95.72025052192066, 93.28793774319067, 86.13963039014374, 87.51238850346878], [98.26530612244898, 98.14977973568281, 75.1937984496124, 95.24752475247524, 96.43584521384929, 89.34977578475336, 96.13778705636743, 92.99610894941634, 86.652977412731, 88.00792864222002], [97.95918367346938, 98.14977973568281, 0.09689922480620156, 93.36633663366337, 94.90835030549898, 91.03139013452915, 96.97286012526096, 94.64980544747081, 87.782340862423, 90.18830525272547], [97.95918367346938, 98.06167400881057, 79.26356589147287, 94.45544554455445, 95.41751527494908, 89.79820627802691, 96.5553235908142, 93.96887159533074, 91.9917864476386, 90.28741328047572], [98.26530612244898, 97.97356828193833, 28.003875968992247, 95.14851485148515, 95.82484725050917, 93.72197309417041, 95.92901878914405, 93.67704280155642, 89.21971252566735, 90.78295341922696], [98.26530612244898, 98.14977973568281, 77.81007751937985, 92.57425742574257, 94.39918533604887, 92.71300448430493, 97.07724425887265, 95.3307392996109, 91.47843942505133, 91.47670961347869], [98.06122448979592, 98.06167400881057, 81.97674418604652, 95.94059405940594, 96.23217922606925, 90.5829596412556, 97.18162839248434, 93.8715953307393, 91.47843942505133, 90.8820614469772], [98.16326530612245, 98.06167400881057, 79.94186046511628, 94.15841584158416, 95.51934826883911, 93.72197309417041, 96.45093945720251, 93.8715953307393, 91.47843942505133, 93.55797819623389], [98.16326530612245, 98.14977973568281, 81.87984496124031, 93.16831683168317, 96.33401221995926, 94.28251121076234, 97.28601252609603, 94.55252918287938, 92.50513347022587, 91.37760158572844], [97.95918367346938, 98.59030837004406, 61.531007751937985, 94.15841584158416, 95.62118126272912, 94.39461883408072, 96.97286012526096, 95.13618677042801, 92.40246406570841, 92.26957383548067], [98.77551020408163, 98.23788546255507, 68.7984496124031, 95.24752475247524, 95.72301425661914, 94.95515695067265, 96.34655532359082, 95.23346303501945, 92.19712525667352, 92.56689791873141], [98.36734693877551, 98.59030837004406, 75.0, 94.05940594059406, 95.41751527494908, 94.61883408071749, 96.34655532359082, 94.55252918287938, 93.01848049281314, 93.45887016848364], [98.36734693877551, 98.76651982378854, 40.310077519379846, 94.95049504950495, 96.33401221995926, 94.61883408071749, 97.07724425887265, 96.10894941634241, 92.19712525667352, 91.77403369672943], [98.9795918367347, 98.50220264317181, 86.24031007751938, 96.33663366336634, 96.43584521384929, 93.83408071748879, 96.76409185803757, 94.94163424124514, 94.04517453798768, 91.17938553022795], [98.06122448979592, 98.23788546255507, 27.713178294573645, 94.45544554455445, 96.33401221995926, 94.84304932735427, 96.24217118997912, 94.55252918287938, 93.94250513347022, 93.45887016848364], [98.57142857142857, 98.32599118942731, 80.23255813953489, 95.04950495049505, 96.74134419551935, 95.96412556053812, 95.92901878914405, 94.64980544747081, 93.83983572895278, 92.17046580773042], [98.9795918367347, 98.8546255506608, 0.3875968992248062, 95.94059405940594, 96.43584521384929, 94.28251121076234, 96.34655532359082, 95.8171206225681, 93.94250513347022, 91.57581764122894], [98.57142857142857, 98.14977973568281, 81.87984496124031, 95.74257425742574, 96.23217922606925, 93.94618834080717, 98.01670146137788, 95.42801556420234, 94.45585215605749, 92.26957383548067], [98.87755102040816, 98.23788546255507, 6.782945736434108, 95.74257425742574, 96.43584521384929, 92.9372197309417, 97.28601252609603, 94.26070038910505, 94.76386036960986, 93.75619425173439], [98.46938775510205, 98.06167400881057, 86.33720930232558, 96.33663366336634, 96.5376782077393, 92.82511210762331, 97.28601252609603, 96.01167315175097, 95.7905544147844, 92.66600594648166]],