{"config": {"DATASET": "mnist", "CLIENT_FRAC": 0.2, "POISON_FRAC": 0.1, "CREATE_DATASET": false, "CLASS_RATIO": 10, "MODEL": "nnet", "LEARNING_RATE": 0.001, "BATCH_SIZE": 32, "LOCAL_EPOCHS": 3, "OPTIMIZER": "adam", "FED_ROUNDS": 30, "TEST_EVERY": 1, "RANDOM": true, "COS_DEFENCE": false, "SEL_METHOD": 1, "COLLAB_MODE": true, "COLLAB_ALL": false, "CONSIDER_LAYERS": "l1", "GRAD_AGG": true, "FEATURE_FINDING_ALGO": "auror_plus", "GRAD_COLLECTION_START": 0, "GRAD_COLLECT_FOR": -1, "CLUSTER_SEP": 2.0, "ALPHA": 0.5, "BETA": 0.5, "GAMMA": 0.5, "TRUST_INC": 2, "TRUST_CUT_METHOD": 1, "HONEST_PARDON_FACTOR": 0.99, "LOG_LEVEL": "INFO", "JSON_RESULTS": true}, "mean_poison_class_acc": 79.36046511627906, "mean_attack_srate": 2.833333333333334, "total_accuracies": [24.63, 26.88, 34.61, 59.08, 66.87, 73.79, 79.04, 81.1, 83.33, 84.86, 85.57, 86.74, 87.17, 88.04, 87.96, 89.03, 89.07, 89.77, 88.67, 89.72, 90.09, 90.6, 90.85, 90.82, 91.07, 91.21, 91.77, 91.64, 91.91, 92.07], "class_accuracies": [[99.79591836734694, 99.03083700440529, 0.3875968992248062, 16.633663366336634, 0.0, 0.0, 0.9394572025052192, 17.509727626459146, 0.0, 0.0], [99.08163265306122, 99.55947136563877, 15.69767441860465, 0.0, 0.0, 13.340807174887892, 0.0, 28.30739299610895, 0.0, 1.4866204162537167], [98.9795918367347, 99.64757709251101, 13.275193798449612, 1.9801980198019802, 34.419551934826885, 5.605381165919282, 5.219206680584551, 37.64591439688716, 31.006160164271048, 7.5322101090188305], [96.22448979591837, 99.64757709251101, 54.84496124031008, 77.92079207920793, 69.85743380855398, 21.41255605381166, 42.275574112734866, 40.07782101167315, 23.408624229979466, 55.4013875123885], [96.0204081632653, 99.47136563876651, 43.12015503875969, 77.52475247524752, 74.64358452138492, 50.336322869955154, 77.45302713987473, 29.863813229571985, 51.64271047227926, 64.91575817641228], [95.61224489795919, 99.20704845814979, 56.68604651162791, 86.83168316831683, 93.48268839103869, 60.08968609865471, 81.52400835073068, 82.29571984435798, 46.81724845995893, 31.417244796828545], [96.22448979591837, 98.06167400881057, 73.35271317829458, 80.1980198019802, 89.10386965376782, 71.97309417040358, 85.69937369519833, 88.91050583657588, 74.74332648870636, 29.83151635282458], [95.81632653061224, 98.32599118942731, 64.14728682170542, 86.03960396039604, 88.90020366598777, 72.08520179372198, 90.08350730688936, 82.78210116731518, 74.12731006160165, 56.68979187314172], [92.85714285714286, 97.88546255506608, 76.64728682170542, 76.73267326732673, 85.64154786150714, 83.6322869955157, 92.79749478079331, 80.54474708171206, 75.564681724846, 69.97026759167493], [97.24489795918367, 96.29955947136564, 72.48062015503876, 82.87128712871286, 82.99389002036659, 77.13004484304933, 90.29227557411274, 83.56031128404669, 83.9835728952772, 80.2775024777007], [95.61224489795919, 97.09251101321586, 79.06976744186046, 82.67326732673267, 87.67820773930754, 83.6322869955157, 92.79749478079331, 83.36575875486382, 76.28336755646818, 76.41228939544104], [97.04081632653062, 97.44493392070484, 79.45736434108527, 85.04950495049505, 89.5112016293279, 81.27802690582959, 91.02296450939457, 87.06225680933852, 81.00616016427105, 77.10604558969277], [96.93877551020408, 96.56387665198238, 79.26356589147287, 83.26732673267327, 91.64969450101833, 83.74439461883408, 90.7098121085595, 86.96498054474708, 82.34086242299794, 79.28642220019822], [96.83673469387755, 97.09251101321586, 83.33333333333333, 86.73267326732673, 89.5112016293279, 82.0627802690583, 93.31941544885177, 88.715953307393, 77.00205338809035, 84.2418235877106], [97.55102040816327, 97.26872246696036, 76.35658914728683, 83.46534653465346, 89.81670061099797, 83.40807174887892, 93.31941544885177, 85.89494163424125, 83.77823408624229, 87.80971258671953], [97.14285714285714, 96.82819383259911, 83.33333333333333, 88.21782178217822, 92.36252545824847, 81.39013452914799, 93.0062630480167, 86.18677042801556, 84.39425051334702, 86.12487611496532], [97.24489795918367, 97.00440528634361, 80.23255813953489, 86.83168316831683, 94.29735234215886, 84.08071748878923, 92.17118997912317, 88.03501945525292, 84.80492813141684, 85.0346878097126], [97.24489795918367, 96.74008810572687, 85.85271317829458, 84.15841584158416, 94.29735234215886, 82.28699551569507, 92.69311064718163, 89.2023346303502, 87.782340862423, 86.22398414271557], [97.85714285714286, 97.18061674008811, 70.93023255813954, 88.21782178217822, 93.07535641547861, 84.75336322869956, 93.0062630480167, 88.81322957198444, 83.47022587268994, 88.70168483647176], [98.26530612244898, 97.00440528634361, 80.23255813953489, 87.22772277227723, 90.83503054989816, 81.27802690582959, 93.94572025052192, 89.2023346303502, 87.16632443531827, 90.78295341922696], [98.26530612244898, 97.44493392070484, 81.1046511627907, 87.82178217821782, 94.80651731160896, 84.97757847533633, 93.0062630480167, 90.46692607003891, 85.62628336755647, 86.42220019821606], [98.06122448979592, 97.62114537444934, 84.01162790697674, 86.33663366336634, 94.80651731160896, 88.00448430493273, 92.79749478079331, 88.42412451361868, 86.96098562628337, 88.30525272547077], [97.44897959183673, 97.5330396475771, 85.56201550387597, 87.42574257425743, 94.90835030549898, 87.66816143497758, 94.67640918580376, 89.49416342412451, 86.03696098562628, 87.01684836471755], [98.36734693877551, 97.3568281938326, 81.0077519379845, 87.22772277227723, 94.29735234215886, 86.54708520179372, 94.67640918580376, 89.98054474708171, 88.09034907597535, 89.99008919722498], [98.06122448979592, 97.44493392070484, 82.46124031007751, 89.20792079207921, 93.27902240325865, 87.21973094170404, 93.73695198329854, 90.46692607003891, 86.55030800821355, 91.47670961347869], [97.85714285714286, 97.62114537444934, 81.78294573643412, 90.5940594059406, 94.39918533604887, 86.43497757847534, 94.46764091858037, 91.34241245136187, 87.67967145790554, 89.09811694747275], [97.44897959183673, 97.5330396475771, 87.6937984496124, 90.6930693069307, 95.21384928716904, 86.99551569506727, 95.09394572025052, 89.88326848249027, 88.60369609856262, 87.71060455896928], [96.93877551020408, 97.70925110132158, 86.04651162790698, 91.08910891089108, 94.80651731160896, 87.89237668161435, 95.92901878914405, 91.63424124513618, 85.62628336755647, 87.90882061446978], [97.95918367346938, 98.14977973568281, 87.5, 91.78217821782178, 94.70468431771894, 86.88340807174887, 95.4070981210856, 91.73151750972762, 86.85831622176592, 87.1159563924678], [97.65306122448979, 96.38766519823788, 85.46511627906976, 89.10891089108911, 94.80651731160896, 89.12556053811659, 95.19832985386222, 91.34241245136187, 90.55441478439425, 90.68384539147671]],