{"config": {"DATASET": "mnist", "TOTAL_CLIENTS": 100, "CLIENT_FRAC": 0.2, "POISON_FRAC": 0.1, "CREATE_DATASET": false, "RANDOM_DATA": true, "CLASS_RATIO": 10, "MODEL": "nnet", "LEARNING_RATE": 0.001, "BATCH_SIZE": 32, "LOCAL_EPOCHS": 10, "OPTIMIZER": "adam", "FED_ROUNDS": 30, "TEST_EVERY": 1, "RANDOM_PROCESS": false, "COS_DEFENCE": true, "SEL_METHOD": 1, "REDUCE_LR": 1, "COLLAB_MODE": true, "COLLAB_ALL": true, "CONSIDER_LAYERS": "l1", "GRAD_AGG": true, "FEATURE_FINDING_ALGO": "auror", "GRAD_COLLECTION_START": 0, "GRAD_COLLECT_FOR": -1, "CLUSTER_SEP": 0.002, "ALPHA": 0.8, "BETA": 0.8, "GAMMA": 0.1, "TRUST_INC": 2, "TRUST_CUT_METHOD": 1, "HONEST_PARDON_FACTOR": 0.7, "LOG_LEVEL": "INFO", "JSON_RESULTS": true}, "mean_poison_class_acc": 84.76356589147287, "mean_attack_srate": 3.0581395348837206, "total_accuracies": [50.08, 71.46, 82.7, 86.66, 88.53, 89.2, 89.43, 90.14, 90.39, 92.23, 91.86, 92.49, 91.39, 93.52, 93.57, 93.82, 92.8, 93.36, 93.53, 94.34, 93.62, 94.28, 94.45, 94.33, 93.89, 94.66, 94.81, 94.96, 94.59, 94.81], "class_accuracies": [[99.48979591836735, 94.09691629955947, 3.682170542635659, 46.83168316831683, 61.5071283095723, 21.41255605381166, 29.331941544885176, 24.90272373540856, 47.125256673511295, 65.70862239841428], [97.34693877551021, 98.6784140969163, 55.13565891472868, 92.17821782178218, 78.81873727087576, 58.63228699551569, 79.64509394572025, 89.6887159533074, 37.37166324435318, 22.398414271555996], [96.93877551020408, 98.32599118942731, 78.00387596899225, 88.81188118811882, 87.67820773930754, 62.219730941704036, 91.23173277661796, 92.12062256809338, 74.64065708418892, 53.3201189296333], [97.24489795918367, 98.14977973568281, 76.06589147286822, 89.00990099009901, 84.92871690427698, 84.30493273542601, 91.44050104384134, 91.63424124513618, 72.17659137577002, 80.0792864222002], [97.85714285714286, 97.44493392070484, 82.17054263565892, 89.60396039603961, 91.5478615071283, 81.83856502242152, 92.69311064718163, 93.09338521400778, 80.08213552361396, 77.40336967294351], [97.55102040816327, 98.41409691629956, 81.78294573643412, 92.07920792079207, 89.81670061099797, 80.15695067264573, 93.73695198329854, 92.12062256809338, 78.64476386036961, 85.72844400396433], [97.65306122448979, 98.6784140969163, 76.35658914728683, 91.2871287128713, 93.9918533604888, 84.97757847533633, 93.0062630480167, 91.43968871595331, 79.05544147843942, 86.62041625371656], [97.85714285714286, 98.32599118942731, 74.32170542635659, 92.27722772277228, 92.15885947046843, 86.88340807174887, 93.21503131524008, 91.82879377431907, 84.29158110882958, 89.39544103072349], [97.95918367346938, 98.6784140969163, 75.5813953488372, 92.17821782178218, 91.85336048879837, 87.33183856502242, 93.84133611691023, 91.82879377431907, 82.4435318275154, 91.2784935579782], [97.34693877551021, 98.94273127753304, 88.37209302325581, 92.77227722772277, 92.66802443991854, 87.89237668161435, 94.67640918580376, 91.92607003891051, 85.83162217659138, 90.68384539147671], [97.75510204081633, 98.6784140969163, 81.5891472868217, 93.16831683168317, 93.68635437881873, 87.21973094170404, 94.57202505219206, 93.57976653696498, 86.85831622176592, 90.48562933597621], [97.95918367346938, 98.32599118942731, 84.59302325581395, 93.16831683168317, 95.31568228105907, 89.01345291479821, 94.67640918580376, 92.80155642023347, 89.11704312114989, 89.197224975223], [98.26530612244898, 98.76651982378854, 72.28682170542636, 96.03960396039604, 93.17718940936864, 89.46188340807174, 93.94572025052192, 92.50972762645914, 87.47433264887064, 91.47670961347869], [97.55102040816327, 98.76651982378854, 90.60077519379846, 91.98019801980197, 94.09368635437882, 91.14349775784753, 95.09394572025052, 92.50972762645914, 90.34907597535934, 92.36868186323092], [97.24489795918367, 98.76651982378854, 89.82558139534883, 94.85148514851485, 95.82484725050917, 89.23766816143498, 96.13778705636743, 93.09338521400778, 90.04106776180699, 89.79187314172448], [97.55102040816327, 98.6784140969163, 91.47286821705427, 92.37623762376238, 93.27902240325865, 90.24663677130044, 96.24217118997912, 94.45525291828794, 89.93839835728953, 93.06243805748265], [97.85714285714286, 98.59030837004406, 81.3953488372093, 93.06930693069307, 94.70468431771894, 91.70403587443946, 94.78079331941545, 94.16342412451363, 88.39835728952772, 92.86422200198216], [97.24489795918367, 98.41409691629956, 84.88372093023256, 96.23762376237623, 94.60285132382892, 89.12556053811659, 96.03340292275574, 94.55252918287938, 88.29568788501027, 93.3597621407334], [97.75510204081633, 98.50220264317181, 84.39922480620154, 93.86138613861387, 95.21384928716904, 90.47085201793722, 95.61586638830897, 94.3579766536965, 91.58110882956879, 92.9633300297324], [98.36734693877551, 98.59030837004406, 90.89147286821705, 94.05940594059406, 93.78818737270876, 90.02242152466367, 96.13778705636743, 94.3579766536965, 92.50513347022587, 93.85530227948463], [97.95918367346938, 98.8546255506608, 81.97674418604652, 94.95049504950495, 95.62118126272912, 90.80717488789237, 95.61586638830897, 94.8443579766537, 91.78644763860369, 93.26065411298315], [97.55102040816327, 98.76651982378854, 90.79457364341086, 94.55445544554455, 95.11201629327903, 91.25560538116592, 96.76409185803757, 94.64980544747081, 89.63039014373716, 92.9633300297324], [97.85714285714286, 98.6784140969163, 87.98449612403101, 95.24752475247524, 96.13034623217922, 93.16143497757848, 95.51148225469728, 95.42801556420234, 91.27310061601642, 92.76511397423191], [98.36734693877551, 98.76651982378854, 85.94961240310077, 96.43564356435644, 94.5010183299389, 92.04035874439462, 95.51148225469728, 95.13618677042801, 92.60780287474333, 93.45887016848364], [98.36734693877551, 98.6784140969163, 81.97674418604652, 95.94059405940594, 94.80651731160896, 92.48878923766816, 95.92901878914405, 95.03891050583658, 91.27310061601642, 94.05351833498513], [98.36734693877551, 98.59030837004406, 88.2751937984496, 96.03960396039604, 94.80651731160896, 92.60089686098655, 96.13778705636743, 94.8443579766537, 92.19712525667352, 94.25173439048562], [97.85714285714286, 98.50220264317181, 89.53488372093024, 95.84158415841584, 95.41751527494908, 93.72197309417041, 95.82463465553236, 94.94163424124514, 92.29979466119096, 93.75619425173439], [97.44897959183673, 98.59030837004406, 92.05426356589147, 94.65346534653466, 95.31568228105907, 92.82511210762331, 96.5553235908142, 95.71984435797665, 92.09445585215606, 93.75619425173439], [97.85714285714286, 98.6784140969163, 85.56201550387597, 96.53465346534654, 95.31568228105907, 93.83408071748879, 95.19832985386222, 95.8171206225681, 92.60780287474333, 94.15262636273538], [98.16326530612245, 98.32599118942731, 86.62790697674419, 96.43564356435644, 95.41751527494908, 92.48878923766816, 95.92901878914405, 95.8171206225681, 94.45585215605749, 94.05351833498513]],