{"config": {"DATASET": "mnist", "TOTAL_CLIENTS": 100, "CLIENT_FRAC": 0.1, "POISON_FRAC": 0.1, "CREATE_DATASET": true, "RANDOM_DATA": true, "CLASS_RATIO": 10, "MODEL": "nnet", "LEARNING_RATE": 0.001, "BATCH_SIZE": 32, "LOCAL_EPOCHS": 3, "OPTIMIZER": "adam", "FED_ROUNDS": 30, "TEST_EVERY": 1, "RANDOM_PROCESS": true, "COS_DEFENCE": false, "SEL_METHOD": 1, "REDUCE_LR": 1, "COLLAB_MODE": true, "COLLAB_ALL": true, "CONSIDER_LAYERS": "l1", "GRAD_AGG": true, "FEATURE_FINDING_ALGO": "auror", "GRAD_COLLECTION_START": 0, "GRAD_COLLECT_FOR": -1, "CLUSTER_SEP": 0.01, "ALPHA": 0.8, "BETA": 0.8, "GAMMA": 0.1, "TRUST_INC": 2, "TRUST_CUT_METHOD": 2, "HONEST_PARDON_FACTOR": 0.99, "LOG_LEVEL": "INFO", "JSON_RESULTS": true}, "mean_poison_class_acc": 80.906007751938, "mean_attack_srate": 3.071705426356589, "total_accuracies": [37.89, 29.86, 41.72, 50.01, 50.22, 62.18, 74.95, 72.16, 80.65, 82.52, 84.01, 84.66, 85.62, 86.82, 86.68, 86.64, 88.08, 88.81, 88.98, 89.58, 87.37, 90.44, 90.33, 90.96, 89.79, 89.41, 90.54, 91.28, 91.34, 91.65], "class_accuracies": [[53.46938775510204, 99.64757709251101, 61.33720930232558, 0.0, 51.93482688391039, 2.0179372197309418, 31.52400835073069, 65.27237354085604, 0.0, 0.0], [99.08163265306122, 77.3568281938326, 78.29457364341086, 19.801980198019802, 13.136456211812627, 0.0, 0.0, 0.0, 0.0, 0.0], [98.26530612244898, 99.64757709251101, 55.13565891472868, 74.95049504950495, 72.91242362525458, 4.0358744394618835, 0.0, 0.0, 0.0, 0.0], [94.89795918367346, 98.6784140969163, 73.74031007751938, 86.03960396039604, 82.07739307535641, 0.7847533632286996, 9.18580375782881, 27.529182879377434, 0.0, 13.577799801783945], [93.26530612244898, 99.55947136563877, 52.42248062015504, 86.43564356435644, 91.0386965376782, 44.39461883408072, 12.943632567849686, 0.0, 0.0, 14.866204162537166], [96.3265306122449, 98.59030837004406, 74.2248062015504, 80.89108910891089, 94.19551934826885, 64.23766816143498, 38.20459290187891, 56.42023346303502, 0.5133470225872689, 12.190287413280476], [97.34693877551021, 97.62114537444934, 77.22868217054264, 82.07920792079207, 87.88187372708758, 64.01345291479821, 59.18580375782881, 83.94941634241245, 54.92813141683778, 40.43607532210109], [96.83673469387755, 96.82819383259911, 83.04263565891473, 92.47524752475248, 92.9735234215886, 43.16143497757847, 73.90396659707724, 86.86770428015564, 26.591375770020534, 21.704658077304263], [96.73469387755102, 97.70925110132158, 81.97674418604652, 85.64356435643565, 78.41140529531569, 74.55156950672645, 81.94154488517745, 86.18677042801556, 54.0041067761807, 65.90683845391477], [97.85714285714286, 97.62114537444934, 81.2015503875969, 88.7128712871287, 69.65376782077394, 63.67713004484305, 85.38622129436325, 89.2023346303502, 68.06981519507187, 79.38553022794846], [97.04081632653062, 96.12334801762114, 84.30232558139535, 83.06930693069307, 85.64154786150714, 76.23318385650224, 87.89144050104385, 87.15953307392996, 72.79260780287474, 67.59167492566898], [96.53061224489795, 96.65198237885463, 88.17829457364341, 87.12871287128714, 75.96741344195519, 76.23318385650224, 91.33611691022965, 87.06225680933852, 63.75770020533881, 80.87215064420218], [96.53061224489795, 97.3568281938326, 81.68604651162791, 78.41584158415841, 89.10386965376782, 87.21973094170404, 91.33611691022965, 89.29961089494164, 74.22997946611909, 70.06937561942517], [96.73469387755102, 96.65198237885463, 86.04651162790698, 85.74257425742574, 80.5498981670061, 77.24215246636771, 93.94572025052192, 86.18677042801556, 75.77002053388091, 87.1159563924678], [96.53061224489795, 98.23788546255507, 75.5813953488372, 84.85148514851485, 89.81670061099797, 80.82959641255606, 95.30271398747391, 88.715953307393, 75.97535934291581, 79.48463825569871], [97.04081632653062, 96.38766519823788, 73.54651162790698, 80.6930693069307, 90.020366598778, 86.99551569506727, 94.46764091858037, 90.56420233463035, 76.18069815195072, 79.98017839444995], [97.55102040816327, 98.14977973568281, 79.06976744186046, 90.0990099009901, 84.5213849287169, 81.83856502242152, 93.94572025052192, 90.56420233463035, 73.40862422997947, 89.79187314172448], [97.14285714285714, 96.91629955947137, 82.26744186046511, 87.22772277227723, 94.29735234215886, 83.74439461883408, 94.258872651357, 90.07782101167315, 80.28747433264887, 80.77304261645193], [97.04081632653062, 95.77092511013215, 80.03875968992249, 85.04950495049505, 93.27902240325865, 88.67713004484305, 91.54488517745303, 91.43968871595331, 84.70225872689939, 81.86323092170466], [97.04081632653062, 96.12334801762114, 86.33720930232558, 87.22772277227723, 91.44602851323829, 82.847533632287, 94.78079331941545, 85.01945525291829, 84.90759753593429, 88.9990089197225], [96.83673469387755, 96.65198237885463, 62.5968992248062, 83.96039603960396, 91.24236252545825, 81.95067264573991, 94.67640918580376, 86.57587548638132, 87.37166324435319, 91.37760158572844], [96.63265306122449, 97.09251101321586, 87.59689922480621, 90.1980198019802, 92.87169042769857, 83.40807174887892, 94.78079331941545, 90.27237354085604, 82.34086242299794, 87.80971258671953], [97.85714285714286, 96.2114537444934, 82.36434108527132, 86.43564356435644, 92.76985743380855, 87.21973094170404, 92.79749478079331, 90.85603112840467, 89.01437371663245, 87.21506442021804], [97.75510204081633, 96.91629955947137, 87.8875968992248, 89.70297029702971, 91.44602851323829, 83.96860986547085, 94.67640918580376, 90.95330739299611, 84.90759753593429, 90.08919722497522], [97.44897959183673, 97.62114537444934, 75.3875968992248, 87.62376237623762, 89.40936863543789, 87.78026905829596, 95.51148225469728, 88.81322957198444, 85.1129363449692, 92.66600594648166], [97.55102040816327, 96.29955947136564, 66.66666666666667, 90.79207920792079, 93.89002036659878, 86.43497757847534, 92.48434237995825, 90.95330739299611, 90.4517453798768, 88.40436075322101], [97.55102040816327, 97.18061674008811, 74.4186046511628, 92.07920792079207, 93.17718940936864, 84.86547085201794, 96.5553235908142, 90.85603112840467, 89.01437371663245, 89.09811694747275], [98.26530612244898, 97.97356828193833, 88.0813953488372, 88.7128712871287, 90.63136456211812, 88.2286995515695, 93.84133611691023, 89.39688715953308, 84.70225872689939, 91.97224975222993], [97.85714285714286, 97.62114537444934, 87.98449612403101, 89.4059405940594, 88.59470468431772, 90.69506726457399, 93.1106471816284, 90.75875486381322, 83.88090349075975, 92.66600594648166], [97.65306122448979, 97.44493392070484, 88.0813953488372, 87.42574257425743, 95.72301425661914, 90.69506726457399, 95.61586638830897, 90.1750972762646, 89.3223819301848, 84.0436075322101]],