{"config": {"DATASET": "mnist", "TOTAL_CLIENTS": 100, "CLIENT_FRAC": 0.1, "POISON_FRAC": 0.2, "CREATE_DATASET": true, "RANDOM_DATA": true, "CLASS_RATIO": 10, "MODEL": "nnet", "LEARNING_RATE": 0.001, "BATCH_SIZE": 32, "LOCAL_EPOCHS": 10, "OPTIMIZER": "adam", "FED_ROUNDS": 30, "TEST_EVERY": 1, "RANDOM_PROCESS": false, "COS_DEFENCE": false, "SEL_METHOD": 1, "REDUCE_LR": 1, "COLLAB_MODE": true, "COLLAB_ALL": true, "CONSIDER_LAYERS": "l1", "GRAD_AGG": true, "FEATURE_FINDING_ALGO": "auror", "GRAD_COLLECTION_START": 0, "GRAD_COLLECT_FOR": -1, "CLUSTER_SEP": 0.005, "ALPHA": 0.8, "BETA": 0.8, "GAMMA": 0.1, "TRUST_INC": 2, "TRUST_CUT_METHOD": 1, "HONEST_PARDON_FACTOR": 0.7, "LOG_LEVEL": "INFO", "JSON_RESULTS": true}, "mean_poison_class_acc": 75.82364341085271, "mean_attack_srate": 3.226744186046511, "total_accuracies": [53.0, 73.1, 84.45, 87.82, 87.67, 89.93, 89.12, 88.34, 91.49, 91.96, 90.49, 90.42, 89.45, 91.88, 93.25, 93.01, 93.67, 93.51, 91.56, 93.18, 94.46, 94.37, 91.64, 93.79, 92.37, 90.18, 94.54, 95.0, 94.61, 92.1], "class_accuracies": [[98.77551020408163, 99.38325991189427, 0.0, 20.792079207920793, 43.17718940936864, 24.663677130044842, 44.1544885177453, 78.21011673151752, 51.74537987679671, 61.34786917740337], [95.91836734693878, 97.97356828193833, 20.348837209302324, 84.95049504950495, 94.60285132382892, 79.26008968609865, 87.78705636743216, 87.64591439688716, 55.030800821355236, 27.353815659068385], [96.42857142857143, 97.5330396475771, 61.434108527131784, 86.23762376237623, 91.24236252545825, 81.72645739910314, 91.23173277661796, 90.56420233463035, 72.17659137577002, 74.82656095143706], [96.53061224489795, 95.85903083700441, 78.00387596899225, 88.7128712871287, 91.64969450101833, 78.36322869955157, 94.36325678496868, 89.29961089494164, 82.23819301848049, 81.76412289395441], [97.34693877551021, 96.47577092511013, 67.73255813953489, 84.55445544554455, 94.09368635437882, 84.4170403587444, 92.69311064718163, 89.29961089494164, 86.75564681724846, 82.95341922695738], [97.24489795918367, 98.41409691629956, 84.10852713178295, 88.31683168316832, 93.38085539714868, 85.42600896860986, 94.46764091858037, 92.12062256809338, 78.85010266940452, 85.62933597621408], [97.24489795918367, 98.32599118942731, 74.32170542635659, 88.81188118811882, 96.33401221995926, 87.10762331838565, 93.52818371607516, 90.07782101167315, 79.36344969199179, 85.33201189296334], [97.75510204081633, 97.5330396475771, 61.14341085271318, 89.20792079207921, 94.09368635437882, 89.46188340807174, 90.81419624217119, 92.60700389105058, 80.69815195071868, 89.89098116947473], [97.24489795918367, 97.97356828193833, 85.94961240310077, 89.5049504950495, 94.29735234215886, 89.68609865470852, 95.19832985386222, 92.8988326848249, 82.4435318275154, 88.89990089197225], [98.06122448979592, 97.5330396475771, 85.17441860465117, 89.10891089108911, 94.39918533604887, 87.10762331838565, 96.45093945720251, 93.19066147859922, 87.37166324435319, 90.38652130822597], [98.16326530612245, 97.62114537444934, 69.76744186046511, 93.06930693069307, 91.64969450101833, 90.47085201793722, 92.17118997912317, 91.147859922179, 85.72895277207392, 94.84638255698711], [98.26530612244898, 98.14977973568281, 67.53875968992249, 90.0, 96.63951120162933, 91.03139013452915, 94.67640918580376, 93.57976653696498, 86.24229979466119, 88.10703666997027], [97.75510204081633, 98.14977973568281, 53.77906976744186, 91.38613861386139, 96.23217922606925, 90.69506726457399, 94.57202505219206, 94.45525291828794, 86.75564681724846, 91.0802775024777], [98.36734693877551, 98.59030837004406, 74.6124031007752, 94.25742574257426, 95.62118126272912, 89.34977578475336, 95.92901878914405, 93.19066147859922, 86.85831622176592, 91.57581764122894], [98.57142857142857, 98.32599118942731, 85.85271317829458, 93.86138613861387, 96.23217922606925, 91.14349775784753, 94.36325678496868, 94.3579766536965, 86.96098562628337, 92.17046580773042], [98.26530612244898, 98.06167400881057, 81.1046511627907, 94.25742574257426, 95.92668024439918, 92.37668161434978, 93.52818371607516, 94.3579766536965, 90.75975359342915, 91.17938553022795], [98.16326530612245, 98.76651982378854, 87.40310077519379, 93.46534653465346, 96.02851323828921, 92.9372197309417, 96.24217118997912, 93.77431906614785, 87.88501026694045, 91.57581764122894], [98.46938775510205, 97.62114537444934, 84.01162790697674, 94.95049504950495, 93.9918533604888, 92.71300448430493, 93.1106471816284, 93.3852140077821, 92.19712525667352, 94.35084241823587], [98.46938775510205, 98.76651982378854, 65.69767441860465, 92.67326732673267, 93.89002036659878, 93.27354260089686, 94.67640918580376, 93.09338521400778, 91.68377823408625, 93.65708622398414], [98.57142857142857, 97.88546255506608, 78.00387596899225, 94.45544554455445, 95.92668024439918, 91.4798206278027, 95.09394572025052, 95.13618677042801, 92.29979466119096, 92.76511397423191], [98.57142857142857, 97.88546255506608, 92.82945736434108, 92.67326732673267, 95.010183299389, 93.16143497757848, 95.19832985386222, 91.147859922179, 94.96919917864476, 92.86422200198216], [98.46938775510205, 98.59030837004406, 87.8875968992248, 94.55445544554455, 96.5376782077393, 91.4798206278027, 94.78079331941545, 95.13618677042801, 92.09445585215606, 93.55797819623389], [97.65306122448979, 98.41409691629956, 61.724806201550386, 92.87128712871286, 96.02851323828921, 93.94618834080717, 94.78079331941545, 96.20622568093385, 92.50513347022587, 92.76511397423191], [98.26530612244898, 98.23788546255507, 83.52713178294573, 96.43564356435644, 97.14867617107943, 90.69506726457399, 94.57202505219206, 94.64980544747081, 92.19712525667352, 91.67492566897918], [98.36734693877551, 98.6784140969163, 68.02325581395348, 94.05940594059406, 96.5376782077393, 94.61883408071749, 93.63256784968685, 95.62256809338521, 90.65708418891171, 93.75619425173439], [98.87755102040816, 98.6784140969163, 46.41472868217054, 93.66336633663366, 96.84317718940937, 92.26457399103138, 93.94572025052192, 96.01167315175097, 92.60780287474333, 93.26065411298315], [98.16326530612245, 97.97356828193833, 88.2751937984496, 95.04950495049505, 96.23217922606925, 91.25560538116592, 96.34655532359082, 95.42801556420234, 93.53182751540041, 92.66600594648166], [98.6734693877551, 98.6784140969163, 89.63178294573643, 95.34653465346534, 96.94501018329939, 93.83408071748879, 95.19832985386222, 95.62256809338521, 94.25051334702259, 91.47670961347869], [98.87755102040816, 98.8546255506608, 87.8875968992248, 92.77227722772277, 95.51934826883911, 94.17040358744394, 95.19832985386222, 96.3035019455253, 91.88911704312115, 94.25173439048562], [98.46938775510205, 98.6784140969163, 62.5, 94.85148514851485, 95.72301425661914, 93.27354260089686, 93.52818371607516, 96.01167315175097, 93.01848049281314, 95.24281466798811]],