{"config": {"DATASET": "mnist", "CLIENT_FRAC": 0.2, "POISON_FRAC": 0.1, "CREATE_DATASET": false, "CLASS_RATIO": 10, "MODEL": "nnet", "LEARNING_RATE": 0.001, "BATCH_SIZE": 32, "LOCAL_EPOCHS": 3, "OPTIMIZER": "adam", "FED_ROUNDS": 30, "TEST_EVERY": 1, "RANDOM": true, "COS_DEFENCE": true, "SEL_METHOD": 1, "COLLAB_MODE": true, "COLLAB_ALL": false, "CONSIDER_LAYERS": "l1", "GRAD_AGG": true, "FEATURE_FINDING_ALGO": "auror_plus", "GRAD_COLLECTION_START": 0, "GRAD_COLLECT_FOR": -1, "CLUSTER_SEP": 2.0, "ALPHA": 0.5, "BETA": 0.5, "GAMMA": 0.5, "TRUST_INC": 2, "TRUST_CUT_METHOD": 1, "HONEST_PARDON_FACTOR": 0.99, "LOG_LEVEL": "INFO", "JSON_RESULTS": true}, "mean_poison_class_acc": 81.86434108527132, "mean_attack_srate": 2.763565891472868, "total_accuracies": [28.72, 33.84, 41.64, 49.74, 53.87, 58.49, 67.69, 74.1, 80.32, 83.49, 84.95, 86.26, 87.45, 87.32, 88.97, 89.57, 89.6, 89.72, 90.35, 90.56, 91.37, 91.49, 91.87, 92.09, 92.48, 91.61, 92.84, 93.08, 92.14, 93.44], "class_accuracies": [[71.0204081632653, 29.955947136563875, 95.15503875968992, 0.0, 2.3421588594704685, 17.937219730941703, 0.0, 12.45136186770428, 0.0, 53.81565906838454], [84.18367346938776, 85.02202643171806, 19.573643410852714, 0.0, 99.08350305498982, 0.8968609865470852, 0.0, 12.937743190661479, 27.104722792607802, 1.3875123885034688], [91.83673469387755, 98.6784140969163, 30.03875968992248, 0.0, 96.23217922606925, 1.7937219730941705, 13.048016701461378, 3.11284046692607, 73.51129363449692, 0.0], [93.36734693877551, 99.03083700440529, 55.32945736434109, 24.752475247524753, 96.94501018329939, 45.06726457399103, 11.795407098121085, 29.085603112840467, 31.62217659137577, 3.964321110009911], [96.93877551020408, 99.64757709251101, 46.89922480620155, 53.26732673267327, 95.72301425661914, 1.0089686098654709, 5.323590814196242, 77.62645914396887, 49.89733059548254, 0.0], [95.51020408163265, 99.47136563876651, 68.5077519379845, 67.32673267326733, 77.4949083503055, 14.461883408071749, 52.40083507306889, 87.64591439688716, 0.0, 10.307234886025768], [96.83673469387755, 99.29515418502203, 63.95348837209303, 79.4059405940594, 67.20977596741344, 14.573991031390134, 77.13987473903967, 87.2568093385214, 25.256673511293634, 55.4013875123885], [96.22448979591837, 98.8546255506608, 69.28294573643412, 83.16831683168317, 95.51934826883911, 64.68609865470852, 86.0125260960334, 83.07392996108949, 33.36755646817249, 26.957383548067394], [96.63265306122449, 99.03083700440529, 73.44961240310077, 85.24752475247524, 93.38085539714868, 61.99551569506726, 88.93528183716076, 84.24124513618678, 60.16427104722793, 56.29335976214073], [94.48979591836735, 98.32599118942731, 74.2248062015504, 81.48514851485149, 92.76985743380855, 82.39910313901345, 89.66597077244259, 83.36575875486382, 62.42299794661191, 74.13280475718533], [96.12244897959184, 98.6784140969163, 82.17054263565892, 86.93069306930693, 87.9837067209776, 81.95067264573991, 88.62212943632568, 87.54863813229572, 62.32032854209446, 74.92566897918731], [96.53061224489795, 98.32599118942731, 81.2984496124031, 83.96039603960396, 91.14052953156823, 85.08968609865471, 89.4572025052192, 85.7976653696498, 67.96714579055441, 81.46679881070366], [96.93877551020408, 97.44493392070484, 83.04263565891473, 81.78217821782178, 95.010183299389, 86.43497757847534, 91.8580375782881, 86.7704280155642, 76.07802874743327, 78.1962338949455], [96.63265306122449, 97.70925110132158, 77.51937984496124, 86.23762376237623, 95.51934826883911, 88.11659192825113, 90.18789144050105, 88.61867704280155, 74.64065708418892, 77.20515361744302], [97.55102040816327, 97.5330396475771, 82.55813953488372, 87.42574257425743, 93.07535641547861, 87.33183856502242, 92.37995824634656, 87.06225680933852, 79.15811088295688, 84.73736372646184], [97.65306122448979, 97.62114537444934, 87.01550387596899, 88.21782178217822, 95.010183299389, 83.5201793721973, 93.0062630480167, 88.61867704280155, 80.18480492813141, 83.44895936570862], [97.85714285714286, 97.62114537444934, 85.36821705426357, 86.63366336633663, 95.51934826883911, 84.75336322869956, 93.94572025052192, 89.2023346303502, 81.21149897330595, 82.75520317145688], [98.06122448979592, 97.70925110132158, 77.42248062015504, 87.52475247524752, 93.68635437881873, 90.02242152466367, 91.64926931106471, 89.29961089494164, 83.88090349075975, 87.51238850346878], [97.95918367346938, 97.18061674008811, 83.43023255813954, 87.82178217821782, 94.60285132382892, 85.42600896860986, 95.30271398747391, 88.81322957198444, 85.52361396303901, 86.62041625371656], [98.16326530612245, 97.70925110132158, 83.04263565891473, 89.00990099009901, 95.31568228105907, 87.21973094170404, 94.57202505219206, 90.27237354085604, 82.23819301848049, 87.21506442021804], [97.34693877551021, 97.44493392070484, 89.43798449612403, 88.31683168316832, 93.9918533604888, 90.69506726457399, 94.36325678496868, 89.6887159533074, 83.67556468172485, 88.10703666997027], [98.26530612244898, 97.62114537444934, 85.07751937984496, 91.2871287128713, 94.29735234215886, 85.87443946188341, 96.03340292275574, 90.27237354085604, 86.85831622176592, 88.40436075322101], [98.57142857142857, 97.09251101321586, 86.9186046511628, 90.5940594059406, 94.90835030549898, 86.09865470852019, 95.19832985386222, 90.46692607003891, 88.70636550308008, 89.29633300297324], [98.87755102040816, 97.79735682819383, 89.72868217054264, 91.78217821782178, 94.19551934826885, 90.02242152466367, 94.1544885177453, 90.6614785992218, 83.67556468172485, 89.197224975223], [98.26530612244898, 98.06167400881057, 90.31007751937985, 91.88118811881188, 94.5010183299389, 88.78923766816143, 96.34655532359082, 90.27237354085604, 86.96098562628337, 88.60257680872151], [98.77551020408163, 97.70925110132158, 78.68217054263566, 93.86138613861387, 94.39918533604887, 88.78923766816143, 94.98956158663883, 91.34241245136187, 86.03696098562628, 90.98116947472745], [98.16326530612245, 98.06167400881057, 89.63178294573643, 92.17821782178218, 94.39918533604887, 88.78923766816143, 96.65970772442589, 91.43968871595331, 88.39835728952772, 89.89098116947473], [98.36734693877551, 97.5330396475771, 91.76356589147287, 91.2871287128713, 94.90835030549898, 89.57399103139014, 96.97286012526096, 90.95330739299611, 89.11704312114989, 89.69276511397423], [98.46938775510205, 97.88546255506608, 80.71705426356588, 93.26732673267327, 94.29735234215886, 91.03139013452915, 94.78079331941545, 90.46692607003891, 87.98767967145791, 92.17046580773042], [98.16326530612245, 98.06167400881057, 92.05426356589147, 91.78217821782178, 94.90835030549898, 89.68609865470852, 96.45093945720251, 92.80155642023347, 90.55441478439425, 89.197224975223]],