{"config": {"DATASET": "mnist", "TOTAL_CLIENTS": 100, "CLIENT_FRAC": 0.1, "POISON_FRAC": 0.1, "CREATE_DATASET": true, "RANDOM_DATA": true, "CLASS_RATIO": 10, "MODEL": "nnet", "LEARNING_RATE": 0.001, "BATCH_SIZE": 32, "LOCAL_EPOCHS": 10, "OPTIMIZER": "adam", "FED_ROUNDS": 30, "TEST_EVERY": 1, "RANDOM_PROCESS": false, "COS_DEFENCE": false, "SEL_METHOD": 1, "REDUCE_LR": 1, "COLLAB_MODE": true, "COLLAB_ALL": true, "CONSIDER_LAYERS": "l1", "GRAD_AGG": true, "FEATURE_FINDING_ALGO": "auror", "GRAD_COLLECTION_START": 0, "GRAD_COLLECT_FOR": -1, "CLUSTER_SEP": 0.005, "ALPHA": 0.8, "BETA": 0.8, "GAMMA": 0.1, "TRUST_INC": 2, "TRUST_CUT_METHOD": 1, "HONEST_PARDON_FACTOR": 0.7, "LOG_LEVEL": "INFO", "JSON_RESULTS": true}, "mean_poison_class_acc": 83.7015503875969, "mean_attack_srate": 3.1007751937984493, "total_accuracies": [42.11, 73.24, 83.73, 86.3, 87.49, 89.87, 90.06, 91.29, 89.79, 91.24, 89.42, 92.92, 93.19, 92.47, 89.39, 93.06, 94.03, 94.46, 94.29, 94.68, 92.59, 94.41, 93.6, 95.08, 94.47, 94.06, 94.79, 94.93, 94.71, 93.81], "class_accuracies": [[99.08163265306122, 99.64757709251101, 1.1627906976744187, 27.128712871287128, 4.480651731160896, 15.695067264573991, 35.80375782881002, 86.47859922178988, 40.24640657084189, 1.4866204162537167], [97.14285714285714, 97.70925110132158, 27.325581395348838, 83.16831683168317, 94.09368635437882, 75.0, 89.87473903966597, 86.08949416342412, 59.75359342915811, 21.80376610505451], [95.61224489795919, 97.3568281938326, 56.298449612403104, 84.15841584158416, 87.88187372708758, 80.60538116591928, 91.7536534446764, 85.7976653696498, 75.77002053388091, 81.16947472745292], [96.3265306122449, 96.74008810572687, 64.53488372093024, 88.31683168316832, 89.5112016293279, 77.24215246636771, 94.46764091858037, 88.42412451361868, 80.18480492813141, 85.92666005946482], [97.14285714285714, 96.56387665198238, 66.18217054263566, 86.63366336633663, 92.9735234215886, 81.83856502242152, 93.63256784968685, 89.00778210116732, 85.83162217659138, 84.4400396432111], [96.93877551020408, 97.88546255506608, 86.62790697674419, 89.70297029702971, 92.36252545824847, 82.95964125560538, 94.88517745302714, 90.56420233463035, 79.67145790554414, 85.53022794846383], [96.83673469387755, 98.32599118942731, 88.2751937984496, 88.31683168316832, 96.5376782077393, 85.08968609865471, 94.98956158663883, 89.39688715953308, 81.3141683778234, 80.2775024777007], [97.34693877551021, 97.26872246696036, 90.89147286821705, 89.5049504950495, 93.89002036659878, 89.46188340807174, 93.1106471816284, 90.95330739299611, 81.21149897330595, 88.30525272547077], [97.34693877551021, 97.62114537444934, 68.21705426356588, 90.0990099009901, 95.21384928716904, 88.2286995515695, 94.258872651357, 93.77431906614785, 83.5728952772074, 89.197224975223], [98.26530612244898, 97.44493392070484, 76.16279069767442, 90.99009900990099, 95.21384928716904, 88.2286995515695, 96.13778705636743, 92.80155642023347, 88.09034907597535, 88.70168483647176], [97.75510204081633, 98.14977973568281, 61.627906976744185, 91.98019801980197, 90.52953156822811, 91.59192825112108, 93.42379958246346, 89.98054474708171, 85.01026694045174, 94.25173439048562], [97.44897959183673, 98.06167400881057, 92.34496124031008, 91.78217821782178, 94.90835030549898, 92.04035874439462, 94.78079331941545, 92.50972762645914, 85.21560574948666, 89.39544103072349], [98.06122448979592, 97.79735682819383, 87.3062015503876, 91.58415841584159, 95.82484725050917, 91.92825112107623, 95.51148225469728, 93.48249027237354, 88.80903490759754, 91.17938553022795], [98.26530612244898, 98.50220264317181, 80.32945736434108, 94.65346534653466, 95.21384928716904, 91.25560538116592, 95.92901878914405, 93.19066147859922, 86.652977412731, 90.28741328047572], [98.16326530612245, 98.41409691629956, 50.0968992248062, 94.05940594059406, 96.94501018329939, 91.3677130044843, 93.63256784968685, 93.96887159533074, 85.83162217659138, 91.87314172447968], [98.16326530612245, 97.70925110132158, 81.97674418604652, 93.96039603960396, 94.80651731160896, 93.49775784753363, 93.42379958246346, 93.8715953307393, 90.14373716632444, 92.86422200198216], [97.85714285714286, 99.11894273127753, 92.44186046511628, 92.67326732673267, 95.41751527494908, 93.60986547085201, 96.65970772442589, 91.24513618677042, 89.42505133470226, 91.37760158572844], [98.06122448979592, 97.62114537444934, 93.5077519379845, 93.96039603960396, 94.29735234215886, 92.82511210762331, 95.19832985386222, 92.31517509727627, 93.01848049281314, 93.3597621407334], [98.26530612244898, 98.59030837004406, 91.08527131782945, 92.77227722772277, 95.11201629327903, 94.61883408071749, 94.36325678496868, 92.02334630350195, 92.60780287474333, 93.1615460852329], [97.44897959183673, 97.70925110132158, 93.8953488372093, 95.34653465346534, 95.82484725050917, 91.92825112107623, 96.45093945720251, 93.28793774319067, 91.68377823408625, 92.66600594648166], [98.77551020408163, 97.62114537444934, 73.54651162790698, 92.87128712871286, 93.58452138492872, 93.72197309417041, 94.46764091858037, 92.80155642023347, 95.07186858316221, 93.75619425173439], [97.95918367346938, 98.41409691629956, 88.37209302325581, 95.24752475247524, 97.35234215885947, 93.27354260089686, 94.78079331941545, 93.8715953307393, 92.60780287474333, 91.87314172447968], [97.14285714285714, 98.23788546255507, 79.55426356589147, 94.75247524752476, 96.13034623217922, 93.60986547085201, 95.19832985386222, 95.3307392996109, 93.42915811088295, 92.56689791873141], [98.06122448979592, 98.6784140969163, 94.57364341085271, 95.44554455445545, 96.63951120162933, 92.26457399103138, 95.61586638830897, 93.96887159533074, 93.22381930184805, 91.67492566897918], [98.36734693877551, 98.6784140969163, 87.40310077519379, 94.75247524752476, 95.010183299389, 95.06726457399103, 94.88517745302714, 95.13618677042801, 91.47843942505133, 93.65708622398414], [98.57142857142857, 98.41409691629956, 81.68604651162791, 95.04950495049505, 96.43584521384929, 93.16143497757848, 94.98956158663883, 95.71984435797665, 93.22381930184805, 93.1615460852329], [98.16326530612245, 98.23788546255507, 89.14728682170542, 95.64356435643565, 95.92668024439918, 91.3677130044843, 96.13778705636743, 93.96887159533074, 94.76386036960986, 94.05351833498513], [98.46938775510205, 98.76651982378854, 89.05038759689923, 96.03960396039604, 94.09368635437882, 94.05829596412556, 94.88517745302714, 95.13618677042801, 94.25051334702259, 94.15262636273538], [98.57142857142857, 99.03083700440529, 86.9186046511628, 93.86138613861387, 95.21384928716904, 94.61883408071749, 95.61586638830897, 95.03891050583658, 93.53182751540041, 94.44995044598612], [98.26530612244898, 98.14977973568281, 79.16666666666667, 96.23762376237623, 94.70468431771894, 93.60986547085201, 93.52818371607516, 95.8171206225681, 93.63449691991786, 94.84638255698711]],