{"config": {"DATASET": "mnist", "TOTAL_CLIENTS": 100, "CLIENT_FRAC": 0.2, "POISON_FRAC": 0.2, "CREATE_DATASET": true, "RANDOM_DATA": true, "CLASS_RATIO": 10, "MODEL": "nnet", "LEARNING_RATE": 0.001, "BATCH_SIZE": 32, "LOCAL_EPOCHS": 10, "OPTIMIZER": "adam", "FED_ROUNDS": 30, "TEST_EVERY": 1, "RANDOM_PROCESS": false, "COS_DEFENCE": false, "SEL_METHOD": 1, "REDUCE_LR": 1, "COLLAB_MODE": true, "COLLAB_ALL": true, "CONSIDER_LAYERS": "l1", "GRAD_AGG": true, "FEATURE_FINDING_ALGO": "auror", "GRAD_COLLECTION_START": 0, "GRAD_COLLECT_FOR": -1, "CLUSTER_SEP": 0.002, "ALPHA": 0.8, "BETA": 0.8, "GAMMA": 0.1, "TRUST_INC": 2, "TRUST_CUT_METHOD": 1, "HONEST_PARDON_FACTOR": 0.7, "LOG_LEVEL": "INFO", "JSON_RESULTS": true}, "mean_poison_class_acc": 78.22868217054264, "mean_attack_srate": 3.0348837209302326, "total_accuracies": [49.2, 69.3, 82.33, 86.64, 87.99, 88.37, 88.79, 90.83, 91.11, 90.01, 91.42, 90.28, 93.09, 92.76, 92.0, 93.52, 94.27, 94.05, 92.26, 93.71, 94.27, 94.82, 92.99, 91.26, 94.59, 94.93, 91.37, 93.75, 94.16, 95.28], "class_accuracies": [[97.14285714285714, 99.91189427312776, 0.0, 51.98019801980198, 73.82892057026477, 25.672645739910315, 11.377870563674321, 77.52918287937743, 46.09856262833676, 0.0], [98.06122448979592, 98.76651982378854, 13.75968992248062, 78.51485148514851, 92.15885947046843, 81.95067264573991, 78.60125260960334, 83.94941634241245, 39.73305954825462, 27.15559960356789], [96.53061224489795, 98.32599118942731, 57.65503875968992, 84.15841584158416, 94.39918533604887, 76.5695067264574, 93.31941544885177, 91.147859922179, 74.53798767967146, 55.4013875123885], [96.63265306122449, 97.18061674008811, 72.57751937984496, 84.55445544554455, 91.95519348268839, 85.31390134529148, 91.9624217118998, 88.52140077821012, 77.1047227926078, 79.78196233894946], [97.24489795918367, 97.00440528634361, 74.4186046511628, 88.7128712871287, 95.62118126272912, 80.15695067264573, 93.52818371607516, 90.46692607003891, 82.64887063655031, 78.88999008919723], [97.75510204081633, 96.29955947136564, 70.44573643410853, 85.64356435643565, 94.70468431771894, 82.51121076233184, 92.17118997912317, 89.98054474708171, 87.26899383983573, 86.22398414271557], [97.95918367346938, 98.23788546255507, 68.7984496124031, 90.6930693069307, 94.60285132382892, 87.78026905829596, 90.6054279749478, 90.95330739299611, 81.51950718685832, 86.12487611496532], [98.06122448979592, 97.09251101321586, 83.13953488372093, 89.20792079207921, 95.72301425661914, 87.66816143497758, 92.69311064718163, 91.53696498054475, 86.34496919917865, 86.12487611496532], [97.65306122448979, 96.74008810572687, 80.52325581395348, 88.11881188118812, 93.68635437881873, 89.57399103139014, 94.258872651357, 89.98054474708171, 89.52772073921972, 90.78295341922696], [97.85714285714286, 97.44493392070484, 68.12015503875969, 90.4950495049505, 96.43584521384929, 87.66816143497758, 94.258872651357, 90.75875486381322, 89.11704312114989, 87.80971258671953], [97.85714285714286, 97.88546255506608, 78.10077519379846, 91.2871287128713, 96.02851323828921, 89.23766816143498, 94.88517745302714, 91.82879377431907, 86.96098562628337, 89.69276511397423], [97.75510204081633, 97.97356828193833, 63.275193798449614, 93.96039603960396, 96.5376782077393, 89.68609865470852, 94.36325678496868, 92.12062256809338, 88.91170431211499, 88.30525272547077], [98.06122448979592, 98.23788546255507, 88.37209302325581, 91.98019801980197, 95.31568228105907, 90.13452914798206, 96.34655532359082, 93.8715953307393, 89.01437371663245, 88.89990089197225], [98.06122448979592, 98.06167400881057, 80.42635658914729, 93.16831683168317, 95.62118126272912, 91.25560538116592, 95.09394572025052, 92.99610894941634, 91.17043121149898, 91.47670961347869], [98.26530612244898, 97.97356828193833, 72.18992248062015, 94.25742574257426, 96.02851323828921, 92.37668161434978, 94.67640918580376, 93.77431906614785, 89.52772073921972, 90.98116947472745], [98.36734693877551, 98.32599118942731, 85.07751937984496, 92.37623762376238, 94.80651731160896, 92.04035874439462, 96.13778705636743, 94.16342412451363, 90.55441478439425, 92.9633300297324], [98.06122448979592, 98.32599118942731, 89.53488372093024, 95.14851485148515, 96.02851323828921, 90.24663677130044, 96.97286012526096, 93.57976653696498, 91.47843942505133, 92.66600594648166], [98.16326530612245, 98.23788546255507, 87.20930232558139, 93.26732673267327, 95.51934826883911, 92.60089686098655, 95.51148225469728, 93.28793774319067, 92.40246406570841, 93.95441030723488], [98.16326530612245, 97.97356828193833, 69.86434108527132, 92.97029702970298, 96.94501018329939, 92.9372197309417, 95.82463465553236, 93.09338521400778, 92.60780287474333, 92.56689791873141], [98.16326530612245, 98.76651982378854, 81.68604651162791, 94.25742574257426, 95.82484725050917, 91.4798206278027, 96.65970772442589, 94.26070038910505, 92.60780287474333, 93.06243805748265], [98.6734693877551, 98.50220264317181, 85.65891472868218, 94.45544554455445, 96.5376782077393, 93.16143497757848, 96.34655532359082, 93.48249027237354, 93.1211498973306, 92.56689791873141], [98.36734693877551, 98.76651982378854, 89.34108527131782, 93.36633663366337, 96.02851323828921, 93.94618834080717, 95.92901878914405, 94.26070038910505, 94.6611909650924, 93.26065411298315], [97.85714285714286, 98.6784140969163, 74.2248062015504, 93.86138613861387, 96.94501018329939, 93.04932735426009, 96.86847599164926, 94.64980544747081, 91.88911704312115, 91.97224975222993], [98.87755102040816, 98.6784140969163, 56.97674418604651, 95.14851485148515, 96.33401221995926, 92.48878923766816, 95.92901878914405, 94.26070038910505, 92.81314168377824, 91.67492566897918], [98.36734693877551, 98.6784140969163, 87.5, 94.85148514851485, 96.23217922606925, 93.94618834080717, 95.30271398747391, 93.57976653696498, 93.83983572895278, 93.3597621407334], [98.36734693877551, 98.59030837004406, 90.11627906976744, 94.65346534653466, 96.43584521384929, 95.62780269058295, 95.30271398747391, 93.57976653696498, 93.1211498973306, 93.3597621407334], [98.77551020408163, 98.6784140969163, 56.007751937984494, 95.74257425742574, 97.04684317718942, 94.05829596412556, 95.82463465553236, 95.13618677042801, 92.29979466119096, 90.8820614469772], [98.46938775510205, 98.6784140969163, 76.74418604651163, 96.13861386138613, 95.82484725050917, 91.70403587443946, 96.86847599164926, 95.23346303501945, 94.25051334702259, 93.45887016848364], [98.77551020408163, 98.59030837004406, 81.4922480620155, 96.13861386138613, 95.92668024439918, 92.26457399103138, 96.86847599164926, 94.26070038910505, 94.35318275154005, 92.76511397423191], [98.36734693877551, 98.59030837004406, 90.89147286821705, 95.34653465346534, 96.5376782077393, 92.48878923766816, 97.28601252609603, 95.03891050583658, 95.17453798767967, 92.66600594648166]],