{"config": {"DATASET": "mnist", "TOTAL_CLIENTS": 100, "CLIENT_FRAC": 0.1, "POISON_FRAC": 0.1, "CREATE_DATASET": true, "RANDOM_DATA": true, "CLASS_RATIO": 10, "MODEL": "nnet", "LEARNING_RATE": 0.001, "BATCH_SIZE": 32, "LOCAL_EPOCHS": 3, "OPTIMIZER": "adam", "FED_ROUNDS": 30, "TEST_EVERY": 1, "RANDOM_PROCESS": true, "COS_DEFENCE": true, "SEL_METHOD": 1, "REDUCE_LR": 1, "COLLAB_MODE": true, "COLLAB_ALL": true, "CONSIDER_LAYERS": "l1", "GRAD_AGG": true, "FEATURE_FINDING_ALGO": "auror", "GRAD_COLLECTION_START": 0, "GRAD_COLLECT_FOR": -1, "CLUSTER_SEP": 0.002, "ALPHA": 0.8, "BETA": 0.8, "GAMMA": 0.1, "TRUST_INC": 2, "TRUST_CUT_METHOD": 2, "HONEST_PARDON_FACTOR": 0.99, "LOG_LEVEL": "INFO", "JSON_RESULTS": true}, "mean_poison_class_acc": 80.70251937984497, "mean_attack_srate": 3.2122093023255816, "total_accuracies": [23.37, 26.96, 34.66, 47.15, 66.12, 74.44, 75.46, 81.89, 82.33, 83.99, 85.58, 85.98, 87.06, 85.96, 87.67, 87.93, 88.2, 88.94, 89.67, 89.31, 90.15, 90.43, 90.8, 90.78, 90.07, 90.55, 91.61, 90.82, 89.27, 91.57], "class_accuracies": [[78.9795918367347, 0.0, 17.441860465116278, 0.09900990099009901, 0.0, 0.0, 0.0, 0.0, 40.965092402464066, 97.42319127849356], [99.48979591836735, 99.47136563876651, 0.0, 0.0, 2.545824847250509, 9.753363228699552, 0.0, 0.0, 28.234086242299796, 20.317145688800792], [96.0204081632653, 99.91189427312776, 28.100775193798448, 22.871287128712872, 0.0, 45.964125560538115, 18.47599164926931, 0.0, 4.825462012320329, 23.389494549058472], [97.14285714285714, 99.29515418502203, 27.810077519379846, 88.51485148514851, 12.219959266802444, 13.116591928251122, 29.54070981210856, 0.09727626459143969, 16.119096509240247, 77.00693756194252], [98.26530612244898, 99.11894273127753, 63.372093023255815, 83.16831683168317, 54.78615071283096, 31.614349775784753, 77.8705636743215, 17.509727626459146, 52.874743326488705, 76.21407333994054], [95.51020408163265, 98.14977973568281, 73.15891472868218, 85.34653465346534, 55.39714867617108, 62.780269058295964, 88.93528183716076, 79.76653696498055, 21.04722792607803, 78.88999008919723], [95.0, 98.41409691629956, 66.27906976744185, 80.89108910891089, 35.94704684317719, 76.5695067264574, 94.05010438413362, 62.54863813229572, 50.82135523613963, 91.37760158572844], [96.73469387755102, 93.74449339207048, 75.96899224806202, 70.99009900990099, 84.0122199592668, 72.53363228699551, 87.78705636743216, 85.11673151750973, 87.47433264887064, 63.032705649157585], [96.3265306122449, 97.62114537444934, 69.18604651162791, 89.70297029702971, 87.9837067209776, 76.45739910313901, 87.36951983298539, 85.99221789883268, 60.369609856262834, 69.97026759167493], [96.73469387755102, 97.5330396475771, 77.81007751937985, 86.03960396039604, 91.95519348268839, 75.7847533632287, 92.17118997912317, 84.24124513618678, 72.38193018480493, 63.33002973240833], [95.81632653061224, 97.70925110132158, 78.58527131782945, 81.38613861386139, 90.42769857433808, 76.90582959641256, 92.27557411273486, 87.54863813229572, 80.39014373716633, 72.94350842418235], [96.63265306122449, 97.18061674008811, 83.72093023255815, 81.48514851485149, 91.0386965376782, 86.21076233183857, 90.6054279749478, 86.284046692607, 75.87268993839835, 69.77205153617443], [96.42857142857143, 96.91629955947137, 86.04651162790698, 83.66336633663366, 83.70672097759675, 84.08071748878923, 90.29227557411274, 87.84046692607004, 75.46201232032854, 84.53914767096134], [97.14285714285714, 97.97356828193833, 70.73643410852713, 84.95049504950495, 92.56619144602851, 83.40807174887892, 89.24843423799582, 86.08949416342412, 78.2340862422998, 78.1962338949455], [97.65306122448979, 96.12334801762114, 79.45736434108527, 85.54455445544555, 86.45621181262729, 82.847533632287, 91.33611691022965, 86.08949416342412, 81.00616016427105, 88.9990089197225], [96.53061224489795, 97.5330396475771, 78.68217054263566, 89.70297029702971, 95.11201629327903, 83.6322869955157, 91.7536534446764, 88.52140077821012, 77.51540041067761, 79.08820614469772], [97.34693877551021, 97.88546255506608, 76.16279069767442, 90.0990099009901, 94.29735234215886, 83.74439461883408, 92.58872651356994, 89.00778210116732, 75.46201232032854, 84.14271555996035], [97.14285714285714, 97.79735682819383, 83.81782945736434, 89.60396039603961, 91.95519348268839, 86.43497757847534, 92.48434237995825, 84.92217898832685, 77.00205338809035, 87.1159563924678], [97.44897959183673, 96.65198237885463, 83.13953488372093, 87.12871287128714, 93.78818737270876, 83.40807174887892, 92.37995824634656, 88.52140077821012, 86.85831622176592, 86.32309217046581], [97.55102040816327, 96.65198237885463, 74.32170542635659, 89.8019801980198, 92.87169042769857, 86.54708520179372, 91.8580375782881, 89.49416342412451, 86.24229979466119, 87.21506442021804], [97.14285714285714, 96.82819383259911, 83.72093023255815, 89.9009900990099, 93.17718940936864, 86.43497757847534, 94.78079331941545, 87.7431906614786, 84.39425051334702, 86.62041625371656], [97.14285714285714, 96.65198237885463, 86.33720930232558, 85.64356435643565, 95.21384928716904, 89.91031390134529, 93.31941544885177, 89.10505836575875, 87.57700205338809, 83.05252725470763], [97.24489795918367, 97.3568281938326, 88.85658914728683, 88.11881188118812, 94.09368635437882, 86.88340807174887, 94.78079331941545, 88.61867704280155, 82.85420944558521, 88.20614469772052], [98.06122448979592, 97.09251101321586, 82.46124031007751, 87.82178217821782, 94.70468431771894, 89.23766816143498, 94.46764091858037, 88.81322957198444, 87.26899383983573, 87.51238850346878], [97.44897959183673, 97.62114537444934, 79.06976744186046, 86.03960396039604, 96.33401221995926, 91.4798206278027, 93.84133611691023, 88.2295719844358, 83.67556468172485, 86.81863230921705], [98.16326530612245, 97.62114537444934, 78.68217054263566, 89.20792079207921, 93.27902240325865, 88.67713004484305, 94.1544885177453, 89.78599221789884, 85.01026694045174, 90.38652130822597], [97.65306122448979, 96.74008810572687, 89.05038759689923, 88.7128712871287, 94.70468431771894, 85.87443946188341, 96.03340292275574, 90.27237354085604, 90.34907597535934, 85.92666005946482], [98.6734693877551, 97.5330396475771, 80.81395348837209, 89.3069306930693, 94.19551934826885, 91.4798206278027, 92.69311064718163, 90.75875486381322, 83.5728952772074, 88.800792864222], [98.16326530612245, 96.91629955947137, 65.60077519379846, 91.98019801980197, 93.48268839103869, 84.97757847533633, 94.88517745302714, 89.98054474708171, 83.88090349075975, 92.36868186323092], [98.16326530612245, 97.70925110132158, 84.78682170542636, 89.00990099009901, 94.5010183299389, 91.59192825112108, 93.73695198329854, 91.34241245136187, 85.31827515400411, 89.09811694747275]],