{"config": {"DATASET": "mnist", "TOTAL_CLIENTS": 100, "CLIENT_FRAC": 0.1, "POISON_FRAC": 0.1, "CREATE_DATASET": true, "RANDOM_DATA": true, "CLASS_RATIO": 10, "MODEL": "nnet", "LEARNING_RATE": 0.001, "BATCH_SIZE": 32, "LOCAL_EPOCHS": 3, "OPTIMIZER": "adam", "FED_ROUNDS": 30, "TEST_EVERY": 1, "RANDOM_PROCESS": true, "COS_DEFENCE": true, "SEL_METHOD": 1, "REDUCE_LR": 1, "COLLAB_MODE": true, "COLLAB_ALL": true, "CONSIDER_LAYERS": "f1l1", "GRAD_AGG": true, "FEATURE_FINDING_ALGO": "auror", "GRAD_COLLECTION_START": 0, "GRAD_COLLECT_FOR": -1, "CLUSTER_SEP": 0.001, "ALPHA": 0.8, "BETA": 0.8, "GAMMA": 0.1, "TRUST_INC": 2, "TRUST_CUT_METHOD": 2, "HONEST_PARDON_FACTOR": 0.99, "LOG_LEVEL": "INFO", "JSON_RESULTS": true}, "mean_poison_class_acc": 76.85077519379844, "mean_attack_srate": 3.14922480620155, "total_accuracies": [17.72, 37.53, 46.52, 50.97, 60.57, 67.15, 75.93, 74.46, 78.39, 82.17, 80.84, 84.62, 86.01, 86.96, 84.09, 86.42, 85.56, 88.53, 87.64, 88.7, 88.74, 89.68, 89.44, 90.46, 87.19, 90.85, 90.82, 91.44, 91.24, 91.95], "class_accuracies": [[2.9591836734693877, 0.0, 0.0, 68.01980198019803, 2.74949083503055, 0.0, 2.922755741127349, 0.0, 0.0, 99.20713577799802], [99.48979591836735, 97.5330396475771, 19.96124031007752, 39.801980198019805, 86.25254582484725, 0.0, 22.546972860125262, 0.0, 0.0, 0.0], [96.3265306122449, 99.55947136563877, 68.31395348837209, 63.46534653465346, 64.5621181262729, 29.932735426008968, 3.0271398747390394, 29.377431906614785, 0.0, 0.0], [96.93877551020408, 99.29515418502203, 68.5077519379845, 83.86138613861387, 70.87576374745417, 26.345291479820627, 54.80167014613779, 0.0, 0.0, 0.9910802775024777], [94.79591836734694, 98.41409691629956, 62.1124031007752, 90.39603960396039, 92.4643584521385, 20.62780269058296, 84.8643006263048, 37.06225680933852, 17.5564681724846, 0.0], [95.71428571428571, 98.50220264317181, 59.20542635658915, 80.1980198019802, 94.39918533604887, 55.044843049327355, 72.02505219206681, 64.49416342412451, 22.38193018480493, 24.677898909811695], [94.28571428571429, 97.62114537444934, 74.90310077519379, 82.07920792079207, 88.08553971486762, 73.99103139013452, 89.03966597077245, 65.07782101167315, 58.0082135523614, 34.39048562933598], [95.81632653061224, 97.44493392070484, 50.48449612403101, 85.64356435643565, 70.26476578411405, 71.30044843049328, 81.73277661795407, 67.12062256809338, 40.04106776180698, 81.86323092170466], [94.38775510204081, 98.14977973568281, 60.27131782945737, 78.81188118811882, 86.25254582484725, 80.4932735426009, 84.23799582463465, 83.56031128404669, 61.49897330595483, 54.70763131813677], [93.6734693877551, 97.70925110132158, 75.3875968992248, 75.64356435643565, 86.45621181262729, 83.6322869955157, 88.93528183716076, 79.86381322957199, 77.31006160164272, 62.14073339940535], [95.40816326530613, 97.26872246696036, 58.042635658914726, 82.97029702970298, 92.26069246435846, 75.89686098654708, 90.29227557411274, 83.65758754863813, 77.31006160164272, 54.21209117938553], [94.6938775510204, 96.82819383259911, 73.35271317829458, 78.51485148514851, 83.40122199592668, 80.38116591928251, 89.03966597077245, 85.01945525291829, 79.26078028747433, 84.2418235877106], [94.79591836734694, 95.68281938325991, 81.97674418604652, 75.74257425742574, 87.57637474541751, 81.72645739910314, 93.21503131524008, 82.97665369649805, 79.87679671457906, 85.43111992071358], [96.73469387755102, 96.47577092511013, 87.79069767441861, 84.35643564356435, 90.42769857433808, 81.16591928251121, 89.24843423799582, 83.36575875486382, 74.84599589322382, 83.44895936570862], [95.40816326530613, 96.65198237885463, 58.52713178294574, 80.1980198019802, 88.18737270875764, 87.10762331838565, 86.74321503131524, 84.72762645914396, 74.435318275154, 88.50346878097126], [96.83673469387755, 97.44493392070484, 71.89922480620154, 79.70297029702971, 90.22403258655804, 85.87443946188341, 92.79749478079331, 87.64591439688716, 73.92197125256673, 87.01684836471755], [97.14285714285714, 96.65198237885463, 60.27131782945737, 85.84158415841584, 93.38085539714868, 88.45291479820628, 90.7098121085595, 86.57587548638132, 74.22997946611909, 82.25966303270565], [97.34693877551021, 96.47577092511013, 83.04263565891473, 81.98019801980197, 90.32586558044807, 87.5560538116592, 94.258872651357, 84.24124513618678, 83.26488706365502, 86.32309217046581], [96.73469387755102, 96.2114537444934, 72.18992248062015, 85.74257425742574, 87.78004073319755, 90.13452914798206, 90.18789144050105, 85.40856031128405, 82.85420944558521, 88.9990089197225], [97.04081632653062, 96.47577092511013, 77.71317829457364, 85.34653465346534, 89.61303462321793, 86.09865470852019, 90.6054279749478, 90.36964980544747, 85.1129363449692, 87.80971258671953], [97.04081632653062, 96.91629955947137, 76.55038759689923, 82.37623762376238, 94.39918533604887, 90.47085201793722, 93.94572025052192, 89.98054474708171, 83.9835728952772, 81.66501486620416], [96.42857142857143, 96.56387665198238, 81.68604651162791, 91.38613861386139, 93.58452138492872, 87.5560538116592, 91.54488517745303, 87.54863813229572, 83.9835728952772, 85.82755203171457], [97.85714285714286, 96.38766519823788, 79.74806201550388, 85.14851485148515, 96.5376782077393, 86.99551569506727, 91.9624217118998, 86.7704280155642, 87.782340862423, 84.83647175421208], [97.65306122448979, 97.44493392070484, 85.75581395348837, 90.4950495049505, 92.05702647657841, 88.45291479820628, 94.67640918580376, 88.42412451361868, 83.16221765913758, 85.72844400396433], [97.95918367346938, 96.91629955947137, 60.36821705426357, 86.43564356435644, 92.36252545824847, 89.46188340807174, 88.51774530271399, 86.08949416342412, 81.10882956878851, 92.66600594648166], [97.75510204081633, 96.56387665198238, 84.78682170542636, 90.0, 93.9918533604888, 88.90134529147981, 93.52818371607516, 88.32684824902724, 86.652977412731, 87.51238850346878], [97.44897959183673, 97.70925110132158, 83.13953488372093, 86.13861386138613, 92.87169042769857, 88.78923766816143, 96.03340292275574, 89.88326848249027, 87.57700205338809, 88.10703666997027], [97.65306122448979, 96.91629955947137, 87.98449612403101, 86.93069306930693, 93.38085539714868, 89.01345291479821, 95.92901878914405, 89.88326848249027, 86.44763860369609, 89.69276511397423], [97.95918367346938, 98.06167400881057, 82.36434108527132, 89.5049504950495, 94.09368635437882, 90.24663677130044, 95.61586638830897, 90.27237354085604, 84.18891170431212, 89.59365708622398], [97.65306122448979, 97.70925110132158, 89.82558139534883, 87.12871287128714, 94.80651731160896, 92.04035874439462, 95.51148225469728, 91.24513618677042, 85.83162217659138, 87.31417244796829]],