{"config": {"DATASET": "mnist", "TOTAL_CLIENTS": 100, "CLIENT_FRAC": 0.2, "POISON_FRAC": 0.3, "CREATE_DATASET": true, "RANDOM_DATA": true, "CLASS_RATIO": 10, "MODEL": "nnet", "LEARNING_RATE": 0.001, "BATCH_SIZE": 32, "LOCAL_EPOCHS": 10, "OPTIMIZER": "adam", "FED_ROUNDS": 30, "TEST_EVERY": 1, "RANDOM_PROCESS": false, "COS_DEFENCE": false, "SEL_METHOD": 1, "REDUCE_LR": 1, "COLLAB_MODE": true, "COLLAB_ALL": true, "CONSIDER_LAYERS": "l1", "GRAD_AGG": true, "FEATURE_FINDING_ALGO": "auror", "GRAD_COLLECTION_START": 0, "GRAD_COLLECT_FOR": -1, "CLUSTER_SEP": 0.002, "ALPHA": 0.8, "BETA": 0.8, "GAMMA": 0.1, "TRUST_INC": 2, "TRUST_CUT_METHOD": 1, "HONEST_PARDON_FACTOR": 0.7, "LOG_LEVEL": "INFO", "JSON_RESULTS": true}, "mean_poison_class_acc": 69.98837209302326, "mean_attack_srate": 3.3217054263565893, "total_accuracies": [49.71, 68.31, 77.8, 84.31, 86.62, 88.78, 87.58, 88.45, 90.32, 87.21, 91.59, 90.79, 85.85, 93.32, 92.41, 93.69, 93.84, 93.26, 92.44, 92.93, 92.78, 92.03, 94.31, 93.05, 90.88, 94.74, 94.54, 87.81, 95.3, 93.48], "class_accuracies": [[97.14285714285714, 99.8237885462555, 0.0, 52.87128712871287, 71.69042769857434, 29.59641255605381, 13.674321503131525, 86.284046692607, 37.57700205338809, 0.0], [97.55102040816327, 98.6784140969163, 3.294573643410853, 83.06930693069307, 91.64969450101833, 81.05381165919283, 81.10647181628393, 85.01945525291829, 29.876796714579054, 31.417244796828545], [95.61224489795919, 99.11894273127753, 21.899224806201552, 82.67326732673267, 94.19551934826885, 78.58744394618834, 94.258872651357, 90.36964980544747, 70.43121149897331, 50.842418235877105], [97.04081632653062, 98.50220264317181, 54.84496124031008, 85.34653465346534, 90.93686354378819, 87.5560538116592, 91.44050104384134, 89.98054474708171, 70.84188911704312, 76.21407333994054], [97.24489795918367, 97.70925110132158, 62.2093023255814, 88.81188118811882, 95.010183299389, 82.17488789237669, 93.63256784968685, 90.36964980544747, 79.87679671457906, 78.39444995044599], [97.55102040816327, 97.09251101321586, 74.70930232558139, 88.41584158415841, 94.39918533604887, 83.40807174887892, 93.73695198329854, 90.95330739299611, 82.4435318275154, 84.14271555996035], [97.75510204081633, 98.8546255506608, 62.7906976744186, 90.89108910891089, 95.72301425661914, 86.7713004484305, 91.9624217118998, 91.34241245136187, 76.69404517453799, 82.3587710604559], [98.06122448979592, 97.88546255506608, 63.275193798449614, 90.99009900990099, 96.23217922606925, 86.7713004484305, 91.64926931106471, 91.43968871595331, 81.82751540041068, 85.92666005946482], [97.85714285714286, 97.3568281938326, 72.28682170542636, 88.91089108910892, 92.9735234215886, 87.66816143497758, 94.78079331941545, 91.24513618677042, 88.70636550308008, 91.0802775024777], [98.26530612244898, 97.62114537444934, 40.79457364341085, 92.77227722772277, 95.31568228105907, 85.42600896860986, 94.36325678496868, 92.02334630350195, 86.03696098562628, 89.79187314172448], [98.06122448979592, 98.14977973568281, 80.23255813953489, 93.06930693069307, 96.02851323828921, 86.99551569506727, 95.61586638830897, 91.73151750972762, 87.37166324435319, 87.90882061446978], [97.75510204081633, 98.23788546255507, 69.96124031007751, 93.66336633663366, 96.63951120162933, 88.90134529147981, 95.09394572025052, 92.31517509727627, 88.19301848049281, 86.9177403369673], [97.55102040816327, 97.97356828193833, 17.151162790697676, 94.15841584158416, 94.70468431771894, 89.23766816143498, 96.45093945720251, 93.8715953307393, 88.19301848049281, 90.68384539147671], [98.16326530612245, 98.50220264317181, 86.14341085271317, 93.86138613861387, 95.21384928716904, 89.79820627802691, 96.45093945720251, 93.19066147859922, 90.55441478439425, 90.68384539147671], [98.26530612244898, 97.88546255506608, 75.1937984496124, 94.45544554455445, 96.13034623217922, 91.92825112107623, 95.72025052192066, 93.8715953307393, 91.17043121149898, 89.49454905847374], [98.06122448979592, 98.41409691629956, 84.39922480620154, 92.67326732673267, 94.70468431771894, 92.60089686098655, 96.97286012526096, 94.8443579766537, 92.09445585215606, 91.87314172447968], [97.85714285714286, 98.32599118942731, 87.1124031007752, 95.54455445544555, 95.41751527494908, 89.91031390134529, 96.86847599164926, 93.3852140077821, 91.58110882956879, 91.77403369672943], [97.95918367346938, 98.6784140969163, 80.81395348837209, 93.36633663366337, 95.31568228105907, 92.48878923766816, 95.51148225469728, 92.99610894941634, 91.17043121149898, 94.05351833498513], [98.06122448979592, 98.76651982378854, 71.60852713178295, 92.77227722772277, 96.13034623217922, 93.16143497757848, 95.92901878914405, 94.45525291828794, 92.50513347022587, 91.17938553022795], [97.95918367346938, 98.8546255506608, 73.44961240310077, 93.26732673267327, 95.72301425661914, 93.04932735426009, 96.65970772442589, 94.3579766536965, 93.73716632443532, 92.36868186323092], [98.36734693877551, 98.6784140969163, 72.18992248062015, 94.25742574257426, 95.82484725050917, 93.38565022421524, 96.03340292275574, 94.3579766536965, 91.9917864476386, 92.86422200198216], [98.26530612244898, 98.94273127753304, 64.24418604651163, 93.56435643564356, 95.62118126272912, 94.39461883408072, 95.51148225469728, 94.45525291828794, 93.32648870636551, 92.46778989098117], [97.75510204081633, 98.6784140969163, 86.9186046511628, 94.05940594059406, 96.5376782077393, 94.5067264573991, 96.86847599164926, 94.94163424124514, 92.50513347022587, 90.18830525272547], [98.36734693877551, 98.76651982378854, 73.54651162790698, 95.54455445544555, 95.72301425661914, 93.16143497757848, 96.45093945720251, 94.8443579766537, 91.9917864476386, 92.17046580773042], [97.55102040816327, 98.94273127753304, 51.74418604651163, 93.86138613861387, 96.5376782077393, 94.17040358744394, 95.72025052192066, 94.16342412451363, 94.45585215605749, 92.56689791873141], [97.85714285714286, 98.6784140969163, 88.17829457364341, 94.25742574257426, 95.62118126272912, 95.62780269058295, 96.65970772442589, 94.06614785992218, 93.1211498973306, 93.26065411298315], [98.46938775510205, 98.50220264317181, 86.62790697674419, 95.24752475247524, 96.5376782077393, 94.39461883408072, 96.65970772442589, 95.03891050583658, 92.09445585215606, 91.67492566897918], [97.95918367346938, 98.50220264317181, 19.864341085271317, 95.44554455445545, 95.51934826883911, 91.92825112107623, 97.39039665970772, 95.03891050583658, 94.45585215605749, 93.75619425173439], [98.26530612244898, 98.6784140969163, 91.95736434108527, 95.24752475247524, 95.62118126272912, 92.71300448430493, 96.97286012526096, 93.8715953307393, 95.58521560574948, 93.65708622398414], [97.85714285714286, 98.50220264317181, 74.51550387596899, 95.34653465346534, 96.13034623217922, 92.60089686098655, 97.28601252609603, 95.13618677042801, 94.04517453798768, 93.45887016848364]],