{"config": {"DATASET": "mnist", "TOTAL_CLIENTS": 100, "CLIENT_FRAC": 0.2, "POISON_FRAC": 0.1, "CREATE_DATASET": false, "RANDOM_DATA": true, "CLASS_RATIO": 10, "MODEL": "nnet", "LEARNING_RATE": 0.001, "BATCH_SIZE": 32, "LOCAL_EPOCHS": 10, "OPTIMIZER": "adam", "FED_ROUNDS": 30, "TEST_EVERY": 1, "RANDOM_PROCESS": false, "COS_DEFENCE": true, "SEL_METHOD": 1, "REDUCE_LR": 1, "COLLAB_MODE": true, "COLLAB_ALL": true, "CONSIDER_LAYERS": "l1", "GRAD_AGG": true, "FEATURE_FINDING_ALGO": "auror", "GRAD_COLLECTION_START": 0, "GRAD_COLLECT_FOR": -1, "CLUSTER_SEP": 0.02, "ALPHA": 0.8, "BETA": 0.8, "GAMMA": 0.1, "TRUST_INC": 2, "TRUST_CUT_METHOD": 1, "HONEST_PARDON_FACTOR": 0.8, "LOG_LEVEL": "INFO", "JSON_RESULTS": true}, "mean_poison_class_acc": 79.90697674418605, "mean_attack_srate": 3.1821705426356584, "total_accuracies": [50.1, 71.15, 81.88, 86.52, 88.43, 88.92, 90.17, 89.33, 91.65, 89.74, 91.12, 93.02, 89.92, 93.23, 90.89, 93.03, 93.85, 92.33, 94.32, 89.64, 94.14, 94.34, 94.86, 95.01, 92.33, 94.72, 94.68, 95.03, 94.14, 94.47], "class_accuracies": [[99.38775510204081, 93.83259911894272, 1.3565891472868217, 57.42574257425743, 66.90427698574338, 21.63677130044843, 28.079331941544886, 48.34630350194553, 31.62217659137577, 44.89593657086224], [96.73469387755102, 98.6784140969163, 45.93023255813954, 92.57425742574257, 75.86558044806517, 65.02242152466367, 82.4634655532359, 86.67315175097276, 35.318275154004105, 28.543111992071356], [95.91836734693878, 98.50220264317181, 54.457364341085274, 89.60396039603961, 85.23421588594705, 72.86995515695067, 89.35281837160751, 92.12062256809338, 72.48459958932239, 66.10505450941527], [97.14285714285714, 97.3568281938326, 74.51550387596899, 86.73267326732673, 85.13238289205702, 86.99551569506727, 90.7098121085595, 90.1750972762646, 73.81930184804928, 81.56590683845391], [97.55102040816327, 97.3568281938326, 76.25968992248062, 89.5049504950495, 92.36252545824847, 83.29596412556054, 91.64926931106471, 91.73151750972762, 81.62217659137578, 81.76412289395441], [97.44897959183673, 97.97356828193833, 78.58527131782945, 89.5049504950495, 87.06720977596741, 82.51121076233184, 92.48434237995825, 91.82879377431907, 81.93018480492813, 88.30525272547077], [97.95918367346938, 97.97356828193833, 82.07364341085271, 91.48514851485149, 90.52953156822811, 85.08968609865471, 94.1544885177453, 90.1750972762646, 81.21149897330595, 89.79187314172448], [97.95918367346938, 97.79735682819383, 72.28682170542636, 89.10891089108911, 91.5478615071283, 90.91928251121077, 90.81419624217119, 91.92607003891051, 81.41683778234086, 89.09811694747275], [97.55102040816327, 97.5330396475771, 85.94961240310077, 89.70297029702971, 90.32586558044807, 89.68609865470852, 93.42379958246346, 90.6614785992218, 88.39835728952772, 92.56689791873141], [98.57142857142857, 99.11894273127753, 64.92248062015504, 92.07920792079207, 90.32586558044807, 89.46188340807174, 92.69311064718163, 92.70428015564202, 84.70225872689939, 92.36868186323092], [97.75510204081633, 98.76651982378854, 75.3875968992248, 93.56435643564356, 92.26069246435846, 89.01345291479821, 94.46764091858037, 93.48249027237354, 83.26488706365502, 92.46778989098117], [98.16326530612245, 98.06167400881057, 86.33720930232558, 91.98019801980197, 93.38085539714868, 90.80717488789237, 95.4070981210856, 91.82879377431907, 90.34907597535934, 93.3597621407334], [98.87755102040816, 99.03083700440529, 59.689922480620154, 93.26732673267327, 94.70468431771894, 90.91928251121077, 92.27557411273486, 92.21789883268482, 85.42094455852155, 92.76511397423191], [98.57142857142857, 98.59030837004406, 86.14341085271317, 92.97029702970298, 94.70468431771894, 93.38565022421524, 94.258872651357, 91.73151750972762, 89.73305954825462, 91.87314172447968], [98.36734693877551, 98.32599118942731, 65.31007751937985, 93.76237623762377, 95.010183299389, 92.9372197309417, 92.06680584551148, 92.60700389105058, 86.85831622176592, 93.75619425173439], [97.75510204081633, 98.23788546255507, 80.42635658914729, 92.77227722772277, 94.60285132382892, 92.48878923766816, 95.82463465553236, 93.57976653696498, 91.06776180698152, 93.3597621407334], [98.36734693877551, 98.41409691629956, 88.95348837209302, 91.88118811881188, 93.9918533604888, 94.28251121076234, 95.51148225469728, 92.70428015564202, 89.93839835728953, 94.15262636273538], [98.57142857142857, 98.76651982378854, 73.74031007751938, 95.64356435643565, 93.27902240325865, 90.91928251121077, 94.88517745302714, 93.28793774319067, 89.42505133470226, 94.44995044598612], [97.65306122448979, 98.59030837004406, 92.05426356589147, 93.86138613861387, 95.92668024439918, 91.3677130044843, 96.03340292275574, 92.80155642023347, 91.88911704312115, 92.36868186323092], [98.6734693877551, 98.23788546255507, 48.83720930232558, 94.15841584158416, 93.89002036659878, 93.38565022421524, 93.84133611691023, 92.31517509727627, 88.70636550308008, 95.14370664023787], [98.6734693877551, 98.6784140969163, 85.85271317829458, 93.46534653465346, 94.5010183299389, 92.48878923766816, 95.92901878914405, 94.8443579766537, 92.40246406570841, 94.15262636273538], [98.57142857142857, 98.76651982378854, 87.5, 93.96039603960396, 94.80651731160896, 92.9372197309417, 96.76409185803757, 93.96887159533074, 91.68377823408625, 94.05351833498513], [98.46938775510205, 98.94273127753304, 92.53875968992249, 95.14851485148515, 96.02851323828921, 93.49775784753363, 96.76409185803757, 93.8715953307393, 90.96509240246407, 91.87314172447968], [98.46938775510205, 98.76651982378854, 90.69767441860465, 94.65346534653466, 95.11201629327903, 94.05829596412556, 96.45093945720251, 93.77431906614785, 94.14784394250513, 93.65708622398414], [98.26530612244898, 98.76651982378854, 66.95736434108527, 96.13861386138613, 95.11201629327903, 92.152466367713, 96.13778705636743, 94.06614785992218, 91.17043121149898, 94.64816650148661], [98.6734693877551, 98.76651982378854, 88.37209302325581, 94.05940594059406, 95.92668024439918, 94.61883408071749, 95.82463465553236, 94.3579766536965, 92.40246406570841, 93.95441030723488], [98.6734693877551, 98.50220264317181, 86.43410852713178, 95.24752475247524, 96.23217922606925, 93.16143497757848, 96.45093945720251, 93.96887159533074, 94.04517453798768, 93.85530227948463], [98.16326530612245, 98.76651982378854, 91.66666666666667, 95.84158415841584, 95.72301425661914, 93.49775784753363, 96.45093945720251, 94.06614785992218, 90.96509240246407, 94.64816650148661], [97.95918367346938, 98.8546255506608, 80.9108527131783, 93.56435643564356, 97.14867617107943, 94.95515695067265, 95.92901878914405, 95.62256809338521, 92.50513347022587, 93.95441030723488], [98.46938775510205, 98.94273127753304, 86.04651162790698, 94.85148514851485, 95.11201629327903, 93.83408071748879, 94.88517745302714, 94.55252918287938, 93.42915811088295, 94.25173439048562]],