{"config": {"DATASET": "mnist", "TOTAL_CLIENTS": 100, "CLIENT_FRAC": 0.1, "POISON_FRAC": 0.1, "CREATE_DATASET": true, "RANDOM_DATA": true, "CLASS_RATIO": 10, "MODEL": "nnet", "LEARNING_RATE": 0.001, "BATCH_SIZE": 32, "LOCAL_EPOCHS": 3, "OPTIMIZER": "adam", "FED_ROUNDS": 30, "TEST_EVERY": 1, "RANDOM_PROCESS": true, "COS_DEFENCE": true, "SEL_METHOD": 1, "REDUCE_LR": 1, "COLLAB_MODE": true, "COLLAB_ALL": true, "CONSIDER_LAYERS": "l1", "GRAD_AGG": true, "FEATURE_FINDING_ALGO": "auror", "GRAD_COLLECTION_START": 0, "GRAD_COLLECT_FOR": -1, "CLUSTER_SEP": 0.01, "ALPHA": 0.8, "BETA": 0.8, "GAMMA": 0.1, "TRUST_INC": 2, "TRUST_CUT_METHOD": 2, "HONEST_PARDON_FACTOR": 0.99, "LOG_LEVEL": "INFO", "JSON_RESULTS": true}, "mean_poison_class_acc": 81.84108527131782, "mean_attack_srate": 3.047480620155039, "total_accuracies": [18.92, 36.2, 39.11, 48.37, 55.05, 62.15, 74.77, 75.9, 78.84, 81.21, 82.13, 85.15, 83.7, 85.88, 86.81, 88.17, 88.17, 88.59, 88.6, 87.71, 89.91, 89.58, 90.2, 90.43, 90.78, 90.11, 90.97, 91.44, 91.8, 91.65], "class_accuracies": [[0.0, 0.0, 5.329457364341085, 48.21782178217822, 66.70061099796334, 0.0, 0.10438413361169102, 0.0, 29.97946611909651, 39.841427155599604], [95.0, 99.11894273127753, 0.0, 89.5049504950495, 0.0, 0.0, 68.89352818371607, 0.0, 0.0, 0.0], [99.18367346938776, 98.32599118942731, 8.333333333333334, 82.87128712871286, 0.0, 0.0, 5.6367432150313155, 0.0, 0.0, 83.84539147670961], [98.06122448979592, 96.2114537444934, 60.46511627906977, 94.75247524752476, 2.545824847250509, 0.672645739910314, 63.77870563674322, 11.673151750972762, 0.0, 43.70664023785927], [95.61224489795919, 98.06167400881057, 60.75581395348837, 84.85148514851485, 94.09368635437882, 68.16143497757848, 40.18789144050104, 1.0700389105058365, 0.0, 4.261645193260654], [93.16326530612245, 98.23788546255507, 43.701550387596896, 87.42574257425743, 39.91853360488798, 55.26905829596413, 94.57202505219206, 32.490272373540854, 0.0, 72.15064420218037], [91.53061224489795, 98.23788546255507, 70.54263565891473, 81.38613861386139, 76.06924643584522, 72.08520179372198, 90.18789144050105, 82.19844357976653, 25.975359342915812, 55.79781962338949], [92.14285714285714, 96.56387665198238, 74.32170542635659, 79.70297029702971, 44.39918533604888, 79.48430493273543, 93.1106471816284, 64.98054474708171, 42.60780287474333, 89.09811694747275], [92.44897959183673, 97.3568281938326, 65.40697674418605, 77.62376237623762, 87.16904276985743, 66.59192825112108, 94.46764091858037, 84.04669260700389, 80.08213552361396, 41.12983151635282], [96.22448979591837, 96.91629955947137, 78.19767441860465, 79.00990099009901, 54.989816700611, 78.47533632286995, 92.90187891440502, 77.62645914396887, 63.96303901437371, 91.37760158572844], [94.6938775510204, 95.15418502202643, 76.84108527131782, 79.8019801980198, 93.17718940936864, 71.30044843049328, 92.69311064718163, 89.00778210116732, 84.70225872689939, 42.319127849355795], [95.3061224489796, 97.5330396475771, 85.75581395348837, 83.76237623762377, 74.13441955193483, 78.25112107623319, 93.21503131524008, 88.52140077821012, 68.17248459958932, 84.2418235877106], [97.75510204081633, 96.47577092511013, 59.786821705426355, 84.05940594059406, 86.35437881873727, 82.73542600896862, 90.08350730688936, 87.15953307392996, 70.12320328542094, 81.56590683845391], [97.24489795918367, 96.65198237885463, 76.06589147286822, 83.46534653465346, 94.60285132382892, 84.97757847533633, 91.23173277661796, 87.15953307392996, 75.564681724846, 71.06045589692765], [96.93877551020408, 94.7136563876652, 84.78682170542636, 78.7128712871287, 95.92668024439918, 87.4439461883408, 91.44050104384134, 87.93774319066148, 81.3141683778234, 68.58275520317146], [96.12244897959184, 95.59471365638767, 85.85271317829458, 86.73267326732673, 91.85336048879837, 78.9237668161435, 93.0062630480167, 84.24124513618678, 85.21560574948666, 82.75520317145688], [97.34693877551021, 97.44493392070484, 78.58527131782945, 84.95049504950495, 92.66802443991854, 85.98654708520179, 93.21503131524008, 86.47859922178988, 79.67145790554414, 84.53914767096134], [97.24489795918367, 96.2114537444934, 80.23255813953489, 86.63366336633663, 92.4643584521385, 84.75336322869956, 93.52818371607516, 87.35408560311284, 82.23819301848049, 84.4400396432111], [97.85714285714286, 95.94713656387665, 78.77906976744185, 85.74257425742574, 88.90020366598777, 85.87443946188341, 91.7536534446764, 87.45136186770428, 83.47022587268994, 89.49454905847374], [97.24489795918367, 96.47577092511013, 68.7984496124031, 87.42574257425743, 90.32586558044807, 87.33183856502242, 91.23173277661796, 88.81322957198444, 80.18480492813141, 88.800792864222], [97.14285714285714, 95.33039647577093, 90.69767441860465, 82.87128712871286, 94.39918533604887, 88.2286995515695, 91.44050104384134, 89.39688715953308, 86.652977412731, 82.3587710604559], [97.75510204081633, 97.26872246696036, 80.52325581395348, 85.54455445544555, 92.66802443991854, 87.5560538116592, 92.79749478079331, 91.43968871595331, 83.36755646817248, 86.12487611496532], [98.16326530612245, 95.77092511013215, 87.20930232558139, 87.92079207920793, 94.29735234215886, 85.87443946188341, 92.48434237995825, 88.81322957198444, 83.47022587268994, 87.1159563924678], [97.55102040816327, 94.44933920704845, 86.7248062015504, 88.11881188118812, 91.95519348268839, 86.32286995515695, 93.63256784968685, 88.42412451361868, 88.39835728952772, 88.20614469772052], [97.95918367346938, 96.47577092511013, 86.04651162790698, 85.44554455445545, 94.60285132382892, 88.11659192825113, 94.78079331941545, 88.91050583657588, 87.67967145790554, 87.31417244796829], [98.57142857142857, 96.82819383259911, 78.68217054263566, 86.63366336633663, 91.5478615071283, 87.4439461883408, 94.57202505219206, 89.00778210116732, 84.90759753593429, 92.36868186323092], [97.85714285714286, 95.94713656387665, 83.43023255813954, 90.29702970297029, 92.4643584521385, 87.5560538116592, 93.31941544885177, 88.2295719844358, 88.39835728952772, 91.67492566897918], [97.65306122448979, 97.09251101321586, 89.34108527131782, 85.64356435643565, 94.5010183299389, 89.91031390134529, 93.84133611691023, 90.75875486381322, 89.42505133470226, 85.72844400396433], [98.06122448979592, 97.5330396475771, 88.56589147286822, 91.08910891089108, 92.4643584521385, 85.20179372197309, 94.46764091858037, 92.21789883268482, 85.62628336755647, 91.47670961347869], [97.55102040816327, 96.74008810572687, 90.11627906976744, 87.02970297029702, 95.62118126272912, 88.90134529147981, 94.258872651357, 90.1750972762646, 90.55441478439425, 85.0346878097126]],