{"config": {"DATASET": "mnist", "TOTAL_CLIENTS": 100, "CLIENT_FRAC": 0.1, "POISON_FRAC": 0.2, "CREATE_DATASET": true, "RANDOM_DATA": true, "CLASS_RATIO": 10, "MODEL": "nnet", "LEARNING_RATE": 0.001, "BATCH_SIZE": 32, "LOCAL_EPOCHS": 10, "OPTIMIZER": "adam", "FED_ROUNDS": 30, "TEST_EVERY": 1, "RANDOM_PROCESS": false, "COS_DEFENCE": false, "SEL_METHOD": 1, "REDUCE_LR": 1, "COLLAB_MODE": true, "COLLAB_ALL": true, "CONSIDER_LAYERS": "l1", "GRAD_AGG": true, "FEATURE_FINDING_ALGO": "auror", "GRAD_COLLECTION_START": 0, "GRAD_COLLECT_FOR": -1, "CLUSTER_SEP": 0.005, "ALPHA": 0.8, "BETA": 0.8, "GAMMA": 0.1, "TRUST_INC": 2, "TRUST_CUT_METHOD": 1, "HONEST_PARDON_FACTOR": 0.8, "LOG_LEVEL": "INFO", "JSON_RESULTS": true}, "mean_poison_class_acc": 72.23837209302324, "mean_attack_srate": 3.270348837209302, "total_accuracies": [43.31, 73.84, 84.74, 87.26, 86.6, 88.9, 88.9, 90.36, 90.39, 91.84, 91.46, 87.5, 92.47, 93.26, 93.44, 93.56, 92.7, 91.16, 93.41, 91.42, 94.22, 87.07, 94.34, 86.89, 94.58, 94.93, 92.82, 95.05, 94.38, 92.42], "class_accuracies": [[99.08163265306122, 99.64757709251101, 6.007751937984496, 27.02970297029703, 7.535641547861507, 13.789237668161435, 40.50104384133612, 82.29571984435798, 42.40246406570842, 4.955401387512389], [97.24489795918367, 97.62114537444934, 28.585271317829456, 83.36633663366337, 94.70468431771894, 71.30044843049328, 91.8580375782881, 84.92217898832685, 63.75770020533881, 24.380574826560952], [96.83673469387755, 97.00440528634361, 64.82558139534883, 85.04950495049505, 91.24236252545825, 76.79372197309416, 92.06680584551148, 87.2568093385214, 74.84599589322382, 79.98017839444995], [95.81632653061224, 96.38766519823788, 76.93798449612403, 89.5049504950495, 92.26069246435846, 73.76681614349776, 95.09394572025052, 89.39688715953308, 81.00616016427105, 80.47571853320119], [96.73469387755102, 96.47577092511013, 58.52713178294574, 85.04950495049505, 93.48268839103869, 84.19282511210763, 92.90187891440502, 89.10505836575875, 84.70225872689939, 84.63825569871159], [97.14285714285714, 97.97356828193833, 74.8062015503876, 90.1980198019802, 92.56619144602851, 82.28699551569507, 94.36325678496868, 91.34241245136187, 80.49281314168378, 86.52130822596631], [96.93877551020408, 97.97356828193833, 76.16279069767442, 89.70297029702971, 97.04684317718942, 84.19282511210763, 95.19832985386222, 89.88326848249027, 82.23819301848049, 78.79088206144698], [97.95918367346938, 96.82819383259911, 77.81007751937985, 92.57425742574257, 94.70468431771894, 87.66816143497758, 93.1106471816284, 91.43968871595331, 82.34086242299794, 88.50346878097126], [97.55102040816327, 97.18061674008811, 75.7751937984496, 90.5940594059406, 95.72301425661914, 87.5560538116592, 94.57202505219206, 92.02334630350195, 84.08624229979466, 88.30525272547077], [98.26530612244898, 96.82819383259911, 84.10852713178295, 90.6930693069307, 95.72301425661914, 87.33183856502242, 96.03340292275574, 91.82879377431907, 87.57700205338809, 89.39544103072349], [97.85714285714286, 97.62114537444934, 80.52325581395348, 94.25742574257426, 93.17718940936864, 88.78923766816143, 93.63256784968685, 90.6614785992218, 82.85420944558521, 94.44995044598612], [97.75510204081633, 97.5330396475771, 41.18217054263566, 92.67326732673267, 96.5376782077393, 90.24663677130044, 93.21503131524008, 93.28793774319067, 85.1129363449692, 88.20614469772052], [97.55102040816327, 97.44493392070484, 82.84883720930233, 90.6930693069307, 96.02851323828921, 91.4798206278027, 96.03340292275574, 92.31517509727627, 89.3223819301848, 90.78295341922696], [98.36734693877551, 98.41409691629956, 88.37209302325581, 94.15841584158416, 95.41751527494908, 88.45291479820628, 95.92901878914405, 93.67704280155642, 88.91170431211499, 89.99008919722498], [98.46938775510205, 97.70925110132158, 87.6937984496124, 94.15841584158416, 96.74134419551935, 92.26457399103138, 94.88517745302714, 92.8988326848249, 88.60369609856262, 90.58473736372646], [98.46938775510205, 97.5330396475771, 86.62790697674419, 93.66336633663366, 95.11201629327903, 94.05829596412556, 94.36325678496868, 93.3852140077821, 90.24640657084188, 91.97224975222993], [97.65306122448979, 98.8546255506608, 78.10077519379846, 95.14851485148515, 95.72301425661914, 91.4798206278027, 95.61586638830897, 93.3852140077821, 88.09034907597535, 92.56689791873141], [98.16326530612245, 97.62114537444934, 60.07751937984496, 96.03960396039604, 94.70468431771894, 91.81614349775785, 94.78079331941545, 93.67704280155642, 91.9917864476386, 93.1615460852329], [98.26530612244898, 98.14977973568281, 82.07364341085271, 93.46534653465346, 95.72301425661914, 94.61883408071749, 95.72025052192066, 92.21789883268482, 92.60780287474333, 91.37760158572844], [97.95918367346938, 97.70925110132158, 60.27131782945737, 96.53465346534654, 95.72301425661914, 91.3677130044843, 96.34655532359082, 94.06614785992218, 92.40246406570841, 92.26957383548067], [98.6734693877551, 97.97356828193833, 89.82558139534883, 94.45544554455445, 95.31568228105907, 90.35874439461884, 95.19832985386222, 93.19066147859922, 95.07186858316221, 91.57581764122894], [98.06122448979592, 97.70925110132158, 18.12015503875969, 95.74257425742574, 96.23217922606925, 91.81614349775785, 94.57202505219206, 94.64980544747081, 91.27310061601642, 94.25173439048562], [97.44897959183673, 98.23788546255507, 86.53100775193798, 94.05940594059406, 96.02851323828921, 93.27354260089686, 95.61586638830897, 95.91439688715953, 94.25051334702259, 91.77403369672943], [97.44897959183673, 98.59030837004406, 15.213178294573643, 96.53465346534654, 96.94501018329939, 91.25560538116592, 95.92901878914405, 94.26070038910505, 93.01848049281314, 91.47670961347869], [97.75510204081633, 98.41409691629956, 88.56589147286822, 94.95049504950495, 95.62118126272912, 94.05829596412556, 95.92901878914405, 94.74708171206225, 92.19712525667352, 93.26065411298315], [98.26530612244898, 98.8546255506608, 89.53488372093024, 94.75247524752476, 97.04684317718942, 93.16143497757848, 96.24217118997912, 96.01167315175097, 92.81314168377824, 92.17046580773042], [97.95918367346938, 98.14977973568281, 68.8953488372093, 95.84158415841584, 96.13034623217922, 92.9372197309417, 96.34655532359082, 94.94163424124514, 93.94250513347022, 93.3597621407334], [98.16326530612245, 98.8546255506608, 90.60077519379846, 96.13861386138613, 95.62118126272912, 93.72197309417041, 95.61586638830897, 94.94163424124514, 94.35318275154005, 92.07135777998018], [98.46938775510205, 98.8546255506608, 84.39922480620154, 94.45544554455445, 96.13034623217922, 94.5067264573991, 95.19832985386222, 96.10894941634241, 92.60780287474333, 92.86422200198216], [98.26530612244898, 98.41409691629956, 65.31007751937985, 96.13861386138613, 95.11201629327903, 93.60986547085201, 94.05010438413362, 96.49805447470817, 92.91581108829568, 94.15262636273538]],