{"config": {"DATASET": "mnist", "TOTAL_CLIENTS": 100, "CLIENT_FRAC": 0.2, "POISON_FRAC": 0.1, "CREATE_DATASET": true, "RANDOM_DATA": true, "CLASS_RATIO": 10, "MODEL": "nnet", "LEARNING_RATE": 0.001, "BATCH_SIZE": 32, "LOCAL_EPOCHS": 10, "OPTIMIZER": "adam", "FED_ROUNDS": 30, "TEST_EVERY": 1, "RANDOM_PROCESS": false, "COS_DEFENCE": false, "SEL_METHOD": 1, "REDUCE_LR": 1, "COLLAB_MODE": true, "COLLAB_ALL": true, "CONSIDER_LAYERS": "l1", "GRAD_AGG": true, "FEATURE_FINDING_ALGO": "auror", "GRAD_COLLECTION_START": 0, "GRAD_COLLECT_FOR": -1, "CLUSTER_SEP": 0.002, "ALPHA": 0.8, "BETA": 0.8, "GAMMA": 0.1, "TRUST_INC": 2, "TRUST_CUT_METHOD": 1, "HONEST_PARDON_FACTOR": 0.7, "LOG_LEVEL": "INFO", "JSON_RESULTS": true}, "mean_poison_class_acc": 85.01550387596899, "mean_attack_srate": 3.0038759689922485, "total_accuracies": [52.01, 72.91, 84.19, 87.26, 88.56, 89.16, 89.9, 90.41, 91.35, 92.43, 92.9, 91.98, 91.55, 91.9, 93.94, 94.61, 94.0, 94.38, 94.2, 93.37, 94.66, 93.58, 95.29, 95.41, 94.59, 94.91, 95.31, 95.07, 94.51, 95.54], "class_accuracies": [[97.34693877551021, 99.8237885462555, 6.007751937984496, 52.475247524752476, 71.38492871690428, 30.044843049327355, 21.085594989561585, 75.58365758754864, 58.93223819301848, 0.0], [98.06122448979592, 98.50220264317181, 38.95348837209303, 79.70297029702971, 92.4643584521385, 79.37219730941705, 86.63883089770354, 86.96498054474708, 42.91581108829569, 24.4796828543112], [97.04081632653062, 97.62114537444934, 77.32558139534883, 79.70297029702971, 93.89002036659878, 81.05381165919283, 93.21503131524008, 90.36964980544747, 75.87268993839835, 54.60852329038652], [97.14285714285714, 97.5330396475771, 81.4922480620155, 85.44554455445545, 90.73319755600815, 87.10762331838565, 91.54488517745303, 89.00778210116732, 73.20328542094455, 78.29534192269574], [97.34693877551021, 97.70925110132158, 80.13565891472868, 88.91089108910892, 94.60285132382892, 82.73542600896862, 93.0062630480167, 90.95330739299611, 79.26078028747433, 79.58374628344896], [97.55102040816327, 96.65198237885463, 77.42248062015504, 88.31683168316832, 95.21384928716904, 83.18385650224215, 92.79749478079331, 90.36964980544747, 83.9835728952772, 85.13379583746284], [98.16326530612245, 98.6784140969163, 78.00387596899225, 91.08910891089108, 94.80651731160896, 88.11659192825113, 91.7536534446764, 90.85603112840467, 82.03285420944559, 84.63825569871159], [98.26530612244898, 97.88546255506608, 80.23255813953489, 90.89108910891089, 95.92668024439918, 87.33183856502242, 91.44050104384134, 90.95330739299611, 83.5728952772074, 86.7195242814668], [97.85714285714286, 97.09251101321586, 81.87984496124031, 87.82178217821782, 94.80651731160896, 89.34977578475336, 94.88517745302714, 89.6887159533074, 89.11704312114989, 90.68384539147671], [98.36734693877551, 97.5330396475771, 88.0813953488372, 92.37623762376238, 95.72301425661914, 88.45291479820628, 94.258872651357, 91.53696498054475, 88.50102669404518, 88.70168483647176], [98.06122448979592, 98.06167400881057, 88.37209302325581, 92.57425742574257, 95.92668024439918, 89.68609865470852, 95.61586638830897, 91.82879377431907, 88.19301848049281, 89.99008919722498], [98.06122448979592, 98.59030837004406, 78.48837209302326, 93.86138613861387, 96.84317718940937, 90.02242152466367, 95.30271398747391, 91.82879377431907, 87.26899383983573, 89.09811694747275], [98.16326530612245, 98.32599118942731, 71.80232558139535, 93.16831683168317, 96.13034623217922, 91.4798206278027, 95.4070981210856, 92.80155642023347, 87.88501026694045, 90.28741328047572], [98.06122448979592, 98.32599118942731, 71.99612403100775, 92.37623762376238, 95.82484725050917, 91.03139013452915, 94.258872651357, 94.26070038910505, 91.37577002053388, 91.37760158572844], [98.06122448979592, 98.14977973568281, 90.31007751937985, 94.45544554455445, 95.92668024439918, 92.04035874439462, 95.92901878914405, 92.99610894941634, 90.4517453798768, 90.58473736372646], [97.95918367346938, 98.50220264317181, 92.34496124031008, 92.77227722772277, 94.60285132382892, 92.9372197309417, 96.03340292275574, 94.64980544747081, 92.09445585215606, 93.65708622398414], [98.06122448979592, 98.50220264317181, 86.62790697674419, 95.34653465346534, 95.41751527494908, 89.91031390134529, 96.76409185803757, 93.96887159533074, 91.37577002053388, 93.3597621407334], [97.95918367346938, 98.76651982378854, 90.31007751937985, 92.97029702970298, 95.82484725050917, 92.152466367713, 96.34655532359082, 94.06614785992218, 91.27310061601642, 93.55797819623389], [98.36734693877551, 98.41409691629956, 86.82170542635659, 92.87128712871286, 95.72301425661914, 93.27354260089686, 96.24217118997912, 94.16342412451363, 92.81314168377824, 93.06243805748265], [97.95918367346938, 98.76651982378854, 79.16666666666667, 92.97029702970298, 95.82484725050917, 92.82511210762331, 96.13778705636743, 94.3579766536965, 92.50513347022587, 93.06243805748265], [98.6734693877551, 98.59030837004406, 89.05038759689923, 93.76237623762377, 96.23217922606925, 93.72197309417041, 95.92901878914405, 94.64980544747081, 93.1211498973306, 92.56689791873141], [98.46938775510205, 98.8546255506608, 78.87596899224806, 93.56435643564356, 96.02851323828921, 94.61883408071749, 94.67640918580376, 94.64980544747081, 92.29979466119096, 93.75619425173439], [98.16326530612245, 98.8546255506608, 92.82945736434108, 94.15841584158416, 95.82484725050917, 93.94618834080717, 96.45093945720251, 95.3307392996109, 93.32648870636551, 93.55797819623389], [98.6734693877551, 98.8546255506608, 93.12015503875969, 95.44554455445545, 95.82484725050917, 93.04932735426009, 96.65970772442589, 94.55252918287938, 93.94250513347022, 93.45887016848364], [98.26530612244898, 98.8546255506608, 85.65891472868218, 95.14851485148515, 96.33401221995926, 93.94618834080717, 95.72025052192066, 93.8715953307393, 93.73716632443532, 94.15262636273538], [98.16326530612245, 98.76651982378854, 88.75968992248062, 94.25742574257426, 96.33401221995926, 95.85201793721973, 95.72025052192066, 94.45525291828794, 92.91581108829568, 93.75619425173439], [98.77551020408163, 98.59030837004406, 91.08527131782945, 96.03960396039604, 96.33401221995926, 94.05829596412556, 96.13778705636743, 95.3307392996109, 93.22381930184805, 93.1615460852329], [98.46938775510205, 98.59030837004406, 88.95348837209302, 95.94059405940594, 95.62118126272912, 92.9372197309417, 96.97286012526096, 94.74708171206225, 94.14784394250513, 93.95441030723488], [98.57142857142857, 98.59030837004406, 83.52713178294573, 95.84158415841584, 95.82484725050917, 93.04932735426009, 96.45093945720251, 94.3579766536965, 94.45585215605749, 94.25173439048562], [98.16326530612245, 98.50220264317181, 91.66666666666667, 96.43564356435644, 96.02851323828921, 92.60089686098655, 96.76409185803757, 95.8171206225681, 94.6611909650924, 94.25173439048562]],