{"config": {"DATASET": "mnist", "TOTAL_CLIENTS": 100, "CLIENT_FRAC": 0.1, "POISON_FRAC": 0.4, "CREATE_DATASET": true, "RANDOM_DATA": true, "CLASS_RATIO": 10, "MODEL": "nnet", "LEARNING_RATE": 0.001, "BATCH_SIZE": 32, "LOCAL_EPOCHS": 10, "OPTIMIZER": "adam", "FED_ROUNDS": 30, "TEST_EVERY": 1, "RANDOM_PROCESS": false, "COS_DEFENCE": false, "SEL_METHOD": 1, "REDUCE_LR": 1, "COLLAB_MODE": true, "COLLAB_ALL": true, "CONSIDER_LAYERS": "l1", "GRAD_AGG": true, "FEATURE_FINDING_ALGO": "auror", "GRAD_COLLECTION_START": 0, "GRAD_COLLECT_FOR": -1, "CLUSTER_SEP": 0.005, "ALPHA": 0.8, "BETA": 0.8, "GAMMA": 0.1, "TRUST_INC": 2, "TRUST_CUT_METHOD": 1, "HONEST_PARDON_FACTOR": 0.7, "LOG_LEVEL": "INFO", "JSON_RESULTS": true}, "mean_poison_class_acc": 69.08914728682171, "mean_attack_srate": 3.6240310077519373, "total_accuracies": [44.69, 68.84, 77.29, 79.73, 86.98, 89.26, 88.42, 87.31, 85.4, 89.32, 83.9, 92.11, 92.44, 91.71, 92.94, 84.56, 93.56, 87.22, 94.22, 93.47, 93.82, 94.62, 94.93, 94.45, 93.39, 86.07, 94.64, 93.94, 94.35, 93.34], "class_accuracies": [[98.87755102040816, 99.8237885462555, 0.0, 27.92079207920792, 12.627291242362526, 7.511210762331839, 36.32567849686848, 88.13229571984436, 48.562628336755644, 16.55104063429138], [96.73469387755102, 97.5330396475771, 0.0, 77.02970297029702, 97.25050916496944, 76.68161434977578, 87.68267223382045, 81.1284046692607, 60.780287474332646, 14.469772051536175], [95.91836734693878, 96.74008810572687, 0.0, 82.67326732673267, 92.05702647657841, 80.71748878923766, 91.54488517745303, 85.70038910505836, 70.63655030800821, 77.89890981169475], [96.83673469387755, 95.94713656387665, 7.558139534883721, 86.93069306930693, 92.4643584521385, 77.3542600896861, 95.4070981210856, 87.35408560311284, 84.39425051334702, 74.03369672943508], [97.34693877551021, 96.29955947136564, 65.89147286821705, 85.44554455445545, 93.89002036659878, 81.83856502242152, 92.37995824634656, 88.52140077821012, 87.06365503080082, 80.57482656095144], [97.04081632653062, 97.88546255506608, 79.65116279069767, 89.00990099009901, 91.14052953156823, 83.18385650224215, 94.78079331941545, 90.75875486381322, 81.51950718685832, 86.32309217046581], [97.34693877551021, 98.14977973568281, 68.7984496124031, 88.91089108910892, 95.92668024439918, 85.98654708520179, 94.78079331941545, 89.29961089494164, 81.10882956878851, 83.34985133795837], [97.85714285714286, 96.91629955947137, 51.74418604651163, 91.88118811881188, 93.58452138492872, 88.56502242152466, 92.69311064718163, 91.24513618677042, 81.10882956878851, 87.71060455896928], [97.14285714285714, 97.00440528634361, 29.55426356589147, 88.61386138613861, 95.51934826883911, 89.34977578475336, 94.78079331941545, 90.75875486381322, 85.62628336755647, 86.9177403369673], [97.65306122448979, 97.88546255506608, 60.94961240310077, 90.6930693069307, 95.010183299389, 88.11659192825113, 96.65970772442589, 93.09338521400778, 86.55030800821355, 86.62041625371656], [97.65306122448979, 97.62114537444934, 9.883720930232558, 90.4950495049505, 91.14052953156823, 92.37668161434978, 93.84133611691023, 88.42412451361868, 85.62628336755647, 93.95441030723488], [98.06122448979592, 97.88546255506608, 83.43023255813954, 90.99009900990099, 95.21384928716904, 90.91928251121077, 95.92901878914405, 91.82879377431907, 88.29568788501027, 88.20614469772052], [97.55102040816327, 98.14977973568281, 82.55813953488372, 90.0, 96.13034623217922, 91.14349775784753, 96.24217118997912, 93.67704280155642, 88.39835728952772, 90.18830525272547], [97.85714285714286, 98.59030837004406, 74.70930232558139, 94.75247524752476, 94.5010183299389, 88.45291479820628, 96.5553235908142, 93.3852140077821, 86.44763860369609, 91.2784935579782], [97.75510204081633, 98.14977973568281, 84.68992248062015, 94.25742574257426, 97.04684317718942, 92.82511210762331, 95.72025052192066, 92.41245136186771, 89.21971252566735, 87.1159563924678], [97.75510204081633, 97.97356828193833, 0.0, 93.86138613861387, 94.5010183299389, 93.27354260089686, 93.63256784968685, 94.45525291828794, 89.63039014373716, 92.86422200198216], [97.34693877551021, 98.94273127753304, 90.11627906976744, 92.27722772277228, 95.92668024439918, 92.04035874439462, 96.34655532359082, 92.60700389105058, 89.3223819301848, 90.08919722497522], [97.75510204081633, 97.97356828193833, 23.25581395348837, 95.14851485148515, 94.60285132382892, 91.25560538116592, 95.92901878914405, 92.60700389105058, 93.01848049281314, 92.26957383548067], [97.85714285714286, 98.59030837004406, 90.01937984496124, 93.96039603960396, 95.72301425661914, 92.48878923766816, 96.24217118997912, 92.21789883268482, 92.81314168377824, 91.87314172447968], [97.85714285714286, 97.62114537444934, 80.62015503875969, 95.74257425742574, 95.31568228105907, 92.04035874439462, 96.03340292275574, 93.28793774319067, 93.53182751540041, 92.56689791873141], [98.6734693877551, 97.5330396475771, 86.53100775193798, 93.16831683168317, 94.29735234215886, 91.92825112107623, 94.78079331941545, 92.8988326848249, 94.6611909650924, 93.45887016848364], [97.44897959183673, 98.06167400881057, 89.53488372093024, 95.64356435643565, 96.33401221995926, 92.26457399103138, 95.30271398747391, 93.96887159533074, 93.1211498973306, 94.05351833498513], [97.44897959183673, 98.59030837004406, 91.08527131782945, 94.55445544554455, 96.13034623217922, 93.27354260089686, 96.45093945720251, 94.94163424124514, 94.35318275154005, 92.07135777998018], [97.85714285714286, 98.23788546255507, 88.85658914728683, 95.24752475247524, 97.14867617107943, 91.59192825112108, 95.61586638830897, 92.99610894941634, 94.14784394250513, 92.36868186323092], [98.06122448979592, 98.41409691629956, 75.0, 95.54455445544555, 94.90835030549898, 94.39461883408072, 95.72025052192066, 96.01167315175097, 91.88911704312115, 94.05351833498513], [98.46938775510205, 98.23788546255507, 3.391472868217054, 94.95049504950495, 96.13034623217922, 92.71300448430493, 95.30271398747391, 95.3307392996109, 94.14784394250513, 94.35084241823587], [97.85714285714286, 98.06167400881057, 89.53488372093024, 95.94059405940594, 95.82484725050917, 91.4798206278027, 96.34655532359082, 94.3579766536965, 93.22381930184805, 93.26065411298315], [97.95918367346938, 98.14977973568281, 79.65116279069767, 96.03960396039604, 96.13034623217922, 92.71300448430493, 95.61586638830897, 95.8171206225681, 94.45585215605749, 92.76511397423191], [98.36734693877551, 99.11894273127753, 86.04651162790698, 93.36633663366337, 95.31568228105907, 94.28251121076234, 96.45093945720251, 94.55252918287938, 91.88911704312115, 93.85530227948463], [97.85714285714286, 97.97356828193833, 72.86821705426357, 95.74257425742574, 95.82484725050917, 92.9372197309417, 96.24217118997912, 95.23346303501945, 94.45585215605749, 94.44995044598612]],