{"config": {"DATASET": "mnist", "CLIENT_FRAC": 0.2, "POISON_FRAC": 0.0, "CREATE_DATASET": false, "CLASS_RATIO": 10, "MODEL": "nnet", "LEARNING_RATE": 0.001, "BATCH_SIZE": 32, "LOCAL_EPOCHS": 3, "OPTIMIZER": "adam", "FED_ROUNDS": 30, "TEST_EVERY": 1, "RANDOM": true, "COS_DEFENCE": false, "SEL_METHOD": 1, "COLLAB_MODE": true, "COLLAB_ALL": false, "CONSIDER_LAYERS": "l1", "GRAD_AGG": true, "FEATURE_FINDING_ALGO": "auror_plus", "GRAD_COLLECTION_START": 0, "GRAD_COLLECT_FOR": -1, "CLUSTER_SEP": 2.0, "ALPHA": 0.5, "BETA": 0.5, "GAMMA": 0.5, "TRUST_INC": 2, "TRUST_CUT_METHOD": 1, "HONEST_PARDON_FACTOR": 0.99, "LOG_LEVEL": "INFO", "JSON_RESULTS": true}, "mean_poison_class_acc": 84.1124031007752, "mean_attack_srate": 2.9302325581395348, "total_accuracies": [18.24, 30.57, 41.89, 53.7, 64.48, 71.28, 76.7, 80.21, 82.29, 83.43, 84.36, 85.72, 86.64, 86.78, 87.88, 88.38, 88.6, 89.28, 89.32, 89.87, 90.32, 90.52, 90.45, 91.04, 90.94, 91.11, 91.71, 91.36, 91.88, 92.0], "class_accuracies": [[0.40816326530612246, 0.0, 86.62790697674419, 87.02970297029702, 4.786150712830957, 0.0, 0.0, 0.0, 0.0, 0.0], [92.04081632653062, 99.73568281938326, 74.6124031007752, 8.514851485148515, 17.0061099796334, 0.0, 0.0, 0.0, 0.0, 0.0], [98.06122448979592, 99.47136563876651, 27.906976744186046, 47.524752475247524, 69.34826883910387, 0.0, 53.86221294363257, 13.035019455252918, 0.0, 0.0], [97.55102040816327, 99.20704845814979, 65.01937984496124, 78.41584158415841, 89.61303462321793, 0.5605381165919282, 60.96033402922756, 20.233463035019454, 0.8213552361396304, 13.875123885034688], [94.59183673469387, 98.6784140969163, 69.86434108527132, 86.93069306930693, 75.45824847250509, 3.475336322869955, 86.22129436325679, 44.06614785992218, 24.640657084188913, 50.64420218037661], [95.20408163265306, 98.14977973568281, 69.28294573643412, 85.54455445544555, 86.76171079429736, 27.690582959641254, 91.7536534446764, 74.61089494163424, 49.281314168377826, 27.452923686818632], [95.20408163265306, 96.91629955947137, 73.15891472868218, 74.15841584158416, 89.40936863543789, 60.426008968609864, 91.02296450939457, 84.04669260700389, 68.37782340862422, 31.119920713577798], [95.0, 97.5330396475771, 79.55426356589147, 79.00990099009901, 82.68839103869654, 66.81614349775785, 91.44050104384134, 86.86770428015564, 64.47638603696099, 55.4013875123885], [96.0204081632653, 96.56387665198238, 78.87596899224806, 84.15841584158416, 68.43177189409369, 64.34977578475336, 92.17118997912317, 82.39299610894942, 72.8952772073922, 83.44895936570862], [95.81632653061224, 97.3568281938326, 79.16666666666667, 79.9009900990099, 74.74541751527495, 79.14798206278027, 90.6054279749478, 83.56031128404669, 67.65913757700206, 84.14271555996035], [96.3265306122449, 96.0352422907489, 79.84496124031008, 75.54455445544555, 86.45621181262729, 82.73542600896862, 90.81419624217119, 86.7704280155642, 77.82340862422998, 70.16848364717542], [96.93877551020408, 97.00440528634361, 81.2015503875969, 82.27722772277228, 84.11405295315683, 81.16591928251121, 90.29227557411274, 86.96498054474708, 74.12731006160165, 81.36769078295342], [96.53061224489795, 95.94713656387665, 83.13953488372093, 79.8019801980198, 87.9837067209776, 79.7085201793722, 93.0062630480167, 88.42412451361868, 82.75154004106776, 77.70069375619426], [96.83673469387755, 96.38766519823788, 83.72093023255815, 81.08910891089108, 90.42769857433808, 84.19282511210763, 92.37995824634656, 86.18677042801556, 75.25667351129364, 80.17839444995045], [96.63265306122449, 96.0352422907489, 85.07751937984496, 81.58415841584159, 89.71486761710794, 82.51121076233184, 92.37995824634656, 88.32684824902724, 83.88090349075975, 81.46679881070366], [97.65306122448979, 96.29955947136564, 85.46511627906976, 81.78217821782178, 86.86354378818737, 82.73542600896862, 92.58872651356994, 88.03501945525292, 84.49691991786447, 86.62041625371656], [97.04081632653062, 96.74008810572687, 87.40310077519379, 86.43564356435644, 90.73319755600815, 82.39910313901345, 92.90187891440502, 86.57587548638132, 80.18480492813141, 84.14271555996035], [96.83673469387755, 96.56387665198238, 85.85271317829458, 85.74257425742574, 88.39103869653768, 84.86547085201794, 93.42379958246346, 89.29961089494164, 82.75154004106776, 87.90882061446978], [97.24489795918367, 96.38766519823788, 85.07751937984496, 84.35643564356435, 91.95519348268839, 85.08968609865471, 93.94572025052192, 87.84046692607004, 83.77823408624229, 86.62041625371656], [97.44897959183673, 96.65198237885463, 84.98062015503876, 88.51485148514851, 91.0386965376782, 83.5201793721973, 93.52818371607516, 88.32684824902724, 84.18891170431212, 89.29633300297324], [97.44897959183673, 96.65198237885463, 88.75968992248062, 85.64356435643565, 90.63136456211812, 86.65919282511211, 94.98956158663883, 90.56420233463035, 82.13552361396304, 88.70168483647176], [97.65306122448979, 96.56387665198238, 88.46899224806202, 86.63366336633663, 92.56619144602851, 84.08071748878923, 94.88517745302714, 90.75875486381322, 85.72895277207392, 86.7195242814668], [96.93877551020408, 97.18061674008811, 85.94961240310077, 86.63366336633663, 92.66802443991854, 86.09865470852019, 94.98956158663883, 91.05058365758755, 83.5728952772074, 88.40436075322101], [97.24489795918367, 97.09251101321586, 88.85658914728683, 90.6930693069307, 92.36252545824847, 86.88340807174887, 94.46764091858037, 89.78599221789884, 84.59958932238193, 87.41328047571854], [97.65306122448979, 97.26872246696036, 87.6937984496124, 86.53465346534654, 93.48268839103869, 88.11659192825113, 94.78079331941545, 89.00778210116732, 85.21560574948666, 88.89990089197225], [97.24489795918367, 97.09251101321586, 88.56589147286822, 86.13861386138613, 94.5010183299389, 90.69506726457399, 94.57202505219206, 89.88326848249027, 84.08624229979466, 87.80971258671953], [97.34693877551021, 97.26872246696036, 88.75968992248062, 91.48514851485149, 91.64969450101833, 88.00448430493273, 95.09394572025052, 89.39688715953308, 85.52361396303901, 91.67492566897918], [97.44897959183673, 97.3568281938326, 87.1124031007752, 89.00990099009901, 91.14052953156823, 91.25560538116592, 93.52818371607516, 88.91050583657588, 85.52361396303901, 91.77403369672943], [97.34693877551021, 97.09251101321586, 88.46899224806202, 87.92079207920793, 93.89002036659878, 91.70403587443946, 94.36325678496868, 90.56420233463035, 86.652977412731, 90.38652130822597], [97.55102040816327, 96.91629955947137, 88.37209302325581, 89.20792079207921, 94.09368635437882, 90.5829596412556, 94.57202505219206, 89.98054474708171, 87.782340862423, 90.48562933597621]],