{"config": {"DATASET": "mnist", "TOTAL_CLIENTS": 100, "CLIENT_FRAC": 0.1, "POISON_FRAC": 0.1, "CREATE_DATASET": true, "CLASS_RATIO": 10, "MODEL": "nnet", "LEARNING_RATE": 0.001, "BATCH_SIZE": 32, "LOCAL_EPOCHS": 3, "OPTIMIZER": "adam", "FED_ROUNDS": 30, "TEST_EVERY": 1, "RANDOM": true, "COS_DEFENCE": false, "SEL_METHOD": 1, "REDUCE_LR": 1, "COLLAB_MODE": true, "COLLAB_ALL": true, "CONSIDER_LAYERS": "l1", "GRAD_AGG": true, "FEATURE_FINDING_ALGO": "auror", "GRAD_COLLECTION_START": 0, "GRAD_COLLECT_FOR": -1, "CLUSTER_SEP": 2.0, "ALPHA": 0.7, "BETA": 0.7, "GAMMA": 0.1, "TRUST_INC": 2, "TRUST_CUT_METHOD": 2, "HONEST_PARDON_FACTOR": 0.99, "LOG_LEVEL": "INFO", "JSON_RESULTS": true}, "mean_poison_class_acc": 82.55813953488374, "mean_attack_srate": 3.008720930232558, "total_accuracies": [26.85, 40.84, 50.49, 53.96, 63.6, 67.07, 77.52, 78.4, 81.46, 83.74, 84.79, 83.64, 87.22, 86.75, 87.18, 88.7, 88.81, 89.35, 89.8, 89.25, 90.17, 90.32, 90.17, 91.03, 90.99, 91.41, 91.04, 91.89, 91.91, 92.42], "class_accuracies": [[31.632653061224488, 68.54625550660793, 0.0, 0.0, 80.75356415478615, 85.53811659192826, 1.7745302713987474, 0.0, 2.4640657084188913, 0.0], [98.77551020408163, 97.3568281938326, 57.26744186046512, 30.297029702970296, 0.0, 0.0, 34.864300626304804, 16.731517509727627, 62.42299794661191, 0.0], [98.46938775510205, 97.5330396475771, 66.76356589147287, 83.26732673267327, 46.84317718940937, 0.0, 22.964509394572026, 12.15953307392996, 0.0, 63.62735381565907], [97.24489795918367, 99.20704845814979, 42.92635658914729, 95.34653465346534, 68.94093686354378, 5.605381165919282, 37.78705636743215, 38.13229571984436, 4.825462012320329, 37.9583746283449], [93.57142857142857, 98.23788546255507, 76.84108527131782, 69.3069306930693, 50.91649694501018, 78.36322869955157, 70.04175365344467, 2.431906614785992, 17.5564681724846, 76.21407333994054], [94.38775510204081, 98.41409691629956, 58.43023255813954, 86.13861386138613, 84.21588594704684, 71.8609865470852, 86.22129436325679, 7.976653696498055, 42.40246406570842, 39.94053518334985], [95.91836734693878, 97.88546255506608, 72.38372093023256, 82.67326732673267, 62.5254582484725, 71.97309417040358, 85.49060542797494, 57.5875486381323, 66.52977412731006, 79.68285431119921], [95.51020408163265, 95.41850220264317, 82.07364341085271, 76.33663366336634, 60.18329938900204, 76.90582959641256, 93.1106471816284, 54.08560311284047, 65.09240246406571, 83.64717542120911], [96.42857142857143, 95.24229074889868, 64.34108527131782, 81.78217821782178, 71.89409368635438, 73.4304932735426, 89.87473903966597, 88.61867704280155, 82.03285420944559, 69.17740336967294], [96.12244897959184, 95.85903083700441, 74.6124031007752, 81.2871287128713, 76.17107942973523, 78.02690582959642, 90.18789144050105, 86.57587548638132, 80.59548254620123, 76.31318136769079], [96.63265306122449, 94.80176211453744, 80.03875968992249, 87.52475247524752, 72.30142566191446, 76.5695067264574, 90.7098121085595, 83.46303501945525, 78.33675564681725, 85.53022794846383], [97.04081632653062, 96.91629955947137, 69.37984496124031, 78.91089108910892, 92.4643584521385, 84.75336322869956, 90.18789144050105, 84.63035019455253, 73.92197125256673, 67.59167492566898], [96.63265306122449, 95.85903083700441, 84.98062015503876, 87.02970297029702, 85.13238289205702, 79.82062780269058, 92.79749478079331, 87.64591439688716, 79.56878850102669, 81.07036669970267], [97.75510204081633, 94.80176211453744, 75.87209302325581, 84.15841584158416, 88.39103869653768, 80.71748878923766, 91.02296450939457, 87.15953307392996, 88.19301848049281, 78.59266600594648], [97.34693877551021, 96.47577092511013, 79.16666666666667, 84.55445544554455, 91.14052953156823, 85.98654708520179, 91.8580375782881, 89.6887159533074, 78.74743326488706, 76.01585728444005], [96.22448979591837, 96.65198237885463, 84.39922480620154, 86.33663366336634, 89.20570264765784, 80.04484304932735, 92.37995824634656, 89.00778210116732, 86.55030800821355, 84.63825569871159], [96.93877551020408, 96.29955947136564, 82.55813953488372, 83.46534653465346, 91.85336048879837, 87.21973094170404, 92.17118997912317, 88.91050583657588, 84.90759753593429, 83.15163528245787], [96.42857142857143, 96.91629955947137, 81.2984496124031, 90.29702970297029, 88.18737270875764, 84.64125560538116, 91.8580375782881, 91.82879377431907, 82.85420944558521, 87.90882061446978], [97.34693877551021, 95.94713656387665, 82.75193798449612, 86.93069306930693, 89.91853360488798, 82.17488789237669, 94.67640918580376, 89.10505836575875, 90.65708418891171, 87.51238850346878], [95.61224489795919, 96.74008810572687, 82.65503875968992, 86.53465346534654, 94.60285132382892, 85.76233183856502, 96.86847599164926, 88.715953307393, 82.95687885010267, 81.36769078295342], [97.85714285714286, 96.47577092511013, 83.04263565891473, 87.42574257425743, 90.42769857433808, 85.87443946188341, 92.79749478079331, 89.98054474708171, 86.44763860369609, 90.48562933597621], [96.63265306122449, 95.59471365638767, 88.56589147286822, 83.66336633663366, 93.78818737270876, 91.92825112107623, 94.98956158663883, 88.91050583657588, 85.31827515400411, 83.74628344895936], [98.16326530612245, 98.23788546255507, 80.52325581395348, 90.0, 87.78004073319755, 88.90134529147981, 92.69311064718163, 89.59143968871595, 82.54620123203286, 92.36868186323092], [96.93877551020408, 97.62114537444934, 87.98449612403101, 91.38613861386139, 95.010183299389, 87.33183856502242, 93.42379958246346, 91.05058365758755, 83.9835728952772, 84.53914767096134], [97.75510204081633, 97.3568281938326, 82.26744186046511, 91.38613861386139, 94.5010183299389, 88.67713004484305, 94.36325678496868, 89.6887159533074, 86.96098562628337, 86.42220019821606], [97.75510204081633, 97.79735682819383, 87.98449612403101, 89.20792079207921, 96.23217922606925, 89.46188340807174, 93.31941544885177, 89.88326848249027, 86.44763860369609, 85.33201189296334], [97.85714285714286, 97.09251101321586, 78.19767441860465, 93.26732673267327, 90.52953156822811, 87.10762331838565, 94.78079331941545, 89.39688715953308, 89.01437371663245, 92.56689791873141], [97.24489795918367, 97.88546255506608, 85.65891472868218, 93.56435643564356, 94.60285132382892, 86.65919282511211, 93.52818371607516, 90.75875486381322, 89.21971252566735, 88.800792864222], [97.65306122448979, 97.70925110132158, 85.07751937984496, 88.91089108910892, 92.76985743380855, 87.4439461883408, 95.30271398747391, 91.147859922179, 91.88911704312115, 90.48562933597621], [97.34693877551021, 96.82819383259911, 88.75968992248062, 92.17821782178218, 94.60285132382892, 89.57399103139014, 94.78079331941545, 91.53696498054475, 89.83572895277207, 88.20614469772052]],