{"config": {"DATASET": "mnist", "TOTAL_CLIENTS": 100, "CLIENT_FRAC": 0.1, "POISON_FRAC": 0.1, "CREATE_DATASET": true, "CLASS_RATIO": 10, "MODEL": "nnet", "LEARNING_RATE": 0.001, "BATCH_SIZE": 32, "LOCAL_EPOCHS": 3, "OPTIMIZER": "adam", "FED_ROUNDS": 30, "TEST_EVERY": 1, "RANDOM": true, "COS_DEFENCE": true, "SEL_METHOD": 1, "REDUCE_LR": 1, "COLLAB_MODE": true, "COLLAB_ALL": true, "CONSIDER_LAYERS": "l1", "GRAD_AGG": true, "FEATURE_FINDING_ALGO": "auror", "GRAD_COLLECTION_START": 0, "GRAD_COLLECT_FOR": -1, "CLUSTER_SEP": 0.1, "ALPHA": 0.7, "BETA": 0.7, "GAMMA": 0.1, "TRUST_INC": 2, "TRUST_CUT_METHOD": 2, "HONEST_PARDON_FACTOR": 0.99, "LOG_LEVEL": "INFO", "JSON_RESULTS": true}, "mean_poison_class_acc": 79.4186046511628, "mean_attack_srate": 3.13953488372093, "total_accuracies": [18.39, 27.44, 41.59, 51.25, 56.81, 66.71, 75.13, 80.99, 81.14, 83.09, 83.16, 85.5, 86.19, 86.51, 87.62, 85.96, 88.4, 88.74, 86.34, 89.28, 88.68, 89.27, 90.37, 89.89, 90.7, 90.07, 91.25, 91.41, 91.46, 91.0], "class_accuracies": [[4.795918367346939, 0.0, 66.56976744186046, 1.188118811881188, 0.0, 17.152466367713004, 0.0, 0.0, 96.30390143737166, 0.19821605550049554], [100.0, 70.04405286343612, 24.031007751937985, 13.069306930693068, 15.885947046843178, 0.0, 45.093945720250524, 0.0, 0.1026694045174538, 0.0], [97.55102040816327, 96.12334801762114, 55.42635658914729, 0.0, 38.289205702647656, 63.67713004484305, 0.7306889352818372, 0.0, 60.47227926078029, 0.0], [98.6734693877551, 97.97356828193833, 70.73643410852713, 66.63366336633663, 92.56619144602851, 1.0089686098654709, 64.09185803757829, 0.0, 11.396303901437372, 0.0], [98.87755102040816, 99.29515418502203, 49.9031007751938, 87.32673267326733, 93.68635437881873, 15.246636771300448, 70.77244258872652, 5.3501945525291825, 38.91170431211499, 1.9821605550049555], [98.6734693877551, 94.09691629955947, 75.87209302325581, 62.277227722772274, 92.9735234215886, 61.771300448430495, 76.51356993736952, 15.17509727626459, 78.95277207392198, 10.109018830525272], [95.20408163265306, 96.91629955947137, 79.65116279069767, 84.95049504950495, 79.53156822810591, 65.80717488789237, 91.64926931106471, 56.42023346303502, 44.25051334702259, 53.81565906838454], [94.28571428571429, 95.24229074889868, 72.57751937984496, 80.4950495049505, 84.31771894093686, 76.45739910313901, 88.93528183716076, 85.50583657587549, 72.27926078028747, 58.176412289395444], [91.22448979591837, 97.3568281938326, 68.6046511627907, 83.36633663366337, 81.87372708757637, 82.62331838565022, 87.78705636743216, 84.3385214007782, 60.677618069815196, 71.85332011892963], [96.22448979591837, 95.68281938325991, 79.65116279069767, 83.56435643564356, 87.78004073319755, 78.69955156950672, 90.91858037578288, 89.59143968871595, 69.50718685831622, 57.58176412289396], [95.3061224489796, 97.3568281938326, 66.76356589147287, 90.99009900990099, 76.57841140529531, 64.34977578475336, 90.39665970772442, 84.92217898832685, 74.94866529774127, 86.62041625371656], [95.81632653061224, 96.56387665198238, 70.73643410852713, 86.13861386138613, 81.26272912423626, 79.93273542600897, 91.54488517745303, 85.89494163424125, 80.39014373716633, 85.33201189296334], [94.6938775510204, 95.33039647577093, 77.71317829457364, 81.58415841584159, 88.90020366598777, 83.6322869955157, 93.84133611691023, 83.94941634241245, 82.64887063655031, 78.98909811694747], [96.22448979591837, 96.56387665198238, 74.03100775193798, 88.7128712871287, 85.23421588594705, 77.69058295964126, 93.73695198329854, 86.08949416342412, 77.92607802874743, 87.21506442021804], [95.51020408163265, 96.0352422907489, 83.72093023255815, 90.89108910891089, 85.5397148676171, 84.08071748878923, 91.02296450939457, 85.01945525291829, 76.79671457905545, 86.22398414271557], [95.71428571428571, 97.09251101321586, 67.63565891472868, 86.73267326732673, 95.72301425661914, 82.17488789237669, 94.1544885177453, 85.21400778210116, 77.31006160164272, 77.10604558969277], [96.42857142857143, 94.36123348017621, 81.3953488372093, 86.93069306930693, 89.91853360488798, 79.48430493273543, 95.4070981210856, 87.7431906614786, 86.03696098562628, 85.23290386521309], [96.63265306122449, 96.29955947136564, 83.81782945736434, 87.92079207920793, 95.62118126272912, 81.39013452914799, 93.73695198329854, 87.64591439688716, 83.36755646817248, 79.78196233894946], [96.0204081632653, 95.06607929515418, 69.96124031007751, 89.70297029702971, 78.0040733197556, 84.86547085201794, 92.69311064718163, 85.40856031128405, 75.77002053388091, 95.04459861248762], [96.42857142857143, 95.77092511013215, 83.81782945736434, 88.31683168316832, 94.5010183299389, 88.78923766816143, 93.21503131524008, 88.61867704280155, 80.9034907597536, 81.9623389494549], [97.14285714285714, 95.59471365638767, 75.48449612403101, 92.57425742574257, 93.17718940936864, 83.07174887892377, 92.27557411273486, 87.93774319066148, 79.87679671457906, 88.70168483647176], [96.93877551020408, 97.00440528634361, 77.51937984496124, 87.82178217821782, 93.48268839103869, 81.83856502242152, 94.05010438413362, 87.84046692607004, 87.16632443531827, 88.00792864222002], [96.3265306122449, 96.47577092511013, 85.56201550387597, 92.07920792079207, 90.12219959266803, 83.18385650224215, 94.36325678496868, 88.13229571984436, 83.77823408624229, 92.36868186323092], [96.83673469387755, 97.26872246696036, 82.07364341085271, 90.99009900990099, 89.71486761710794, 88.34080717488789, 91.9624217118998, 88.52140077821012, 79.87679671457906, 92.36868186323092], [97.24489795918367, 96.29955947136564, 84.30232558139535, 90.0990099009901, 92.66802443991854, 85.98654708520179, 94.46764091858037, 88.61867704280155, 87.57700205338809, 88.9990089197225], [97.14285714285714, 96.91629955947137, 79.16666666666667, 89.9009900990099, 93.17718940936864, 82.39910313901345, 94.1544885177453, 86.38132295719845, 88.91170431211499, 91.57581764122894], [97.04081632653062, 97.00440528634361, 88.46899224806202, 90.4950495049505, 91.95519348268839, 89.23766816143498, 94.05010438413362, 89.29961089494164, 83.05954825462013, 91.0802775024777], [97.34693877551021, 97.09251101321586, 88.0813953488372, 89.70297029702971, 95.62118126272912, 88.2286995515695, 93.84133611691023, 92.02334630350195, 86.03696098562628, 85.33201189296334], [96.83673469387755, 97.18061674008811, 87.1124031007752, 90.0, 95.92668024439918, 87.10762331838565, 92.90187891440502, 90.36964980544747, 90.04106776180699, 86.32309217046581], [97.55102040816327, 97.44493392070484, 81.0077519379845, 90.39603960396039, 95.41751527494908, 89.79820627802691, 92.48434237995825, 89.6887159533074, 87.06365503080082, 88.70168483647176]],