{"config": {"DATASET": "mnist", "CLIENT_FRAC": 0.2, "POISON_FRAC": 0.4, "CREATE_DATASET": false, "CLASS_RATIO": 10, "MODEL": "nnet", "LEARNING_RATE": 0.001, "BATCH_SIZE": 32, "LOCAL_EPOCHS": 3, "OPTIMIZER": "adam", "FED_ROUNDS": 30, "TEST_EVERY": 1, "RANDOM": false, "COS_DEFENCE": true, "SEL_METHOD": 2, "COLLAB_MODE": true, "CONSIDER_LAYERS": "l1", "GRAD_AGG": true, "FEATURE_FINDING_ALGO": "auror_plus", "GRAD_COLLECTION_START": 0, "GRAD_COLLECT_FOR": -1, "CLUSTER_SEP": 2.0, "ALPHA": 0.5, "BETA": 0.5, "GAMMA": 0.5, "TRUST_INC": 2, "TRUST_CUT_METHOD": 1, "HONEST_PARDON_FACTOR": 0.99, "LOG_LEVEL": "INFO", "JSON_RESULTS": true}, "mean_poison_class_acc": 70.71317829457365, "mean_attack_srate": 3.5116279069767438, "total_accuracies": [14.82, 44.3, 22.7, 43.27, 53.8, 45.48, 57.85, 71.17, 78.53, 81.78, 84.2, 85.32, 86.47, 87.17, 88.03, 88.36, 88.84, 89.34, 89.7, 89.9, 90.37, 90.56, 90.91, 91.14, 91.38, 91.58, 91.88, 92.06, 92.27, 92.38], "class_accuracies": [[32.142857142857146, 1.4096916299559472, 0.0, 0.0, 44.19551934826884, 0.0, 1.1482254697286012, 0.0, 0.0, 69.97026759167493], [95.10204081632654, 97.00440528634361, 0.0, 61.48514851485149, 65.58044806517312, 3.2511210762331837, 74.21711899791232, 0.38910505836575876, 0.0, 38.45391476709614], [87.04081632653062, 16.651982378854626, 0.0, 1.0891089108910892, 0.0, 0.0, 21.189979123173277, 2.237354085603113, 0.0, 98.21605550049554], [87.55102040816327, 87.57709251101322, 0.0, 21.287128712871286, 0.5091649694501018, 94.61883408071749, 52.08768267223382, 18.579766536964982, 0.0, 71.45688800792864], [97.04081632653062, 99.20704845814979, 0.0, 80.0, 36.55804480651731, 26.681614349775785, 71.50313152400835, 38.13229571984436, 0.3080082135523614, 81.07036669970267], [98.46938775510205, 99.03083700440529, 4.263565891472868, 84.45544554455445, 27.4949083503055, 21.63677130044843, 14.30062630480167, 12.354085603112841, 0.9240246406570842, 81.86323092170466], [98.87755102040816, 99.11894273127753, 24.709302325581394, 88.31683168316832, 50.610997963340125, 38.228699551569505, 69.93736951983298, 10.992217898832685, 7.700205338809035, 84.0436075322101], [97.04081632653062, 99.03083700440529, 38.95348837209303, 93.26732673267327, 62.627291242362524, 54.035874439461885, 86.0125260960334, 68.09338521400778, 21.971252566735114, 85.53022794846383], [96.73469387755102, 98.6784140969163, 53.00387596899225, 90.99009900990099, 74.54175152749491, 63.00448430493274, 87.57828810020877, 79.28015564202335, 53.696098562628336, 84.0436075322101], [96.93877551020408, 98.06167400881057, 62.7906976744186, 91.98019801980197, 82.58655804480652, 65.35874439461884, 90.29227557411274, 81.1284046692607, 63.860369609856264, 81.56590683845391], [97.04081632653062, 97.70925110132158, 66.66666666666667, 90.29702970297029, 83.5030549898167, 74.77578475336323, 89.5615866388309, 82.68482490272373, 71.66324435318275, 85.92666005946482], [97.24489795918367, 97.26872246696036, 69.57364341085271, 91.48514851485149, 84.41955193482688, 75.67264573991031, 90.29227557411274, 83.07392996108949, 74.435318275154, 87.71060455896928], [97.14285714285714, 97.44493392070484, 71.41472868217055, 90.6930693069307, 86.86354378818737, 79.26008968609865, 91.12734864300626, 84.04669260700389, 76.69404517453799, 88.40436075322101], [97.24489795918367, 97.18061674008811, 74.03100775193798, 91.2871287128713, 87.67820773930754, 81.27802690582959, 91.44050104384134, 83.36575875486382, 77.41273100616016, 89.39544103072349], [97.44897959183673, 97.26872246696036, 76.06589147286822, 91.08910891089108, 88.59470468431772, 83.29596412556054, 91.64926931106471, 84.92217898832685, 79.26078028747433, 89.49454905847374], [97.55102040816327, 97.09251101321586, 76.93798449612403, 91.68316831683168, 89.40936863543789, 84.30493273542601, 91.8580375782881, 84.63035019455253, 79.15811088295688, 89.89098116947473], [97.44897959183673, 97.3568281938326, 77.61627906976744, 91.98019801980197, 90.22403258655804, 85.08968609865471, 91.7536534446764, 85.99221789883268, 80.28747433264887, 89.59365708622398], [97.55102040816327, 97.26872246696036, 79.26356589147287, 92.37623762376238, 91.14052953156823, 85.31390134529148, 92.27557411273486, 86.18677042801556, 80.80082135523614, 90.18830525272547], [97.65306122448979, 97.5330396475771, 80.03875968992249, 92.07920792079207, 91.85336048879837, 85.65022421524664, 92.27557411273486, 86.96498054474708, 81.62217659137578, 90.28741328047572], [97.55102040816327, 97.44493392070484, 80.03875968992249, 92.87128712871286, 91.64969450101833, 85.98654708520179, 92.58872651356994, 86.96498054474708, 82.03285420944559, 90.8820614469772], [97.65306122448979, 97.79735682819383, 80.23255813953489, 92.67326732673267, 91.85336048879837, 87.10762331838565, 92.90187891440502, 87.54863813229572, 83.67556468172485, 91.37760158572844], [97.65306122448979, 97.88546255506608, 80.81395348837209, 92.97029702970298, 92.26069246435846, 87.21973094170404, 93.21503131524008, 87.45136186770428, 83.16221765913758, 92.07135777998018], [97.75510204081633, 97.97356828193833, 81.4922480620155, 93.06930693069307, 92.76985743380855, 87.21973094170404, 93.42379958246346, 88.2295719844358, 84.59958932238193, 91.67492566897918], [97.85714285714286, 97.97356828193833, 82.75193798449612, 93.76237623762377, 92.9735234215886, 87.33183856502242, 93.84133611691023, 87.54863813229572, 84.59958932238193, 91.87314172447968], [97.85714285714286, 97.97356828193833, 82.75193798449612, 93.76237623762377, 93.27902240325865, 87.89237668161435, 93.94572025052192, 88.13229571984436, 85.52361396303901, 91.87314172447968], [97.75510204081633, 97.97356828193833, 84.20542635658914, 94.05940594059406, 93.78818737270876, 88.00448430493273, 94.05010438413362, 87.45136186770428, 85.62628336755647, 92.07135777998018], [98.06122448979592, 98.06167400881057, 84.01162790697674, 94.45544554455445, 93.78818737270876, 88.78923766816143, 93.94572025052192, 88.52140077821012, 86.44763860369609, 91.97224975222993], [98.06122448979592, 97.97356828193833, 85.65891472868218, 94.65346534653466, 93.78818737270876, 88.00448430493273, 94.36325678496868, 88.03501945525292, 86.24229979466119, 92.9633300297324], [97.85714285714286, 98.23788546255507, 84.59302325581395, 94.55445544554455, 93.9918533604888, 89.57399103139014, 94.46764091858037, 89.2023346303502, 87.06365503080082, 92.46778989098117], [97.95918367346938, 98.14977973568281, 85.94961240310077, 94.65346534653466, 93.9918533604888, 89.34977578475336, 94.57202505219206, 88.2295719844358, 86.85831622176592, 93.3597621407334]],