{"config": {"DATASET": "mnist", "TOTAL_CLIENTS": 100, "CLIENT_FRAC": 0.1, "POISON_FRAC": 0.1, "CREATE_DATASET": false, "RANDOM_DATA": true, "CLASS_RATIO": 10, "MODEL": "nnet", "LEARNING_RATE": 0.001, "BATCH_SIZE": 32, "LOCAL_EPOCHS": 10, "OPTIMIZER": "adam", "FED_ROUNDS": 30, "TEST_EVERY": 1, "RANDOM_PROCESS": false, "COS_DEFENCE": true, "SEL_METHOD": 1, "REDUCE_LR": 1, "COLLAB_MODE": true, "COLLAB_ALL": true, "CONSIDER_LAYERS": "l1", "GRAD_AGG": true, "FEATURE_FINDING_ALGO": "auror", "GRAD_COLLECTION_START": 0, "GRAD_COLLECT_FOR": -1, "CLUSTER_SEP": 0.005, "ALPHA": 0.8, "BETA": 0.8, "GAMMA": 0.1, "TRUST_INC": 2, "TRUST_CUT_METHOD": 1, "HONEST_PARDON_FACTOR": 0.8, "LOG_LEVEL": "INFO", "JSON_RESULTS": true}, "mean_poison_class_acc": 84.16182170542635, "mean_attack_srate": 3.12984496124031, "total_accuracies": [43.41, 75.97, 84.19, 86.94, 88.21, 87.82, 88.74, 89.48, 88.9, 91.82, 92.1, 92.3, 92.57, 92.79, 91.45, 93.69, 92.21, 93.41, 92.64, 93.55, 89.45, 93.69, 94.44, 93.47, 94.72, 94.77, 94.19, 94.77, 95.0, 94.72], "class_accuracies": [[99.59183673469387, 95.41850220264317, 1.550387596899225, 45.24752475247525, 51.425661914460285, 2.690582959641256, 41.96242171189979, 0.0, 1.2320328542094456, 85.82755203171457], [95.20408163265306, 98.41409691629956, 49.7093023255814, 89.20792079207921, 81.26272912423626, 61.771300448430495, 84.55114822546973, 84.04669260700389, 54.51745379876797, 57.383548067393455], [95.3061224489796, 98.41409691629956, 72.57751937984496, 87.72277227722772, 85.13238289205702, 75.11210762331838, 92.27557411273486, 84.8249027237354, 72.27926078028747, 76.01585728444005], [96.0204081632653, 96.74008810572687, 79.45736434108527, 87.32673267326733, 88.18737270875764, 78.1390134529148, 93.73695198329854, 87.93774319066148, 80.59548254620123, 79.58374628344896], [95.40816326530613, 96.38766519823788, 77.03488372093024, 86.63366336633663, 90.63136456211812, 85.08968609865471, 93.63256784968685, 88.61867704280155, 85.42094455852155, 82.55698711595639], [97.04081632653062, 97.97356828193833, 67.92635658914729, 89.20792079207921, 89.20570264765784, 86.32286995515695, 93.31941544885177, 90.36964980544747, 78.43942505133471, 87.61149653121903], [96.73469387755102, 97.97356828193833, 77.81007751937985, 86.23762376237623, 96.13034623217922, 88.45291479820628, 94.1544885177453, 88.715953307393, 80.39014373716633, 80.2775024777007], [97.95918367346938, 97.18061674008811, 76.06589147286822, 89.20792079207921, 94.19551934826885, 90.02242152466367, 91.64926931106471, 90.07782101167315, 80.69815195071868, 87.31417244796829], [97.75510204081633, 97.18061674008811, 62.8875968992248, 89.3069306930693, 94.70468431771894, 90.24663677130044, 93.84133611691023, 89.6887159533074, 83.67556468172485, 89.89098116947473], [97.44897959183673, 97.70925110132158, 87.59689922480621, 91.78217821782178, 95.31568228105907, 87.4439461883408, 96.13778705636743, 92.31517509727627, 85.1129363449692, 86.42220019821606], [98.6734693877551, 97.62114537444934, 85.75581395348837, 91.48514851485149, 94.39918533604887, 87.89237668161435, 94.88517745302714, 91.147859922179, 88.09034907597535, 90.28741328047572], [97.34693877551021, 98.23788546255507, 89.43798449612403, 92.77227722772277, 95.51934826883911, 90.13452914798206, 96.24217118997912, 88.2295719844358, 88.50102669404518, 86.02576808721507], [98.26530612244898, 97.79735682819383, 88.56589147286822, 92.27722772277228, 95.41751527494908, 88.45291479820628, 96.13778705636743, 92.41245136186771, 87.98767967145791, 87.61149653121903], [97.95918367346938, 97.97356828193833, 88.85658914728683, 93.46534653465346, 93.89002036659878, 89.34977578475336, 95.82463465553236, 90.95330739299611, 86.13963039014374, 92.66600594648166], [98.06122448979592, 97.97356828193833, 75.1937984496124, 94.35643564356435, 95.21384928716904, 91.14349775784753, 94.36325678496868, 89.49416342412451, 87.16632443531827, 91.37760158572844], [97.85714285714286, 98.59030837004406, 90.60077519379846, 91.88118811881188, 93.68635437881873, 92.26457399103138, 96.34655532359082, 92.50972762645914, 89.63039014373716, 92.9633300297324], [98.46938775510205, 98.14977973568281, 75.0, 94.65346534653466, 93.17718940936864, 91.70403587443946, 93.73695198329854, 92.31517509727627, 91.17043121149898, 93.55797819623389], [98.06122448979592, 98.6784140969163, 86.62790697674419, 93.56435643564356, 95.010183299389, 90.91928251121077, 95.19832985386222, 92.41245136186771, 89.3223819301848, 93.65708622398414], [97.95918367346938, 98.32599118942731, 76.93798449612403, 95.54455445544555, 93.89002036659878, 91.4798206278027, 95.92901878914405, 93.67704280155642, 88.50102669404518, 93.85530227948463], [98.57142857142857, 99.20704845814979, 82.94573643410853, 95.24752475247524, 94.5010183299389, 91.81614349775785, 95.72025052192066, 92.99610894941634, 90.55441478439425, 93.45887016848364], [98.06122448979592, 99.03083700440529, 46.31782945736434, 94.95049504950495, 94.70468431771894, 93.16143497757848, 94.78079331941545, 92.99610894941634, 87.37166324435319, 93.85530227948463], [97.85714285714286, 99.03083700440529, 84.88372093023256, 93.46534653465346, 95.62118126272912, 92.37668161434978, 95.82463465553236, 95.03891050583658, 90.55441478439425, 91.77403369672943], [97.75510204081633, 98.8546255506608, 92.05426356589147, 94.55445544554455, 94.5010183299389, 92.26457399103138, 96.76409185803757, 91.73151750972762, 91.06776180698152, 94.25173439048562], [98.36734693877551, 98.76651982378854, 80.9108527131783, 95.04950495049505, 94.39918533604887, 92.60089686098655, 96.65970772442589, 92.60700389105058, 90.65708418891171, 94.44995044598612], [97.85714285714286, 98.06167400881057, 92.15116279069767, 92.67326732673267, 95.92668024439918, 93.27354260089686, 96.76409185803757, 92.21789883268482, 95.17453798767967, 92.86422200198216], [98.57142857142857, 98.76651982378854, 90.98837209302326, 94.75247524752476, 95.92668024439918, 91.3677130044843, 96.34655532359082, 94.16342412451363, 93.1211498973306, 93.06243805748265], [98.57142857142857, 99.03083700440529, 85.07751937984496, 96.03960396039604, 94.70468431771894, 92.26457399103138, 94.88517745302714, 93.77431906614785, 92.40246406570841, 94.64816650148661], [98.57142857142857, 98.94273127753304, 91.18217054263566, 96.43564356435644, 94.70468431771894, 92.48878923766816, 96.5553235908142, 92.50972762645914, 92.60780287474333, 93.1615460852329], [98.6734693877551, 99.03083700440529, 90.31007751937985, 94.55445544554455, 95.11201629327903, 94.39461883408072, 96.03340292275574, 93.67704280155642, 94.14784394250513, 93.75619425173439], [98.16326530612245, 98.76651982378854, 89.43798449612403, 95.24752475247524, 94.09368635437882, 92.26457399103138, 96.45093945720251, 93.28793774319067, 93.1211498973306, 95.8374628344896]],