{"config": {"DATASET": "mnist", "TOTAL_CLIENTS": 100, "CLIENT_FRAC": 0.1, "POISON_FRAC": 0.1, "CREATE_DATASET": true, "RANDOM_DATA": true, "CLASS_RATIO": 10, "MODEL": "nnet", "LEARNING_RATE": 0.001, "BATCH_SIZE": 32, "LOCAL_EPOCHS": 3, "OPTIMIZER": "adam", "FED_ROUNDS": 30, "TEST_EVERY": 1, "RANDOM_PROCESS": true, "COS_DEFENCE": true, "SEL_METHOD": 1, "REDUCE_LR": 1, "COLLAB_MODE": true, "COLLAB_ALL": true, "CONSIDER_LAYERS": "f1l1", "GRAD_AGG": true, "FEATURE_FINDING_ALGO": "auror", "GRAD_COLLECTION_START": 0, "GRAD_COLLECT_FOR": -1, "CLUSTER_SEP": 0.007, "ALPHA": 0.8, "BETA": 0.8, "GAMMA": 0.1, "TRUST_INC": 2, "TRUST_CUT_METHOD": 2, "HONEST_PARDON_FACTOR": 0.99, "LOG_LEVEL": "INFO", "JSON_RESULTS": true}, "mean_poison_class_acc": 80.83817829457364, "mean_attack_srate": 3.2703488372093026, "total_accuracies": [23.9, 39.34, 42.42, 56.43, 67.74, 70.81, 74.49, 78.89, 80.11, 82.39, 85.16, 86.04, 86.82, 86.52, 87.88, 86.85, 88.8, 89.34, 88.94, 89.53, 90.4, 89.11, 90.83, 90.23, 91.21, 90.28, 91.23, 91.44, 91.69, 91.71], "class_accuracies": [[99.89795918367346, 61.3215859030837, 2.4224806201550386, 0.0, 70.26476578411405, 0.0, 0.0, 0.0, 0.0, 0.0], [97.75510204081633, 93.03964757709251, 86.24031007751938, 8.01980198019802, 19.24643584521385, 0.11210762331838565, 5.741127348643007, 68.48249027237354, 0.0, 0.0], [98.06122448979592, 70.66079295154185, 88.2751937984496, 72.17821782178218, 46.94501018329939, 0.8968609865470852, 8.350730688935283, 28.21011673151751, 0.0, 0.0], [98.16326530612245, 96.47577092511013, 77.42248062015504, 88.81188118811882, 86.76171079429736, 2.0179372197309418, 62.004175365344466, 39.10505836575876, 0.1026694045174538, 2.2794846382556986], [98.77551020408163, 98.50220264317181, 71.02713178294573, 78.31683168316832, 77.29124236252545, 53.9237668161435, 79.74947807933194, 83.36575875486382, 0.6160164271047228, 29.43508424182359], [97.14285714285714, 95.94713656387665, 82.36434108527132, 88.31683168316832, 85.84521384928716, 39.46188340807175, 88.93528183716076, 86.38132295719845, 17.351129363449694, 19.22695738354807], [96.42857142857143, 98.23788546255507, 60.174418604651166, 86.43564356435644, 83.09572301425662, 74.2152466367713, 88.51774530271399, 83.75486381322958, 7.392197125256674, 63.032705649157585], [95.71428571428571, 97.09251101321586, 71.51162790697674, 76.93069306930693, 86.76171079429736, 86.88340807174887, 86.53444676409185, 90.85603112840467, 53.696098562628336, 41.72447968285431], [95.81632653061224, 97.79735682819383, 78.29457364341086, 83.96039603960396, 83.80855397148676, 84.97757847533633, 88.20459290187891, 84.53307392996109, 35.42094455852156, 66.00594648166502], [97.85714285714286, 95.68281938325991, 86.43410852713178, 87.12871287128714, 67.20977596741344, 74.32735426008969, 85.90814196242171, 87.15953307392996, 51.950718685831625, 86.62041625371656], [96.53061224489795, 97.5330396475771, 83.33333333333333, 85.44554455445545, 82.4847250509165, 76.34529147982063, 89.35281837160751, 90.07782101167315, 64.78439425051334, 82.85431119920713], [95.81632653061224, 94.62555066079295, 80.32945736434108, 86.33663366336634, 84.5213849287169, 74.66367713004485, 91.64926931106471, 84.92217898832685, 84.08624229979466, 81.66501486620416], [96.22448979591837, 97.62114537444934, 77.71317829457364, 86.53465346534654, 80.34623217922606, 82.39910313901345, 93.42379958246346, 86.57587548638132, 77.00205338809035, 88.800792864222], [96.73469387755102, 97.44493392070484, 71.22093023255815, 83.56435643564356, 86.76171079429736, 87.66816143497758, 91.12734864300626, 85.21400778210116, 77.41273100616016, 87.41328047571854], [96.73469387755102, 97.62114537444934, 85.27131782945736, 88.51485148514851, 90.52953156822811, 80.04484304932735, 91.54488517745303, 88.52140077821012, 76.59137577002053, 81.46679881070366], [97.65306122448979, 97.5330396475771, 73.93410852713178, 85.84158415841584, 80.14256619144602, 83.74439461883408, 91.7536534446764, 83.75486381322958, 78.85010266940452, 94.05351833498513], [97.04081632653062, 97.79735682819383, 83.43023255813954, 90.1980198019802, 90.12219959266803, 80.04484304932735, 93.84133611691023, 86.47859922178988, 79.46611909650925, 87.80971258671953], [97.24489795918367, 97.09251101321586, 84.59302325581395, 86.93069306930693, 85.33604887983707, 83.6322869955157, 93.42379958246346, 89.78599221789884, 83.5728952772074, 90.38652130822597], [97.65306122448979, 97.3568281938326, 76.45348837209302, 85.14851485148515, 92.36252545824847, 86.65919282511211, 95.92901878914405, 89.6887159533074, 82.03285420944559, 85.53022794846383], [97.95918367346938, 97.88546255506608, 79.74806201550388, 90.79207920792079, 87.67820773930754, 82.51121076233184, 94.1544885177453, 89.6887159533074, 81.93018480492813, 91.47670961347869], [97.75510204081633, 96.74008810572687, 87.1124031007752, 87.82178217821782, 90.73319755600815, 86.32286995515695, 95.82463465553236, 88.61867704280155, 83.36755646817248, 88.800792864222], [97.95918367346938, 97.44493392070484, 74.4186046511628, 91.2871287128713, 88.59470468431772, 84.97757847533633, 93.73695198329854, 85.89494163424125, 81.41683778234086, 94.44995044598612], [97.75510204081633, 97.44493392070484, 87.40310077519379, 86.93069306930693, 92.56619144602851, 88.90134529147981, 95.30271398747391, 87.7431906614786, 82.95687885010267, 90.58473736372646], [98.26530612244898, 97.70925110132158, 78.48837209302326, 87.32673267326733, 93.89002036659878, 88.2286995515695, 95.09394572025052, 89.00778210116732, 83.67556468172485, 90.08919722497522], [97.34693877551021, 97.62114537444934, 86.14341085271317, 90.39603960396039, 89.10386965376782, 84.52914798206278, 94.67640918580376, 92.50972762645914, 88.50102669404518, 89.99008919722498], [97.95918367346938, 97.5330396475771, 76.16279069767442, 91.38613861386139, 93.78818737270876, 87.89237668161435, 92.69311064718163, 89.78599221789884, 84.18891170431212, 90.78295341922696], [98.06122448979592, 97.97356828193833, 81.78294573643412, 93.16831683168317, 93.89002036659878, 87.66816143497758, 95.09394572025052, 90.36964980544747, 85.1129363449692, 88.40436075322101], [97.75510204081633, 97.79735682819383, 83.43023255813954, 89.10891089108911, 92.66802443991854, 87.78026905829596, 97.28601252609603, 89.78599221789884, 87.782340862423, 90.38652130822597], [97.85714285714286, 98.23788546255507, 82.65503875968992, 91.88118811881188, 92.9735234215886, 88.45291479820628, 95.92901878914405, 92.02334630350195, 85.31827515400411, 90.78295341922696], [97.75510204081633, 97.62114537444934, 83.13953488372093, 92.47524752475248, 90.22403258655804, 86.43497757847534, 95.09394572025052, 91.05058365758755, 87.88501026694045, 94.44995044598612]],