{"config": {"DATASET": "mnist", "TOTAL_CLIENTS": 100, "CLIENT_FRAC": 0.1, "POISON_FRAC": 0.1, "CREATE_DATASET": true, "RANDOM_DATA": true, "CLASS_RATIO": 10, "MODEL": "nnet", "LEARNING_RATE": 0.001, "BATCH_SIZE": 32, "LOCAL_EPOCHS": 10, "OPTIMIZER": "adam", "FED_ROUNDS": 30, "TEST_EVERY": 1, "RANDOM_PROCESS": false, "COS_DEFENCE": false, "SEL_METHOD": 1, "REDUCE_LR": 1, "COLLAB_MODE": true, "COLLAB_ALL": true, "CONSIDER_LAYERS": "l1", "GRAD_AGG": true, "FEATURE_FINDING_ALGO": "auror", "GRAD_COLLECTION_START": 0, "GRAD_COLLECT_FOR": -1, "CLUSTER_SEP": 0.005, "ALPHA": 0.8, "BETA": 0.8, "GAMMA": 0.1, "TRUST_INC": 2, "TRUST_CUT_METHOD": 1, "HONEST_PARDON_FACTOR": 0.7, "LOG_LEVEL": "INFO", "JSON_RESULTS": true}, "mean_poison_class_acc": 84.87403100775192, "mean_attack_srate": 3.066860465116279, "total_accuracies": [41.51, 72.5, 81.82, 87.51, 88.17, 89.5, 89.98, 91.15, 91.83, 92.5, 92.27, 93.26, 92.16, 91.09, 93.49, 90.27, 93.78, 94.5, 92.72, 93.51, 94.6, 94.27, 94.92, 95.04, 94.64, 94.92, 95.32, 94.21, 94.61, 95.27], "class_accuracies": [[98.06122448979592, 100.0, 0.0, 21.683168316831683, 7.739307535641548, 8.856502242152466, 16.597077244258873, 86.18677042801556, 43.01848049281314, 21.506442021803768], [97.55102040816327, 97.70925110132158, 29.166666666666668, 85.24752475247524, 96.02851323828921, 66.14349775784753, 89.77035490605428, 85.11673151750973, 60.369609856262834, 16.55104063429138], [95.0, 97.62114537444934, 43.02325581395349, 87.62376237623762, 85.33604887983707, 78.25112107623319, 91.44050104384134, 88.2295719844358, 69.60985626283367, 80.97125867195243], [96.42857142857143, 95.41850220264317, 76.93798449612403, 89.8019801980198, 92.36252545824847, 74.77578475336323, 94.258872651357, 89.10505836575875, 82.75154004106776, 81.56590683845391], [96.42857142857143, 95.68281938325991, 76.93798449612403, 86.03960396039604, 94.09368635437882, 80.71748878923766, 93.1106471816284, 88.61867704280155, 86.85831622176592, 82.25966303270565], [96.42857142857143, 98.14977973568281, 83.04263565891473, 88.21782178217822, 93.07535641547861, 84.64125560538116, 94.78079331941545, 90.75875486381322, 79.36344969199179, 85.23290386521309], [96.53061224489795, 98.06167400881057, 88.17829457364341, 88.61386138613861, 96.5376782077393, 84.4170403587444, 94.67640918580376, 87.93774319066148, 82.03285420944559, 81.56590683845391], [97.14285714285714, 97.09251101321586, 90.50387596899225, 90.99009900990099, 94.09368635437882, 86.7713004484305, 93.73695198329854, 90.27237354085604, 81.3141683778234, 88.40436075322101], [97.24489795918367, 97.3568281938326, 90.11627906976744, 88.31683168316832, 95.72301425661914, 89.34977578475336, 96.03340292275574, 88.42412451361868, 86.75564681724846, 88.40436075322101], [98.16326530612245, 97.62114537444934, 89.43798449612403, 89.00990099009901, 94.09368635437882, 89.01345291479821, 96.76409185803757, 92.50972762645914, 86.24229979466119, 91.37760158572844], [97.55102040816327, 97.70925110132158, 88.17829457364341, 94.25742574257426, 90.020366598778, 88.67713004484305, 94.67640918580376, 90.27237354085604, 85.72895277207392, 94.64816650148661], [98.06122448979592, 97.5330396475771, 92.24806201550388, 91.2871287128713, 95.21384928716904, 89.91031390134529, 95.4070981210856, 92.41245136186771, 88.50102669404518, 91.2784935579782], [97.95918367346938, 97.79735682819383, 75.67829457364341, 92.87128712871286, 95.82484725050917, 89.68609865470852, 95.72025052192066, 94.55252918287938, 88.91170431211499, 92.26957383548067], [98.36734693877551, 98.76651982378854, 65.69767441860465, 94.05940594059406, 95.11201629327903, 90.69506726457399, 96.97286012526096, 94.55252918287938, 85.31827515400411, 91.2784935579782], [98.06122448979592, 98.32599118942731, 86.14341085271317, 93.86138613861387, 96.43584521384929, 92.9372197309417, 95.72025052192066, 93.96887159533074, 87.67967145790554, 91.37760158572844], [98.16326530612245, 97.62114537444934, 55.42635658914729, 94.65346534653466, 93.89002036659878, 92.152466367713, 93.63256784968685, 93.96887159533074, 89.42505133470226, 94.25173439048562], [97.75510204081633, 98.94273127753304, 88.75968992248062, 93.56435643564356, 96.02851323828921, 92.04035874439462, 97.18162839248434, 92.50972762645914, 88.50102669404518, 91.97224975222993], [98.26530612244898, 97.70925110132158, 93.6046511627907, 94.55445544554455, 94.80651731160896, 91.70403587443946, 96.03340292275574, 92.12062256809338, 92.71047227926078, 92.9633300297324], [97.75510204081633, 98.6784140969163, 74.70930232558139, 93.96039603960396, 95.41751527494908, 95.17937219730942, 95.09394572025052, 92.60700389105058, 91.37577002053388, 92.66600594648166], [98.16326530612245, 97.44493392070484, 80.81395348837209, 94.85148514851485, 95.51934826883911, 93.27354260089686, 96.03340292275574, 93.09338521400778, 93.01848049281314, 92.9633300297324], [98.57142857142857, 97.97356828193833, 92.92635658914729, 92.27722772277228, 94.70468431771894, 93.04932735426009, 96.24217118997912, 92.21789883268482, 94.6611909650924, 93.06243805748265], [98.06122448979592, 98.23788546255507, 85.27131782945736, 95.64356435643565, 96.74134419551935, 92.82511210762331, 95.09394572025052, 94.06614785992218, 91.88911704312115, 94.54905847373637], [97.24489795918367, 98.14977973568281, 94.86434108527132, 92.87128712871286, 96.5376782077393, 92.37668161434978, 96.86847599164926, 95.3307392996109, 93.53182751540041, 90.8820614469772], [98.16326530612245, 98.50220264317181, 93.12015503875969, 95.84158415841584, 96.5376782077393, 92.82511210762331, 96.65970772442589, 93.8715953307393, 92.29979466119096, 92.07135777998018], [98.46938775510205, 98.32599118942731, 86.14341085271317, 94.55445544554455, 95.72301425661914, 95.4035874439462, 95.72025052192066, 95.71984435797665, 92.09445585215606, 94.15262636273538], [98.36734693877551, 98.32599118942731, 88.56589147286822, 94.75247524752476, 96.02851323828921, 94.73094170403587, 96.03340292275574, 95.13618677042801, 93.94250513347022, 93.1615460852329], [97.65306122448979, 97.97356828193833, 94.37984496124031, 95.44554455445545, 96.02851323828921, 92.152466367713, 96.34655532359082, 94.06614785992218, 94.45585215605749, 94.15262636273538], [98.26530612244898, 98.59030837004406, 81.97674418604652, 95.44554455445545, 96.02851323828921, 94.28251121076234, 95.09394572025052, 94.8443579766537, 93.83983572895278, 93.65708622398414], [98.36734693877551, 98.76651982378854, 85.56201550387597, 93.46534653465346, 95.92668024439918, 95.85201793721973, 96.24217118997912, 95.13618677042801, 92.50513347022587, 94.25173439048562], [97.44897959183673, 98.41409691629956, 93.4108527131783, 94.85148514851485, 95.51934826883911, 91.92825112107623, 95.30271398747391, 95.52529182879377, 94.35318275154005, 95.24281466798811]],