{"config": {"DATASET": "mnist", "TOTAL_CLIENTS": 100, "CLIENT_FRAC": 0.2, "POISON_FRAC": 0.1, "CREATE_DATASET": true, "RANDOM_DATA": true, "CLASS_RATIO": 10, "MODEL": "nnet", "LEARNING_RATE": 0.001, "BATCH_SIZE": 32, "LOCAL_EPOCHS": 10, "OPTIMIZER": "adam", "FED_ROUNDS": 30, "TEST_EVERY": 1, "RANDOM_PROCESS": false, "COS_DEFENCE": false, "SEL_METHOD": 1, "REDUCE_LR": 1, "COLLAB_MODE": true, "COLLAB_ALL": true, "CONSIDER_LAYERS": "l1", "GRAD_AGG": true, "FEATURE_FINDING_ALGO": "auror", "GRAD_COLLECTION_START": 0, "GRAD_COLLECT_FOR": -1, "CLUSTER_SEP": 0.002, "ALPHA": 0.8, "BETA": 0.8, "GAMMA": 0.1, "TRUST_INC": 2, "TRUST_CUT_METHOD": 0, "HONEST_PARDON_FACTOR": 0.7, "LOG_LEVEL": "INFO", "JSON_RESULTS": true}, "mean_poison_class_acc": 83.10852713178294, "mean_attack_srate": 2.953488372093023, "total_accuracies": [51.38, 70.38, 82.28, 87.08, 87.7, 89.95, 89.48, 88.05, 91.53, 90.35, 91.86, 93.16, 93.29, 92.9, 93.04, 93.62, 94.34, 94.12, 93.72, 94.33, 93.19, 94.53, 94.85, 91.6, 95.18, 95.34, 94.86, 95.09, 93.64, 95.46], "class_accuracies": [[97.14285714285714, 99.55947136563877, 0.6782945736434108, 60.0990099009901, 76.9857433808554, 18.385650224215247, 19.51983298538622, 80.25291828793775, 52.36139630390144, 0.0], [97.55102040816327, 98.8546255506608, 24.127906976744185, 76.53465346534654, 92.4643584521385, 79.93273542600897, 86.32567849686848, 83.36575875486382, 49.17864476386037, 15.262636273538156], [95.91836734693878, 98.14977973568281, 59.593023255813954, 82.87128712871286, 94.60285132382892, 77.13004484304933, 94.36325678496868, 91.05058365758755, 73.71663244353182, 54.21209117938553], [96.93877551020408, 96.74008810572687, 80.13565891472868, 84.85148514851485, 92.56619144602851, 84.97757847533633, 92.27557411273486, 88.52140077821012, 76.89938398357289, 75.9167492566898], [97.14285714285714, 97.5330396475771, 71.22093023255815, 87.62376237623762, 95.51934826883911, 80.60538116591928, 94.1544885177453, 89.98054474708171, 81.82751540041068, 80.2775024777007], [97.85714285714286, 96.47577092511013, 85.94961240310077, 88.01980198019803, 95.82484725050917, 81.83856502242152, 94.05010438413362, 89.59143968871595, 86.55030800821355, 82.1605550049554], [97.65306122448979, 98.23788546255507, 75.3875968992248, 91.58415841584159, 95.62118126272912, 86.99551569506727, 92.37995824634656, 89.59143968871595, 82.4435318275154, 84.14271555996035], [97.55102040816327, 98.06167400881057, 59.786821705426355, 91.68316831683168, 96.5376782077393, 86.43497757847534, 92.69311064718163, 91.147859922179, 80.49281314168378, 85.72844400396433], [97.75510204081633, 96.82819383259911, 84.68992248062015, 88.91089108910892, 94.70468431771894, 87.78026905829596, 95.19832985386222, 89.29961089494164, 90.34907597535934, 89.29633300297324], [98.16326530612245, 97.26872246696036, 71.89922480620154, 93.36633663366337, 96.23217922606925, 86.54708520179372, 94.1544885177453, 91.24513618677042, 86.652977412731, 87.51238850346878], [97.75510204081633, 97.97356828193833, 82.46124031007751, 92.37623762376238, 96.33401221995926, 88.34080717488789, 95.72025052192066, 92.21789883268482, 85.83162217659138, 88.89990089197225], [97.85714285714286, 97.88546255506608, 90.31007751937985, 94.15841584158416, 96.63951120162933, 89.91031390134529, 95.72025052192066, 91.53696498054475, 89.73305954825462, 87.21506442021804], [98.06122448979592, 97.79735682819383, 89.05038759689923, 93.56435643564356, 96.13034623217922, 90.02242152466367, 96.97286012526096, 92.80155642023347, 89.83572895277207, 88.10703666997027], [97.95918367346938, 98.32599118942731, 83.72093023255815, 94.75247524752476, 95.92668024439918, 89.23766816143498, 95.72025052192066, 92.21789883268482, 90.04106776180699, 90.48562933597621], [98.16326530612245, 97.79735682819383, 82.07364341085271, 94.55445544554455, 96.74134419551935, 91.81614349775785, 95.4070981210856, 93.48249027237354, 89.63039014373716, 90.48562933597621], [97.75510204081633, 98.14977973568281, 84.01162790697674, 93.86138613861387, 95.62118126272912, 92.60089686098655, 95.4070981210856, 94.74708171206225, 91.27310061601642, 92.46778989098117], [98.26530612244898, 97.88546255506608, 90.01937984496124, 96.23762376237623, 95.72301425661914, 90.13452914798206, 96.97286012526096, 94.06614785992218, 91.58110882956879, 91.87314172447968], [98.06122448979592, 98.41409691629956, 88.0813953488372, 93.86138613861387, 96.02851323828921, 92.82511210762331, 96.03340292275574, 94.3579766536965, 90.14373716632444, 92.9633300297324], [97.85714285714286, 98.50220264317181, 83.52713178294573, 94.25742574257426, 96.13034623217922, 92.82511210762331, 96.34655532359082, 93.48249027237354, 91.17043121149898, 92.86422200198216], [97.85714285714286, 98.59030837004406, 86.43410852713178, 94.15841584158416, 96.5376782077393, 93.04932735426009, 96.34655532359082, 94.3579766536965, 93.22381930184805, 92.46778989098117], [98.57142857142857, 98.50220264317181, 75.7751937984496, 94.85148514851485, 96.84317718940937, 93.38565022421524, 96.13778705636743, 94.74708171206225, 90.65708418891171, 92.46778989098117], [98.57142857142857, 98.50220264317181, 86.82170542635659, 94.65346534653466, 96.33401221995926, 93.38565022421524, 95.4070981210856, 93.96887159533074, 93.32648870636551, 94.05351833498513], [98.26530612244898, 98.76651982378854, 88.85658914728683, 94.65346534653466, 96.84317718940937, 94.17040358744394, 96.5553235908142, 95.13618677042801, 92.09445585215606, 92.86422200198216], [98.57142857142857, 98.76651982378854, 60.65891472868217, 95.74257425742574, 97.35234215885947, 93.04932735426009, 95.92901878914405, 94.45525291828794, 90.34907597535934, 91.57581764122894], [98.06122448979592, 98.76651982378854, 91.56976744186046, 94.85148514851485, 96.63951120162933, 93.94618834080717, 95.72025052192066, 94.94163424124514, 93.53182751540041, 93.3597621407334], [98.26530612244898, 98.23788546255507, 92.73255813953489, 94.45544554455445, 96.43584521384929, 95.51569506726457, 96.03340292275574, 94.3579766536965, 93.1211498973306, 94.05351833498513], [98.77551020408163, 98.6784140969163, 86.7248062015504, 96.13861386138613, 97.14867617107943, 93.94618834080717, 96.03340292275574, 95.23346303501945, 92.60780287474333, 93.06243805748265], [98.46938775510205, 98.41409691629956, 89.05038759689923, 96.33663366336634, 95.92668024439918, 91.92825112107623, 97.39039665970772, 94.94163424124514, 94.25051334702259, 93.75619425173439], [98.77551020408163, 98.50220264317181, 75.87209302325581, 95.94059405940594, 97.14867617107943, 92.9372197309417, 96.65970772442589, 94.55252918287938, 92.91581108829568, 93.1615460852329], [98.57142857142857, 98.50220264317181, 92.24806201550388, 95.24752475247524, 96.74134419551935, 92.26457399103138, 97.18162839248434, 95.42801556420234, 95.27720739219713, 92.66600594648166]],