{"config": {"DATASET": "mnist", "TOTAL_CLIENTS": 100, "CLIENT_FRAC": 0.1, "POISON_FRAC": 0.1, "CREATE_DATASET": false, "RANDOM_DATA": true, "CLASS_RATIO": 10, "MODEL": "nnet", "LEARNING_RATE": 0.001, "BATCH_SIZE": 32, "LOCAL_EPOCHS": 3, "OPTIMIZER": "adam", "FED_ROUNDS": 30, "TEST_EVERY": 1, "RANDOM_PROCESS": true, "COS_DEFENCE": true, "SEL_METHOD": 1, "REDUCE_LR": 1, "COLLAB_MODE": true, "COLLAB_ALL": true, "CONSIDER_LAYERS": "l1", "GRAD_AGG": true, "FEATURE_FINDING_ALGO": "auror_plus", "GRAD_COLLECTION_START": 0, "GRAD_COLLECT_FOR": -1, "CLUSTER_SEP": 2.0, "ALPHA": 0.8, "BETA": 0.8, "GAMMA": 0.1, "TRUST_INC": 2, "TRUST_CUT_METHOD": 2, "HONEST_PARDON_FACTOR": 0.99, "LOG_LEVEL": "INFO", "JSON_RESULTS": true}, "mean_poison_class_acc": 78.52228682170542, "mean_attack_srate": 3.0523255813953485, "total_accuracies": [16.19, 18.88, 35.59, 52.34, 63.69, 64.32, 67.6, 70.13, 73.0, 78.82, 80.11, 83.21, 84.18, 84.85, 86.04, 84.73, 86.93, 88.06, 86.12, 89.33, 88.97, 89.59, 89.31, 90.07, 89.01, 88.72, 90.37, 90.78, 91.19, 90.21], "class_accuracies": [[97.75510204081633, 0.0, 2.2286821705426356, 0.0, 0.3054989816700611, 0.0, 0.0, 0.0, 65.19507186858316, 0.0], [97.95918367346938, 0.2643171806167401, 89.63178294573643, 0.0, 0.0, 0.0, 0.0, 0.0, 0.0, 0.0], [99.38775510204081, 97.18061674008811, 40.213178294573645, 0.0, 95.11201629327903, 0.0, 13.778705636743215, 0.0, 0.0, 0.09910802775024777], [96.93877551020408, 99.11894273127753, 68.31395348837209, 73.86138613861387, 84.62321792260693, 10.201793721973095, 72.1294363256785, 0.09727626459143969, 9.650924024640657, 0.0], [92.14285714285714, 99.03083700440529, 73.15891472868218, 72.47524752475248, 81.56822810590631, 69.17040358744394, 77.55741127348644, 64.59143968871595, 0.0, 2.9732408325074333], [95.91836734693878, 98.50220264317181, 67.05426356589147, 91.48514851485149, 92.15885947046843, 16.591928251121075, 86.43006263048017, 68.28793774319067, 17.967145790554415, 0.0], [97.34693877551021, 98.59030837004406, 70.15503875968992, 91.2871287128713, 90.020366598778, 33.856502242152466, 83.7160751565762, 84.63035019455253, 18.583162217659137, 0.19821605550049554], [95.10204081632654, 98.94273127753304, 59.39922480620155, 86.03960396039604, 84.21588594704684, 72.19730941704036, 91.7536534446764, 84.63035019455253, 14.373716632443532, 11.496531219028741], [92.14285714285714, 98.76651982378854, 63.17829457364341, 87.72277227722772, 88.4928716904277, 67.04035874439462, 89.87473903966597, 86.67315175097276, 31.1088295687885, 21.40733399405352], [96.3265306122449, 98.59030837004406, 77.71317829457364, 90.1980198019802, 86.25254582484725, 57.17488789237668, 90.6054279749478, 81.90661478599222, 45.790554414784395, 58.77106045589693], [98.16326530612245, 97.70925110132158, 65.98837209302326, 85.54455445544555, 86.0488798370672, 70.06726457399103, 89.24843423799582, 83.26848249027238, 50.205338809034906, 71.85332011892963], [94.59183673469387, 97.5330396475771, 80.03875968992249, 87.72277227722772, 86.65987780040733, 68.60986547085201, 94.258872651357, 85.70038910505836, 65.91375770020534, 67.98810703666997], [96.22448979591837, 97.62114537444934, 82.17054263565892, 79.60396039603961, 76.78207739307535, 84.64125560538116, 92.06680584551148, 88.32684824902724, 65.50308008213553, 77.10604558969277], [97.75510204081633, 96.56387665198238, 83.23643410852713, 82.37623762376238, 95.92668024439918, 79.26008968609865, 91.12734864300626, 84.24124513618678, 72.48459958932239, 64.02378592666005], [96.93877551020408, 96.38766519823788, 76.25968992248062, 83.96039603960396, 91.14052953156823, 80.71748878923766, 93.31941544885177, 90.07782101167315, 77.20739219712526, 73.14172447968285], [97.24489795918367, 97.26872246696036, 61.14341085271318, 83.76237623762377, 94.39918533604887, 83.29596412556054, 92.58872651356994, 84.04669260700389, 74.74332648870636, 78.29534192269574], [96.93877551020408, 97.00440528634361, 78.68217054263566, 90.89108910891089, 89.81670061099797, 74.55156950672645, 92.17118997912317, 86.57587548638132, 77.1047227926078, 83.34985133795837], [96.93877551020408, 95.59471365638767, 80.42635658914729, 87.32673267326733, 91.0386965376782, 82.73542600896862, 95.30271398747391, 84.43579766536965, 82.34086242299794, 83.64717542120911], [96.73469387755102, 97.79735682819383, 72.57751937984496, 82.87128712871286, 97.35234215885947, 84.52914798206278, 91.9624217118998, 84.43579766536965, 77.41273100616016, 74.82656095143706], [96.53061224489795, 95.85903083700441, 85.36821705426357, 88.51485148514851, 90.73319755600815, 83.29596412556054, 94.1544885177453, 85.3112840466926, 86.44763860369609, 86.12487611496532], [97.24489795918367, 97.26872246696036, 80.13565891472868, 87.22772277227723, 90.93686354378819, 83.85650224215247, 93.73695198329854, 90.95330739299611, 81.21149897330595, 85.92666005946482], [97.55102040816327, 97.88546255506608, 83.72093023255815, 89.5049504950495, 94.09368635437882, 84.4170403587444, 94.98956158663883, 88.715953307393, 80.28747433264887, 83.54806739345887], [97.85714285714286, 97.09251101321586, 79.16666666666667, 90.39603960396039, 93.58452138492872, 81.50224215246637, 94.67640918580376, 88.03501945525292, 83.16221765913758, 86.42220019821606], [97.14285714285714, 97.26872246696036, 86.33720930232558, 86.63366336633663, 92.87169042769857, 90.13452914798206, 93.84133611691023, 88.32684824902724, 80.08213552361396, 87.41328047571854], [97.55102040816327, 97.70925110132158, 74.70930232558139, 86.93069306930693, 93.89002036659878, 91.4798206278027, 92.69311064718163, 88.03501945525292, 79.97946611909651, 86.9177403369673], [97.24489795918367, 96.91629955947137, 69.28294573643412, 92.17821782178218, 94.90835030549898, 86.88340807174887, 93.0062630480167, 88.91050583657588, 79.67145790554414, 87.71060455896928], [97.65306122448979, 97.00440528634361, 82.84883720930233, 89.00990099009901, 91.24236252545825, 85.76233183856502, 96.65970772442589, 86.67315175097276, 85.93429158110882, 90.18830525272547], [96.93877551020408, 96.82819383259911, 85.65891472868218, 90.5940594059406, 89.5112016293279, 87.21973094170404, 95.82463465553236, 90.36964980544747, 83.47022587268994, 90.48562933597621], [97.34693877551021, 96.91629955947137, 86.9186046511628, 87.32673267326733, 95.31568228105907, 90.35874439461884, 94.1544885177453, 90.75875486381322, 86.652977412731, 85.72844400396433], [98.06122448979592, 97.44493392070484, 75.7751937984496, 90.1980198019802, 90.83503054989816, 88.90134529147981, 95.61586638830897, 91.05058365758755, 83.05954825462013, 90.68384539147671]],