{"config": {"DATASET": "mnist", "TOTAL_CLIENTS": 100, "CLIENT_FRAC": 0.1, "POISON_FRAC": 0.1, "CREATE_DATASET": true, "CLASS_RATIO": 10, "MODEL": "nnet", "LEARNING_RATE": 0.001, "BATCH_SIZE": 32, "LOCAL_EPOCHS": 3, "OPTIMIZER": "adam", "FED_ROUNDS": 30, "TEST_EVERY": 1, "RANDOM": true, "COS_DEFENCE": true, "SEL_METHOD": 1, "REDUCE_LR": 1, "COLLAB_MODE": true, "COLLAB_ALL": true, "CONSIDER_LAYERS": "l1", "GRAD_AGG": true, "FEATURE_FINDING_ALGO": "auror", "GRAD_COLLECTION_START": 0, "GRAD_COLLECT_FOR": -1, "CLUSTER_SEP": 0.01, "ALPHA": 0.7, "BETA": 0.7, "GAMMA": 0.1, "TRUST_INC": 2, "TRUST_CUT_METHOD": 1, "HONEST_PARDON_FACTOR": 0.99, "LOG_LEVEL": "INFO", "JSON_RESULTS": true}, "mean_poison_class_acc": 72.40794573643412, "mean_attack_srate": 3.7015503875968987, "total_accuracies": [11.87, 34.13, 42.55, 47.88, 59.96, 67.71, 72.74, 77.67, 77.97, 79.23, 78.94, 81.43, 81.27, 84.01, 81.6, 82.44, 81.6, 85.96, 86.77, 87.45, 87.06, 85.42, 88.59, 88.59, 85.82, 87.9, 89.52, 88.68, 88.34, 89.61], "class_accuracies": [[0.0, 0.0, 0.0, 0.0, 0.0, 3.2511210762331837, 100.0, 0.0, 0.0, 19.821605550049554], [54.59183673469388, 99.38325991189427, 6.976744186046512, 26.534653465346533, 5.39714867617108, 78.1390134529148, 68.89352818371607, 0.0, 0.0, 0.0], [98.57142857142857, 99.11894273127753, 46.99612403100775, 10.099009900990099, 0.0, 34.08071748878924, 75.36534446764092, 0.0, 0.0, 54.60852329038652], [89.89795918367346, 98.76651982378854, 44.08914728682171, 91.2871287128713, 8.55397148676171, 19.05829596412556, 88.4133611691023, 4.669260700389105, 1.0266940451745379, 24.777006937561943], [94.48979591836735, 97.18061674008811, 81.2984496124031, 82.17821782178218, 17.5152749490835, 31.390134529147982, 59.49895615866388, 4.961089494163424, 49.89733059548254, 73.2408325074331], [97.24489795918367, 96.65198237885463, 74.6124031007752, 80.1980198019802, 82.07739307535641, 31.16591928251121, 55.94989561586639, 52.91828793774319, 66.4271047227926, 32.70564915758177], [93.36734693877551, 95.94713656387665, 34.98062015503876, 70.4950495049505, 67.10794297352342, 64.91031390134529, 92.06680584551148, 60.11673151750973, 73.61396303901438, 73.53815659068384], [95.91836734693878, 95.59471365638767, 70.83333333333333, 79.70297029702971, 69.34826883910387, 63.11659192825112, 89.35281837160751, 76.16731517509727, 64.27104722792608, 69.0782953419227], [95.91836734693878, 89.2511013215859, 66.66666666666667, 76.63366336633663, 77.08757637474542, 60.98654708520179, 90.39665970772442, 80.25291828793775, 86.75564681724846, 54.013875123885036], [95.40816326530613, 96.65198237885463, 71.51162790697674, 81.48514851485149, 65.17311608961303, 67.82511210762331, 91.44050104384134, 71.3035019455253, 66.83778234086242, 81.76412289395441], [97.34693877551021, 96.2114537444934, 55.32945736434109, 74.75247524752476, 85.4378818737271, 74.43946188340807, 88.83089770354906, 84.72762645914396, 69.30184804928132, 61.64519326065411], [95.61224489795919, 92.42290748898678, 73.06201550387597, 87.72277227722772, 70.9775967413442, 62.780269058295964, 93.21503131524008, 87.35408560311284, 77.61806981519507, 70.66402378592666], [95.91836734693878, 95.06607929515418, 72.18992248062015, 82.37623762376238, 91.95519348268839, 71.8609865470852, 90.50104384133611, 88.61867704280155, 79.15811088295688, 43.409316154608526], [96.63265306122449, 96.38766519823788, 75.7751937984496, 85.54455445544555, 73.31975560081466, 76.23318385650224, 91.12734864300626, 83.65758754863813, 73.81930184804928, 85.43111992071358], [97.04081632653062, 96.2114537444934, 64.53488372093024, 84.75247524752476, 59.877800407331975, 72.75784753363229, 90.29227557411274, 78.89105058365759, 76.07802874743327, 93.26065411298315], [95.91836734693878, 97.3568281938326, 60.75581395348837, 84.55445544554455, 65.27494908350306, 79.03587443946188, 90.08350730688936, 86.96498054474708, 71.56057494866529, 90.98116947472745], [95.40816326530613, 96.82819383259911, 54.263565891472865, 85.24752475247524, 61.914460285132385, 78.9237668161435, 89.14405010438414, 89.88326848249027, 71.04722792607802, 91.47670961347869], [96.42857142857143, 96.47577092511013, 72.77131782945736, 85.64356435643565, 85.33604887983707, 81.61434977578476, 90.7098121085595, 90.1750972762646, 77.20739219712526, 81.86323092170466], [97.14285714285714, 96.56387665198238, 82.36434108527132, 87.02970297029702, 93.38085539714868, 78.02690582959642, 91.12734864300626, 86.38132295719845, 78.74743326488706, 75.22299306243806], [96.63265306122449, 96.65198237885463, 81.0077519379845, 84.65346534653466, 84.41955193482688, 80.94170403587444, 90.81419624217119, 88.91050583657588, 81.41683778234086, 87.41328047571854], [96.12244897959184, 96.2114537444934, 78.29457364341086, 85.84158415841584, 79.938900203666, 86.21076233183857, 90.08350730688936, 87.35408560311284, 79.87679671457906, 89.59365708622398], [96.63265306122449, 97.62114537444934, 60.174418604651166, 87.22772277227723, 83.80855397148676, 81.83856502242152, 90.6054279749478, 89.59143968871595, 76.07802874743327, 89.39544103072349], [97.34693877551021, 97.00440528634361, 85.85271317829458, 84.75247524752476, 87.57637474541751, 81.72645739910314, 93.1106471816284, 90.07782101167315, 79.7741273100616, 87.01684836471755], [96.3265306122449, 96.74008810572687, 83.72093023255815, 89.60396039603961, 84.5213849287169, 79.7085201793722, 92.58872651356994, 87.64591439688716, 81.93018480492813, 91.2784935579782], [97.04081632653062, 96.91629955947137, 54.36046511627907, 85.74257425742574, 87.88187372708758, 84.52914798206278, 92.27557411273486, 89.88326848249027, 78.43942505133471, 90.68384539147671], [96.12244897959184, 97.79735682819383, 74.8062015503876, 87.32673267326733, 94.29735234215886, 81.83856502242152, 91.23173277661796, 88.61867704280155, 81.51950718685832, 84.14271555996035], [97.55102040816327, 95.94713656387665, 87.1124031007752, 85.14851485148515, 89.10386965376782, 83.96860986547085, 91.7536534446764, 89.6887159533074, 86.652977412731, 87.1159563924678], [96.73469387755102, 97.62114537444934, 78.87596899224806, 85.84158415841584, 88.08553971486762, 83.6322869955157, 93.63256784968685, 87.06225680933852, 81.82751540041068, 92.26957383548067], [97.14285714285714, 96.91629955947137, 71.60852713178295, 87.82178217821782, 86.76171079429736, 84.52914798206278, 92.58872651356994, 89.59143968871595, 81.93018480492813, 93.55797819623389], [97.75510204081633, 97.00440528634361, 81.2984496124031, 87.92079207920793, 89.71486761710794, 86.99551569506727, 93.94572025052192, 91.43968871595331, 81.82751540041068, 87.31417244796829]],