{"config": {"DATASET": "mnist", "TOTAL_CLIENTS": 100, "CLIENT_FRAC": 0.2, "POISON_FRAC": 0.2, "CREATE_DATASET": false, "RANDOM_DATA": true, "CLASS_RATIO": 10, "MODEL": "nnet", "LEARNING_RATE": 0.001, "BATCH_SIZE": 32, "LOCAL_EPOCHS": 10, "OPTIMIZER": "adam", "FED_ROUNDS": 30, "TEST_EVERY": 1, "RANDOM_PROCESS": false, "COS_DEFENCE": true, "SEL_METHOD": 1, "REDUCE_LR": 1, "COLLAB_MODE": true, "COLLAB_ALL": true, "CONSIDER_LAYERS": "l1", "GRAD_AGG": true, "FEATURE_FINDING_ALGO": "auror", "GRAD_COLLECTION_START": 0, "GRAD_COLLECT_FOR": -1, "CLUSTER_SEP": 0.002, "ALPHA": 0.8, "BETA": 0.8, "GAMMA": 0.1, "TRUST_INC": 2, "TRUST_CUT_METHOD": 1, "HONEST_PARDON_FACTOR": 0.7, "LOG_LEVEL": "INFO", "JSON_RESULTS": true}, "mean_poison_class_acc": 82.91085271317829, "mean_attack_srate": 3.0581395348837215, "total_accuracies": [47.3, 65.01, 79.11, 85.6, 87.63, 88.99, 89.98, 91.19, 90.61, 91.69, 91.32, 91.4, 93.17, 92.79, 93.39, 91.99, 92.94, 94.04, 93.61, 93.94, 93.41, 93.81, 94.26, 94.68, 95.14, 94.65, 94.78, 94.86, 95.51, 95.02], "class_accuracies": [[99.38775510204081, 92.33480176211454, 0.0, 62.67326732673267, 69.4501018329939, 17.376681614349774, 22.65135699373695, 37.45136186770428, 9.856262833675565, 53.5183349851338], [97.85714285714286, 98.76651982378854, 2.131782945736434, 92.77227722772277, 85.84521384928716, 63.67713004484305, 79.33194154488518, 86.96498054474708, 17.967145790554415, 22.001982160555006], [95.71428571428571, 98.50220264317181, 48.74031007751938, 91.38613861386139, 87.57637474541751, 63.90134529147982, 89.35281837160751, 92.12062256809338, 73.30595482546201, 47.77006937561943], [97.55102040816327, 97.3568281938326, 67.24806201550388, 88.91089108910892, 85.33604887983707, 86.21076233183857, 90.91858037578288, 91.147859922179, 72.68993839835728, 77.70069375619426], [97.65306122448979, 97.44493392070484, 69.0891472868217, 90.6930693069307, 91.64969450101833, 84.08071748878923, 92.48434237995825, 92.21789883268482, 80.28747433264887, 79.78196233894946], [97.75510204081633, 97.88546255506608, 76.45348837209302, 89.3069306930693, 92.05702647657841, 86.32286995515695, 92.17118997912317, 90.6614785992218, 80.80082135523614, 85.53022794846383], [98.26530612244898, 97.5330396475771, 80.71705426356588, 92.97029702970298, 91.14052953156823, 84.75336322869956, 92.69311064718163, 89.78599221789884, 80.49281314168378, 90.18830525272547], [97.14285714285714, 98.14977973568281, 85.07751937984496, 91.78217821782178, 92.36252545824847, 87.66816143497758, 94.36325678496868, 90.56420233463035, 83.88090349075975, 89.89098116947473], [97.55102040816327, 97.79735682819383, 73.06201550387597, 93.36633663366337, 91.64969450101833, 88.67713004484305, 94.05010438413362, 91.53696498054475, 86.13963039014374, 91.77403369672943], [97.75510204081633, 99.03083700440529, 80.13565891472868, 93.16831683168317, 93.58452138492872, 86.65919282511211, 95.61586638830897, 92.41245136186771, 87.57700205338809, 89.99008919722498], [97.65306122448979, 98.76651982378854, 74.03100775193798, 93.86138613861387, 93.89002036659878, 89.68609865470852, 94.88517745302714, 92.50972762645914, 85.42094455852155, 91.97224975222993], [98.06122448979592, 98.32599118942731, 70.44573643410853, 93.76237623762377, 93.58452138492872, 90.80717488789237, 94.57202505219206, 91.34241245136187, 90.04106776180699, 92.9633300297324], [98.36734693877551, 98.76651982378854, 88.56589147286822, 92.67326732673267, 94.19551934826885, 91.92825112107623, 94.258872651357, 92.50972762645914, 89.73305954825462, 90.08919722497522], [98.57142857142857, 98.6784140969163, 81.4922480620155, 94.65346534653466, 94.70468431771894, 91.4798206278027, 94.88517745302714, 92.12062256809338, 89.63039014373716, 91.2784935579782], [97.85714285714286, 98.23788546255507, 85.65891472868218, 93.76237623762377, 94.80651731160896, 91.59192825112108, 95.09394572025052, 92.31517509727627, 91.06776180698152, 93.06243805748265], [97.65306122448979, 98.50220264317181, 69.57364341085271, 95.44554455445545, 94.39918533604887, 90.5829596412556, 96.34655532359082, 92.50972762645914, 91.68377823408625, 93.1615460852329], [98.06122448979592, 98.59030837004406, 79.84496124031008, 93.66336633663366, 93.9918533604888, 93.60986547085201, 95.09394572025052, 93.8715953307393, 89.11704312114989, 93.3597621407334], [97.95918367346938, 98.76651982378854, 88.2751937984496, 95.24752475247524, 94.60285132382892, 91.70403587443946, 95.72025052192066, 92.99610894941634, 90.96509240246407, 93.55797819623389], [98.06122448979592, 98.50220264317181, 82.36434108527132, 95.14851485148515, 95.11201629327903, 91.81614349775785, 95.92901878914405, 93.8715953307393, 91.27310061601642, 93.65708622398414], [98.16326530612245, 98.59030837004406, 85.07751937984496, 94.75247524752476, 94.19551934826885, 91.92825112107623, 96.24217118997912, 93.77431906614785, 92.19712525667352, 94.05351833498513], [98.77551020408163, 98.76651982378854, 78.48837209302326, 95.44554455445545, 95.010183299389, 92.26457399103138, 95.72025052192066, 94.3579766536965, 92.29979466119096, 92.76511397423191], [98.26530612244898, 98.59030837004406, 81.4922480620155, 94.55445544554455, 96.23217922606925, 93.16143497757848, 96.34655532359082, 94.64980544747081, 91.88911704312115, 92.76511397423191], [98.57142857142857, 99.03083700440529, 85.85271317829458, 96.13861386138613, 95.21384928716904, 93.83408071748879, 96.24217118997912, 93.96887159533074, 90.24640657084188, 93.1615460852329], [98.16326530612245, 98.59030837004406, 87.59689922480621, 95.24752475247524, 95.92668024439918, 94.05829596412556, 96.34655532359082, 94.26070038910505, 93.22381930184805, 93.1615460852329], [98.6734693877551, 98.76651982378854, 93.7015503875969, 96.53465346534654, 94.39918533604887, 91.92825112107623, 95.92901878914405, 94.16342412451363, 93.53182751540041, 93.06243805748265], [98.57142857142857, 98.6784140969163, 87.01550387596899, 95.54455445544555, 97.04684317718942, 92.82511210762331, 96.34655532359082, 93.96887159533074, 92.71047227926078, 93.45887016848364], [98.77551020408163, 98.41409691629956, 89.14728682170542, 95.34653465346534, 95.82484725050917, 93.83408071748879, 96.24217118997912, 93.19066147859922, 93.32648870636551, 93.45887016848364], [98.16326530612245, 98.6784140969163, 87.8875968992248, 96.63366336633663, 97.04684317718942, 93.27354260089686, 96.65970772442589, 93.48249027237354, 92.81314168377824, 93.65708622398414], [98.46938775510205, 98.6784140969163, 93.02325581395348, 95.14851485148515, 96.13034623217922, 93.83408071748879, 96.45093945720251, 95.62256809338521, 93.22381930184805, 94.05351833498513], [98.36734693877551, 98.50220264317181, 87.79069767441861, 95.74257425742574, 96.23217922606925, 93.49775784753363, 96.03340292275574, 95.8171206225681, 93.53182751540041, 94.35084241823587]],