{"config": {"DATASET": "mnist", "TOTAL_CLIENTS": 100, "CLIENT_FRAC": 0.2, "POISON_FRAC": 0.2, "CREATE_DATASET": false, "RANDOM_DATA": true, "CLASS_RATIO": 10, "MODEL": "nnet", "LEARNING_RATE": 0.001, "BATCH_SIZE": 32, "LOCAL_EPOCHS": 10, "OPTIMIZER": "adam", "FED_ROUNDS": 10, "TEST_EVERY": 1, "RANDOM_PROCESS": false, "COS_DEFENCE": true, "SEL_METHOD": 1, "REDUCE_LR": 1, "COLLAB_MODE": true, "COLLAB_ALL": true, "CONSIDER_LAYERS": "l1", "GRAD_AGG": true, "FEATURE_FINDING_ALGO": "auror", "GRAD_COLLECTION_START": 0, "GRAD_COLLECT_FOR": -1, "CLUSTER_SEP": 0.01, "ALPHA": 0.8, "BETA": 0.8, "GAMMA": 0.1, "TRUST_INC": 2, "TRUST_CUT_METHOD": 1, "HONEST_PARDON_FACTOR": 1.0, "TRUST_MODIFY_STRATEGY": 0, "TRUST_SAMPLING": false, "TRUST_NORMALIZATION": false, "LOG_LEVEL": "ERROR", "JSON_RESULTS": true}, "mean_poison_class_acc": 77.5, "avg_accs": [44.61, 73.38, 82.7, 85.83, 86.69, 88.88, 89.13, 89.86, 90.61, 90.57], "avg_precisions": [0.6374198432212588, 0.7694361868440893, 0.8346856250308933, 0.8617680147607529, 0.8709858144107168, 0.88951926200736, 0.893163795794874, 0.9009415913257224, 0.9077329808764625, 0.9074624706142586], "avg_recalls": [0.4461, 0.7338, 0.827, 0.8583, 0.8669, 0.8888, 0.8913, 0.8986, 0.9061, 0.9057], "avg_f1_scores": [0.3911975899269078, 0.7159969813759374, 0.8230741723842487, 0.8569095851964436, 0.8649067710490381, 0.8879920361065411, 0.8903043711488332, 0.8978712058891067, 0.9057056267578728, 0.9047034559504813], "poison_class_accs": [0.0, 35.75581395348837, 69.67054263565892, 69.47674418604652, 64.53488372093024, 79.36046511627907, 75.87209302325581, 74.6124031007752, 81.78294573643412, 75.87209302325581], "poison_class_precisions": [1.0, 0.9534883720930233, 0.9313471502590673, 0.9534574468085106, 0.9652173913043478, 0.9381443298969072, 0.9548780487804878, 0.9661229611041405, 0.9580022701475596, 0.9738805970149254], "poison_class_recalls": [0.0, 0.35755813953488375, 0.6967054263565892, 0.6947674418604651, 0.6453488372093024, 0.7936046511627907, 0.7587209302325582, 0.7461240310077519, 0.8178294573643411, 0.7587209302325582], "poison_class_f1_scores": [0.0, 0.5200845665961945, 0.7971175166297119, 0.8038116591928253, 0.7735191637630662, 0.8598425196850393, 0.8455723542116631, 0.8419901585565882, 0.8823836905384213, 0.8529411764705883], "all_class_metric_vals": [{"cls_accs": [99.48979591836735, 95.59471365638767, 0.0, 50.396039603960396, 83.29938900203666, 6.614349775784754, 16.075156576200417, 36.57587548638132, 1.7453798767967146, 46.382556987115954], "cls_precisions": [0.2533783783783784, 0.8529874213836478, 1.0, 0.3088592233009709, 0.5572207084468664, 0.14824120603015076, 0.8603351955307262, 0.9894736842105263, 0.7083333333333334, 0.5977011494252874], "cls_recalls": [0.9948979591836735, 0.9559471365638766, 0.0, 0.503960396039604, 0.8329938900203666, 0.06614349775784753, 0.16075156576200417, 0.3657587548638132, 0.017453798767967144, 0.4638255698711596], "cls_f1_scores": [0.4038939519469761, 0.901537183215621, 0.0, 0.3829947328818661, 0.6677551020408163, 0.09147286821705426, 0.2708883025505717, 0.5340909090909091, 0.03406813627254509, 0.5223214285714286]}, {"cls_accs": [96.0204081632653, 98.6784140969163, 35.75581395348837, 89.60396039603961, 87.88187372708758, 69.5067264573991, 82.4634655532359, 86.08949416342412, 40.86242299794661, 44.301288404360754], "cls_precisions": [0.7907563025210084, 0.761386811692726, 0.9534883720930233, 0.5918901242642249, 0.60646521433591, 0.6659505907626209, 0.7588856868395774, 0.8736426456071076, 0.8805309734513275, 0.7939609236234458], "cls_recalls": [0.960204081632653, 0.986784140969163, 0.35755813953488375, 0.8960396039603961, 0.8788187372708758, 0.695067264573991, 0.824634655532359, 0.8608949416342413, 0.4086242299794661, 0.44301288404360756], "cls_f1_scores": [0.8672811059907835, 0.8595548733691482, 0.5200845665961945, 0.712879086254431, 0.7176715176715177, 0.68019747668678, 0.7903951975987994, 0.8672219500244978, 0.5582047685834503, 0.568702290076336]}, {"cls_accs": [96.73469387755102, 97.79735682819383, 69.67054263565892, 88.61386138613861, 90.32586558044807, 69.05829596412556, 90.50104384133611, 90.1750972762646, 73.51129363449692, 57.97819623389495], "cls_precisions": [0.8918156161806209, 0.8651597817614964, 0.9313471502590673, 0.7458333333333333, 0.6886645962732919, 0.8279569892473119, 0.8592666005946482, 0.8458029197080292, 0.8453364817001181, 0.83810888252149], "cls_recalls": [0.9673469387755103, 0.9779735682819384, 0.6967054263565892, 0.8861386138613861, 0.9032586558044806, 0.6905829596412556, 0.9050104384133612, 0.9017509727626459, 0.7351129363449692, 0.5797819623389494], "cls_f1_scores": [0.9280469897209985, 0.9181141439205955, 0.7971175166297119, 0.8099547511312216, 0.7814977973568282, 0.7530562347188264, 0.8815455007625826, 0.8728813559322035, 0.7863811092806151, 0.6854130052724078]}, {"cls_accs": [97.14285714285714, 97.00440528634361, 69.47674418604652, 84.35643564356435, 88.69653767820773, 86.65919282511211, 89.35281837160751, 89.2023346303502, 75.97535934291581, 79.68285431119921], "cls_precisions": [0.9032258064516129, 0.8929440389294404, 0.9534574468085106, 0.8344760039177277, 0.8064814814814815, 0.7638339920948617, 0.890738813735692, 0.8937621832358674, 0.8486238532110092, 0.8129423660262892], "cls_recalls": [0.9714285714285714, 0.9700440528634361, 0.6947674418604651, 0.8435643564356435, 0.8869653767820774, 0.8665919282511211, 0.8935281837160751, 0.892023346303502, 0.7597535934291582, 0.796828543111992], "cls_f1_scores": [0.936086529006883, 0.9298986486486486, 0.8038116591928253, 0.8389955686853765, 0.8448108632395732, 0.8119747899159664, 0.8921313183949974, 0.8928919182083739, 0.8017334777898157, 0.8048048048048049]}, {"cls_accs": [97.34693877551021, 96.74008810572687, 64.53488372093024, 87.32673267326733, 93.78818737270876, 84.08071748878923, 90.7098121085595, 89.6887159533074, 81.21149897330595, 80.87215064420218], "cls_precisions": [0.9244186046511628, 0.913477537437604, 0.9652173913043478, 0.8384030418250951, 0.7994791666666666, 0.8187772925764192, 0.8940329218106996, 0.9065880039331367, 0.8071428571428572, 0.8267477203647416], "cls_recalls": [0.9734693877551021, 0.9674008810572687, 0.6453488372093024, 0.8732673267326733, 0.9378818737270875, 0.8408071748878924, 0.907098121085595, 0.896887159533074, 0.8121149897330595, 0.8087215064420218], "cls_f1_scores": [0.94831013916501, 0.9396662387676509, 0.7735191637630662, 0.8554801163918526, 0.8631677600749765, 0.8296460176991152, 0.900518134715026, 0.9017114914425428, 0.8096212896622312, 0.8176352705410821]}, {"cls_accs": [97.34693877551021, 97.44493392070484, 79.36046511627907, 87.52475247524752, 92.4643584521385, 84.64125560538116, 92.48434237995825, 90.56420233463035, 79.7741273100616, 86.02576808721507], "cls_precisions": [0.928919182083739, 0.9102880658436214, 0.9381443298969072, 0.8778550148957299, 0.850187265917603, 0.845464725643897, 0.9059304703476483, 0.9030067895247332, 0.8809523809523809, 0.8460038986354775], "cls_recalls": [0.9734693877551021, 0.9744493392070485, 0.7936046511627907, 0.8752475247524752, 0.924643584521385, 0.8464125560538116, 0.9248434237995825, 0.9056420233463035, 0.797741273100616, 0.8602576808721506], "cls_f1_scores": [0.9506726457399103, 0.9412765957446809, 0.8598425196850393, 0.8765493306891423, 0.8858536585365854, 0.84593837535014, 0.9152892561983472, 0.9043224866440018, 0.8372844827586207, 0.853071253071253]}, {"cls_accs": [97.34693877551021, 97.44493392070484, 75.87209302325581, 90.4950495049505, 95.21384928716904, 84.75336322869956, 93.42379958246346, 88.52140077821012, 81.41683778234086, 85.92666005946482], "cls_precisions": [0.9298245614035088, 0.9021207177814029, 0.9548780487804878, 0.8647114474929044, 0.8415841584158416, 0.8649885583524027, 0.9004024144869215, 0.9400826446280992, 0.8582251082251082, 0.867],