{"config": {"DATASET": "mnist", "TOTAL_CLIENTS": 100, "CLIENT_FRAC": 0.2, "POISON_FRAC": 0.2, "CREATE_DATASET": true, "RANDOM_DATA": true, "CLASS_RATIO": 10, "MODEL": "nnet", "LEARNING_RATE": 0.001, "BATCH_SIZE": 32, "LOCAL_EPOCHS": 10, "OPTIMIZER": "adam", "FED_ROUNDS": 30, "TEST_EVERY": 1, "RANDOM_PROCESS": false, "COS_DEFENCE": false, "SEL_METHOD": 1, "REDUCE_LR": 1, "COLLAB_MODE": true, "COLLAB_ALL": true, "CONSIDER_LAYERS": "l1", "GRAD_AGG": true, "FEATURE_FINDING_ALGO": "auror", "GRAD_COLLECTION_START": 0, "GRAD_COLLECT_FOR": -1, "CLUSTER_SEP": 0.002, "ALPHA": 0.8, "BETA": 0.8, "GAMMA": 0.1, "TRUST_INC": 2, "TRUST_CUT_METHOD": 1, "HONEST_PARDON_FACTOR": 0.7, "LOG_LEVEL": "INFO", "JSON_RESULTS": true}, "mean_poison_class_acc": 73.28294573643412, "mean_attack_srate": 3.1821705426356597, "total_accuracies": [48.73, 70.5, 80.34, 85.43, 87.63, 89.71, 89.34, 89.69, 91.12, 91.74, 89.71, 92.79, 84.07, 92.78, 92.15, 92.46, 93.48, 94.2, 90.21, 94.13, 93.05, 92.02, 92.96, 93.29, 93.04, 90.93, 91.42, 95.03, 94.22, 95.12], "class_accuracies": [[97.14285714285714, 100.0, 0.3875968992248062, 49.603960396039604, 66.08961303462321, 17.713004484304932, 21.711899791231733, 80.44747081712062, 45.07186858316222, 0.0], [97.55102040816327, 98.41409691629956, 22.96511627906977, 78.11881188118812, 92.56619144602851, 82.51121076233184, 86.32567849686848, 85.60311284046692, 46.40657084188912, 14.568880079286423], [96.93877551020408, 97.97356828193833, 45.93023255813954, 83.46534653465346, 95.62118126272912, 79.37219730941705, 93.0062630480167, 91.43968871595331, 69.81519507186859, 49.25668979187314], [96.73469387755102, 97.88546255506608, 61.14341085271318, 85.14851485148515, 92.15885947046843, 87.10762331838565, 90.81419624217119, 89.29961089494164, 74.435318275154, 79.08820614469772], [97.04081632653062, 97.26872246696036, 69.76744186046511, 89.70297029702971, 95.82484725050917, 81.50224215246637, 93.0062630480167, 90.56420233463035, 81.62217659137578, 78.98909811694747], [97.14285714285714, 96.65198237885463, 82.65503875968992, 88.21782178217822, 94.70468431771894, 82.73542600896862, 94.1544885177453, 90.36964980544747, 85.52361396303901, 83.84539147670961], [97.75510204081633, 98.14977973568281, 75.87209302325581, 91.2871287128713, 95.31568228105907, 88.34080717488789, 93.63256784968685, 89.98054474708171, 80.08213552361396, 82.3587710604559], [97.75510204081633, 97.97356828193833, 72.86821705426357, 90.39603960396039, 96.13034623217922, 88.00448430493273, 92.79749478079331, 92.21789883268482, 81.3141683778234, 86.81863230921705], [97.65306122448979, 97.62114537444934, 77.90697674418605, 90.0, 93.27902240325865, 89.57399103139014, 94.67640918580376, 90.56420233463035, 89.01437371663245, 90.58473736372646], [98.06122448979592, 97.62114537444934, 84.49612403100775, 93.16831683168317, 96.43584521384929, 87.78026905829596, 94.46764091858037, 90.1750972762646, 87.782340862423, 86.7195242814668], [97.75510204081633, 98.32599118942731, 63.275193798449614, 93.36633663366337, 96.5376782077393, 88.45291479820628, 95.72025052192066, 91.73151750972762, 83.16221765913758, 88.60257680872151], [98.06122448979592, 97.97356828193833, 87.1124031007752, 94.45544554455445, 96.5376782077393, 89.91031390134529, 96.13778705636743, 90.85603112840467, 89.63039014373716, 86.7195242814668], [96.73469387755102, 98.76651982378854, 6.2015503875969, 94.05940594059406, 95.51934826883911, 90.02242152466367, 95.30271398747391, 93.77431906614785, 82.4435318275154, 89.49454905847374], [97.75510204081633, 98.50220264317181, 81.87984496124031, 94.65346534653466, 95.51934826883911, 90.13452914798206, 96.03340292275574, 92.80155642023347, 90.4517453798768, 89.59365708622398], [98.06122448979592, 98.14977973568281, 74.03100775193798, 94.75247524752476, 96.13034623217922, 92.37668161434978, 95.4070981210856, 93.48249027237354, 88.80903490759754, 90.28741328047572], [97.65306122448979, 98.50220264317181, 74.03100775193798, 93.66336633663366, 95.21384928716904, 92.04035874439462, 96.24217118997912, 95.13618677042801, 90.65708418891171, 91.37760158572844], [97.75510204081633, 98.23788546255507, 84.68992248062015, 96.03960396039604, 96.13034623217922, 90.02242152466367, 96.76409185803757, 92.31517509727627, 91.47843942505133, 90.8820614469772], [97.95918367346938, 98.76651982378854, 89.34108527131782, 93.26732673267327, 96.02851323828921, 93.38565022421524, 95.82463465553236, 93.3852140077821, 90.34907597535934, 93.26065411298315], [97.04081632653062, 98.76651982378854, 53.97286821705426, 93.36633663366337, 97.14867617107943, 93.04932735426009, 95.72025052192066, 94.16342412451363, 89.52772073921972, 89.99008919722498], [97.85714285714286, 98.8546255506608, 86.7248062015504, 93.16831683168317, 96.02851323828921, 93.04932735426009, 96.34655532359082, 93.8715953307393, 92.81314168377824, 92.26957383548067], [98.16326530612245, 98.59030837004406, 75.96899224806202, 94.55445544554455, 96.63951120162933, 93.38565022421524, 96.03340292275574, 94.3579766536965, 90.55441478439425, 92.26957383548067], [97.95918367346938, 98.76651982378854, 65.50387596899225, 94.25742574257426, 95.92668024439918, 94.05829596412556, 94.98956158663883, 93.8715953307393, 92.09445585215606, 93.1615460852329], [97.95918367346938, 98.76651982378854, 74.90310077519379, 93.96039603960396, 97.14867617107943, 93.27354260089686, 96.5553235908142, 94.74708171206225, 91.88911704312115, 90.48562933597621], [98.36734693877551, 99.03083700440529, 75.5813953488372, 95.14851485148515, 96.43584521384929, 93.83408071748879, 96.03340292275574, 93.77431906614785, 93.01848049281314, 91.77403369672943], [97.34693877551021, 98.59030837004406, 73.25581395348837, 95.24752475247524, 96.13034623217922, 94.17040358744394, 95.19832985386222, 93.67704280155642, 92.71047227926078, 94.25173439048562], [97.65306122448979, 98.6784140969163, 53.97286821705426, 94.05940594059406, 96.84317718940937, 96.18834080717488, 94.57202505219206, 93.3852140077821, 92.09445585215606, 92.86422200198216], [98.6734693877551, 98.76651982378854, 56.007751937984494, 95.84158415841584, 97.25050916496944, 93.94618834080717, 95.51148225469728, 94.94163424124514, 92.71047227926078, 91.2784935579782], [97.65306122448979, 98.8546255506608, 91.27906976744185, 95.84158415841584, 95.21384928716904, 91.4798206278027, 97.49478079331942, 94.3579766536965, 94.14784394250513, 93.3597621407334], [98.57142857142857, 98.6784140969163, 81.2984496124031, 96.03960396039604, 96.5376782077393, 93.04932735426009, 96.65970772442589, 93.09338521400778, 94.55852156057495, 93.65708622398414], [97.95918367346938, 98.59030837004406, 89.24418604651163, 95.74257425742574, 96.02851323828921, 92.60089686098655, 97.39039665970772, 94.94163424124514, 94.76386036960986, 93.55797819623389]],