{"config": {"DATASET": "mnist", "CLIENT_FRAC": 0.2, "POISON_FRAC": 0.3, "CREATE_DATASET": false, "CLASS_RATIO": 10, "MODEL": "nnet", "LEARNING_RATE": 0.001, "BATCH_SIZE": 32, "LOCAL_EPOCHS": 3, "OPTIMIZER": "adam", "FED_ROUNDS": 30, "TEST_EVERY": 1, "RANDOM": false, "COS_DEFENCE": false, "SEL_METHOD": 1, "COLLAB_MODE": true, "CONSIDER_LAYERS": "l1", "GRAD_AGG": true, "FEATURE_FINDING_ALGO": "auror_plus", "GRAD_COLLECTION_START": 0, "GRAD_COLLECT_FOR": -1, "CLUSTER_SEP": 2.0, "ALPHA": 0.5, "BETA": 0.5, "GAMMA": 0.5, "TRUST_INC": 2, "TRUST_CUT_METHOD": 1, "HONEST_PARDON_FACTOR": 0.99, "LOG_LEVEL": "INFO", "JSON_RESULTS": true}, "mean_poison_class_acc": 65.58527131782947, "mean_attack_srate": 3.027131782945736, "total_accuracies": [40.17, 31.43, 48.27, 57.25, 62.17, 69.54, 73.05, 76.45, 82.41, 82.51, 83.73, 82.82, 85.89, 84.17, 85.61, 87.13, 87.57, 87.14, 88.05, 87.85, 87.79, 89.29, 88.66, 90.05, 88.72, 89.83, 90.26, 89.4, 90.44, 90.8], "class_accuracies": [[89.79591836734694, 97.70925110132158, 0.0, 60.198019801980195, 67.31160896130346, 14.68609865470852, 0.0, 0.0, 0.1026694045174538, 62.14073339940535], [99.28571428571429, 98.23788546255507, 0.0, 54.95049504950495, 28.818737270875765, 13.565022421524663, 7.515657620041754, 2.3346303501945527, 0.0, 0.0], [98.77551020408163, 99.29515418502203, 1.3565891472868217, 80.6930693069307, 57.23014256619145, 16.255605381165918, 53.96659707724426, 64.98054474708171, 0.0, 1.0901883052527255], [95.0, 99.11894273127753, 0.7751937984496124, 69.10891089108911, 68.43177189409369, 83.74439461883408, 61.16910229645094, 48.249027237354085, 0.0, 45.78790882061447], [98.06122448979592, 98.8546255506608, 0.3875968992248062, 92.27722772277228, 80.04073319755601, 43.27354260089686, 84.34237995824634, 83.852140077821, 6.570841889117043, 28.93954410307235], [96.93877551020408, 98.41409691629956, 12.5, 87.12871287128714, 85.33604887983707, 56.61434977578475, 87.68267223382045, 89.39688715953308, 42.60780287474333, 35.777998017839444], [96.22448979591837, 98.6784140969163, 45.348837209302324, 87.32673267326733, 80.5498981670061, 76.34529147982063, 86.74321503131524, 87.7431906614786, 20.739219712525667, 48.06739345887017], [96.63265306122449, 98.50220264317181, 47.86821705426357, 87.02970297029702, 89.81670061099797, 69.28251121076234, 89.77035490605428, 87.54863813229572, 51.3347022587269, 44.301288404360754], [96.12244897959184, 98.41409691629956, 65.98837209302326, 83.46534653465346, 75.66191446028513, 72.75784753363229, 90.18789144050105, 83.36575875486382, 74.74332648870636, 80.97125867195243], [97.55102040816327, 98.14977973568281, 65.21317829457364, 89.00990099009901, 86.15071283095723, 65.35874439461884, 90.81419624217119, 87.35408560311284, 72.99794661190965, 69.47472745292369], [97.14285714285714, 97.70925110132158, 67.34496124031008, 86.83168316831683, 85.23421588594705, 76.12107623318386, 90.91858037578288, 85.11673151750973, 69.60985626283367, 79.28642220019822], [97.44897959183673, 98.14977973568281, 53.87596899224806, 86.83168316831683, 90.32586558044807, 78.36322869955157, 91.7536534446764, 84.92217898832685, 72.99794661190965, 72.44796828543112], [97.04081632653062, 97.70925110132158, 78.97286821705427, 85.64356435643565, 87.88187372708758, 81.83856502242152, 94.05010438413362, 88.13229571984436, 70.53388090349075, 75.52031714568881], [97.24489795918367, 97.44493392070484, 53.10077519379845, 89.3069306930693, 86.25254582484725, 77.57847533632287, 90.39665970772442, 87.93774319066148, 76.69404517453799, 84.4400396432111], [97.14285714285714, 96.91629955947137, 64.05038759689923, 86.73267326732673, 92.87169042769857, 82.28699551569507, 92.37995824634656, 87.93774319066148, 79.56878850102669, 75.52031714568881], [96.73469387755102, 97.26872246696036, 73.93410852713178, 83.06930693069307, 87.16904276985743, 86.43497757847534, 93.31941544885177, 89.39688715953308, 79.05544147843942, 84.14271555996035], [97.04081632653062, 97.3568281938326, 74.12790697674419, 90.29702970297029, 89.71486761710794, 78.81165919282512, 93.94572025052192, 87.54863813229572, 80.9034907597536, 84.4400396432111], [96.93877551020408, 97.26872246696036, 68.31395348837209, 84.85148514851485, 87.4745417515275, 86.7713004484305, 92.27557411273486, 87.84046692607004, 79.87679671457906, 89.197224975223], [96.63265306122449, 97.18061674008811, 72.09302325581395, 86.23762376237623, 91.14052953156823, 85.20179372197309, 93.52818371607516, 88.03501945525292, 83.16221765913758, 86.62041625371656], [96.93877551020408, 97.88546255506608, 65.40697674418605, 88.21782178217822, 91.5478615071283, 86.54708520179372, 93.94572025052192, 89.10505836575875, 82.03285420944559, 86.42220019821606], [97.85714285714286, 96.91629955947137, 65.11627906976744, 87.92079207920793, 92.76985743380855, 86.99551569506727, 92.79749478079331, 89.2023346303502, 81.21149897330595, 86.81863230921705], [97.44897959183673, 97.44493392070484, 77.03488372093024, 86.83168316831683, 91.44602851323829, 87.66816143497758, 93.1106471816284, 89.49416342412451, 83.5728952772074, 88.20614469772052], [96.83673469387755, 98.41409691629956, 68.5077519379845, 87.42574257425743, 94.60285132382892, 88.2286995515695, 94.78079331941545, 91.53696498054475, 81.21149897330595, 84.63825569871159], [97.34693877551021, 97.88546255506608, 80.71705426356588, 90.99009900990099, 93.17718940936864, 86.88340807174887, 94.57202505219206, 90.56420233463035, 81.41683778234086, 86.02576808721507], [97.44897959183673, 97.26872246696036, 66.18217054263566, 90.6930693069307, 92.66802443991854, 88.2286995515695, 91.9624217118998, 88.42412451361868, 83.67556468172485, 90.38652130822597], [96.83673469387755, 97.44493392070484, 77.51937984496124, 88.31683168316832, 94.60285132382892, 91.81614349775785, 93.42379958246346, 87.93774319066148, 82.34086242299794, 87.90882061446978], [97.65306122448979, 97.97356828193833, 77.03488372093024, 91.98019801980197, 94.39918533604887, 87.33183856502242, 94.1544885177453, 91.92607003891051, 82.34086242299794, 87.01684836471755], [97.24489795918367, 97.62114537444934, 67.15116279069767, 91.88118811881188, 93.38085539714868, 85.76233183856502, 96.34655532359082, 90.1750972762646, 85.1129363449692, 88.89990089197225], [97.55102040816327, 97.44493392070484, 75.1937984496124, 91.58415841584159, 93.27902240325865, 86.54708520179372, 95.82463465553236, 89.49416342412451, 87.16632443531827, 89.79187314172448], [96.93877551020408, 96.91629955947137, 77.03488372093024, 90.89108910891089, 94.09368635437882, 89.01345291479821, 95.51148225469728, 91.43968871595331, 87.37166324435319, 88.50346878097126]],