{"config": {"DATASET": "mnist", "TOTAL_CLIENTS": 100, "CLIENT_FRAC": 0.1, "POISON_FRAC": 0.1, "CREATE_DATASET": true, "RANDOM_DATA": true, "CLASS_RATIO": 10, "MODEL": "nnet", "LEARNING_RATE": 0.001, "BATCH_SIZE": 32, "LOCAL_EPOCHS": 3, "OPTIMIZER": "adam", "FED_ROUNDS": 30, "TEST_EVERY": 1, "RANDOM_PROCESS": true, "COS_DEFENCE": true, "SEL_METHOD": 1, "REDUCE_LR": 1, "COLLAB_MODE": true, "COLLAB_ALL": true, "CONSIDER_LAYERS": "l2", "GRAD_AGG": true, "FEATURE_FINDING_ALGO": "auror", "GRAD_COLLECTION_START": 0, "GRAD_COLLECT_FOR": -1, "CLUSTER_SEP": 0.01, "ALPHA": 0.8, "BETA": 0.8, "GAMMA": 0.1, "TRUST_INC": 2, "TRUST_CUT_METHOD": 2, "HONEST_PARDON_FACTOR": 0.99, "LOG_LEVEL": "INFO", "JSON_RESULTS": true}, "mean_poison_class_acc": 79.09399224806202, "mean_attack_srate": 3.1201550387596897, "total_accuracies": [38.75, 31.96, 40.3, 57.76, 58.72, 67.9, 68.54, 75.09, 77.65, 80.14, 84.62, 84.69, 86.8, 87.23, 87.66, 87.32, 86.92, 88.85, 89.32, 89.22, 89.91, 89.08, 89.66, 89.67, 90.81, 90.82, 90.61, 91.4, 87.75, 91.01], "class_accuracies": [[89.38775510204081, 93.65638766519824, 0.0, 11.386138613861386, 4.276985743380855, 28.251121076233183, 83.40292275574113, 0.0, 74.74332648870636, 0.0], [98.6734693877551, 99.47136563876651, 66.27906976744185, 1.7821782178217822, 0.0, 31.95067264573991, 8.872651356993737, 0.0, 0.0, 2.7750247770069376], [96.83673469387755, 99.47136563876651, 35.75581395348837, 1.188118811881188, 71.18126272912424, 61.32286995515695, 33.61169102296451, 0.0, 0.3080082135523614, 0.0], [97.24489795918367, 99.47136563876651, 55.71705426356589, 81.68316831683168, 75.66191446028513, 52.24215246636771, 62.004175365344466, 0.0, 1.4373716632443532, 47.27452923686818], [97.85714285714286, 97.88546255506608, 74.03100775193798, 85.74257425742574, 97.14867617107943, 45.964125560538115, 59.603340292275576, 0.0, 22.17659137577002, 2.0812685827552033], [94.79591836734694, 98.23788546255507, 77.13178294573643, 80.39603960396039, 76.27291242362526, 74.66367713004485, 74.32150313152401, 0.0, 31.62217659137577, 69.67294350842418], [93.16326530612245, 98.6784140969163, 51.35658914728682, 77.52475247524752, 69.65376782077394, 85.31390134529148, 81.52400835073068, 1.264591439688716, 50.41067761806981, 77.10604558969277], [94.89795918367346, 97.26872246696036, 63.565891472868216, 88.41584158415841, 94.29735234215886, 80.15695067264573, 80.58455114822547, 61.57587548638132, 54.209445585215605, 34.886025768087215], [92.95918367346938, 96.74008810572687, 36.627906976744185, 79.5049504950495, 88.59470468431772, 82.39910313901345, 86.1169102296451, 77.43190661478599, 77.61806981519507, 58.77106045589693], [95.3061224489796, 97.26872246696036, 54.36046511627907, 86.53465346534654, 91.85336048879837, 74.88789237668162, 89.66597077244259, 87.84046692607004, 78.74743326488706, 43.805748265609516], [93.6734693877551, 95.41850220264317, 73.25581395348837, 85.24752475247524, 77.08757637474542, 82.17488789237669, 91.33611691022965, 80.73929961089495, 81.41683778234086, 84.83647175421208], [93.9795918367347, 97.5330396475771, 68.31395348837209, 82.77227722772277, 85.84521384928716, 75.89686098654708, 92.90187891440502, 87.2568093385214, 84.49691991786447, 76.31318136769079], [96.83673469387755, 97.00440528634361, 84.88372093023256, 84.65346534653466, 86.0488798370672, 83.85650224215247, 90.7098121085595, 87.7431906614786, 79.05544147843942, 75.81764122893955], [96.0204081632653, 97.18061674008811, 84.39922480620154, 82.77227722772277, 86.45621181262729, 83.40807174887892, 92.06680584551148, 85.3112840466926, 78.13141683778234, 85.13379583746284], [97.04081632653062, 96.56387665198238, 81.4922480620155, 89.3069306930693, 85.03054989816701, 82.73542600896862, 90.50104384133611, 87.15953307392996, 79.26078028747433, 86.02576808721507], [96.83673469387755, 96.74008810572687, 81.5891472868217, 79.4059405940594, 92.87169042769857, 89.57399103139014, 90.6054279749478, 85.70038910505836, 82.23819301848049, 77.30426164519326], [96.83673469387755, 96.65198237885463, 67.73255813953489, 86.83168316831683, 84.0122199592668, 84.86547085201794, 93.63256784968685, 90.95330739299611, 78.43942505133471, 88.40436075322101], [96.63265306122449, 95.06607929515418, 87.1124031007752, 82.97029702970298, 90.12219959266803, 83.6322869955157, 92.69311064718163, 84.63035019455253, 87.782340862423, 87.01684836471755], [96.83673469387755, 96.74008810572687, 86.14341085271317, 83.86138613861387, 92.9735234215886, 87.5560538116592, 92.58872651356994, 87.84046692607004, 85.01026694045174, 82.95341922695738], [97.65306122448979, 95.94713656387665, 80.9108527131783, 83.26732673267327, 92.56619144602851, 84.86547085201794, 89.97912317327766, 90.75875486381322, 89.11704312114989, 86.32309217046581], [97.14285714285714, 96.74008810572687, 85.85271317829458, 84.65346534653466, 92.87169042769857, 90.35874439461884, 93.73695198329854, 89.49416342412451, 84.29158110882958, 83.54806739345887], [97.65306122448979, 96.56387665198238, 77.03488372093024, 86.83168316831683, 89.0020366598778, 88.11659192825113, 92.27557411273486, 87.54863813229572, 83.77823408624229, 91.47670961347869], [97.75510204081633, 96.82819383259911, 79.45736434108527, 85.84158415841584, 89.40936863543789, 91.25560538116592, 92.27557411273486, 91.05058365758755, 82.95687885010267, 89.39544103072349], [97.34693877551021, 96.56387665198238, 74.6124031007752, 88.21782178217822, 90.93686354378819, 89.12556053811659, 93.21503131524008, 90.95330739299611, 85.72895277207392, 89.69276511397423], [97.85714285714286, 96.82819383259911, 82.94573643410853, 89.60396039603961, 90.32586558044807, 87.4439461883408, 94.67640918580376, 90.27237354085604, 86.03696098562628, 91.37760158572844], [98.16326530612245, 97.00440528634361, 82.55813953488372, 90.4950495049505, 91.44602851323829, 87.21973094170404, 93.73695198329854, 90.6614785992218, 85.93429158110882, 90.18830525272547], [97.55102040816327, 97.00440528634361, 82.07364341085271, 86.43564356435644, 93.07535641547861, 92.26457399103138, 92.90187891440502, 89.6887159533074, 87.37166324435319, 87.61149653121903], [97.65306122448979, 97.70925110132158, 87.3062015503876, 89.5049504950495, 92.9735234215886, 90.69506726457399, 94.1544885177453, 90.56420233463035, 83.9835728952772, 88.800792864222], [97.04081632653062, 97.3568281938326, 55.23255813953488, 88.11881188118812, 91.0386965376782, 90.69506726457399, 93.94572025052192, 88.61867704280155, 82.64887063655031, 93.1615460852329], [97.44897959183673, 97.70925110132158, 78.97286821705427, 92.87128712871286, 92.36252545824847, 85.98654708520179, 96.34655532359082, 90.6614785992218, 85.93429158110882, 90.98116947472745]],