{"config": {"DATASET": "mnist", "TOTAL_CLIENTS": 100, "CLIENT_FRAC": 0.2, "POISON_FRAC": 0.4, "CREATE_DATASET": false, "RANDOM_DATA": true, "CLASS_RATIO": 10, "MODEL": "nnet", "LEARNING_RATE": 0.001, "BATCH_SIZE": 32, "LOCAL_EPOCHS": 10, "OPTIMIZER": "adam", "FED_ROUNDS": 30, "TEST_EVERY": 1, "RANDOM_PROCESS": false, "COS_DEFENCE": true, "SEL_METHOD": 1, "REDUCE_LR": 1, "COLLAB_MODE": true, "COLLAB_ALL": true, "CONSIDER_LAYERS": "l1", "GRAD_AGG": true, "FEATURE_FINDING_ALGO": "auror", "GRAD_COLLECTION_START": 0, "GRAD_COLLECT_FOR": -1, "CLUSTER_SEP": 0.002, "ALPHA": 0.8, "BETA": 0.8, "GAMMA": 0.1, "TRUST_INC": 2, "TRUST_CUT_METHOD": 1, "HONEST_PARDON_FACTOR": 0.7, "LOG_LEVEL": "INFO", "JSON_RESULTS": true}, "mean_poison_class_acc": 63.662790697674424, "mean_attack_srate": 3.717054263565891, "total_accuracies": [48.36, 67.27, 75.67, 82.67, 86.98, 88.39, 87.67, 89.22, 89.95, 90.93, 85.08, 91.87, 89.99, 91.96, 91.37, 84.57, 91.11, 91.87, 91.86, 93.51, 86.58, 93.55, 89.7, 92.4, 92.54, 94.76, 93.08, 93.51, 93.24, 91.84], "class_accuracies": [[99.38775510204081, 96.2114537444934, 0.0, 44.95049504950495, 73.62525458248473, 10.986547085201794, 19.102296450939455, 54.766536964980546, 13.24435318275154, 61.446977205153615], [97.95918367346938, 98.6784140969163, 0.0, 91.38613861386139, 81.9755600814664, 65.69506726457399, 74.63465553235908, 87.64591439688716, 41.478439425051334, 31.02081268582755], [96.42857142857143, 98.23788546255507, 7.364341085271318, 91.88118811881188, 85.84521384928716, 66.14349775784753, 89.5615866388309, 92.8988326848249, 71.86858316221766, 55.20317145688801], [96.83673469387755, 97.18061674008811, 37.98449612403101, 89.20792079207921, 84.72505091649694, 87.10762331838565, 89.03966597077245, 88.32684824902724, 75.25667351129364, 81.16947472745292], [97.44897959183673, 97.44493392070484, 64.34108527131782, 89.9009900990099, 91.95519348268839, 83.18385650224215, 91.44050104384134, 90.75875486381322, 80.59548254620123, 81.86323092170466], [97.55102040816327, 98.06167400881057, 72.48062015503876, 90.79207920792079, 89.91853360488798, 85.65022421524664, 92.06680584551148, 90.36964980544747, 78.85010266940452, 87.1159563924678], [98.77551020408163, 97.44493392070484, 60.56201550387597, 92.77227722772277, 88.4928716904277, 87.10762331838565, 92.58872651356994, 88.81322957198444, 78.85010266940452, 90.8820614469772], [98.46938775510205, 97.3568281938326, 70.83333333333333, 90.4950495049505, 91.14052953156823, 88.90134529147981, 91.8580375782881, 89.88326848249027, 82.03285420944559, 90.78295341922696], [98.26530612244898, 97.70925110132158, 74.4186046511628, 92.77227722772277, 87.37270875763747, 88.34080717488789, 93.73695198329854, 89.39688715953308, 83.5728952772074, 93.26065411298315], [97.95918367346938, 98.50220264317181, 78.29457364341086, 93.76237623762377, 89.71486761710794, 88.45291479820628, 94.46764091858037, 89.98054474708171, 84.29158110882958, 93.06243805748265], [97.55102040816327, 98.76651982378854, 19.37984496124031, 93.16831683168317, 92.76985743380855, 89.57399103139014, 94.88517745302714, 89.98054474708171, 83.67556468172485, 92.26957383548067], [97.95918367346938, 98.06167400881057, 79.26356589147287, 92.77227722772277, 93.07535641547861, 88.67713004484305, 95.82463465553236, 89.39688715953308, 90.75975359342915, 92.46778989098117], [99.18367346938776, 98.94273127753304, 60.46511627906977, 94.05940594059406, 93.38085539714868, 89.57399103139014, 95.09394572025052, 90.85603112840467, 86.75564681724846, 91.57581764122894], [98.57142857142857, 98.06167400881057, 75.87209302325581, 93.86138613861387, 92.9735234215886, 91.4798206278027, 94.46764091858037, 89.98054474708171, 91.58110882956879, 92.66600594648166], [97.44897959183673, 98.76651982378854, 69.37984496124031, 94.55445544554455, 94.39918533604887, 90.5829596412556, 96.03340292275574, 91.63424124513618, 87.88501026694045, 92.86422200198216], [96.93877551020408, 98.6784140969163, 0.3875968992248062, 93.46534653465346, 93.9918533604888, 91.81614349775785, 96.34655532359082, 91.82879377431907, 91.06776180698152, 93.45887016848364], [98.36734693877551, 98.94273127753304, 62.98449612403101, 92.67326732673267, 94.60285132382892, 92.9372197309417, 95.30271398747391, 91.92607003891051, 89.93839835728953, 93.75619425173439], [98.26530612244898, 98.76651982378854, 69.18604651162791, 95.44554455445545, 94.09368635437882, 90.13452914798206, 96.5553235908142, 93.48249027237354, 89.42505133470226, 93.1615460852329], [98.36734693877551, 98.76651982378854, 66.47286821705427, 94.35643564356435, 94.90835030549898, 91.4798206278027, 95.82463465553236, 92.31517509727627, 92.29979466119096, 93.95441030723488], [98.77551020408163, 98.76651982378854, 84.98062015503876, 95.14851485148515, 93.68635437881873, 91.4798206278027, 95.92901878914405, 91.82879377431907, 89.83572895277207, 94.15262636273538], [98.57142857142857, 98.8546255506608, 13.275193798449612, 94.75247524752476, 94.39918533604887, 91.4798206278027, 95.4070981210856, 94.45525291828794, 92.60780287474333, 93.75619425173439], [98.57142857142857, 98.94273127753304, 82.75193798449612, 93.76237623762377, 93.78818737270876, 92.9372197309417, 96.03340292275574, 92.31517509727627, 91.47843942505133, 94.64816650148661], [98.36734693877551, 98.6784140969163, 44.37984496124031, 95.54455445544555, 96.43584521384929, 93.27354260089686, 96.13778705636743, 92.21789883268482, 89.3223819301848, 93.65708622398414], [98.57142857142857, 98.6784140969163, 65.89147286821705, 95.34653465346534, 95.41751527494908, 93.27354260089686, 96.13778705636743, 93.8715953307393, 93.94250513347022, 93.26065411298315], [98.26530612244898, 98.8546255506608, 68.7015503875969, 96.43564356435644, 95.31568228105907, 90.69506726457399, 97.28601252609603, 93.96887159533074, 92.50513347022587, 93.3597621407334], [98.46938775510205, 98.76651982378854, 91.66666666666667, 94.65346534653466, 95.11201629327903, 93.16143497757848, 96.45093945720251, 92.50972762645914, 92.29979466119096, 94.05351833498513], [98.57142857142857, 98.8546255506608, 71.41472868217055, 95.94059405940594, 95.72301425661914, 93.16143497757848, 96.5553235908142, 93.96887159533074, 93.53182751540041, 93.26065411298315], [98.26530612244898, 98.76651982378854, 76.16279069767442, 96.13861386138613, 95.51934826883911, 93.16143497757848, 97.28601252609603, 93.8715953307393, 91.06776180698152, 94.84638255698711], [98.77551020408163, 98.94273127753304, 73.44961240310077, 95.44554455445545, 95.41751527494908, 93.04932735426009, 95.51148225469728, 95.42801556420234, 92.09445585215606, 94.25173439048562], [98.36734693877551, 98.59030837004406, 58.91472868217054, 95.54455445544555, 95.72301425661914, 92.152466367713, 96.5553235908142, 93.77431906614785, 94.76386036960986, 94.54905847373637]],