{"config": {"DATASET": "mnist", "TOTAL_CLIENTS": 100, "CLIENT_FRAC": 0.1, "POISON_FRAC": 0.2, "CREATE_DATASET": false, "RANDOM_DATA": true, "CLASS_RATIO": 10, "MODEL": "nnet", "LEARNING_RATE": 0.001, "BATCH_SIZE": 32, "LOCAL_EPOCHS": 10, "OPTIMIZER": "adam", "FED_ROUNDS": 30, "TEST_EVERY": 1, "RANDOM_PROCESS": false, "COS_DEFENCE": true, "SEL_METHOD": 1, "REDUCE_LR": 1, "COLLAB_MODE": true, "COLLAB_ALL": true, "CONSIDER_LAYERS": "l1", "GRAD_AGG": true, "FEATURE_FINDING_ALGO": "auror", "GRAD_COLLECTION_START": 0, "GRAD_COLLECT_FOR": -1, "CLUSTER_SEP": 0.005, "ALPHA": 0.8, "BETA": 0.8, "GAMMA": 0.1, "TRUST_INC": 2, "TRUST_CUT_METHOD": 1, "HONEST_PARDON_FACTOR": 0.8, "LOG_LEVEL": "INFO", "JSON_RESULTS": true}, "mean_poison_class_acc": 79.12790697674419, "mean_attack_srate": 3.1249999999999996, "total_accuracies": [41.93, 71.22, 82.83, 86.04, 87.54, 89.03, 89.03, 90.08, 91.06, 90.56, 90.13, 90.68, 92.15, 92.18, 91.53, 92.55, 93.64, 94.0, 94.43, 91.91, 91.19, 94.5, 91.56, 93.43, 95.17, 94.75, 93.08, 94.2, 94.87, 92.78], "class_accuracies": [[99.48979591836735, 93.48017621145374, 0.0, 49.00990099009901, 47.14867617107943, 3.475336322869955, 27.139874739039666, 1.3618677042801557, 0.3080082135523614, 88.30525272547077], [95.71428571428571, 98.76651982378854, 3.391472868217054, 92.37623762376238, 88.39103869653768, 54.14798206278027, 86.53444676409185, 86.67315175097276, 55.3388090349076, 48.06739345887017], [96.22448979591837, 97.5330396475771, 51.74418604651163, 89.4059405940594, 84.41955193482688, 76.12107623318386, 92.17118997912317, 87.06225680933852, 73.51129363449692, 78.69177403369673], [97.04081632653062, 96.38766519823788, 64.63178294573643, 86.53465346534654, 86.25254582484725, 78.25112107623319, 94.1544885177453, 89.10505836575875, 81.82751540041068, 85.0346878097126], [96.3265306122449, 96.29955947136564, 67.53875968992249, 88.11881188118812, 91.0386965376782, 85.20179372197309, 92.17118997912317, 89.39688715953308, 86.13963039014374, 82.75520317145688], [96.63265306122449, 98.14977973568281, 77.81007751937985, 90.89108910891089, 88.90020366598777, 84.19282511210763, 93.63256784968685, 91.34241245136187, 80.28747433264887, 87.1159563924678], [97.14285714285714, 98.59030837004406, 73.25581395348837, 89.4059405940594, 95.72301425661914, 88.67713004484305, 93.94572025052192, 89.49416342412451, 79.46611909650925, 84.0436075322101], [97.75510204081633, 97.44493392070484, 79.45736434108527, 90.79207920792079, 93.17718940936864, 90.24663677130044, 93.31941544885177, 90.85603112840467, 79.36344969199179, 87.80971258671953], [97.55102040816327, 97.26872246696036, 80.42635658914729, 90.5940594059406, 93.9918533604888, 88.2286995515695, 94.88517745302714, 90.46692607003891, 86.03696098562628, 90.58473736372646], [98.16326530612245, 97.44493392070484, 70.93023255813954, 91.08910891089108, 94.70468431771894, 88.11659192825113, 96.34655532359082, 92.31517509727627, 86.96098562628337, 89.29633300297324], [97.95918367346938, 97.62114537444934, 66.95736434108527, 91.78217821782178, 91.75152749490834, 88.2286995515695, 95.30271398747391, 90.85603112840467, 87.06365503080082, 93.55797819623389], [98.26530612244898, 97.97356828193833, 70.05813953488372, 91.48514851485149, 95.11201629327903, 92.82511210762331, 93.0062630480167, 92.99610894941634, 85.93429158110882, 89.197224975223], [98.26530612244898, 98.14977973568281, 82.65503875968992, 91.08910891089108, 96.13034623217922, 91.81614349775785, 96.24217118997912, 92.60700389105058, 88.91170431211499, 85.43111992071358], [98.26530612244898, 97.97356828193833, 82.26744186046511, 93.86138613861387, 93.27902240325865, 93.04932735426009, 94.36325678496868, 88.81322957198444, 87.88501026694045, 91.87314172447968], [97.75510204081633, 98.32599118942731, 74.03100775193798, 94.35643564356435, 95.41751527494908, 91.70403587443946, 95.09394572025052, 91.82879377431907, 84.90759753593429, 91.67492566897918], [98.06122448979592, 98.76651982378854, 78.00387596899225, 93.56435643564356, 93.07535641547861, 91.70403587443946, 97.18162839248434, 93.67704280155642, 87.57700205338809, 93.55797819623389], [98.16326530612245, 98.6784140969163, 87.01550387596899, 94.25742574257426, 94.29735234215886, 91.81614349775785, 95.82463465553236, 92.41245136186771, 89.83572895277207, 93.55797819623389], [98.16326530612245, 98.6784140969163, 89.63178294573643, 93.86138613861387, 94.39918533604887, 92.48878923766816, 95.82463465553236, 92.12062256809338, 90.65708418891171, 93.65708622398414], [98.06122448979592, 98.6784140969163, 91.08527131782945, 93.76237623762377, 95.21384928716904, 92.82511210762331, 96.65970772442589, 94.8443579766537, 91.06776180698152, 91.57581764122894], [98.26530612244898, 99.03083700440529, 68.7015503875969, 95.34653465346534, 94.90835030549898, 91.25560538116592, 96.24217118997912, 91.92607003891051, 90.65708418891171, 92.76511397423191], [98.16326530612245, 98.94273127753304, 58.81782945736434, 94.45544554455445, 95.31568228105907, 92.152466367713, 96.03340292275574, 93.48249027237354, 91.37577002053388, 93.55797819623389], [97.24489795918367, 98.8546255506608, 90.21317829457364, 94.25742574257426, 95.92668024439918, 92.9372197309417, 96.65970772442589, 94.06614785992218, 92.40246406570841, 91.97224975222993], [98.16326530612245, 98.6784140969163, 64.72868217054264, 94.75247524752476, 95.21384928716904, 92.152466367713, 97.18162839248434, 92.8988326848249, 87.782340862423, 94.25173439048562], [98.36734693877551, 98.50220264317181, 78.77906976744185, 93.46534653465346, 95.31568228105907, 93.49775784753363, 95.92901878914405, 93.3852140077821, 93.22381930184805, 93.85530227948463], [97.04081632653062, 98.94273127753304, 93.8953488372093, 95.44554455445545, 94.80651731160896, 93.60986547085201, 97.49478079331942, 94.26070038910505, 93.01848049281314, 92.66600594648166], [97.95918367346938, 99.03083700440529, 89.53488372093024, 94.85148514851485, 93.9918533604888, 93.38565022421524, 96.03340292275574, 94.06614785992218, 93.32648870636551, 94.84638255698711], [98.46938775510205, 98.94273127753304, 74.90310077519379, 95.84158415841584, 95.41751527494908, 92.9372197309417, 96.76409185803757, 94.45525291828794, 89.73305954825462, 93.26065411298315], [98.36734693877551, 98.94273127753304, 84.01162790697674, 94.35643564356435, 96.33401221995926, 93.94618834080717, 96.45093945720251, 92.70428015564202, 94.25051334702259, 92.56689791873141], [98.46938775510205, 98.8546255506608, 88.66279069767442, 95.24752475247524, 95.21384928716904, 93.94618834080717, 96.65970772442589, 92.31517509727627, 94.14784394250513, 94.94549058473736], [97.75510204081633, 98.59030837004406, 68.6046511627907, 94.25742574257426, 95.21384928716904, 94.39461883408072, 96.45093945720251, 94.16342412451363, 94.35318275154005, 94.44995044598612]],