{"config": {"DATASET": "mnist", "TOTAL_CLIENTS": 100, "CLIENT_FRAC": 0.2, "POISON_FRAC": 0.3, "CREATE_DATASET": false, "RANDOM_DATA": true, "CLASS_RATIO": 10, "MODEL": "nnet", "LEARNING_RATE": 0.001, "BATCH_SIZE": 32, "LOCAL_EPOCHS": 10, "OPTIMIZER": "adam", "FED_ROUNDS": 30, "TEST_EVERY": 1, "RANDOM_PROCESS": false, "COS_DEFENCE": true, "SEL_METHOD": 1, "REDUCE_LR": 1, "COLLAB_MODE": true, "COLLAB_ALL": true, "CONSIDER_LAYERS": "l1", "GRAD_AGG": true, "FEATURE_FINDING_ALGO": "auror", "GRAD_COLLECTION_START": 0, "GRAD_COLLECT_FOR": -1, "CLUSTER_SEP": 0.002, "ALPHA": 0.8, "BETA": 0.8, "GAMMA": 0.1, "TRUST_INC": 2, "TRUST_CUT_METHOD": 1, "HONEST_PARDON_FACTOR": 0.7, "LOG_LEVEL": "INFO", "JSON_RESULTS": true}, "mean_poison_class_acc": 79.44573643410853, "mean_attack_srate": 3.046511627906977, "total_accuracies": [48.51, 68.14, 76.34, 83.68, 86.04, 88.99, 88.98, 90.69, 91.27, 90.74, 91.39, 92.41, 92.39, 93.11, 93.06, 93.5, 92.92, 91.73, 92.88, 93.56, 93.38, 94.06, 90.65, 94.61, 92.67, 94.33, 94.53, 94.16, 94.58, 92.26], "class_accuracies": [[99.38775510204081, 96.29955947136564, 0.0, 53.26732673267327, 75.86558044806517, 21.524663677130047, 12.839248434237996, 40.95330739299611, 19.917864476386036, 56.590683845391474], [96.83673469387755, 98.59030837004406, 2.131782945736434, 92.67326732673267, 80.14256619144602, 67.37668161434978, 80.1670146137787, 86.96498054474708, 35.215605749486656, 39.14767096134787], [95.81632653061224, 98.06167400881057, 8.720930232558139, 92.37623762376238, 85.5397148676171, 64.12556053811659, 90.29227557411274, 92.60700389105058, 72.79260780287474, 61.54608523290386], [97.04081632653062, 97.18061674008811, 46.70542635658915, 88.91089108910892, 83.91038696537679, 85.76233183856502, 90.08350730688936, 89.59143968871595, 75.66735112936345, 81.66501486620416], [97.44897959183673, 97.26872246696036, 55.52325581395349, 90.0, 92.05702647657841, 80.4932735426009, 92.17118997912317, 91.63424124513618, 80.9034907597536, 82.06144697720515], [97.85714285714286, 97.26872246696036, 76.93798449612403, 88.7128712871287, 89.5112016293279, 82.39910313901345, 93.21503131524008, 90.46692607003891, 84.18891170431212, 88.10703666997027], [98.16326530612245, 97.09251101321586, 72.38372093023256, 89.4059405940594, 92.36252545824847, 86.99551569506727, 92.69311064718163, 88.91050583657588, 82.4435318275154, 88.800792864222], [97.65306122448979, 97.44493392070484, 83.52713178294573, 91.2871287128713, 91.64969450101833, 85.87443946188341, 93.52818371607516, 90.85603112840467, 85.01026694045174, 88.9990089197225], [97.24489795918367, 97.79735682819383, 83.52713178294573, 93.36633663366337, 91.0386965376782, 84.86547085201794, 94.36325678496868, 91.147859922179, 86.03696098562628, 92.07135777998018], [97.85714285714286, 98.76651982378854, 73.15891472868218, 92.37623762376238, 91.95519348268839, 90.13452914798206, 94.258872651357, 90.75875486381322, 85.52361396303901, 92.17046580773042], [97.85714285714286, 98.41409691629956, 76.45348837209302, 92.87128712871286, 93.38085539714868, 89.34977578475336, 94.88517745302714, 92.99610894941634, 85.93429158110882, 91.17938553022795], [97.75510204081633, 97.79735682819383, 82.26744186046511, 91.78217821782178, 93.38085539714868, 90.80717488789237, 95.92901878914405, 91.73151750972762, 90.65708418891171, 91.67492566897918], [98.6734693877551, 98.6784140969163, 81.2015503875969, 93.76237623762377, 93.17718940936864, 90.13452914798206, 94.46764091858037, 92.50972762645914, 88.50102669404518, 92.17046580773042], [98.26530612244898, 98.14977973568281, 86.82170542635659, 92.87128712871286, 93.17718940936864, 91.70403587443946, 94.88517745302714, 91.147859922179, 91.47843942505133, 92.17046580773042], [97.75510204081633, 98.32599118942731, 83.04263565891473, 94.85148514851485, 94.09368635437882, 91.3677130044843, 95.72025052192066, 93.09338521400778, 88.91170431211499, 92.9633300297324], [97.75510204081633, 98.06167400881057, 87.6937984496124, 91.88118811881188, 93.89002036659878, 91.81614349775785, 96.24217118997912, 93.19066147859922, 92.09445585215606, 91.97224975222993], [98.06122448979592, 98.23788546255507, 82.17054263565892, 92.07920792079207, 93.38085539714868, 92.9372197309417, 95.30271398747391, 92.70428015564202, 90.14373716632444, 93.95441030723488], [98.36734693877551, 98.6784140969163, 69.37984496124031, 96.03960396039604, 93.27902240325865, 89.34977578475336, 95.4070981210856, 94.3579766536965, 88.19301848049281, 93.85530227948463], [97.65306122448979, 98.41409691629956, 79.16666666666667, 92.87128712871286, 95.72301425661914, 91.59192825112108, 95.09394572025052, 93.8715953307393, 90.86242299794661, 93.26065411298315], [98.36734693877551, 98.76651982378854, 83.33333333333333, 95.04950495049505, 93.48268839103869, 90.5829596412556, 96.03340292275574, 93.67704280155642, 92.19712525667352, 93.55797819623389], [98.36734693877551, 98.6784140969163, 80.52325581395348, 92.87128712871286, 93.58452138492872, 92.26457399103138, 96.13778705636743, 94.55252918287938, 93.1211498973306, 93.45887016848364], [98.57142857142857, 98.76651982378854, 84.68992248062015, 94.75247524752476, 94.29735234215886, 91.92825112107623, 96.03340292275574, 94.8443579766537, 92.29979466119096, 93.95441030723488], [97.95918367346938, 98.8546255506608, 51.64728682170543, 95.34653465346534, 96.02851323828921, 92.71300448430493, 96.24217118997912, 93.96887159533074, 90.96509240246407, 93.45887016848364], [98.06122448979592, 98.76651982378854, 89.72868217054264, 93.26732673267327, 94.19551934826885, 93.60986547085201, 96.5553235908142, 94.94163424124514, 93.01848049281314, 93.55797819623389], [98.57142857142857, 98.8546255506608, 69.47674418604652, 96.33663366336634, 94.80651731160896, 91.4798206278027, 96.24217118997912, 93.09338521400778, 93.53182751540041, 94.35084241823587], [98.46938775510205, 98.76651982378854, 87.6937984496124, 94.35643564356435, 95.51934826883911, 92.82511210762331, 95.82463465553236, 92.99610894941634, 92.29979466119096, 94.15262636273538], [98.26530612244898, 98.76651982378854, 85.94961240310077, 94.15841584158416, 93.89002036659878, 94.84304932735427, 96.65970772442589, 94.74708171206225, 93.73716632443532, 94.15262636273538], [97.95918367346938, 98.6784140969163, 83.91472868217055, 94.45544554455445, 95.72301425661914, 93.49775784753363, 96.76409185803757, 92.60700389105058, 93.42915811088295, 94.44995044598612], [98.06122448979592, 98.8546255506608, 87.40310077519379, 92.57425742574257, 95.82484725050917, 94.28251121076234, 96.13778705636743, 94.74708171206225, 93.22381930184805, 94.44995044598612], [97.95918367346938, 98.76651982378854, 64.05038759689923, 94.35643564356435, 95.82484725050917, 93.60986547085201, 95.4070981210856, 94.8443579766537, 94.04517453798768, 94.15262636273538]],