{"config": {"DATASET": "mnist", "TOTAL_CLIENTS": 100, "CLIENT_FRAC": 0.1, "POISON_FRAC": 0.1, "CREATE_DATASET": true, "CLASS_RATIO": 10, "MODEL": "nnet", "LEARNING_RATE": 0.001, "BATCH_SIZE": 32, "LOCAL_EPOCHS": 3, "OPTIMIZER": "adam", "FED_ROUNDS": 30, "TEST_EVERY": 1, "RANDOM": true, "COS_DEFENCE": true, "SEL_METHOD": 1, "REDUCE_LR": 1, "COLLAB_MODE": true, "COLLAB_ALL": true, "CONSIDER_LAYERS": "l1", "GRAD_AGG": true, "FEATURE_FINDING_ALGO": "auror_plus", "GRAD_COLLECTION_START": 0, "GRAD_COLLECT_FOR": -1, "CLUSTER_SEP": 1.0, "ALPHA": 0.7, "BETA": 0.7, "GAMMA": 0.1, "TRUST_INC": 2, "TRUST_CUT_METHOD": 2, "HONEST_PARDON_FACTOR": 0.99, "LOG_LEVEL": "INFO", "JSON_RESULTS": true}, "mean_poison_class_acc": 77.93604651162791, "mean_attack_srate": 3.1928294573643408, "total_accuracies": [10.36, 23.0, 43.5, 52.29, 64.2, 71.12, 73.34, 76.37, 77.53, 81.52, 82.83, 82.5, 85.2, 86.36, 85.44, 87.94, 87.8, 88.19, 89.14, 87.1, 89.71, 89.1, 90.16, 89.32, 90.64, 90.47, 90.96, 90.59, 87.27, 90.81], "class_accuracies": [[0.0, 0.0, 0.0, 0.0, 0.0, 0.0, 100.0, 7.587548638132295, 0.0, 0.0], [37.6530612244898, 99.55947136563877, 75.87209302325581, 0.49504950495049505, 0.9164969450101833, 0.2242152466367713, 0.0, 0.0, 0.0, 0.19821605550049554], [96.53061224489795, 99.55947136563877, 45.05813953488372, 60.693069306930695, 64.86761710794298, 55.26905829596413, 6.263048016701461, 0.0, 0.0, 0.5946481665014867], [97.34693877551021, 99.47136563876651, 70.05813953488372, 52.57425742574257, 90.32586558044807, 52.57847533632287, 25.36534446764092, 0.0, 30.082135523613964, 0.0], [94.59183673469387, 97.26872246696036, 78.19767441860465, 76.63366336633663, 89.81670061099797, 68.60986547085201, 72.75574112734864, 12.256809338521402, 50.41067761806981, 0.0], [97.44897959183673, 98.94273127753304, 65.79457364341086, 74.05940594059406, 83.29938900203666, 66.4798206278027, 88.10020876826722, 85.99221789883268, 38.60369609856263, 9.117938553022794], [97.95918367346938, 98.23788546255507, 75.96899224806202, 87.92079207920793, 89.61303462321793, 45.73991031390135, 87.68267223382045, 79.47470817120623, 50.616016427104725, 14.767096134786918], [96.83673469387755, 96.56387665198238, 76.74418604651163, 74.45544554455445, 91.95519348268839, 72.30941704035874, 92.06680584551148, 76.4591439688716, 64.27104722792608, 20.41625371655104], [97.04081632653062, 98.8546255506608, 59.593023255813954, 88.7128712871287, 66.4969450101833, 53.587443946188344, 87.68267223382045, 81.80933852140078, 54.41478439425051, 81.9623389494549], [96.3265306122449, 95.41850220264317, 78.19767441860465, 86.33663366336634, 48.77800407331976, 61.09865470852018, 92.90187891440502, 87.7431906614786, 77.51540041067761, 86.7195242814668], [93.87755102040816, 97.88546255506608, 79.55426356589147, 90.39603960396039, 80.75356415478615, 58.856502242152466, 92.58872651356994, 87.2568093385214, 76.07802874743327, 66.89791873141725], [96.83673469387755, 96.65198237885463, 65.50387596899225, 82.07920792079207, 87.67820773930754, 82.17488789237669, 93.31941544885177, 86.38132295719845, 73.61396303901438, 60.05946481665015], [96.12244897959184, 97.70925110132158, 79.45736434108527, 83.96039603960396, 75.050916496945, 71.52466367713005, 95.4070981210856, 82.1011673151751, 82.13552361396304, 86.02576808721507], [97.44897959183673, 97.18061674008811, 76.64728682170542, 83.76237623762377, 78.92057026476579, 83.40807174887892, 91.7536534446764, 87.35408560311284, 78.85010266940452, 86.9177403369673], [98.06122448979592, 97.62114537444934, 62.6937984496124, 87.82178217821782, 85.03054989816701, 78.58744394618834, 92.48434237995825, 89.59143968871595, 76.59137577002053, 84.4400396432111], [97.95918367346938, 95.85903083700441, 84.49612403100775, 85.94059405940594, 86.55804480651732, 84.4170403587444, 91.54488517745303, 90.27237354085604, 80.69815195071868, 80.47571853320119], [97.85714285714286, 96.0352422907489, 81.0077519379845, 85.84158415841584, 92.36252545824847, 78.58744394618834, 91.9624217118998, 89.6887159533074, 86.44763860369609, 76.80872150644203], [97.95918367346938, 97.97356828193833, 81.0077519379845, 86.73267326732673, 85.74338085539715, 85.87443946188341, 93.31941544885177, 87.93774319066148, 77.00205338809035, 87.1159563924678], [97.04081632653062, 96.65198237885463, 86.62790697674419, 87.42574257425743, 91.34419551934828, 82.17488789237669, 95.51148225469728, 87.15953307392996, 84.18891170431212, 82.06144697720515], [98.46938775510205, 96.65198237885463, 63.565891472868216, 85.64356435643565, 94.09368635437882, 82.95964125560538, 93.42379958246346, 88.2295719844358, 83.9835728952772, 83.54806739345887], [98.26530612244898, 96.38766519823788, 85.85271317829458, 91.78217821782178, 90.73319755600815, 79.26008968609865, 94.98956158663883, 89.29961089494164, 82.85420944558521, 86.02576808721507], [97.65306122448979, 96.82819383259911, 79.74806201550388, 87.22772277227723, 90.83503054989816, 90.47085201793722, 93.42379958246346, 86.96498054474708, 78.95277207392198, 88.50346878097126], [98.16326530612245, 96.38766519823788, 87.8875968992248, 90.0, 90.93686354378819, 80.60538116591928, 95.19832985386222, 90.75875486381322, 82.75154004106776, 87.31417244796829], [98.06122448979592, 97.3568281938326, 75.3875968992248, 87.12871287128714, 93.9918533604888, 86.32286995515695, 92.17118997912317, 88.32684824902724, 86.44763860369609, 87.41328047571854], [97.44897959183673, 97.44493392070484, 88.2751937984496, 89.3069306930693, 89.30753564154786, 88.90134529147981, 92.69311064718163, 91.43968871595331, 81.62217659137578, 88.89990089197225], [98.06122448979592, 97.00440528634361, 82.84883720930233, 93.96039603960396, 92.87169042769857, 85.42600896860986, 93.31941544885177, 88.42412451361868, 83.9835728952772, 87.80971258671953], [97.55102040816327, 96.56387665198238, 86.53100775193798, 87.32673267326733, 92.4643584521385, 90.91928251121077, 93.73695198329854, 88.52140077821012, 86.13963039014374, 89.49454905847374], [97.85714285714286, 97.70925110132158, 80.81395348837209, 90.39603960396039, 90.42769857433808, 87.66816143497758, 95.19832985386222, 89.78599221789884, 83.88090349075975, 91.37760158572844], [97.85714285714286, 97.97356828193833, 52.22868217054263, 91.88118811881188, 91.44602851323829, 85.87443946188341, 94.88517745302714, 88.715953307393, 79.67145790554414, 91.97224975222993], [97.85714285714286, 97.70925110132158, 78.58527131782945, 90.6930693069307, 91.95519348268839, 88.11659192825113, 95.19832985386222, 92.12062256809338, 85.1129363449692, 90.08919722497522]],