{"config": {"DATASET": "mnist", "TOTAL_CLIENTS": 100, "CLIENT_FRAC": 0.2, "POISON_FRAC": 0.4, "CREATE_DATASET": true, "RANDOM_DATA": true, "CLASS_RATIO": 10, "MODEL": "nnet", "LEARNING_RATE": 0.001, "BATCH_SIZE": 32, "LOCAL_EPOCHS": 10, "OPTIMIZER": "adam", "FED_ROUNDS": 30, "TEST_EVERY": 1, "RANDOM_PROCESS": false, "COS_DEFENCE": false, "SEL_METHOD": 1, "REDUCE_LR": 1, "COLLAB_MODE": true, "COLLAB_ALL": true, "CONSIDER_LAYERS": "l1", "GRAD_AGG": true, "FEATURE_FINDING_ALGO": "auror", "GRAD_COLLECTION_START": 0, "GRAD_COLLECT_FOR": -1, "CLUSTER_SEP": 0.002, "ALPHA": 0.8, "BETA": 0.8, "GAMMA": 0.1, "TRUST_INC": 2, "TRUST_CUT_METHOD": 1, "HONEST_PARDON_FACTOR": 0.7, "LOG_LEVEL": "INFO", "JSON_RESULTS": true}, "mean_poison_class_acc": 55.96124031007752, "mean_attack_srate": 3.806201550387597, "total_accuracies": [49.94, 61.69, 75.96, 79.85, 80.51, 85.17, 88.7, 85.49, 89.45, 91.37, 92.04, 91.35, 88.76, 91.35, 91.41, 87.61, 91.97, 93.47, 93.41, 87.23, 90.35, 85.35, 93.71, 93.45, 94.58, 86.03, 86.14, 94.17, 85.59, 94.62], "class_accuracies": [[97.75510204081633, 98.76651982378854, 0.0, 38.21782178217822, 76.68024439918534, 44.84304932735426, 5.427974947807933, 87.7431906614786, 43.3264887063655, 0.0], [97.65306122448979, 98.76651982378854, 0.09689922480620156, 87.12871287128714, 88.4928716904277, 80.26905829596413, 58.03757828810021, 86.18677042801556, 13.449691991786448, 5.153617443012884], [96.3265306122449, 98.6784140969163, 0.09689922480620156, 89.00990099009901, 93.58452138492872, 74.43946188340807, 92.79749478079331, 91.53696498054475, 64.16837782340862, 58.87016848364718], [97.24489795918367, 98.41409691629956, 12.015503875968992, 87.02970297029702, 92.66802443991854, 87.10762331838565, 90.81419624217119, 88.715953307393, 69.40451745379877, 76.01585728444005], [97.24489795918367, 98.06167400881057, 5.038759689922481, 89.9009900990099, 95.62118126272912, 82.847533632287, 93.21503131524008, 90.6614785992218, 76.59137577002053, 76.90782953419227], [97.34693877551021, 97.09251101321586, 39.34108527131783, 88.91089108910892, 94.29735234215886, 83.29596412556054, 94.05010438413362, 91.73151750972762, 82.54620123203286, 83.25074331020812], [97.75510204081633, 98.59030837004406, 73.64341085271317, 90.39603960396039, 95.31568228105907, 88.90134529147981, 94.258872651357, 90.27237354085604, 77.31006160164272, 79.98017839444995], [97.34693877551021, 97.62114537444934, 31.686046511627907, 91.38613861386139, 95.51934826883911, 87.78026905829596, 93.21503131524008, 92.21789883268482, 82.23819301848049, 86.62041625371656], [97.55102040816327, 97.62114537444934, 62.7906976744186, 90.0, 92.56619144602851, 90.13452914798206, 95.09394572025052, 91.92607003891051, 87.37166324435319, 89.59365708622398], [98.06122448979592, 97.70925110132158, 80.13565891472868, 93.76237623762377, 95.72301425661914, 85.87443946188341, 95.51148225469728, 92.80155642023347, 86.75564681724846, 86.52130822596631], [98.06122448979592, 97.88546255506608, 83.91472868217055, 92.77227722772277, 96.13034623217922, 88.78923766816143, 96.34655532359082, 91.34241245136187, 86.85831622176592, 87.71060455896928], [97.95918367346938, 97.97356828193833, 74.4186046511628, 94.35643564356435, 96.43584521384929, 88.78923766816143, 96.34655532359082, 91.34241245136187, 87.98767967145791, 87.61149653121903], [97.24489795918367, 98.14977973568281, 46.41472868217054, 94.05940594059406, 95.92668024439918, 90.13452914798206, 96.45093945720251, 94.45525291828794, 87.47433264887064, 87.90882061446978], [97.95918367346938, 98.32599118942731, 68.21705426356588, 93.96039603960396, 94.19551934826885, 90.47085201793722, 96.03340292275574, 94.06614785992218, 89.52772073921972, 90.68384539147671], [98.06122448979592, 98.06167400881057, 65.98837209302326, 93.66336633663366, 96.02851323828921, 93.83408071748879, 96.45093945720251, 93.57976653696498, 89.42505133470226, 89.49454905847374], [97.55102040816327, 98.59030837004406, 27.51937984496124, 93.06930693069307, 94.19551934826885, 93.16143497757848, 95.82463465553236, 95.13618677042801, 89.93839835728953, 92.56689791873141], [98.06122448979592, 98.14977973568281, 70.34883720930233, 95.54455445544555, 94.80651731160896, 89.79820627802691, 96.65970772442589, 93.3852140077821, 90.86242299794661, 91.97224975222993], [97.95918367346938, 98.23788546255507, 83.52713178294573, 93.06930693069307, 94.90835030549898, 93.49775784753363, 95.72025052192066, 93.28793774319067, 90.75975359342915, 93.55797819623389], [97.55102040816327, 98.41409691629956, 83.43023255813954, 92.87128712871286, 95.92668024439918, 93.16143497757848, 97.07724425887265, 93.77431906614785, 90.86242299794661, 90.8820614469772], [97.55102040816327, 98.32599118942731, 21.414728682170544, 93.66336633663366, 95.62118126272912, 93.27354260089686, 96.24217118997912, 94.3579766536965, 91.47843942505133, 92.17046580773042], [98.57142857142857, 98.23788546255507, 50.58139534883721, 93.86138613861387, 96.13034623217922, 93.83408071748879, 95.72025052192066, 93.8715953307393, 91.27310061601642, 92.36868186323092], [98.26530612244898, 98.59030837004406, 0.0, 94.55445544554455, 94.80651731160896, 94.28251121076234, 95.4070981210856, 93.8715953307393, 92.40246406570841, 93.85530227948463], [97.95918367346938, 98.94273127753304, 83.23643410852713, 93.26732673267327, 96.02851323828921, 94.5067264573991, 96.5553235908142, 95.03891050583658, 90.96509240246407, 90.48562933597621], [98.46938775510205, 98.6784140969163, 78.19767441860465, 95.14851485148515, 96.02851323828921, 94.17040358744394, 96.97286012526096, 93.96887159533074, 91.17043121149898, 91.77403369672943], [98.46938775510205, 98.59030837004406, 89.14728682170542, 94.65346534653466, 96.02851323828921, 93.94618834080717, 96.03340292275574, 93.19066147859922, 92.60780287474333, 92.86422200198216], [97.95918367346938, 98.50220264317181, 7.170542635658915, 94.05940594059406, 96.33401221995926, 95.73991031390135, 95.30271398747391, 93.77431906614785, 91.47843942505133, 92.46778989098117], [98.6734693877551, 99.03083700440529, 6.2984496124031, 95.44554455445545, 96.33401221995926, 93.94618834080717, 96.13778705636743, 95.91439688715953, 90.86242299794661, 90.98116947472745], [98.06122448979592, 98.41409691629956, 84.30232558139535, 95.94059405940594, 95.41751527494908, 91.92825112107623, 97.49478079331942, 95.23346303501945, 92.29979466119096, 92.26957383548067], [98.46938775510205, 98.59030837004406, 0.1937984496124031, 95.94059405940594, 95.51934826883911, 92.04035874439462, 96.34655532359082, 94.06614785992218, 93.83983572895278, 93.26065411298315], [98.36734693877551, 98.50220264317181, 87.1124031007752, 95.44554455445545, 95.62118126272912, 92.82511210762331, 96.97286012526096, 95.3307392996109, 93.32648870636551, 92.36868186323092]],