{"config": {"DATASET": "mnist", "TOTAL_CLIENTS": 100, "CLIENT_FRAC": 0.2, "POISON_FRAC": 0.1, "CREATE_DATASET": false, "RANDOM_DATA": true, "CLASS_RATIO": 10, "MODEL": "nnet", "LEARNING_RATE": 0.001, "BATCH_SIZE": 32, "LOCAL_EPOCHS": 10, "OPTIMIZER": "adam", "FED_ROUNDS": 30, "TEST_EVERY": 1, "RANDOM_PROCESS": false, "COS_DEFENCE": true, "SEL_METHOD": 1, "REDUCE_LR": 1, "COLLAB_MODE": true, "COLLAB_ALL": true, "CONSIDER_LAYERS": "l1", "GRAD_AGG": true, "FEATURE_FINDING_ALGO": "auror", "GRAD_COLLECTION_START": 0, "GRAD_COLLECT_FOR": -1, "CLUSTER_SEP": 0.02, "ALPHA": 0.8, "BETA": 0.8, "GAMMA": 0.1, "TRUST_INC": 2, "TRUST_CUT_METHOD": 2, "HONEST_PARDON_FACTOR": 0.8, "LOG_LEVEL": "INFO", "JSON_RESULTS": true}, "mean_poison_class_acc": 79.68217054263565, "mean_attack_srate": 3.217054263565891, "total_accuracies": [50.1, 71.15, 81.88, 86.52, 88.43, 88.92, 90.16, 89.42, 91.62, 89.87, 91.09, 92.92, 89.69, 93.26, 91.06, 92.93, 93.87, 92.42, 94.3, 89.95, 94.04, 94.4, 94.88, 94.98, 92.15, 94.71, 94.54, 95.16, 93.99, 94.28], "class_accuracies": [[99.38775510204081, 93.83259911894272, 1.3565891472868217, 57.42574257425743, 66.90427698574338, 21.63677130044843, 28.079331941544886, 48.34630350194553, 31.62217659137577, 44.89593657086224], [96.73469387755102, 98.6784140969163, 45.93023255813954, 92.57425742574257, 75.86558044806517, 65.02242152466367, 82.4634655532359, 86.67315175097276, 35.318275154004105, 28.543111992071356], [95.91836734693878, 98.50220264317181, 54.457364341085274, 89.60396039603961, 85.23421588594705, 72.86995515695067, 89.35281837160751, 92.12062256809338, 72.48459958932239, 66.10505450941527], [97.14285714285714, 97.3568281938326, 74.51550387596899, 86.73267326732673, 85.13238289205702, 86.99551569506727, 90.7098121085595, 90.1750972762646, 73.81930184804928, 81.56590683845391], [97.55102040816327, 97.3568281938326, 76.25968992248062, 89.5049504950495, 92.36252545824847, 83.29596412556054, 91.64926931106471, 91.73151750972762, 81.62217659137578, 81.76412289395441], [97.44897959183673, 97.97356828193833, 78.58527131782945, 89.5049504950495, 87.06720977596741, 82.51121076233184, 92.48434237995825, 91.82879377431907, 81.93018480492813, 88.30525272547077], [97.95918367346938, 97.97356828193833, 82.07364341085271, 91.48514851485149, 90.42769857433808, 85.08968609865471, 94.1544885177453, 90.1750972762646, 81.21149897330595, 89.79187314172448], [97.95918367346938, 97.88546255506608, 73.06201550387597, 89.10891089108911, 91.34419551934828, 90.91928251121077, 91.02296450939457, 91.82879377431907, 81.41683778234086, 89.197224975223], [97.55102040816327, 97.62114537444934, 85.75581395348837, 89.8019801980198, 90.22403258655804, 89.57399103139014, 93.31941544885177, 90.95330739299611, 88.19301848049281, 92.46778989098117], [98.6734693877551, 99.11894273127753, 65.60077519379846, 92.17821782178218, 90.63136456211812, 89.01345291479821, 92.58872651356994, 92.31517509727627, 85.93429158110882, 92.17046580773042], [97.75510204081633, 98.76651982378854, 74.51550387596899, 93.46534653465346, 92.15885947046843, 89.79820627802691, 94.258872651357, 93.3852140077821, 83.67556468172485, 92.46778989098117], [97.95918367346938, 97.97356828193833, 86.7248062015504, 91.68316831683168, 94.39918533604887, 90.35874439461884, 95.4070981210856, 91.05058365758755, 90.75975359342915, 92.36868186323092], [98.87755102040816, 99.03083700440529, 57.46124031007752, 93.56435643564356, 94.5010183299389, 90.80717488789237, 91.7536534446764, 92.41245136186771, 85.1129363449692, 93.3597621407334], [98.6734693877551, 98.50220264317181, 86.82170542635659, 93.06930693069307, 94.70468431771894, 92.71300448430493, 94.05010438413362, 91.53696498054475, 90.04106776180699, 92.07135777998018], [98.26530612244898, 98.14977973568281, 65.50387596899225, 93.46534653465346, 95.11201629327903, 92.37668161434978, 92.58872651356994, 93.3852140077821, 88.39835728952772, 93.45887016848364], [97.44897959183673, 98.32599118942731, 79.74806201550388, 92.67326732673267, 95.11201629327903, 92.152466367713, 96.34655532359082, 93.28793774319067, 91.27310061601642, 92.76511397423191], [98.06122448979592, 98.59030837004406, 88.75968992248062, 92.27722772277228, 94.39918533604887, 94.17040358744394, 95.4070981210856, 93.28793774319067, 89.21971252566735, 94.15262636273538], [98.57142857142857, 98.76651982378854, 74.4186046511628, 95.74257425742574, 93.17718940936864, 91.25560538116592, 94.88517745302714, 93.48249027237354, 89.01437371663245, 94.54905847373637], [97.85714285714286, 98.6784140969163, 92.24806201550388, 93.56435643564356, 95.62118126272912, 90.69506726457399, 95.92901878914405, 93.3852140077821, 91.58110882956879, 92.66600594648166], [98.57142857142857, 98.41409691629956, 50.0, 94.05940594059406, 94.90835030549898, 93.49775784753363, 93.52818371607516, 92.70428015564202, 89.83572895277207, 94.74727452923686], [98.6734693877551, 98.76651982378854, 85.36821705426357, 93.86138613861387, 94.60285132382892, 93.04932735426009, 95.61586638830897, 94.55252918287938, 91.68377823408625, 93.85530227948463], [98.6734693877551, 98.76651982378854, 87.5, 94.25742574257426, 95.010183299389, 92.9372197309417, 96.45093945720251, 94.16342412451363, 91.78644763860369, 94.05351833498513], [98.77551020408163, 98.8546255506608, 91.66666666666667, 94.55445544554455, 96.23217922606925, 93.60986547085201, 96.65970772442589, 94.26070038910505, 91.37577002053388, 92.36868186323092], [98.6734693877551, 98.50220264317181, 90.98837209302326, 94.45544554455445, 94.90835030549898, 93.72197309417041, 96.03340292275574, 93.77431906614785, 94.04517453798768, 94.35084241823587], [98.16326530612245, 98.76651982378854, 66.56976744186046, 96.23762376237623, 95.21384928716904, 91.14349775784753, 95.61586638830897, 94.8443579766537, 90.4517453798768, 94.44995044598612], [98.57142857142857, 98.6784140969163, 87.5, 93.66336633663366, 96.33401221995926, 94.5067264573991, 96.24217118997912, 94.55252918287938, 92.91581108829568, 93.95441030723488], [98.6734693877551, 98.50220264317181, 85.56201550387597, 95.14851485148515, 96.23217922606925, 93.38565022421524, 95.92901878914405, 93.67704280155642, 93.83983572895278, 94.25173439048562], [98.06122448979592, 98.6784140969163, 91.76356589147287, 95.14851485148515, 95.92668024439918, 93.83408071748879, 96.76409185803757, 94.16342412451363, 91.88911704312115, 94.94549058473736], [98.06122448979592, 98.8546255506608, 80.23255813953489, 93.86138613861387, 96.84317718940937, 94.28251121076234, 96.03340292275574, 95.42801556420234, 91.68377823408625, 94.54905847373637], [98.6734693877551, 98.76651982378854, 83.62403100775194, 93.96039603960396, 94.90835030549898, 94.17040358744394, 95.51148225469728, 95.03891050583658, 93.1211498973306, 94.84638255698711]],