{"config": {"DATASET": "mnist", "TOTAL_CLIENTS": 100, "CLIENT_FRAC": 0.2, "POISON_FRAC": 0.4, "CREATE_DATASET": true, "RANDOM_DATA": true, "CLASS_RATIO": 10, "MODEL": "nnet", "LEARNING_RATE": 0.001, "BATCH_SIZE": 32, "LOCAL_EPOCHS": 10, "OPTIMIZER": "adam", "FED_ROUNDS": 30, "TEST_EVERY": 1, "RANDOM_PROCESS": false, "COS_DEFENCE": false, "SEL_METHOD": 1, "REDUCE_LR": 1, "COLLAB_MODE": true, "COLLAB_ALL": true, "CONSIDER_LAYERS": "l1", "GRAD_AGG": true, "FEATURE_FINDING_ALGO": "auror", "GRAD_COLLECTION_START": 0, "GRAD_COLLECT_FOR": -1, "CLUSTER_SEP": 0.002, "ALPHA": 0.8, "BETA": 0.8, "GAMMA": 0.1, "TRUST_INC": 2, "TRUST_CUT_METHOD": 1, "HONEST_PARDON_FACTOR": 0.7, "LOG_LEVEL": "INFO", "JSON_RESULTS": true}, "mean_poison_class_acc": 55.6279069767442, "mean_attack_srate": 3.872093023255814, "total_accuracies": [49.24, 63.01, 75.16, 81.53, 85.09, 88.35, 82.39, 87.8, 90.71, 90.74, 90.19, 92.43, 84.3, 93.12, 92.51, 93.09, 93.98, 92.76, 90.34, 86.76, 93.98, 86.13, 86.13, 94.52, 93.43, 91.21, 93.72, 86.11, 95.4, 90.1], "class_accuracies": [[97.34693877551021, 96.91629955947137, 0.0, 35.742574257425744, 88.69653767820773, 37.219730941704036, 20.146137787056368, 85.89494163424125, 23.613963039014372, 0.0], [96.93877551020408, 98.8546255506608, 0.09689922480620156, 78.81188118811882, 85.74338085539715, 87.10762331838565, 72.75574112734864, 86.7704280155642, 15.605749486652977, 7.135777998017839], [96.63265306122449, 98.6784140969163, 1.2596899224806202, 85.24752475247524, 95.11201629327903, 77.69058295964126, 92.37995824634656, 89.00778210116732, 67.45379876796714, 48.66204162537166], [96.63265306122449, 98.14977973568281, 27.906976744186046, 86.63366336633663, 92.15885947046843, 87.4439461883408, 90.6054279749478, 88.81322957198444, 72.58726899383984, 74.92566897918731], [96.83673469387755, 98.14977973568281, 50.0968992248062, 88.31683168316832, 95.72301425661914, 84.19282511210763, 92.69311064718163, 91.05058365758755, 79.46611909650925, 74.13280475718533], [97.24489795918367, 97.00440528634361, 69.18604651162791, 87.92079207920793, 95.010183299389, 84.30493273542601, 92.90187891440502, 91.05058365758755, 85.93429158110882, 82.3587710604559], [97.44897959183673, 98.50220264317181, 9.108527131782946, 91.2871287128713, 94.60285132382892, 89.46188340807174, 92.06680584551148, 89.49416342412451, 81.62217659137578, 81.86323092170466], [98.57142857142857, 97.3568281938326, 52.325581395348834, 91.38613861386139, 96.13034623217922, 87.33183856502242, 93.73695198329854, 90.75875486381322, 86.55030800821355, 84.14271555996035], [97.65306122448979, 97.3568281938326, 73.54651162790698, 89.10891089108911, 94.39918533604887, 89.46188340807174, 95.4070981210856, 90.6614785992218, 90.96509240246407, 88.50346878097126], [98.26530612244898, 97.79735682819383, 71.51162790697674, 92.77227722772277, 95.31568228105907, 87.78026905829596, 95.09394572025052, 91.63424124513618, 89.73305954825462, 87.21506442021804], [97.85714285714286, 98.32599118942731, 62.98449612403101, 93.26732673267327, 96.5376782077393, 89.79820627802691, 96.24217118997912, 90.6614785992218, 89.11704312114989, 87.31417244796829], [98.06122448979592, 98.41409691629956, 79.94186046511628, 94.55445544554455, 96.23217922606925, 90.24663677130044, 96.03340292275574, 92.12062256809338, 89.83572895277207, 88.50346878097126], [97.04081632653062, 98.23788546255507, 0.0, 92.97029702970298, 94.60285132382892, 91.92825112107623, 96.86847599164926, 92.8988326848249, 89.93839835728953, 90.8820614469772], [97.95918367346938, 98.32599118942731, 84.10852713178295, 92.57425742574257, 95.82484725050917, 91.92825112107623, 95.72025052192066, 92.99610894941634, 91.78644763860369, 89.69276511397423], [97.95918367346938, 97.88546255506608, 75.1937984496124, 94.65346534653466, 96.23217922606925, 92.82511210762331, 96.24217118997912, 93.28793774319067, 91.47843942505133, 89.49454905847374], [98.16326530612245, 97.88546255506608, 77.03488372093024, 93.06930693069307, 95.41751527494908, 93.16143497757848, 96.34655532359082, 94.26070038910505, 92.91581108829568, 92.76511397423191], [98.16326530612245, 97.88546255506608, 86.43410852713178, 95.24752475247524, 96.13034623217922, 90.80717488789237, 97.18162839248434, 93.48249027237354, 93.01848049281314, 91.0802775024777], [98.26530612244898, 98.06167400881057, 74.03100775193798, 92.57425742574257, 96.13034623217922, 94.5067264573991, 96.34655532359082, 92.70428015564202, 92.71047227926078, 92.66600594648166], [98.06122448979592, 98.32599118942731, 50.775193798449614, 93.46534653465346, 96.43584521384929, 93.72197309417041, 96.86847599164926, 92.80155642023347, 92.71047227926078, 91.2784935579782], [97.85714285714286, 98.41409691629956, 13.75968992248062, 93.16831683168317, 96.02851323828921, 94.73094170403587, 96.76409185803757, 92.99610894941634, 93.73716632443532, 92.46778989098117], [98.6734693877551, 97.97356828193833, 83.91472868217055, 93.96039603960396, 96.33401221995926, 94.05829596412556, 96.13778705636743, 93.3852140077821, 92.71047227926078, 92.66600594648166], [98.57142857142857, 98.50220264317181, 4.844961240310077, 94.05940594059406, 95.92668024439918, 94.95515695067265, 95.72025052192066, 93.09338521400778, 93.94250513347022, 94.25173439048562], [97.75510204081633, 98.59030837004406, 4.941860465116279, 94.05940594059406, 96.63951120162933, 94.84304932735427, 96.76409185803757, 94.45525291828794, 93.32648870636551, 92.46778989098117], [98.57142857142857, 98.32599118942731, 85.27131782945736, 95.34653465346534, 96.33401221995926, 94.05829596412556, 97.07724425887265, 94.26070038910505, 94.6611909650924, 91.2784935579782], [98.36734693877551, 97.88546255506608, 72.67441860465117, 95.64356435643565, 96.63951120162933, 94.84304932735427, 96.24217118997912, 93.8715953307393, 94.35318275154005, 94.25173439048562], [98.06122448979592, 98.14977973568281, 53.39147286821706, 94.25742574257426, 96.84317718940937, 95.96412556053812, 95.92901878914405, 93.57976653696498, 92.60780287474333, 94.44995044598612], [98.77551020408163, 98.41409691629956, 74.6124031007752, 96.03960396039604, 97.04684317718942, 94.5067264573991, 96.34655532359082, 95.52529182879377, 93.73716632443532, 92.46778989098117], [98.26530612244898, 98.32599118942731, 0.7751937984496124, 96.03960396039604, 96.02851323828921, 93.72197309417041, 98.12108559498957, 94.16342412451363, 94.14784394250513, 94.15262636273538], [98.6734693877551, 98.06167400881057, 91.27906976744185, 95.74257425742574, 96.63951120162933, 93.72197309417041, 97.07724425887265, 93.19066147859922, 95.48254620123203, 93.95441030723488], [98.06122448979592, 97.88546255506608, 39.05038759689923, 95.64356435643565, 97.35234215885947, 94.17040358744394, 97.49478079331942, 94.55252918287938, 94.6611909650924, 93.65708622398414]],