{"config": {"DATASET": "mnist", "TOTAL_CLIENTS": 100, "CLIENT_FRAC": 0.2, "POISON_FRAC": 0.2, "CREATE_DATASET": true, "RANDOM_DATA": true, "CLASS_RATIO": 10, "MODEL": "nnet", "LEARNING_RATE": 0.001, "BATCH_SIZE": 32, "LOCAL_EPOCHS": 10, "OPTIMIZER": "adam", "FED_ROUNDS": 30, "TEST_EVERY": 1, "RANDOM_PROCESS": false, "COS_DEFENCE": false, "SEL_METHOD": 1, "REDUCE_LR": 1, "COLLAB_MODE": true, "COLLAB_ALL": true, "CONSIDER_LAYERS": "l1", "GRAD_AGG": true, "FEATURE_FINDING_ALGO": "auror", "GRAD_COLLECTION_START": 0, "GRAD_COLLECT_FOR": -1, "CLUSTER_SEP": 0.002, "ALPHA": 0.8, "BETA": 0.8, "GAMMA": 0.1, "TRUST_INC": 2, "TRUST_CUT_METHOD": 1, "HONEST_PARDON_FACTOR": 0.7, "LOG_LEVEL": "INFO", "JSON_RESULTS": true}, "mean_poison_class_acc": 73.63565891472868, "mean_attack_srate": 3.155038759689922, "total_accuracies": [50.27, 67.9, 81.45, 86.46, 87.02, 88.97, 89.23, 87.17, 91.22, 91.24, 89.88, 91.29, 90.42, 93.3, 92.51, 93.08, 92.43, 91.45, 93.8, 93.66, 93.07, 94.61, 89.93, 93.38, 91.16, 94.89, 95.19, 92.81, 94.97, 94.51], "class_accuracies": [[97.34693877551021, 99.91189427312776, 0.3875968992248062, 49.306930693069305, 71.58859470468431, 28.475336322869953, 19.102296450939455, 77.23735408560312, 51.64271047227926, 0.0], [98.06122448979592, 98.8546255506608, 11.24031007751938, 77.82178217821782, 92.66802443991854, 82.62331838565022, 79.74947807933194, 82.97665369649805, 34.29158110882957, 20.515361744301288], [96.0204081632653, 98.41409691629956, 57.848837209302324, 82.27722772277228, 94.29735234215886, 79.37219730941705, 94.1544885177453, 91.24513618677042, 74.02464065708419, 45.986124876114964], [96.73469387755102, 97.18061674008811, 73.06201550387597, 84.25742574257426, 93.27902240325865, 85.76233183856502, 91.9624217118998, 88.03501945525292, 76.18069815195072, 77.40336967294351], [96.73469387755102, 98.06167400881057, 63.372093023255815, 88.21782178217822, 95.31568228105907, 82.62331838565022, 92.69311064718163, 90.85603112840467, 79.26078028747433, 82.1605550049554], [97.34693877551021, 96.91629955947137, 75.48449612403101, 86.43564356435644, 95.21384928716904, 83.5201793721973, 93.1106471816284, 90.1750972762646, 86.55030800821355, 84.14271555996035], [97.85714285714286, 98.23788546255507, 72.48062015503876, 90.4950495049505, 95.21384928716904, 88.56502242152466, 93.52818371607516, 89.6887159533074, 83.47022587268994, 82.3587710604559], [97.95918367346938, 98.59030837004406, 47.093023255813954, 91.58415841584159, 95.51934826883911, 88.2286995515695, 91.8580375782881, 92.41245136186771, 80.49281314168378, 88.00792864222002], [97.55102040816327, 97.00440528634361, 79.26356589147287, 88.11881188118812, 94.70468431771894, 89.23766816143498, 95.30271398747391, 91.24513618677042, 89.93839835728953, 89.59365708622398], [97.95918367346938, 97.70925110132158, 75.96899224806202, 92.97029702970298, 96.13034623217922, 88.34080717488789, 94.98956158663883, 90.85603112840467, 88.91170431211499, 88.20614469772052], [97.85714285714286, 98.32599118942731, 61.531007751937985, 92.27722772277228, 96.63951120162933, 90.69506726457399, 94.98956158663883, 91.73151750972762, 85.83162217659138, 89.09811694747275], [98.06122448979592, 98.23788546255507, 71.51162790697674, 93.76237623762377, 96.5376782077393, 91.3677130044843, 95.4070981210856, 92.21789883268482, 88.29568788501027, 87.51238850346878], [98.16326530612245, 98.59030837004406, 60.85271317829457, 93.76237623762377, 95.72301425661914, 90.5829596412556, 95.82463465553236, 94.16342412451363, 86.96098562628337, 89.69276511397423], [98.26530612244898, 98.8546255506608, 84.59302325581395, 94.45544554455445, 95.51934826883911, 90.5829596412556, 96.03340292275574, 92.99610894941634, 90.96509240246407, 90.18830525272547], [98.26530612244898, 98.23788546255507, 75.7751937984496, 95.74257425742574, 96.02851323828921, 91.03139013452915, 94.98956158663883, 93.67704280155642, 89.52772073921972, 91.57581764122894], [97.85714285714286, 98.6784140969163, 78.48837209302326, 93.76237623762377, 94.80651731160896, 92.9372197309417, 95.19832985386222, 95.3307392996109, 91.17043121149898, 92.36868186323092], [97.85714285714286, 98.23788546255507, 72.48062015503876, 95.74257425742574, 95.92668024439918, 90.47085201793722, 96.03340292275574, 94.16342412451363, 90.75975359342915, 92.46778989098117], [98.06122448979592, 98.76651982378854, 62.7906976744186, 93.96039603960396, 94.90835030549898, 93.04932735426009, 96.03340292275574, 93.8715953307393, 89.11704312114989, 94.25173439048562], [98.16326530612245, 98.6784140969163, 84.30232558139535, 92.97029702970298, 96.33401221995926, 93.27354260089686, 96.76409185803757, 92.99610894941634, 92.60780287474333, 91.77403369672943], [98.06122448979592, 98.6784140969163, 81.68604651162791, 93.36633663366337, 96.33401221995926, 93.27354260089686, 96.03340292275574, 94.06614785992218, 91.9917864476386, 92.9633300297324], [98.57142857142857, 98.6784140969163, 75.7751937984496, 94.35643564356435, 96.13034623217922, 93.83408071748879, 95.51148225469728, 93.8715953307393, 91.37577002053388, 92.66600594648166], [98.46938775510205, 98.8546255506608, 87.98449612403101, 94.25742574257426, 96.02851323828921, 94.17040358744394, 95.61586638830897, 94.26070038910505, 93.22381930184805, 92.9633300297324], [97.85714285714286, 98.8546255506608, 44.37984496124031, 94.75247524752476, 96.23217922606925, 93.49775784753363, 96.13778705636743, 95.23346303501945, 90.4517453798768, 92.86422200198216], [98.6734693877551, 98.76651982378854, 74.6124031007752, 95.74257425742574, 96.33401221995926, 92.60089686098655, 96.45093945720251, 95.3307392996109, 92.81314168377824, 92.46778989098117], [98.26530612244898, 98.50220264317181, 53.10077519379845, 95.54455445544555, 96.84317718940937, 93.83408071748879, 94.78079331941545, 94.3579766536965, 93.94250513347022, 93.26065411298315], [97.85714285714286, 98.6784140969163, 89.63178294573643, 94.55445544554455, 96.43584521384929, 95.51569506726457, 96.13778705636743, 94.74708171206225, 92.40246406570841, 92.76511397423191], [98.87755102040816, 98.8546255506608, 90.69767441860465, 96.03960396039604, 96.84317718940937, 93.83408071748879, 95.61586638830897, 95.71984435797665, 92.71047227926078, 92.26957383548067], [97.95918367346938, 98.59030837004406, 69.18604651162791, 96.43564356435644, 96.02851323828921, 91.59192825112108, 96.97286012526096, 94.64980544747081, 93.94250513347022, 92.86422200198216], [98.57142857142857, 98.41409691629956, 88.0813953488372, 95.54455445544555, 96.84317718940937, 92.71300448430493, 96.86847599164926, 94.8443579766537, 94.55852156057495, 92.9633300297324], [97.95918367346938, 98.32599118942731, 83.13953488372093, 96.13861386138613, 96.33401221995926, 92.152466367713, 96.65970772442589, 95.3307392996109, 94.76386036960986, 94.05351833498513]],