{"config": {"DATASET": "mnist", "CLIENT_FRAC": 0.2, "POISON_FRAC": 0.1, "CREATE_DATASET": false, "CLASS_RATIO": 10, "MODEL": "nnet", "LEARNING_RATE": 0.001, "BATCH_SIZE": 32, "LOCAL_EPOCHS": 3, "OPTIMIZER": "adam", "FED_ROUNDS": 30, "TEST_EVERY": 1, "RANDOM": true, "COS_DEFENCE": false, "SEL_METHOD": 1, "COLLAB_MODE": true, "COLLAB_ALL": false, "CONSIDER_LAYERS": "l1", "GRAD_AGG": true, "FEATURE_FINDING_ALGO": "auror_plus", "GRAD_COLLECTION_START": 0, "GRAD_COLLECT_FOR": -1, "CLUSTER_SEP": 2.0, "ALPHA": 0.5, "BETA": 0.5, "GAMMA": 0.5, "TRUST_INC": 2, "TRUST_CUT_METHOD": 1, "HONEST_PARDON_FACTOR": 0.99, "LOG_LEVEL": "INFO", "JSON_RESULTS": true}, "mean_poison_class_acc": 79.49612403100775, "mean_attack_srate": 3.0193798449612403, "total_accuracies": [20.3, 34.58, 38.6, 48.9, 59.72, 69.59, 76.15, 81.36, 81.86, 83.2, 84.78, 86.3, 86.53, 87.29, 87.43, 88.28, 87.3, 89.42, 89.52, 89.36, 89.38, 90.42, 90.34, 90.79, 90.12, 90.91, 91.11, 91.37, 91.53, 91.49], "class_accuracies": [[71.73469387755102, 100.0, 5.135658914728682, 6.8316831683168315, 7.128309572301426, 0.0, 0.0, 0.0, 0.0, 0.0], [99.38775510204081, 99.29515418502203, 0.3875968992248062, 56.73267326732673, 0.0, 0.0, 1.5657620041753653, 74.41634241245136, 0.0, 0.0], [99.08163265306122, 99.47136563876651, 9.205426356589147, 81.38613861386139, 0.0, 3.6995515695067263, 17.32776617954071, 0.09727626459143969, 0.0, 63.72646184340932], [99.08163265306122, 99.38325991189427, 34.10852713178294, 86.03960396039604, 43.9918533604888, 0.8968609865470852, 30.897703549060545, 41.05058365758755, 4.414784394250513, 36.570862239841425], [98.57142857142857, 99.03083700440529, 61.531007751937985, 87.02970297029702, 79.42973523421588, 39.7982062780269, 80.58455114822547, 39.98054474708171, 0.6160164271047228, 4.360753221010902], [97.85714285714286, 98.94273127753304, 65.89147286821705, 84.95049504950495, 89.91853360488798, 37.66816143497758, 89.14405010438414, 73.15175097276264, 50.30800821355236, 2.3785926660059467], [97.55102040816327, 98.76651982378854, 68.02325581395348, 90.5940594059406, 60.4887983706721, 47.98206278026906, 86.53444676409185, 78.01556420233463, 44.35318275154004, 82.85431119920713], [94.79591836734694, 97.70925110132158, 79.16666666666667, 74.65346534653466, 83.5030549898167, 81.39013452914799, 88.72651356993737, 86.08949416342412, 68.99383983572895, 56.88800792864222], [97.14285714285714, 97.26872246696036, 71.31782945736434, 88.51485148514851, 71.79226069246435, 65.47085201793722, 91.54488517745303, 83.17120622568093, 64.16837782340862, 84.63825569871159], [97.24489795918367, 97.3568281938326, 64.24418604651163, 79.00990099009901, 81.36456211812627, 75.44843049327355, 91.9624217118998, 86.38132295719845, 75.87268993839835, 81.36769078295342], [97.14285714285714, 97.70925110132158, 77.81007751937985, 79.4059405940594, 88.90020366598777, 79.14798206278027, 92.27557411273486, 89.78599221789884, 73.92197125256673, 69.97026759167493], [97.95918367346938, 95.50660792951543, 82.36434108527132, 81.18811881188118, 86.86354378818737, 76.90582959641256, 91.23173277661796, 87.54863813229572, 83.5728952772074, 78.1962338949455], [96.83673469387755, 97.62114537444934, 76.06589147286822, 84.95049504950495, 87.57637474541751, 80.04484304932735, 92.48434237995825, 88.32684824902724, 77.72073921971253, 82.06144697720515], [97.14285714285714, 96.0352422907489, 81.0077519379845, 80.0, 92.26069246435846, 82.847533632287, 92.06680584551148, 90.1750972762646, 82.64887063655031, 77.70069375619426], [97.34693877551021, 97.3568281938326, 74.03100775193798, 86.33663366336634, 86.86354378818737, 84.64125560538116, 91.12734864300626, 88.61867704280155, 79.7741273100616, 87.1159563924678], [97.95918367346938, 97.44493392070484, 80.23255813953489, 85.44554455445545, 90.63136456211812, 84.30493273542601, 91.54488517745303, 88.91050583657588, 79.7741273100616, 85.33201189296334], [97.04081632653062, 97.79735682819383, 73.06201550387597, 84.45544554455445, 96.13034623217922, 84.08071748878923, 92.17118997912317, 88.52140077821012, 80.39014373716633, 78.49355797819624], [97.04081632653062, 96.91629955947137, 85.17441860465117, 87.82178217821782, 90.52953156822811, 85.87443946188341, 92.58872651356994, 89.00778210116732, 81.93018480492813, 86.22398414271557], [97.65306122448979, 97.00440528634361, 83.72093023255815, 87.92079207920793, 93.68635437881873, 84.52914798206278, 92.90187891440502, 88.61867704280155, 82.23819301848049, 85.82755203171457], [97.75510204081633, 96.74008810572687, 78.68217054263566, 87.42574257425743, 91.34419551934828, 84.52914798206278, 94.67640918580376, 89.6887159533074, 83.26488706365502, 88.60257680872151], [98.06122448979592, 97.97356828193833, 78.58527131782945, 90.0, 93.78818737270876, 83.74439461883408, 93.84133611691023, 89.00778210116732, 79.46611909650925, 88.10703666997027], [97.44897959183673, 96.65198237885463, 85.65891472868218, 88.51485148514851, 93.58452138492872, 84.75336322869956, 93.42379958246346, 90.85603112840467, 84.70225872689939, 87.51238850346878], [98.06122448979592, 97.00440528634361, 82.26744186046511, 89.8019801980198, 94.70468431771894, 84.30493273542601, 93.84133611691023, 90.95330739299611, 85.1129363449692, 86.32309217046581], [97.14285714285714, 96.91629955947137, 86.24031007751938, 89.60396039603961, 92.56619144602851, 85.87443946188341, 93.1106471816284, 89.88326848249027, 85.42094455852155, 90.08919722497522], [97.95918367346938, 97.88546255506608, 79.06976744186046, 89.9009900990099, 94.39918533604887, 85.31390134529148, 94.1544885177453, 90.46692607003891, 82.85420944558521, 88.20614469772052], [97.65306122448979, 97.3568281938326, 86.9186046511628, 90.89108910891089, 95.62118126272912, 85.20179372197309, 94.57202505219206, 90.85603112840467, 83.5728952772074, 85.33201189296334], [97.34693877551021, 97.5330396475771, 86.62790697674419, 89.3069306930693, 94.70468431771894, 87.5560538116592, 93.31941544885177, 89.49416342412451, 85.31827515400411, 88.9990089197225], [97.65306122448979, 96.56387665198238, 87.59689922480621, 91.78217821782178, 92.15885947046843, 87.78026905829596, 93.31941544885177, 89.78599221789884, 84.18891170431212, 91.97224975222993], [97.34693877551021, 97.26872246696036, 87.79069767441861, 91.58415841584159, 95.62118126272912, 84.64125560538116, 95.82463465553236, 91.43968871595331, 85.21560574948666, 87.41328047571854], [97.95918367346938, 97.26872246696036, 85.85271317829458, 90.4950495049505, 95.21384928716904, 87.66816143497758, 93.42379958246346, 91.147859922179, 87.37166324435319, 87.71060455896928]],