{"config": {"DATASET": "mnist", "TOTAL_CLIENTS": 100, "CLIENT_FRAC": 0.1, "POISON_FRAC": 0.2, "CREATE_DATASET": true, "RANDOM_DATA": true, "CLASS_RATIO": 10, "MODEL": "nnet", "LEARNING_RATE": 0.001, "BATCH_SIZE": 32, "LOCAL_EPOCHS": 10, "OPTIMIZER": "adam", "FED_ROUNDS": 30, "TEST_EVERY": 1, "RANDOM_PROCESS": false, "COS_DEFENCE": false, "SEL_METHOD": 1, "REDUCE_LR": 1, "COLLAB_MODE": true, "COLLAB_ALL": true, "CONSIDER_LAYERS": "l1", "GRAD_AGG": true, "FEATURE_FINDING_ALGO": "auror", "GRAD_COLLECTION_START": 0, "GRAD_COLLECT_FOR": -1, "CLUSTER_SEP": 0.005, "ALPHA": 0.8, "BETA": 0.8, "GAMMA": 0.1, "TRUST_INC": 2, "TRUST_CUT_METHOD": 1, "HONEST_PARDON_FACTOR": 0.7, "LOG_LEVEL": "INFO", "JSON_RESULTS": true}, "mean_poison_class_acc": 74.94186046511626, "mean_attack_srate": 3.2461240310077515, "total_accuracies": [44.84, 70.49, 81.66, 85.36, 87.05, 89.8, 88.37, 89.86, 91.17, 90.76, 90.18, 92.82, 93.32, 91.72, 90.88, 86.34, 92.75, 91.87, 88.58, 94.37, 90.79, 94.3, 94.81, 93.77, 94.54, 95.02, 94.35, 93.4, 94.48, 92.72], "class_accuracies": [[98.9795918367347, 99.73568281938326, 0.9689922480620154, 22.77227722772277, 23.727087576374746, 24.55156950672646, 23.799582463465555, 75.68093385214007, 47.74127310061601, 21.704658077304263], [96.73469387755102, 97.97356828193833, 9.108527131782946, 82.77227722772277, 94.90835030549898, 78.1390134529148, 86.95198329853862, 83.65758754863813, 52.772073921971256, 22.101090188305253], [96.53061224489795, 97.79735682819383, 38.85658914728682, 82.27722772277228, 86.86354378818737, 81.50224215246637, 91.23173277661796, 83.17120622568093, 73.81930184804928, 84.2418235877106], [96.73469387755102, 95.85903083700441, 56.58914728682171, 89.70297029702971, 91.75152749490834, 76.5695067264574, 94.78079331941545, 87.64591439688716, 80.9034907597536, 82.1605550049554], [96.73469387755102, 96.38766519823788, 63.66279069767442, 86.33663366336634, 93.58452138492872, 83.74439461883408, 93.84133611691023, 88.715953307393, 85.42094455852155, 81.76412289395441], [96.83673469387755, 98.06167400881057, 84.49612403100775, 90.0990099009901, 92.05702647657841, 82.62331838565022, 94.88517745302714, 90.95330739299611, 80.39014373716633, 86.02576808721507], [97.14285714285714, 98.14977973568281, 69.18604651162791, 89.4059405940594, 96.84317718940937, 85.42600896860986, 94.57202505219206, 90.07782101167315, 81.10882956878851, 81.16947472745292], [97.75510204081633, 97.18061674008811, 76.25968992248062, 90.39603960396039, 93.9918533604888, 87.66816143497758, 93.0062630480167, 91.92607003891051, 81.51950718685832, 88.20614469772052], [97.24489795918367, 97.26872246696036, 81.4922480620155, 89.70297029702971, 95.82484725050917, 88.34080717488789, 95.61586638830897, 92.60700389105058, 85.01026694045174, 88.00792864222002], [98.26530612244898, 97.09251101321586, 73.64341085271317, 90.5940594059406, 95.11201629327903, 87.78026905829596, 96.24217118997912, 92.8988326848249, 85.72895277207392, 89.89098116947473], [97.75510204081633, 97.70925110132158, 67.73255813953489, 94.35643564356435, 91.85336048879837, 90.5829596412556, 93.73695198329854, 89.00778210116732, 84.90759753593429, 94.05351833498513], [97.85714285714286, 97.62114537444934, 92.53875968992249, 92.17821782178218, 96.13034623217922, 90.13452914798206, 94.46764091858037, 91.82879377431907, 86.75564681724846, 87.90882061446978], [98.06122448979592, 97.5330396475771, 88.46899224806202, 91.38613861386139, 95.92668024439918, 91.3677130044843, 95.82463465553236, 93.57976653696498, 90.14373716632444, 90.48562933597621], [98.06122448979592, 98.59030837004406, 73.35271317829458, 94.85148514851485, 96.13034623217922, 89.01345291479821, 96.5553235908142, 93.96887159533074, 85.93429158110882, 90.28741328047572], [98.26530612244898, 98.59030837004406, 68.8953488372093, 93.76237623762377, 98.06517311608961, 92.48878923766816, 92.06680584551148, 93.57976653696498, 85.42094455852155, 87.61149653121903], [98.26530612244898, 98.14977973568281, 19.186046511627907, 94.25742574257426, 95.41751527494908, 93.16143497757848, 93.52818371607516, 94.06614785992218, 86.75564681724846, 92.26957383548067], [97.85714285714286, 98.94273127753304, 80.62015503875969, 94.15841584158416, 96.5376782077393, 91.70403587443946, 96.5553235908142, 93.19066147859922, 86.75564681724846, 90.78295341922696], [98.16326530612245, 97.88546255506608, 67.15116279069767, 95.34653465346534, 95.31568228105907, 91.4798206278027, 95.30271398747391, 93.57976653696498, 91.68377823408625, 92.9633300297324], [98.06122448979592, 98.50220264317181, 35.36821705426357, 93.86138613861387, 96.33401221995926, 93.83408071748879, 94.258872651357, 93.57976653696498, 91.37577002053388, 91.97224975222993], [97.85714285714286, 98.06167400881057, 92.92635658914729, 94.15841584158416, 95.31568228105907, 92.04035874439462, 95.92901878914405, 93.3852140077821, 91.58110882956879, 91.87314172447968], [98.6734693877551, 97.88546255506608, 54.84496124031008, 93.96039603960396, 94.70468431771894, 92.71300448430493, 95.19832985386222, 93.28793774319067, 93.83983572895278, 93.55797819623389], [97.85714285714286, 98.06167400881057, 88.66279069767442, 95.64356435643565, 97.14867617107943, 92.152466367713, 94.46764091858037, 94.8443579766537, 90.4517453798768, 93.1615460852329], [96.42857142857143, 98.50220264317181, 94.47674418604652, 93.56435643564356, 96.94501018329939, 93.83408071748879, 95.92901878914405, 95.03891050583658, 92.71047227926078, 90.18830525272547], [97.95918367346938, 98.23788546255507, 82.75193798449612, 96.53465346534654, 96.84317718940937, 92.48878923766816, 95.61586638830897, 94.26070038910505, 91.06776180698152, 91.67492566897918], [98.06122448979592, 98.50220264317181, 87.01550387596899, 95.84158415841584, 96.13034623217922, 94.39461883408072, 95.51148225469728, 94.8443579766537, 91.06776180698152, 93.75619425173439], [98.36734693877551, 98.32599118942731, 91.47286821705427, 95.54455445544555, 96.33401221995926, 92.82511210762331, 95.82463465553236, 96.40077821011673, 92.91581108829568, 91.67492566897918], [97.85714285714286, 97.97356828193833, 84.49612403100775, 96.03960396039604, 96.02851323828921, 92.37668161434978, 96.13778705636743, 95.03891050583658, 93.32648870636551, 93.95441030723488], [98.26530612244898, 98.41409691629956, 75.09689922480621, 96.83168316831683, 96.33401221995926, 93.27354260089686, 95.09394572025052, 95.71984435797665, 92.81314168377824, 92.17046580773042], [98.46938775510205, 98.94273127753304, 85.36821705426357, 94.35643564356435, 95.82484725050917, 93.60986547085201, 95.92901878914405, 95.62256809338521, 92.09445585215606, 94.25173439048562], [98.46938775510205, 97.97356828193833, 68.4108527131783, 96.23762376237623, 95.62118126272912, 94.17040358744394, 94.36325678496868, 96.20622568093385, 92.81314168377824, 93.26065411298315]],