{"config": {"DATASET": "mnist", "TOTAL_CLIENTS": 100, "CLIENT_FRAC": 0.2, "POISON_FRAC": 0.2, "CREATE_DATASET": false, "RANDOM_DATA": true, "CLASS_RATIO": 10, "MODEL": "nnet", "LEARNING_RATE": 0.001, "BATCH_SIZE": 32, "LOCAL_EPOCHS": 10, "OPTIMIZER": "adam", "FED_ROUNDS": 30, "TEST_EVERY": 1, "RANDOM_PROCESS": false, "COS_DEFENCE": true, "SEL_METHOD": 1, "REDUCE_LR": 1, "COLLAB_MODE": true, "COLLAB_ALL": true, "CONSIDER_LAYERS": "l1", "GRAD_AGG": true, "FEATURE_FINDING_ALGO": "auror", "GRAD_COLLECTION_START": 0, "GRAD_COLLECT_FOR": -1, "CLUSTER_SEP": 0.005, "ALPHA": 0.8, "BETA": 0.8, "GAMMA": 0.1, "TRUST_INC": 2, "TRUST_CUT_METHOD": 1, "HONEST_PARDON_FACTOR": 0.7, "LOG_LEVEL": "INFO", "JSON_RESULTS": true}, "mean_poison_class_acc": 81.2170542635659, "mean_attack_srate": 3.112403100775194, "total_accuracies": [48.29, 68.57, 82.53, 86.12, 87.01, 88.92, 89.14, 90.39, 91.06, 90.18, 91.61, 91.51, 92.59, 93.07, 91.27, 93.43, 93.67, 92.09, 94.43, 93.72, 94.28, 93.79, 92.84, 93.37, 94.04, 94.89, 94.06, 94.61, 94.14, 94.87], "class_accuracies": [[99.38775510204081, 95.85903083700441, 0.7751937984496124, 46.13861386138614, 60.4887983706721, 19.618834080717487, 26.826722338204593, 24.90272373540856, 36.03696098562629, 65.41129831516353], [98.06122448979592, 98.59030837004406, 31.2984496124031, 91.88118811881188, 76.57841140529531, 57.95964125560538, 78.70563674321504, 89.29961089494164, 36.85831622176591, 22.398414271555996], [96.83673469387755, 98.14977973568281, 68.7984496124031, 89.8019801980198, 86.0488798370672, 64.01345291479821, 90.6054279749478, 92.41245136186771, 77.00205338809035, 58.37462834489594], [97.04081632653062, 97.70925110132158, 71.41472868217055, 88.11881188118812, 84.0122199592668, 85.31390134529148, 90.7098121085595, 89.98054474708171, 73.81930184804928, 81.86323092170466], [97.75510204081633, 97.70925110132158, 65.89147286821705, 90.6930693069307, 90.83503054989816, 80.60538116591928, 91.7536534446764, 93.19066147859922, 80.69815195071868, 79.68285431119921], [98.06122448979592, 98.14977973568281, 78.39147286821705, 90.4950495049505, 88.90020366598777, 80.4932735426009, 93.0062630480167, 92.02334630350195, 80.28747433264887, 87.61149653121903], [97.75510204081633, 98.32599118942731, 73.54651162790698, 92.17821782178218, 91.5478615071283, 83.96860986547085, 93.31941544885177, 90.85603112840467, 80.18480492813141, 88.50346878097126], [97.65306122448979, 97.70925110132158, 79.26356589147287, 91.68316831683168, 90.63136456211812, 86.09865470852019, 93.52818371607516, 90.95330739299611, 85.62628336755647, 89.79187314172448], [97.55102040816327, 97.97356828193833, 81.2015503875969, 93.06930693069307, 90.12219959266803, 86.7713004484305, 93.84133611691023, 91.24513618677042, 85.52361396303901, 92.26957383548067], [98.16326530612245, 98.59030837004406, 68.7984496124031, 92.27722772277228, 91.14052953156823, 89.79820627802691, 93.42379958246346, 92.41245136186771, 86.34496919917865, 90.48562933597621], [97.24489795918367, 98.6784140969163, 80.81395348837209, 92.77227722772277, 93.17718940936864, 89.79820627802691, 94.258872651357, 92.60700389105058, 84.80492813141684, 91.17938553022795], [98.26530612244898, 97.62114537444934, 74.6124031007752, 92.97029702970298, 94.09368635437882, 90.13452914798206, 93.84133611691023, 92.60700389105058, 89.21971252566735, 91.47670961347869], [98.16326530612245, 99.03083700440529, 83.72093023255815, 95.44554455445545, 92.76985743380855, 90.47085201793722, 94.05010438413362, 92.50972762645914, 87.88501026694045, 91.0802775024777], [98.77551020408163, 98.23788546255507, 84.59302325581395, 92.47524752475248, 93.48268839103869, 91.70403587443946, 93.94572025052192, 91.92607003891051, 91.78644763860369, 93.3597621407334], [97.95918367346938, 98.41409691629956, 67.63565891472868, 95.54455445544555, 94.19551934826885, 91.3677130044843, 94.1544885177453, 93.28793774319067, 87.26899383983573, 92.76511397423191], [97.95918367346938, 98.50220264317181, 85.94961240310077, 92.67326732673267, 93.07535641547861, 91.92825112107623, 96.24217118997912, 93.77431906614785, 90.86242299794661, 92.86422200198216], [98.06122448979592, 98.59030837004406, 87.5, 94.05940594059406, 93.68635437881873, 92.9372197309417, 95.61586638830897, 92.99610894941634, 89.21971252566735, 93.55797819623389], [97.65306122448979, 98.59030837004406, 73.15891472868218, 96.33663366336634, 93.07535641547861, 90.02242152466367, 95.4070981210856, 95.23346303501945, 87.37166324435319, 93.55797819623389], [98.26530612244898, 98.41409691629956, 90.69767441860465, 94.05940594059406, 94.80651731160896, 92.37668161434978, 95.72025052192066, 93.48249027237354, 93.1211498973306, 92.86422200198216], [98.46938775510205, 98.32599118942731, 83.23643410852713, 94.85148514851485, 93.58452138492872, 92.04035874439462, 96.45093945720251, 93.67704280155642, 92.19712525667352, 94.05351833498513], [97.85714285714286, 98.6784140969163, 87.8875968992248, 94.95049504950495, 93.9918533604888, 91.92825112107623, 96.86847599164926, 94.06614785992218, 93.1211498973306, 92.9633300297324], [97.85714285714286, 98.94273127753304, 85.07751937984496, 95.44554455445545, 94.90835030549898, 92.152466367713, 96.24217118997912, 93.8715953307393, 89.21971252566735, 93.65708622398414], [98.36734693877551, 98.59030837004406, 72.86821705426357, 94.65346534653466, 96.02851323828921, 94.28251121076234, 96.45093945720251, 93.67704280155642, 90.96509240246407, 92.76511397423191], [98.16326530612245, 98.59030837004406, 75.7751937984496, 96.23762376237623, 95.11201629327903, 93.60986547085201, 96.03340292275574, 93.57976653696498, 92.29979466119096, 94.35084241823587], [98.06122448979592, 98.94273127753304, 84.01162790697674, 95.24752475247524, 94.39918533604887, 91.3677130044843, 96.65970772442589, 95.62256809338521, 92.40246406570841, 93.1615460852329], [97.95918367346938, 98.6784140969163, 90.98837209302326, 94.95049504950495, 95.51934826883911, 93.72197309417041, 96.34655532359082, 93.67704280155642, 92.50513347022587, 94.15262636273538], [97.55102040816327, 98.50220264317181, 82.75193798449612, 95.94059405940594, 95.21384928716904, 94.05829596412556, 96.65970772442589, 93.96887159533074, 91.37577002053388, 94.44995044598612], [97.34693877551021, 98.59030837004406, 88.46899224806202, 95.14851485148515, 95.21384928716904, 92.60089686098655, 96.76409185803757, 95.23346303501945, 91.78644763860369, 94.44995044598612], [97.95918367346938, 98.94273127753304, 81.97674418604652, 95.64356435643565, 95.51934826883911, 93.49775784753363, 96.03340292275574, 95.42801556420234, 91.47843942505133, 94.64816650148661], [98.46938775510205, 98.59030837004406, 87.5, 95.54455445544555, 95.31568228105907, 93.16143497757848, 96.65970772442589, 95.52529182879377, 92.81314168377824, 94.74727452923686]],