{"config": {"DATASET": "mnist", "TOTAL_CLIENTS": 100, "CLIENT_FRAC": 0.1, "POISON_FRAC": 0.1, "CREATE_DATASET": true, "CLASS_RATIO": 10, "MODEL": "nnet", "LEARNING_RATE": 0.001, "BATCH_SIZE": 32, "LOCAL_EPOCHS": 3, "OPTIMIZER": "adam", "FED_ROUNDS": 30, "TEST_EVERY": 1, "RANDOM": true, "COS_DEFENCE": true, "SEL_METHOD": 1, "REDUCE_LR": 1, "COLLAB_MODE": true, "COLLAB_ALL": true, "CONSIDER_LAYERS": "l1", "GRAD_AGG": true, "FEATURE_FINDING_ALGO": "auror_plus", "GRAD_COLLECTION_START": 0, "GRAD_COLLECT_FOR": -1, "CLUSTER_SEP": 0.1, "ALPHA": 0.7, "BETA": 0.7, "GAMMA": 0.1, "TRUST_INC": 2, "TRUST_CUT_METHOD": 2, "HONEST_PARDON_FACTOR": 0.99, "LOG_LEVEL": "INFO", "JSON_RESULTS": true}, "mean_poison_class_acc": 79.07461240310077, "mean_attack_srate": 3.289728682170542, "total_accuracies": [31.3, 31.98, 44.25, 47.4, 55.19, 65.92, 69.36, 74.94, 78.88, 80.72, 82.44, 85.26, 86.18, 86.23, 87.11, 83.33, 85.13, 87.86, 88.33, 89.04, 89.28, 89.57, 89.52, 89.31, 90.16, 88.01, 90.92, 89.61, 91.2, 89.54], "class_accuracies": [[67.65306122448979, 98.6784140969163, 46.41472868217054, 0.693069306930693, 87.67820773930754, 0.0, 0.0, 0.0, 0.0, 0.0], [99.38775510204081, 99.47136563876651, 32.17054263565891, 11.782178217821782, 64.76578411405295, 0.8968609865470852, 0.0, 0.0, 0.0, 0.0], [95.20408163265306, 99.29515418502203, 14.147286821705427, 87.72277227722772, 60.59063136456212, 0.0, 74.63465553235908, 1.264591439688716, 0.0, 0.9910802775024777], [96.93877551020408, 96.82819383259911, 82.17054263565892, 81.48514851485149, 68.94093686354378, 4.484304932735426, 1.6701461377870563, 27.723735408560312, 0.0, 0.19821605550049554], [94.28571428571429, 97.70925110132158, 75.0, 91.88118811881188, 82.89205702647658, 0.7847533632286996, 20.563674321503132, 72.17898832684826, 0.0, 2.3785926660059467], [97.65306122448979, 98.6784140969163, 32.26744186046512, 86.43564356435644, 73.82892057026477, 49.10313901345292, 83.40292275574113, 54.86381322957198, 16.427104722792606, 61.74430128840436], [96.53061224489795, 98.59030837004406, 64.63178294573643, 93.86138613861387, 81.77189409368636, 31.053811659192824, 78.18371607515658, 74.12451361867704, 16.324435318275153, 50.14866204162537], [96.73469387755102, 97.00440528634361, 51.25968992248062, 89.8019801980198, 85.84521384928716, 41.70403587443946, 89.5615866388309, 86.7704280155642, 73.92197125256673, 32.111000991080275], [97.24489795918367, 97.18061674008811, 67.73255813953489, 82.07920792079207, 91.24236252545825, 71.97309417040358, 87.99582463465553, 86.18677042801556, 74.12731006160165, 31.219028741328046], [95.51020408163265, 97.44493392070484, 53.87596899224806, 78.41584158415841, 79.42973523421588, 72.6457399103139, 91.23173277661796, 89.2023346303502, 70.2258726899384, 77.20515361744302], [95.40816326530613, 97.70925110132158, 79.26356589147287, 86.13861386138613, 81.16089613034623, 80.4932735426009, 87.47390396659708, 91.53696498054475, 62.62833675564682, 60.257680872150644], [94.89795918367346, 97.44493392070484, 81.2015503875969, 83.86138613861387, 84.92871690427698, 83.74439461883408, 90.7098121085595, 88.13229571984436, 70.02053388090349, 76.01585728444005], [97.14285714285714, 96.65198237885463, 82.55813953488372, 83.96039603960396, 83.80855397148676, 81.95067264573991, 90.50104384133611, 86.67315175097276, 73.20328542094455, 83.64717542120911], [95.71428571428571, 97.5330396475771, 83.62403100775194, 80.99009900990099, 86.76171079429736, 81.16591928251121, 90.81419624217119, 82.87937743190662, 78.85010266940452, 82.3587710604559], [95.71428571428571, 96.82819383259911, 85.36821705426357, 87.32673267326733, 83.5030549898167, 80.94170403587444, 92.37995824634656, 86.86770428015564, 77.41273100616016, 82.95341922695738], [95.81632653061224, 97.70925110132158, 68.5077519379845, 80.99009900990099, 65.78411405295316, 87.33183856502242, 91.23173277661796, 78.98832684824903, 71.14989733059548, 94.74727452923686], [97.75510204081633, 97.44493392070484, 57.17054263565891, 87.92079207920793, 86.0488798370672, 80.71748878923766, 91.12734864300626, 91.53696498054475, 75.15400410677618, 85.23290386521309], [97.55102040816327, 95.85903083700441, 76.93798449612403, 90.6930693069307, 90.12219959266803, 81.16591928251121, 92.48434237995825, 87.54863813229572, 80.28747433264887, 84.73736372646184], [97.55102040816327, 97.09251101321586, 77.90697674418605, 88.61386138613861, 88.59470468431772, 84.97757847533633, 91.7536534446764, 90.56420233463035, 82.54620123203286, 82.65609514370664], [97.14285714285714, 97.09251101321586, 89.14728682170542, 83.86138613861387, 92.4643584521385, 86.09865470852019, 92.90187891440502, 86.284046692607, 83.88090349075975, 80.57482656095144], [96.73469387755102, 97.26872246696036, 87.40310077519379, 84.45544554455445, 88.28920570264766, 89.91031390134529, 92.37995824634656, 89.59143968871595, 81.21149897330595, 84.73736372646184], [97.14285714285714, 97.00440528634361, 85.85271317829458, 87.92079207920793, 89.0020366598778, 85.53811659192826, 91.64926931106471, 89.39688715953308, 83.88090349075975, 87.1159563924678], [96.42857142857143, 97.70925110132158, 80.62015503875969, 90.1980198019802, 90.52953156822811, 89.01345291479821, 93.63256784968685, 87.45136186770428, 82.03285420944559, 86.9177403369673], [98.06122448979592, 97.5330396475771, 79.45736434108527, 89.3069306930693, 88.4928716904277, 85.98654708520179, 91.8580375782881, 89.2023346303502, 80.39014373716633, 91.67492566897918], [96.93877551020408, 97.26872246696036, 87.3062015503876, 88.7128712871287, 89.81670061099797, 91.4798206278027, 91.54488517745303, 90.07782101167315, 78.95277207392198, 88.70168483647176], [96.63265306122449, 97.62114537444934, 61.627906976744185, 87.32673267326733, 89.61303462321793, 92.26457399103138, 92.27557411273486, 90.07782101167315, 81.10882956878851, 91.67492566897918], [97.14285714285714, 97.97356828193833, 88.2751937984496, 90.6930693069307, 92.4643584521385, 87.89237668161435, 94.88517745302714, 90.07782101167315, 80.80082135523614, 87.90882061446978], [97.75510204081633, 97.97356828193833, 72.18992248062015, 90.39603960396039, 91.95519348268839, 89.46188340807174, 93.0062630480167, 89.39688715953308, 81.00616016427105, 92.46778989098117], [96.63265306122449, 97.18061674008811, 86.24031007751938, 86.73267326732673, 93.9918533604888, 92.26457399103138, 94.1544885177453, 89.29961089494164, 86.75564681724846, 88.50346878097126], [98.26530612244898, 97.79735682819383, 70.83333333333333, 92.17821782178218, 91.95519348268839, 87.33183856502242, 93.73695198329854, 90.6614785992218, 80.28747433264887, 91.67492566897918]],