{"config": {"DATASET": "mnist", "TOTAL_CLIENTS": 100, "CLIENT_FRAC": 0.2, "POISON_FRAC": 0.5, "CREATE_DATASET": true, "RANDOM_DATA": true, "CLASS_RATIO": 10, "MODEL": "nnet", "LEARNING_RATE": 0.001, "BATCH_SIZE": 32, "LOCAL_EPOCHS": 10, "OPTIMIZER": "adam", "FED_ROUNDS": 30, "TEST_EVERY": 1, "RANDOM_PROCESS": false, "COS_DEFENCE": false, "SEL_METHOD": 1, "REDUCE_LR": 1, "COLLAB_MODE": true, "COLLAB_ALL": true, "CONSIDER_LAYERS": "l1", "GRAD_AGG": true, "FEATURE_FINDING_ALGO": "auror", "GRAD_COLLECTION_START": 0, "GRAD_COLLECT_FOR": -1, "CLUSTER_SEP": 0.002, "ALPHA": 0.8, "BETA": 0.8, "GAMMA": 0.1, "TRUST_INC": 2, "TRUST_CUT_METHOD": 1, "HONEST_PARDON_FACTOR": 0.7, "LOG_LEVEL": "INFO", "JSON_RESULTS": true}, "mean_poison_class_acc": 46.0968992248062, "mean_attack_srate": 4.220930232558139, "total_accuracies": [49.03, 65.31, 76.11, 82.1, 85.58, 88.47, 84.04, 86.87, 90.99, 84.04, 85.28, 84.24, 92.0, 92.71, 86.1, 93.55, 88.73, 93.87, 84.94, 92.91, 92.2, 85.53, 92.81, 87.25, 89.35, 85.78, 94.35, 85.77, 94.35, 94.01], "class_accuracies": [[97.14285714285714, 97.18061674008811, 0.0, 51.881188118811885, 92.36252545824847, 25.44843049327354, 8.1419624217119, 86.67315175097276, 22.689938398357288, 0.0], [96.93877551020408, 98.8546255506608, 0.09689922480620156, 82.87128712871286, 91.34419551934828, 83.29596412556054, 74.32150313152401, 85.7976653696498, 26.386036960985628, 12.88404360753221], [95.3061224489796, 98.50220264317181, 5.232558139534884, 83.36633663366337, 95.11201629327903, 78.58744394618834, 92.48434237995825, 90.6614785992218, 72.99794661190965, 49.45490584737364], [97.14285714285714, 97.70925110132158, 33.042635658914726, 85.84158415841584, 92.87169042769857, 86.65919282511211, 90.18789144050105, 88.91050583657588, 74.84599589322382, 74.23191278493557], [97.24489795918367, 97.79735682819383, 52.810077519379846, 90.29702970297029, 95.11201629327903, 82.0627802690583, 92.90187891440502, 91.24513618677042, 79.7741273100616, 76.01585728444005], [97.85714285714286, 96.74008810572687, 70.54263565891473, 87.42574257425743, 93.89002036659878, 83.07174887892377, 93.42379958246346, 91.73151750972762, 85.83162217659138, 83.44895936570862], [97.95918367346938, 98.6784140969163, 30.910852713178294, 90.29702970297029, 95.41751527494908, 88.67713004484305, 90.50104384133611, 90.36964980544747, 77.20739219712526, 80.97125867195243], [98.36734693877551, 97.09251101321586, 46.12403100775194, 90.4950495049505, 95.31568228105907, 87.4439461883408, 93.73695198329854, 92.02334630350195, 83.67556468172485, 84.83647175421208], [97.85714285714286, 96.74008810572687, 80.13565891472868, 88.41584158415841, 94.29735234215886, 88.34080717488789, 95.82463465553236, 90.27237354085604, 89.83572895277207, 87.90882061446978], [97.65306122448979, 97.44493392070484, 12.4031007751938, 91.38613861386139, 95.62118126272912, 86.32286995515695, 94.258872651357, 91.73151750972762, 87.26899383983573, 87.71060455896928], [97.65306122448979, 97.44493392070484, 19.864341085271317, 92.17821782178218, 95.82484725050917, 88.67713004484305, 96.03340292275574, 91.43968871595331, 87.06365503080082, 88.10703666997027], [97.95918367346938, 98.23788546255507, 3.9728682170542635, 93.46534653465346, 95.82484725050917, 90.69506726457399, 95.92901878914405, 91.63424124513618, 88.60369609856262, 88.20614469772052], [98.16326530612245, 98.41409691629956, 77.22868217054264, 94.05940594059406, 96.02851323828921, 89.57399103139014, 97.07724425887265, 94.26070038910505, 87.67967145790554, 87.1159563924678], [98.16326530612245, 98.50220264317181, 80.03875968992249, 92.57425742574257, 95.41751527494908, 91.70403587443946, 96.65970772442589, 93.96887159533074, 90.14373716632444, 89.69276511397423], [97.95918367346938, 97.97356828193833, 15.01937984496124, 93.36633663366337, 96.63951120162933, 93.72197309417041, 95.82463465553236, 94.26070038910505, 89.21971252566735, 89.09811694747275], [98.26530612244898, 98.59030837004406, 84.01162790697674, 93.36633663366337, 93.9918533604888, 92.9372197309417, 96.65970772442589, 94.74708171206225, 91.47843942505133, 91.17938553022795], [97.65306122448979, 98.59030837004406, 38.66279069767442, 95.34653465346534, 96.23217922606925, 90.02242152466367, 96.76409185803757, 94.16342412451363, 90.24640657084188, 90.48562933597621], [98.36734693877551, 98.6784140969163, 85.46511627906976, 93.86138613861387, 95.11201629327903, 92.9372197309417, 96.76409185803757, 93.77431906614785, 90.86242299794661, 92.56689791873141], [97.95918367346938, 98.76651982378854, 0.0, 91.98019801980197, 95.62118126272912, 93.49775784753363, 97.07724425887265, 94.3579766536965, 91.58110882956879, 91.0802775024777], [98.26530612244898, 98.76651982378854, 73.74031007751938, 93.76237623762377, 95.51934826883911, 93.49775784753363, 96.86847599164926, 94.55252918287938, 92.71047227926078, 91.57581764122894], [98.46938775510205, 98.76651982378854, 66.66666666666667, 94.35643564356435, 96.43584521384929, 93.38565022421524, 96.5553235908142, 94.26070038910505, 92.09445585215606, 91.37760158572844], [98.57142857142857, 98.8546255506608, 0.09689922480620156, 93.36633663366337, 95.92668024439918, 94.05829596412556, 96.45093945720251, 94.64980544747081, 93.22381930184805, 92.66600594648166], [98.06122448979592, 98.8546255506608, 72.28682170542636, 93.16831683168317, 96.84317718940937, 94.17040358744394, 96.97286012526096, 95.13618677042801, 92.60780287474333, 90.28741328047572], [98.87755102040816, 98.8546255506608, 14.631782945736434, 96.03960396039604, 96.63951120162933, 93.27354260089686, 96.76409185803757, 94.45525291828794, 93.22381930184805, 91.77403369672943], [98.57142857142857, 98.8546255506608, 35.36821705426357, 94.95049504950495, 96.63951120162933, 94.28251121076234, 96.45093945720251, 93.57976653696498, 93.42915811088295, 92.86422200198216], [98.46938775510205, 98.8546255506608, 0.9689922480620154, 93.96039603960396, 96.63951120162933, 96.0762331838565, 96.34655532359082, 94.45525291828794, 92.29979466119096, 92.46778989098117], [99.08163265306122, 98.76651982378854, 82.94573643410853, 95.74257425742574, 96.63951120162933, 94.28251121076234, 96.5553235908142, 95.8171206225681, 93.22381930184805, 90.38652130822597], [98.36734693877551, 98.59030837004406, 0.0, 95.54455445544555, 95.82484725050917, 92.82511210762331, 97.07724425887265, 94.8443579766537, 93.63449691991786, 93.45887016848364], [98.77551020408163, 98.6784140969163, 82.84883720930233, 95.44554455445545, 96.63951120162933, 92.37668161434978, 96.86847599164926, 94.16342412451363, 94.76386036960986, 92.76511397423191], [98.36734693877551, 98.76651982378854, 78.48837209302326, 95.44554455445545, 96.74134419551935, 93.49775784753363, 97.18162839248434, 95.3307392996109, 93.83983572895278, 92.46778989098117]],