{"config": {"DATASET": "mnist", "TOTAL_CLIENTS": 100, "CLIENT_FRAC": 0.2, "POISON_FRAC": 0.5, "CREATE_DATASET": false, "RANDOM_DATA": true, "CLASS_RATIO": 10, "MODEL": "nnet", "LEARNING_RATE": 0.001, "BATCH_SIZE": 32, "LOCAL_EPOCHS": 10, "OPTIMIZER": "adam", "FED_ROUNDS": 30, "TEST_EVERY": 1, "RANDOM_PROCESS": false, "COS_DEFENCE": true, "SEL_METHOD": 1, "REDUCE_LR": 1, "COLLAB_MODE": true, "COLLAB_ALL": true, "CONSIDER_LAYERS": "l1", "GRAD_AGG": true, "FEATURE_FINDING_ALGO": "auror", "GRAD_COLLECTION_START": 0, "GRAD_COLLECT_FOR": -1, "CLUSTER_SEP": 0.002, "ALPHA": 0.8, "BETA": 0.8, "GAMMA": 0.1, "TRUST_INC": 2, "TRUST_CUT_METHOD": 1, "HONEST_PARDON_FACTOR": 0.7, "LOG_LEVEL": "INFO", "JSON_RESULTS": true}, "mean_poison_class_acc": 61.4031007751938, "mean_attack_srate": 3.6821705426356584, "total_accuracies": [44.68, 67.69, 74.83, 79.19, 82.61, 87.68, 87.89, 88.96, 90.53, 90.77, 83.5, 91.61, 90.31, 92.42, 92.4, 84.62, 93.06, 89.99, 93.48, 92.73, 86.6, 93.71, 88.06, 93.77, 93.06, 94.05, 89.15, 93.8, 86.55, 94.29], "class_accuracies": [[99.38775510204081, 91.89427312775331, 0.0, 61.584158415841586, 74.03258655804481, 13.228699551569507, 9.603340292275574, 52.62645914396887, 1.4373716632443532, 33.3994053518335], [97.34693877551021, 98.8546255506608, 0.0, 89.70297029702971, 84.31771894093686, 73.76681614349776, 76.82672233820459, 84.8249027237354, 40.75975359342916, 29.33597621407334], [96.0204081632653, 98.50220264317181, 0.0, 89.8019801980198, 89.61303462321793, 71.63677130044843, 89.97912317327766, 91.53696498054475, 74.435318275154, 46.58077304261645], [96.53061224489795, 97.5330396475771, 9.39922480620155, 88.31683168316832, 86.0488798370672, 86.21076233183857, 89.87473903966597, 89.00778210116732, 71.04722792607802, 78.79088206144698], [97.44897959183673, 97.79735682819383, 25.58139534883721, 90.29702970297029, 93.27902240325865, 83.5201793721973, 92.17118997912317, 91.05058365758755, 77.51540041067761, 77.7998017839445], [96.93877551020408, 98.06167400881057, 66.86046511627907, 88.31683168316832, 93.17718940936864, 85.65022421524664, 92.69311064718163, 89.98054474708171, 81.10882956878851, 83.34985133795837], [97.34693877551021, 98.14977973568281, 64.34108527131782, 89.00990099009901, 94.70468431771894, 87.89237668161435, 93.63256784968685, 88.32684824902724, 79.36344969199179, 85.82755203171457], [97.85714285714286, 97.88546255506608, 70.25193798449612, 89.3069306930693, 93.27902240325865, 88.56502242152466, 93.52818371607516, 89.78599221789884, 81.82751540041068, 86.9177403369673], [97.85714285714286, 97.09251101321586, 77.71317829457364, 91.78217821782178, 92.66802443991854, 85.31390134529148, 94.98956158663883, 89.88326848249027, 88.60369609856262, 88.70168483647176], [98.16326530612245, 98.94273127753304, 77.81007751937985, 91.88118811881188, 92.36252545824847, 87.10762331838565, 95.19832985386222, 89.6887159533074, 85.01026694045174, 90.68384539147671], [97.24489795918367, 98.50220264317181, 3.5852713178294575, 92.97029702970298, 94.60285132382892, 88.56502242152466, 94.67640918580376, 91.147859922179, 84.80492813141684, 90.58473736372646], [97.34693877551021, 98.06167400881057, 81.2984496124031, 89.00990099009901, 95.11201629327903, 91.14349775784753, 95.4070981210856, 88.13229571984436, 90.75975359342915, 89.69276511397423], [98.16326530612245, 99.03083700440529, 64.43798449612403, 93.56435643564356, 93.78818737270876, 88.67713004484305, 96.13778705636743, 90.95330739299611, 88.09034907597535, 90.08919722497522], [98.46938775510205, 98.32599118942731, 79.94186046511628, 92.87128712871286, 94.5010183299389, 91.81614349775785, 95.30271398747391, 90.75875486381322, 90.75975359342915, 91.2784935579782], [97.55102040816327, 98.59030837004406, 79.45736434108527, 94.45544554455445, 94.80651731160896, 92.04035874439462, 95.72025052192066, 90.85603112840467, 89.52772073921972, 90.78295341922696], [97.75510204081633, 98.50220264317181, 2.2286821705426356, 94.45544554455445, 92.9735234215886, 91.03139013452915, 96.45093945720251, 91.73151750972762, 89.52772073921972, 93.65708622398414], [98.16326530612245, 98.50220264317181, 82.84883720930233, 92.97029702970298, 94.70468431771894, 92.37668161434978, 96.24217118997912, 91.82879377431907, 89.83572895277207, 92.86422200198216], [98.26530612244898, 98.59030837004406, 49.8062015503876, 95.74257425742574, 95.41751527494908, 90.35874439461884, 96.34655532359082, 93.09338521400778, 89.93839835728953, 92.86422200198216], [98.16326530612245, 98.59030837004406, 84.78682170542636, 93.36633663366337, 95.62118126272912, 91.3677130044843, 95.82463465553236, 92.12062256809338, 92.09445585215606, 92.46778989098117], [98.36734693877551, 98.59030837004406, 75.5813953488372, 94.75247524752476, 94.80651731160896, 90.80717488789237, 96.5553235908142, 92.31517509727627, 91.78644763860369, 93.55797819623389], [98.36734693877551, 98.6784140969163, 13.75968992248062, 95.04950495049505, 94.5010183299389, 92.152466367713, 96.24217118997912, 93.3852140077821, 92.71047227926078, 93.06243805748265], [98.46938775510205, 98.76651982378854, 83.62403100775194, 94.05940594059406, 95.72301425661914, 93.72197309417041, 96.13778705636743, 92.70428015564202, 91.58110882956879, 92.17046580773042], [98.26530612244898, 98.8546255506608, 28.77906976744186, 95.34653465346534, 96.84317718940937, 92.26457399103138, 97.18162839248434, 91.82879377431907, 91.88911704312115, 90.8820614469772], [98.36734693877551, 98.59030837004406, 80.71705426356588, 95.34653465346534, 95.21384928716904, 93.49775784753363, 96.45093945720251, 92.99610894941634, 93.53182751540041, 92.9633300297324], [98.46938775510205, 98.94273127753304, 73.93410852713178, 95.64356435643565, 94.90835030549898, 91.92825112107623, 96.65970772442589, 93.67704280155642, 92.50513347022587, 93.85530227948463], [98.46938775510205, 98.76651982378854, 84.20542635658914, 94.25742574257426, 96.33401221995926, 93.83408071748879, 96.13778705636743, 92.31517509727627, 92.50513347022587, 93.55797819623389], [97.85714285714286, 98.6784140969163, 34.883720930232556, 95.14851485148515, 95.41751527494908, 93.94618834080717, 96.86847599164926, 92.70428015564202, 93.42915811088295, 94.05351833498513], [98.06122448979592, 98.6784140969163, 81.0077519379845, 95.74257425742574, 96.43584521384929, 92.04035874439462, 97.18162839248434, 92.21789883268482, 92.50513347022587, 93.95441030723488], [98.6734693877551, 98.6784140969163, 9.496124031007753, 94.95049504950495, 94.5010183299389, 93.60986547085201, 95.30271398747391, 93.77431906614785, 93.32648870636551, 95.34192269573836], [98.6734693877551, 98.8546255506608, 83.72093023255815, 95.14851485148515, 95.21384928716904, 93.83408071748879, 96.34655532359082, 94.26070038910505, 93.1211498973306, 93.55797819623389]],