{"config": {"DATASET": "mnist", "TOTAL_CLIENTS": 100, "CLIENT_FRAC": 0.2, "POISON_FRAC": 0.4, "CREATE_DATASET": false, "RANDOM_DATA": true, "CLASS_RATIO": 10, "MODEL": "nnet", "LEARNING_RATE": 0.001, "BATCH_SIZE": 32, "LOCAL_EPOCHS": 10, "OPTIMIZER": "adam", "FED_ROUNDS": 30, "TEST_EVERY": 1, "RANDOM_PROCESS": false, "COS_DEFENCE": true, "SEL_METHOD": 1, "REDUCE_LR": 1, "COLLAB_MODE": true, "COLLAB_ALL": true, "CONSIDER_LAYERS": "l1", "GRAD_AGG": true, "FEATURE_FINDING_ALGO": "auror", "GRAD_COLLECTION_START": 0, "GRAD_COLLECT_FOR": -1, "CLUSTER_SEP": 0.005, "ALPHA": 0.8, "BETA": 0.8, "GAMMA": 0.1, "TRUST_INC": 2, "TRUST_CUT_METHOD": 1, "HONEST_PARDON_FACTOR": 0.7, "LOG_LEVEL": "INFO", "JSON_RESULTS": true}, "mean_poison_class_acc": 76.7906976744186, "mean_attack_srate": 3.1937984496124034, "total_accuracies": [46.59, 67.66, 75.02, 79.8, 84.13, 86.58, 88.98, 90.23, 89.69, 89.26, 91.24, 91.11, 92.41, 92.68, 93.29, 91.24, 92.84, 92.84, 93.63, 93.31, 93.95, 92.17, 94.34, 94.0, 93.64, 95.0, 94.69, 90.76, 94.96, 95.09], "class_accuracies": [[99.28571428571429, 97.79735682819383, 0.0, 57.524752475247524, 69.55193482688391, 19.730941704035875, 11.586638830897703, 49.70817120622568, 3.182751540041068, 47.869177403369676], [96.22448979591837, 98.94273127753304, 0.0, 91.2871287128713, 82.58655804480652, 74.2152466367713, 72.33820459290187, 88.13229571984436, 34.08624229979466, 37.06640237859266], [95.61224489795919, 98.76651982378854, 6.589147286821706, 90.6930693069307, 88.59470468431772, 68.83408071748879, 89.66597077244259, 92.31517509727627, 69.50718685831622, 48.66204162537166], [96.83673469387755, 97.44493392070484, 17.248062015503876, 84.85148514851485, 88.59470468431772, 88.78923766816143, 89.14405010438414, 89.2023346303502, 70.84188911704312, 76.01585728444005], [97.24489795918367, 97.62114537444934, 39.34108527131783, 89.60396039603961, 94.60285132382892, 82.17488789237669, 92.27557411273486, 92.31517509727627, 80.39014373716633, 75.61942517343905], [97.04081632653062, 97.97356828193833, 55.91085271317829, 89.5049504950495, 92.56619144602851, 84.08071748878923, 91.9624217118998, 89.59143968871595, 82.03285420944559, 84.63825569871159], [98.16326530612245, 97.09251101321586, 73.06201550387597, 91.08910891089108, 91.34419551934828, 86.99551569506727, 93.0062630480167, 89.78599221789884, 80.59548254620123, 88.00792864222002], [97.95918367346938, 97.62114537444934, 76.45348837209302, 90.79207920792079, 93.38085539714868, 86.54708520179372, 94.1544885177453, 90.95330739299611, 85.1129363449692, 88.60257680872151], [97.95918367346938, 97.62114537444934, 68.21705426356588, 92.27722772277228, 91.95519348268839, 87.21973094170404, 93.0062630480167, 92.02334630350195, 85.72895277207392, 90.38652130822597], [97.55102040816327, 98.23788546255507, 59.20542635658915, 91.88118811881188, 93.17718940936864, 88.90134529147981, 95.30271398747391, 90.75875486381322, 87.16632443531827, 90.48562933597621], [97.24489795918367, 98.41409691629956, 77.61627906976744, 93.96039603960396, 93.48268839103869, 87.66816143497758, 96.24217118997912, 91.34241245136187, 84.08624229979466, 91.57581764122894], [97.55102040816327, 97.88546255506608, 72.38372093023256, 92.27722772277228, 96.13034623217922, 89.01345291479821, 96.03340292275574, 91.24513618677042, 89.52772073921972, 88.89990089197225], [98.26530612244898, 98.41409691629956, 82.94573643410853, 93.56435643564356, 94.09368635437882, 89.57399103139014, 95.92901878914405, 91.53696498054475, 89.63039014373716, 89.59365708622398], [98.06122448979592, 98.23788546255507, 82.55813953488372, 92.87128712871286, 94.09368635437882, 91.70403587443946, 94.78079331941545, 91.24513618677042, 91.17043121149898, 91.77403369672943], [97.44897959183673, 98.23788546255507, 86.53100775193798, 93.06930693069307, 95.11201629327903, 92.152466367713, 96.13778705636743, 91.92607003891051, 89.63039014373716, 92.26957383548067], [97.95918367346938, 98.50220264317181, 64.14728682170542, 92.87128712871286, 95.010183299389, 92.04035874439462, 96.45093945720251, 93.8715953307393, 90.4517453798768, 91.37760158572844], [97.95918367346938, 98.32599118942731, 78.87596899224806, 93.16831683168317, 94.29735234215886, 92.152466367713, 96.65970772442589, 93.67704280155642, 90.24640657084188, 92.86422200198216], [97.85714285714286, 98.50220264317181, 76.35658914728683, 95.34653465346534, 94.29735234215886, 91.4798206278027, 96.34655532359082, 93.28793774319067, 90.96509240246407, 93.75619425173439], [98.06122448979592, 98.14977973568281, 83.91472868217055, 92.67326732673267, 95.21384928716904, 91.92825112107623, 96.76409185803757, 93.28793774319067, 93.1211498973306, 92.9633300297324], [98.26530612244898, 98.50220264317181, 79.45736434108527, 93.36633663366337, 94.90835030549898, 92.71300448430493, 96.34655532359082, 93.3852140077821, 92.60780287474333, 93.45887016848364], [98.16326530612245, 98.6784140969163, 86.33720930232558, 93.86138613861387, 95.010183299389, 90.35874439461884, 96.86847599164926, 93.77431906614785, 92.81314168377824, 93.06243805748265], [96.83673469387755, 98.76651982378854, 68.8953488372093, 94.75247524752476, 95.92668024439918, 93.38565022421524, 96.65970772442589, 93.19066147859922, 90.14373716632444, 93.3597621407334], [97.65306122448979, 98.6784140969163, 86.14341085271317, 93.76237623762377, 96.84317718940937, 94.17040358744394, 96.65970772442589, 94.55252918287938, 92.29979466119096, 92.46778989098117], [98.46938775510205, 98.6784140969163, 81.2984496124031, 94.85148514851485, 96.13034623217922, 92.71300448430493, 96.86847599164926, 93.8715953307393, 93.83983572895278, 93.1615460852329], [97.75510204081633, 98.76651982378854, 78.29457364341086, 95.74257425742574, 95.72301425661914, 93.16143497757848, 96.97286012526096, 93.77431906614785, 92.19712525667352, 93.95441030723488], [98.36734693877551, 98.76651982378854, 91.08527131782945, 95.44554455445545, 95.62118126272912, 92.9372197309417, 96.97286012526096, 93.48249027237354, 93.32648870636551, 93.55797819623389], [98.6734693877551, 98.59030837004406, 86.24031007751938, 95.64356435643565, 96.13034623217922, 93.60986547085201, 96.34655532359082, 93.96887159533074, 93.63449691991786, 93.85530227948463], [98.06122448979592, 98.50220264317181, 48.15891472868217, 94.85148514851485, 96.33401221995926, 93.83408071748879, 96.76409185803757, 94.74708171206225, 92.81314168377824, 94.54905847373637], [98.6734693877551, 98.59030837004406, 87.8875968992248, 95.44554455445545, 96.43584521384929, 92.82511210762331, 96.34655532359082, 94.64980544747081, 94.55852156057495, 93.85530227948463], [98.6734693877551, 98.6784140969163, 87.79069767441861, 95.04950495049505, 96.13034623217922, 94.05829596412556, 96.76409185803757, 95.03891050583658, 94.55852156057495, 93.95441030723488]],