{"config": {"DATASET": "mnist", "TOTAL_CLIENTS": 100, "CLIENT_FRAC": 0.2, "POISON_FRAC": 0.2, "CREATE_DATASET": true, "RANDOM_DATA": true, "CLASS_RATIO": 10, "MODEL": "nnet", "LEARNING_RATE": 0.001, "BATCH_SIZE": 32, "LOCAL_EPOCHS": 10, "OPTIMIZER": "adam", "FED_ROUNDS": 30, "TEST_EVERY": 1, "RANDOM_PROCESS": false, "COS_DEFENCE": false, "SEL_METHOD": 1, "REDUCE_LR": 1, "COLLAB_MODE": true, "COLLAB_ALL": true, "CONSIDER_LAYERS": "l1", "GRAD_AGG": true, "FEATURE_FINDING_ALGO": "auror", "GRAD_COLLECTION_START": 0, "GRAD_COLLECT_FOR": -1, "CLUSTER_SEP": 0.005, "ALPHA": 0.8, "BETA": 0.8, "GAMMA": 0.1, "TRUST_INC": 2, "TRUST_CUT_METHOD": 1, "HONEST_PARDON_FACTOR": 0.7, "LOG_LEVEL": "INFO", "JSON_RESULTS": true}, "mean_poison_class_acc": 76.3875968992248, "mean_attack_srate": 3.1589147286821704, "total_accuracies": [52.02, 70.2, 83.55, 86.46, 87.53, 88.31, 88.93, 88.6, 91.82, 90.6, 90.64, 91.93, 92.87, 93.45, 89.71, 94.04, 90.06, 93.07, 92.38, 93.93, 92.36, 94.27, 94.76, 93.98, 94.94, 92.65, 93.86, 95.02, 94.84, 91.98], "class_accuracies": [[97.34693877551021, 99.47136563876651, 8.430232558139535, 50.0, 72.30142566191446, 24.103139013452914, 21.816283924843425, 76.07003891050584, 62.73100616016427, 0.0], [98.16326530612245, 98.8546255506608, 16.86046511627907, 82.67326732673267, 91.64969450101833, 76.23318385650224, 85.28183716075156, 87.93774319066148, 43.01848049281314, 20.515361744301288], [96.22448979591837, 98.06167400881057, 72.48062015503876, 82.67326732673267, 94.09368635437882, 77.3542600896861, 94.05010438413362, 91.34241245136187, 75.77002053388091, 51.93260654112983], [96.93877551020408, 97.79735682819383, 70.44573643410853, 85.94059405940594, 91.64969450101833, 85.87443946188341, 93.0062630480167, 90.07782101167315, 74.53798767967146, 77.50247770069376], [97.24489795918367, 98.14977973568281, 69.76744186046511, 89.10891089108911, 95.11201629327903, 80.94170403587444, 93.21503131524008, 91.73151750972762, 78.74743326488706, 79.98017839444995], [97.75510204081633, 96.74008810572687, 69.0891472868217, 89.10891089108911, 95.51934826883911, 81.61434977578476, 92.90187891440502, 90.6614785992218, 84.70225872689939, 84.14271555996035], [98.06122448979592, 98.6784140969163, 72.57751937984496, 90.99009900990099, 95.010183299389, 86.88340807174887, 92.58872651356994, 90.07782101167315, 81.10882956878851, 82.55698711595639], [98.26530612244898, 97.97356828193833, 65.01937984496124, 91.58415841584159, 96.5376782077393, 85.98654708520179, 91.9624217118998, 91.73151750972762, 80.39014373716633, 85.92666005946482], [97.44897959183673, 97.00440528634361, 86.53100775193798, 89.00990099009901, 94.39918533604887, 87.78026905829596, 95.30271398747391, 89.78599221789884, 89.83572895277207, 90.48562933597621], [97.95918367346938, 97.97356828193833, 73.15891472868218, 92.67326732673267, 96.63951120162933, 86.88340807174887, 94.78079331941545, 91.82879377431907, 86.34496919917865, 87.21506442021804], [97.95918367346938, 98.23788546255507, 69.96124031007751, 92.77227722772277, 96.33401221995926, 88.45291479820628, 95.30271398747391, 92.99610894941634, 84.70225872689939, 89.29633300297324], [97.85714285714286, 98.23788546255507, 80.42635658914729, 93.56435643564356, 96.84317718940937, 89.23766816143498, 95.82463465553236, 91.147859922179, 89.11704312114989, 86.62041625371656], [97.95918367346938, 98.59030837004406, 85.65891472868218, 93.16831683168317, 96.02851323828921, 90.24663677130044, 96.13778705636743, 92.80155642023347, 88.39835728952772, 89.09811694747275], [97.95918367346938, 98.32599118942731, 87.3062015503876, 93.96039603960396, 95.82484725050917, 88.56502242152466, 96.13778705636743, 92.8988326848249, 92.19712525667352, 90.58473736372646], [98.06122448979592, 97.97356828193833, 51.25968992248062, 93.66336633663366, 96.94501018329939, 92.71300448430493, 94.67640918580376, 93.96887159533074, 88.80903490759754, 89.79187314172448], [98.26530612244898, 98.50220264317181, 88.2751937984496, 92.57425742574257, 95.72301425661914, 92.26457399103138, 96.13778705636743, 94.45525291828794, 91.9917864476386, 91.77403369672943], [97.65306122448979, 98.14977973568281, 51.35658914728682, 95.94059405940594, 95.82484725050917, 88.90134529147981, 96.24217118997912, 93.57976653696498, 90.55441478439425, 92.76511397423191], [98.16326530612245, 98.76651982378854, 78.29457364341086, 93.06930693069307, 96.02851323828921, 92.48878923766816, 95.72025052192066, 93.96887159533074, 90.96509240246407, 93.06243805748265], [97.85714285714286, 98.6784140969163, 71.12403100775194, 92.97029702970298, 97.04684317718942, 93.38565022421524, 96.45093945720251, 93.77431906614785, 91.68377823408625, 91.0802775024777], [98.06122448979592, 98.76651982378854, 84.39922480620154, 93.66336633663366, 96.5376782077393, 92.37668161434978, 96.03340292275574, 94.8443579766537, 92.29979466119096, 91.97224975222993], [98.46938775510205, 98.6784140969163, 68.02325581395348, 94.95049504950495, 96.5376782077393, 92.71300448430493, 96.03340292275574, 94.26070038910505, 91.27310061601642, 92.86422200198216], [98.26530612244898, 98.8546255506608, 86.53100775193798, 93.46534653465346, 96.43584521384929, 93.83408071748879, 95.72025052192066, 93.48249027237354, 93.22381930184805, 92.66600594648166], [98.06122448979592, 98.8546255506608, 87.98449612403101, 94.45544554455445, 95.72301425661914, 93.72197309417041, 96.5553235908142, 95.91439688715953, 93.01848049281314, 92.9633300297324], [98.57142857142857, 98.8546255506608, 82.65503875968992, 95.44554455445545, 96.94501018329939, 92.9372197309417, 96.34655532359082, 94.55252918287938, 91.88911704312115, 91.37760158572844], [98.26530612244898, 98.8546255506608, 88.37209302325581, 95.24752475247524, 96.63951120162933, 94.39461883408072, 96.03340292275574, 93.57976653696498, 93.63449691991786, 94.15262636273538], [98.06122448979592, 98.6784140969163, 68.4108527131783, 94.15841584158416, 97.25050916496944, 95.51569506726457, 95.4070981210856, 94.16342412451363, 91.9917864476386, 93.3597621407334], [98.46938775510205, 98.76651982378854, 79.55426356589147, 95.94059405940594, 97.45417515274949, 93.38565022421524, 96.34655532359082, 95.03891050583658, 91.88911704312115, 91.67492566897918], [98.26530612244898, 98.6784140969163, 88.37209302325581, 95.64356435643565, 96.02851323828921, 92.152466367713, 97.28601252609603, 95.03891050583658, 94.45585215605749, 93.85530227948463], [98.46938775510205, 98.59030837004406, 86.43410852713178, 95.74257425742574, 96.94501018329939, 92.9372197309417, 96.5553235908142, 94.26070038910505, 95.17453798767967, 93.06243805748265], [98.06122448979592, 98.50220264317181, 58.91472868217054, 95.64356435643565, 96.94501018329939, 92.82511210762331, 96.5553235908142, 95.03891050583658, 94.25051334702259, 93.65708622398414]],