{"config": {"DATASET": "mnist", "TOTAL_CLIENTS": 100, "CLIENT_FRAC": 0.1, "POISON_FRAC": 0.1, "CREATE_DATASET": true, "RANDOM_DATA": true, "CLASS_RATIO": 10, "MODEL": "nnet", "LEARNING_RATE": 0.001, "BATCH_SIZE": 32, "LOCAL_EPOCHS": 3, "OPTIMIZER": "adam", "FED_ROUNDS": 30, "TEST_EVERY": 1, "RANDOM_PROCESS": true, "COS_DEFENCE": true, "SEL_METHOD": 1, "REDUCE_LR": 1, "COLLAB_MODE": true, "COLLAB_ALL": true, "CONSIDER_LAYERS": "l1", "GRAD_AGG": true, "FEATURE_FINDING_ALGO": "auror", "GRAD_COLLECTION_START": 0, "GRAD_COLLECT_FOR": -1, "CLUSTER_SEP": 0.007, "ALPHA": 0.8, "BETA": 0.8, "GAMMA": 0.1, "TRUST_INC": 2, "TRUST_CUT_METHOD": 2, "HONEST_PARDON_FACTOR": 0.99, "LOG_LEVEL": "INFO", "JSON_RESULTS": true}, "mean_poison_class_acc": 81.01744186046513, "mean_attack_srate": 3.1492248062015507, "total_accuracies": [36.39, 30.83, 45.44, 54.45, 62.05, 63.41, 71.87, 71.7, 80.86, 83.32, 82.56, 84.02, 86.81, 86.4, 87.86, 87.88, 88.22, 88.8, 86.33, 89.48, 90.01, 89.8, 88.39, 90.89, 90.67, 91.42, 91.03, 91.77, 91.14, 91.74], "class_accuracies": [[83.36734693877551, 94.53744493392071, 51.45348837209303, 0.0, 0.0, 48.766816143497756, 0.0, 0.0, 39.322381930184804, 39.64321110009911], [97.85714285714286, 99.64757709251101, 22.38372093023256, 0.0, 1.3238289205702647, 0.0, 75.46972860125261, 0.0, 0.0, 2.576808721506442], [97.65306122448979, 98.32599118942731, 53.87596899224806, 67.12871287128714, 69.24643584521385, 1.2331838565022422, 8.037578288100208, 0.0, 0.1026694045174538, 46.382556987115954], [98.77551020408163, 99.47136563876651, 57.55813953488372, 43.366336633663366, 71.79226069246435, 28.251121076233183, 76.40918580375782, 0.0, 37.37166324435318, 26.065411298315162], [95.61224489795919, 99.55947136563877, 64.82558139534883, 86.13861386138613, 72.70875763747455, 52.46636771300449, 67.3277661795407, 0.0, 28.850102669404517, 48.66204162537166], [96.3265306122449, 95.41850220264317, 84.49612403100775, 88.7128712871287, 85.64154786150714, 40.47085201793722, 64.61377870563675, 6.031128404669261, 49.17864476386037, 18.23587710604559], [96.42857142857143, 97.62114537444934, 43.992248062015506, 81.88118811881188, 70.67209775967413, 77.3542600896861, 85.38622129436325, 31.71206225680934, 64.8870636550308, 68.6818632309217], [95.91836734693878, 96.47577092511013, 65.01937984496124, 84.85148514851485, 27.90224032586558, 72.19730941704036, 92.79749478079331, 24.41634241245136, 62.012320328542096, 93.65708622398414], [96.42857142857143, 96.38766519823788, 73.35271317829458, 88.61386138613861, 90.020366598778, 64.12556053811659, 93.42379958246346, 82.78210116731518, 71.7659137577002, 48.9593657086224], [97.24489795918367, 95.59471365638767, 75.3875968992248, 90.89108910891089, 75.76374745417515, 70.96412556053812, 93.42379958246346, 83.56031128404669, 68.27515400410678, 79.48463825569871], [97.24489795918367, 96.12334801762114, 52.03488372093023, 84.35643564356435, 81.56822810590631, 72.86995515695067, 90.29227557411274, 80.35019455252919, 86.75564681724846, 82.85431119920713], [96.83673469387755, 98.06167400881057, 72.86821705426357, 87.32673267326733, 66.29327902240325, 79.7085201793722, 89.66597077244259, 87.06225680933852, 70.63655030800821, 89.39544103072349], [96.22448979591837, 96.2114537444934, 85.85271317829458, 89.70297029702971, 84.62321792260693, 75.67264573991031, 93.73695198329854, 85.21400778210116, 77.31006160164272, 81.36769078295342], [96.73469387755102, 96.82819383259911, 81.1046511627907, 86.63366336633663, 81.77189409368636, 89.68609865470852, 90.81419624217119, 87.54863813229572, 70.94455852156058, 80.97125867195243], [97.24489795918367, 96.74008810572687, 85.56201550387597, 85.64356435643565, 91.24236252545825, 83.18385650224215, 93.1106471816284, 87.06225680933852, 81.00616016427105, 76.61050545094153], [96.73469387755102, 97.09251101321586, 82.26744186046511, 89.3069306930693, 87.67820773930754, 81.95067264573991, 91.44050104384134, 84.43579766536965, 77.61806981519507, 88.70168483647176], [97.44897959183673, 97.79735682819383, 79.55426356589147, 91.68316831683168, 89.30753564154786, 83.6322869955157, 91.44050104384134, 89.49416342412451, 74.74332648870636, 85.53022794846383], [96.63265306122449, 95.85903083700441, 84.01162790697674, 81.78217821782178, 94.90835030549898, 86.43497757847534, 94.46764091858037, 87.45136186770428, 85.31827515400411, 80.67393458870168], [97.75510204081633, 95.68281938325991, 58.333333333333336, 89.20792079207921, 85.64154786150714, 84.86547085201794, 88.83089770354906, 87.84046692607004, 83.05954825462013, 91.67492566897918], [97.85714285714286, 97.3568281938326, 88.46899224806202, 85.64356435643565, 89.91853360488798, 89.46188340807174, 93.94572025052192, 86.67315175097276, 78.33675564681725, 86.32309217046581], [97.65306122448979, 96.47577092511013, 86.33720930232558, 89.3069306930693, 90.93686354378819, 86.65919282511211, 91.9624217118998, 91.43968871595331, 83.36755646817248, 84.93557978196233], [97.55102040816327, 96.12334801762114, 85.85271317829458, 86.83168316831683, 88.90020366598777, 86.09865470852019, 92.79749478079331, 86.18677042801556, 85.31827515400411, 91.47670961347869], [98.06122448979592, 96.74008810572687, 71.12403100775194, 84.05940594059406, 93.17718940936864, 92.71300448430493, 92.27557411273486, 91.24513618677042, 79.56878850102669, 85.0346878097126], [97.55102040816327, 96.82819383259911, 88.2751937984496, 89.8019801980198, 92.66802443991854, 85.65022421524664, 94.98956158663883, 87.84046692607004, 86.03696098562628, 88.30525272547077], [97.55102040816327, 96.2114537444934, 86.9186046511628, 93.76237623762377, 92.05702647657841, 87.5560538116592, 95.61586638830897, 88.03501945525292, 79.56878850102669, 88.60257680872151], [97.75510204081633, 96.29955947136564, 90.01937984496124, 91.68316831683168, 90.73319755600815, 85.98654708520179, 95.4070981210856, 90.07782101167315, 84.80492813141684, 90.38652130822597], [97.65306122448979, 96.65198237885463, 83.04263565891473, 89.10891089108911, 93.48268839103869, 90.80717488789237, 95.61586638830897, 88.81322957198444, 86.34496919917865, 88.60257680872151], [98.6734693877551, 97.70925110132158, 89.24418604651163, 88.41584158415841, 92.36252545824847, 87.66816143497758, 93.31941544885177, 90.75875486381322, 89.21971252566735, 89.39544103072349], [98.06122448979592, 97.70925110132158, 81.78294573643412, 89.20792079207921, 93.48268839103869, 90.91928251121077, 95.4070981210856, 88.81322957198444, 86.13963039014374, 89.59365708622398], [97.44897959183673, 96.65198237885463, 87.6937984496124, 92.57425742574257, 92.26069246435846, 88.34080717488789, 96.24217118997912, 90.95330739299611, 84.59958932238193, 89.89098116947473]],