{"config": {"DATASET": "mnist", "TOTAL_CLIENTS": 100, "CLIENT_FRAC": 0.2, "POISON_FRAC": 0.2, "CREATE_DATASET": false, "RANDOM_DATA": true, "CLASS_RATIO": 10, "MODEL": "nnet", "LEARNING_RATE": 0.001, "BATCH_SIZE": 32, "LOCAL_EPOCHS": 10, "OPTIMIZER": "adam", "FED_ROUNDS": 30, "TEST_EVERY": 1, "RANDOM_PROCESS": false, "COS_DEFENCE": true, "SEL_METHOD": 1, "REDUCE_LR": 1, "COLLAB_MODE": true, "COLLAB_ALL": true, "CONSIDER_LAYERS": "l1", "GRAD_AGG": true, "FEATURE_FINDING_ALGO": "auror", "GRAD_COLLECTION_START": 0, "GRAD_COLLECT_FOR": -1, "CLUSTER_SEP": 0.002, "ALPHA": 0.8, "BETA": 0.8, "GAMMA": 0.1, "TRUST_INC": 2, "TRUST_CUT_METHOD": 1, "HONEST_PARDON_FACTOR": 0.7, "LOG_LEVEL": "INFO", "JSON_RESULTS": true}, "mean_poison_class_acc": 82.24806201550388, "mean_attack_srate": 3.0658914728682167, "total_accuracies": [49.78, 68.5, 81.79, 85.22, 86.91, 88.8, 89.62, 90.64, 91.54, 90.78, 91.86, 92.02, 92.29, 92.38, 92.24, 93.25, 92.08, 90.63, 93.69, 94.52, 94.14, 94.23, 94.35, 93.93, 94.03, 93.16, 95.01, 94.62, 95.12, 94.84], "class_accuracies": [[99.38775510204081, 94.36123348017621, 0.0, 50.396039603960396, 65.37678207739307, 20.85201793721973, 30.68893528183716, 48.735408560311285, 23.20328542094456, 56.987115956392465], [96.63265306122449, 98.6784140969163, 4.651162790697675, 92.77227722772277, 76.57841140529531, 68.27354260089686, 80.79331941544885, 87.7431906614786, 37.26899383983573, 39.44499504459861], [96.22448979591837, 97.79735682819383, 55.71705426356589, 90.5940594059406, 85.4378818737271, 67.26457399103138, 91.64926931106471, 92.02334630350195, 78.13141683778234, 60.654112983151634], [96.73469387755102, 97.79735682819383, 63.08139534883721, 89.3069306930693, 84.62321792260693, 84.75336322869956, 89.77035490605428, 90.6614785992218, 73.20328542094455, 81.16947472745292], [97.44897959183673, 97.3568281938326, 61.724806201550386, 90.39603960396039, 92.56619144602851, 81.95067264573991, 91.8580375782881, 92.12062256809338, 81.21149897330595, 81.56590683845391], [97.55102040816327, 97.79735682819383, 75.7751937984496, 89.9009900990099, 90.52953156822811, 80.71748878923766, 92.79749478079331, 90.1750972762646, 82.75154004106776, 88.50346878097126], [97.95918367346938, 97.44493392070484, 77.81007751937985, 90.5940594059406, 91.75152749490834, 85.98654708520179, 93.21503131524008, 89.59143968871595, 81.41683778234086, 89.49454905847374], [97.65306122448979, 97.09251101321586, 82.94573643410853, 88.61386138613861, 92.76985743380855, 89.46188340807174, 94.46764091858037, 90.95330739299611, 84.39425051334702, 87.51238850346878], [97.04081632653062, 97.70925110132158, 86.33720930232558, 92.57425742574257, 91.14052953156823, 86.99551569506727, 94.1544885177453, 90.85603112840467, 85.93429158110882, 91.57581764122894], [97.85714285714286, 98.14977973568281, 76.06589147286822, 92.17821782178218, 92.26069246435846, 86.65919282511211, 94.88517745302714, 91.53696498054475, 86.55030800821355, 90.8820614469772], [96.93877551020408, 98.76651982378854, 84.30232558139535, 93.46534653465346, 93.38085539714868, 87.33183856502242, 96.13778705636743, 91.82879377431907, 84.08624229979466, 91.2784935579782], [97.75510204081633, 98.06167400881057, 80.13565891472868, 91.68316831683168, 94.80651731160896, 89.34977578475336, 95.72025052192066, 90.36964980544747, 90.55441478439425, 91.37760158572844], [98.57142857142857, 98.32599118942731, 81.3953488372093, 92.07920792079207, 94.70468431771894, 87.78026905829596, 95.19832985386222, 91.63424124513618, 90.65708418891171, 91.87314172447968], [98.46938775510205, 98.23788546255507, 80.42635658914729, 93.76237623762377, 94.60285132382892, 92.152466367713, 94.258872651357, 89.78599221789884, 89.93839835728953, 91.97224975222993], [97.95918367346938, 98.06167400881057, 74.4186046511628, 94.15841584158416, 95.72301425661914, 91.59192825112108, 95.4070981210856, 92.12062256809338, 90.65708418891171, 92.26957383548067], [97.34693877551021, 98.14977973568281, 84.49612403100775, 93.56435643564356, 94.5010183299389, 91.25560538116592, 97.07724425887265, 92.50972762645914, 91.06776180698152, 92.17046580773042], [97.75510204081633, 98.41409691629956, 74.51550387596899, 91.88118811881188, 93.58452138492872, 93.38565022421524, 94.88517745302714, 93.48249027237354, 89.11704312114989, 93.75619425173439], [97.75510204081633, 98.50220264317181, 60.07751937984496, 95.24752475247524, 93.78818737270876, 89.68609865470852, 96.03340292275574, 92.50972762645914, 88.39835728952772, 94.35084241823587], [97.55102040816327, 98.23788546255507, 84.59302325581395, 93.66336633663366, 96.33401221995926, 91.3677130044843, 96.5553235908142, 93.8715953307393, 91.37577002053388, 92.9633300297324], [98.26530612244898, 98.59030837004406, 93.21705426356588, 92.87128712871286, 93.17718940936864, 93.04932735426009, 96.65970772442589, 92.99610894941634, 92.40246406570841, 93.45887016848364], [97.85714285714286, 98.6784140969163, 85.94961240310077, 94.05940594059406, 94.29735234215886, 92.152466367713, 96.65970772442589, 94.64980544747081, 92.81314168377824, 93.85530227948463], [98.26530612244898, 98.76651982378854, 87.01550387596899, 93.76237623762377, 94.70468431771894, 92.48878923766816, 96.76409185803757, 93.67704280155642, 92.19712525667352, 94.25173439048562], [97.75510204081633, 98.8546255506608, 88.95348837209302, 95.14851485148515, 96.74134419551935, 92.26457399103138, 97.18162839248434, 92.21789883268482, 90.75975359342915, 93.1615460852329], [97.85714285714286, 98.59030837004406, 81.2015503875969, 94.25742574257426, 95.31568228105907, 93.72197309417041, 96.5553235908142, 94.16342412451363, 93.73716632443532, 93.85530227948463], [98.36734693877551, 98.8546255506608, 82.84883720930233, 95.54455445544555, 95.11201629327903, 92.26457399103138, 96.13778705636743, 93.8715953307393, 93.01848049281314, 93.95441030723488], [98.36734693877551, 98.6784140969163, 75.3875968992248, 93.66336633663366, 96.13034623217922, 94.17040358744394, 96.45093945720251, 92.8988326848249, 92.60780287474333, 93.45887016848364], [98.36734693877551, 98.41409691629956, 91.95736434108527, 94.75247524752476, 95.21384928716904, 94.39461883408072, 96.97286012526096, 93.3852140077821, 92.19712525667352, 94.15262636273538], [98.36734693877551, 98.59030837004406, 87.6937984496124, 95.24752475247524, 96.02851323828921, 93.83408071748879, 96.86847599164926, 92.99610894941634, 92.09445585215606, 94.25173439048562], [98.06122448979592, 98.59030837004406, 90.01937984496124, 94.85148514851485, 94.90835030549898, 92.9372197309417, 96.97286012526096, 96.01167315175097, 93.53182751540041, 94.84638255698711], [98.16326530612245, 98.41409691629956, 88.66279069767442, 95.04950495049505, 95.72301425661914, 93.27354260089686, 95.82463465553236, 93.8715953307393, 94.04517453798768, 95.04459861248762]],