{"config": {"DATASET": "mnist", "TOTAL_CLIENTS": 100, "CLIENT_FRAC": 0.1, "POISON_FRAC": 0.1, "CREATE_DATASET": true, "CLASS_RATIO": 10, "MODEL": "nnet", "LEARNING_RATE": 0.001, "BATCH_SIZE": 32, "LOCAL_EPOCHS": 3, "OPTIMIZER": "adam", "FED_ROUNDS": 30, "TEST_EVERY": 1, "RANDOM": true, "COS_DEFENCE": true, "SEL_METHOD": 1, "REDUCE_LR": 1, "COLLAB_MODE": true, "COLLAB_ALL": true, "CONSIDER_LAYERS": "l1", "GRAD_AGG": true, "FEATURE_FINDING_ALGO": "auror_plus", "GRAD_COLLECTION_START": 0, "GRAD_COLLECT_FOR": -1, "CLUSTER_SEP": 0.1, "ALPHA": 0.7, "BETA": 0.7, "GAMMA": 0.1, "TRUST_INC": 2, "TRUST_CUT_METHOD": 2, "HONEST_PARDON_FACTOR": 0.99, "LOG_LEVEL": "INFO", "JSON_RESULTS": true}, "mean_poison_class_acc": 82.33042635658914, "mean_attack_srate": 3.1782945736434107, "total_accuracies": [24.0, 30.89, 31.73, 48.81, 59.96, 70.68, 78.51, 76.94, 76.55, 83.54, 80.58, 85.48, 84.6, 87.15, 87.67, 87.19, 88.22, 87.72, 85.72, 88.7, 89.74, 90.01, 90.71, 90.23, 90.73, 90.68, 90.77, 91.66, 91.98, 92.03], "class_accuracies": [[93.9795918367347, 0.0, 0.0, 86.83168316831683, 59.775967413441954, 0.0, 1.5657620041753653, 0.0, 0.0, 0.0], [98.06122448979592, 98.41409691629956, 1.744186046511628, 61.68316831683168, 11.812627291242363, 28.475336322869953, 0.0, 0.0, 0.0, 0.0], [95.0, 97.5330396475771, 0.0, 1.9801980198019802, 5.6008146639511205, 17.937219730941703, 0.0, 0.0, 92.29979466119096, 0.09910802775024777], [96.93877551020408, 99.38325991189427, 11.627906976744185, 78.31683168316832, 62.93279022403259, 42.600896860986545, 52.505219206680586, 30.836575875486382, 7.084188911704312, 0.49554013875123887], [94.89795918367346, 99.11894273127753, 57.36434108527132, 91.68316831683168, 85.94704684317719, 25.896860986547086, 84.02922755741128, 37.06225680933852, 9.240246406570842, 7.135777998017839], [97.65306122448979, 97.00440528634361, 55.62015503875969, 91.48514851485149, 90.42769857433808, 43.04932735426009, 81.419624217119, 77.62645914396887, 45.27720739219713, 21.902874132804758], [96.83673469387755, 97.44493392070484, 62.98449612403101, 80.6930693069307, 71.9959266802444, 67.48878923766816, 89.14405010438414, 76.55642023346303, 58.0082135523614, 80.87215064420218], [92.04081632653062, 97.70925110132158, 66.18217054263566, 71.48514851485149, 39.91853360488798, 82.51121076233184, 87.68267223382045, 66.73151750972762, 72.8952772073922, 90.58473736372646], [96.22448979591837, 97.62114537444934, 47.286821705426355, 84.55445544554455, 49.287169042769854, 62.44394618834081, 88.4133611691023, 78.30739299610894, 68.27515400410678, 89.59365708622398], [96.63265306122449, 95.68281938325991, 75.29069767441861, 72.97029702970298, 83.60488798370672, 72.6457399103139, 93.1106471816284, 85.01945525291829, 82.23819301848049, 76.41228939544104], [91.53061224489795, 97.62114537444934, 72.09302325581395, 71.08910891089108, 94.39918533604887, 91.92825112107623, 87.78705636743216, 89.00778210116732, 69.91786447638604, 40.33696729435084], [95.10204081632654, 97.18061674008811, 84.10852713178295, 80.89108910891089, 82.68839103869654, 79.5964125560538, 92.90187891440502, 88.715953307393, 73.92197125256673, 77.70069375619426], [96.0204081632653, 96.12334801762114, 69.86434108527132, 74.95049504950495, 76.27291242362526, 88.45291479820628, 93.52818371607516, 87.15953307392996, 78.02874743326488, 85.23290386521309], [96.63265306122449, 97.00440528634361, 86.7248062015504, 81.88118811881188, 86.25254582484725, 80.04484304932735, 91.9624217118998, 85.50583657587549, 78.74743326488706, 84.93557978196233], [96.73469387755102, 96.56387665198238, 85.94961240310077, 81.48514851485149, 90.32586558044807, 84.30493273542601, 93.42379958246346, 89.2023346303502, 81.82751540041068, 75.81764122893955], [95.51020408163265, 97.44493392070484, 75.48449612403101, 83.56435643564356, 81.9755600814664, 88.11659192825113, 93.84133611691023, 90.56420233463035, 79.46611909650925, 85.13379583746284], [96.3265306122449, 96.65198237885463, 87.40310077519379, 81.08910891089108, 87.88187372708758, 86.65919282511211, 95.19832985386222, 84.8249027237354, 80.80082135523614, 84.53914767096134], [96.22448979591837, 97.26872246696036, 81.78294573643412, 79.9009900990099, 82.68839103869654, 92.48878923766816, 92.90187891440502, 89.88326848249027, 76.28336755646818, 87.21506442021804], [96.53061224489795, 97.09251101321586, 57.848837209302324, 79.10891089108911, 86.25254582484725, 89.34977578475336, 91.8580375782881, 85.50583657587549, 82.54620123203286, 91.2784935579782], [97.04081632653062, 97.00440528634361, 79.16666666666667, 88.11881188118812, 84.92871690427698, 82.73542600896862, 97.18162839248434, 88.2295719844358, 81.82751540041068, 89.59365708622398], [97.24489795918367, 97.5330396475771, 87.6937984496124, 90.79207920792079, 89.0020366598778, 82.51121076233184, 96.24217118997912, 87.54863813229572, 80.80082135523614, 86.52130822596631], [97.65306122448979, 97.5330396475771, 82.26744186046511, 89.5049504950495, 87.06720977596741, 86.7713004484305, 96.34655532359082, 91.82879377431907, 82.13552361396304, 88.00792864222002], [97.44897959183673, 96.0352422907489, 87.8875968992248, 87.42574257425743, 91.64969450101833, 88.2286995515695, 95.61586638830897, 91.34241245136187, 85.1129363449692, 85.72844400396433], [97.95918367346938, 96.82819383259911, 84.49612403100775, 91.08910891089108, 89.10386965376782, 86.09865470852019, 94.36325678496868, 86.38132295719845, 84.49691991786447, 90.58473736372646], [97.14285714285714, 95.59471365638767, 86.7248062015504, 88.91089108910892, 93.17718940936864, 90.13452914798206, 91.64926931106471, 89.10505836575875, 88.70636550308008, 85.82755203171457], [97.95918367346938, 97.97356828193833, 83.62403100775194, 88.51485148514851, 95.62118126272912, 89.79820627802691, 94.88517745302714, 89.10505836575875, 84.29158110882958, 84.53914767096134], [97.85714285714286, 97.00440528634361, 83.52713178294573, 87.92079207920793, 93.38085539714868, 88.45291479820628, 94.46764091858037, 88.13229571984436, 87.47433264887064, 88.9990089197225], [97.95918367346938, 97.97356828193833, 88.56589147286822, 90.29702970297029, 93.38085539714868, 91.25560538116592, 93.73695198329854, 91.05058365758755, 85.52361396303901, 86.22398414271557], [97.95918367346938, 97.79735682819383, 90.01937984496124, 91.68316831683168, 92.76985743380855, 87.4439461883408, 95.82463465553236, 90.27237354085604, 86.34496919917865, 88.70168483647176], [98.16326530612245, 97.44493392070484, 91.37596899224806, 86.83168316831683, 93.27902240325865, 92.152466367713, 94.36325678496868, 89.6887159533074, 90.04106776180699, 86.62041625371656]],