{"config": {"DATASET": "mnist", "TOTAL_CLIENTS": 100, "CLIENT_FRAC": 0.2, "POISON_FRAC": 0.4, "CREATE_DATASET": true, "RANDOM_DATA": true, "CLASS_RATIO": 10, "MODEL": "nnet", "LEARNING_RATE": 0.001, "BATCH_SIZE": 32, "LOCAL_EPOCHS": 10, "OPTIMIZER": "adam", "FED_ROUNDS": 30, "TEST_EVERY": 1, "RANDOM_PROCESS": false, "COS_DEFENCE": false, "SEL_METHOD": 1, "REDUCE_LR": 1, "COLLAB_MODE": true, "COLLAB_ALL": true, "CONSIDER_LAYERS": "l1", "GRAD_AGG": true, "FEATURE_FINDING_ALGO": "auror", "GRAD_COLLECTION_START": 0, "GRAD_COLLECT_FOR": -1, "CLUSTER_SEP": 0.002, "ALPHA": 0.8, "BETA": 0.8, "GAMMA": 0.1, "TRUST_INC": 2, "TRUST_CUT_METHOD": 1, "HONEST_PARDON_FACTOR": 0.7, "LOG_LEVEL": "INFO", "JSON_RESULTS": true}, "mean_poison_class_acc": 56.825581395348834, "mean_attack_srate": 3.8488372093023253, "total_accuracies": [50.63, 63.06, 79.56, 81.37, 84.92, 87.35, 87.53, 89.07, 89.72, 84.4, 91.13, 83.89, 92.58, 84.22, 92.53, 93.24, 88.39, 92.69, 92.11, 90.36, 85.76, 93.48, 85.47, 94.0, 92.46, 94.44, 92.02, 92.63, 94.77, 94.3], "class_accuracies": [[97.44897959183673, 99.91189427312776, 0.0, 47.227722772277225, 83.60488798370672, 47.869955156950674, 7.724425887265136, 87.2568093385214, 28.542094455852155, 0.0], [97.55102040816327, 98.94273127753304, 2.9069767441860463, 81.78217821782178, 91.75152749490834, 83.96860986547085, 70.87682672233821, 82.97665369649805, 13.757700205338809, 5.450941526263628], [97.24489795918367, 98.32599118942731, 47.286821705426355, 85.64356435643565, 95.82484725050917, 77.24215246636771, 93.1106471816284, 91.82879377431907, 65.09240246406571, 43.012884043607535], [96.73469387755102, 98.59030837004406, 28.294573643410853, 85.54455445544555, 93.38085539714868, 86.54708520179372, 88.51774530271399, 88.13229571984436, 69.0965092402464, 79.08820614469772], [97.55102040816327, 98.50220264317181, 50.58139534883721, 90.29702970297029, 96.02851323828921, 82.73542600896862, 93.0062630480167, 91.82879377431907, 73.10061601642711, 74.92566897918731], [97.34693877551021, 97.62114537444934, 61.14341085271318, 89.00990099009901, 95.11201629327903, 84.4170403587444, 93.73695198329854, 91.147859922179, 80.69815195071868, 82.75520317145688], [97.95918367346938, 98.76651982378854, 59.39922480620155, 90.39603960396039, 95.11201629327903, 89.23766816143498, 93.52818371607516, 90.75875486381322, 77.31006160164272, 82.65609514370664], [98.16326530612245, 97.44493392070484, 67.15116279069767, 91.08910891089108, 97.04684317718942, 88.34080717488789, 92.90187891440502, 91.92607003891051, 82.95687885010267, 83.44895936570862], [97.65306122448979, 97.09251101321586, 67.24806201550388, 88.31683168316832, 94.90835030549898, 90.47085201793722, 94.1544885177453, 90.56420233463035, 89.11704312114989, 87.90882061446978], [98.26530612244898, 97.79735682819383, 14.147286821705427, 93.26732673267327, 96.5376782077393, 86.7713004484305, 94.67640918580376, 91.24513618677042, 86.03696098562628, 86.62041625371656], [97.75510204081633, 98.06167400881057, 76.16279069767442, 92.77227722772277, 96.33401221995926, 89.79820627802691, 95.19832985386222, 92.02334630350195, 85.72895277207392, 87.1159563924678], [97.95918367346938, 97.97356828193833, 1.3565891472868217, 93.96039603960396, 96.33401221995926, 91.03139013452915, 94.78079331941545, 92.8988326848249, 85.62628336755647, 89.09811694747275], [97.95918367346938, 98.59030837004406, 81.5891472868217, 93.36633663366337, 95.62118126272912, 91.59192825112108, 96.13778705636743, 93.09338521400778, 88.39835728952772, 89.09811694747275], [97.95918367346938, 98.32599118942731, 0.09689922480620156, 94.45544554455445, 95.41751527494908, 89.68609865470852, 96.65970772442589, 92.80155642023347, 87.47433264887064, 91.37760158572844], [98.26530612244898, 98.14977973568281, 77.03488372093024, 95.34653465346534, 96.23217922606925, 92.82511210762331, 94.78079331941545, 94.3579766536965, 89.3223819301848, 88.89990089197225], [98.16326530612245, 98.50220264317181, 81.87984496124031, 93.76237623762377, 94.09368635437882, 92.9372197309417, 97.07724425887265, 94.74708171206225, 89.01437371663245, 91.97224975222993], [98.26530612244898, 98.23788546255507, 33.042635658914726, 95.54455445544555, 96.02851323828921, 90.47085201793722, 96.86847599164926, 94.3579766536965, 90.34907597535934, 91.87314172447968], [98.26530612244898, 98.50220264317181, 74.51550387596899, 93.56435643564356, 95.010183299389, 93.49775784753363, 95.92901878914405, 93.28793774319067, 90.34907597535934, 94.05351833498513], [98.16326530612245, 98.41409691629956, 67.92635658914729, 92.67326732673267, 95.72301425661914, 93.38565022421524, 97.07724425887265, 93.96887159533074, 91.06776180698152, 93.06243805748265], [97.95918367346938, 98.50220264317181, 48.15891472868217, 94.35643564356435, 96.13034623217922, 94.05829596412556, 96.86847599164926, 94.26070038910505, 92.19712525667352, 92.17046580773042], [98.6734693877551, 98.50220264317181, 3.391472868217054, 94.25742574257426, 96.23217922606925, 94.05829596412556, 96.34655532359082, 94.26070038910505, 91.06776180698152, 93.26065411298315], [98.36734693877551, 98.76651982378854, 77.81007751937985, 93.66336633663366, 95.51934826883911, 94.39461883408072, 95.92901878914405, 94.26070038910505, 92.40246406570841, 93.75619425173439], [98.16326530612245, 98.59030837004406, 0.1937984496124031, 93.16831683168317, 95.92668024439918, 94.05829596412556, 96.97286012526096, 95.91439688715953, 90.86242299794661, 93.3597621407334], [98.46938775510205, 98.94273127753304, 82.17054263565892, 95.34653465346534, 95.41751527494908, 93.04932735426009, 96.5553235908142, 94.55252918287938, 91.9917864476386, 93.26065411298315], [98.26530612244898, 98.50220264317181, 66.27906976744185, 95.24752475247524, 95.51934826883911, 94.05829596412556, 96.24217118997912, 94.3579766536965, 92.60780287474333, 93.95441030723488], [98.26530612244898, 98.59030837004406, 85.75581395348837, 94.75247524752476, 96.02851323828921, 95.2914798206278, 96.13778705636743, 94.16342412451363, 91.88911704312115, 93.45887016848364], [98.77551020408163, 98.6784140969163, 60.85271317829457, 95.64356435643565, 96.33401221995926, 93.94618834080717, 96.45093945720251, 96.20622568093385, 91.68377823408625, 92.17046580773042], [98.46938775510205, 98.6784140969163, 65.60077519379846, 95.54455445544555, 94.60285132382892, 93.49775784753363, 97.39039665970772, 95.13618677042801, 93.94250513347022, 93.85530227948463], [98.6734693877551, 98.59030837004406, 87.3062015503876, 95.54455445544555, 96.13034623217922, 92.9372197309417, 96.45093945720251, 93.96887159533074, 94.14784394250513, 93.65708622398414], [98.16326530612245, 98.50220264317181, 80.42635658914729, 95.64356435643565, 95.41751527494908, 93.38565022421524, 96.97286012526096, 95.42801556420234, 94.55852156057495, 94.44995044598612]],