{"config": {"DATASET": "mnist", "TOTAL_CLIENTS": 100, "CLIENT_FRAC": 0.2, "POISON_FRAC": 0.4, "CREATE_DATASET": false, "RANDOM_DATA": true, "CLASS_RATIO": 10, "MODEL": "nnet", "LEARNING_RATE": 0.001, "BATCH_SIZE": 32, "LOCAL_EPOCHS": 10, "OPTIMIZER": "adam", "FED_ROUNDS": 30, "TEST_EVERY": 1, "RANDOM_PROCESS": false, "COS_DEFENCE": true, "SEL_METHOD": 1, "REDUCE_LR": 1, "COLLAB_MODE": true, "COLLAB_ALL": true, "CONSIDER_LAYERS": "l1", "GRAD_AGG": true, "FEATURE_FINDING_ALGO": "auror", "GRAD_COLLECTION_START": 0, "GRAD_COLLECT_FOR": -1, "CLUSTER_SEP": 0.002, "ALPHA": 0.8, "BETA": 0.8, "GAMMA": 0.1, "TRUST_INC": 2, "TRUST_CUT_METHOD": 1, "HONEST_PARDON_FACTOR": 0.7, "LOG_LEVEL": "INFO", "JSON_RESULTS": true}, "mean_poison_class_acc": 62.70155038759691, "mean_attack_srate": 3.4844961240310077, "total_accuracies": [46.26, 70.21, 78.72, 83.87, 82.79, 88.0, 88.05, 87.83, 89.67, 90.4, 92.16, 89.7, 90.57, 91.73, 90.71, 85.45, 92.76, 86.08, 93.73, 92.84, 93.99, 88.95, 93.14, 93.53, 85.92, 94.55, 94.73, 93.72, 91.76, 90.94], "class_accuracies": [[99.28571428571429, 91.18942731277534, 0.4844961240310077, 55.64356435643565, 68.63543788187373, 25.7847533632287, 24.112734864300627, 20.622568093385215, 22.38193018480493, 48.16650148662042], [97.85714285714286, 98.50220264317181, 23.449612403100776, 92.97029702970298, 83.19755600814663, 60.2017937219731, 81.94154488517745, 87.93774319066148, 39.219712525667354, 33.49851337958375], [96.53061224489795, 98.14977973568281, 34.10852713178294, 91.68316831683168, 88.79837067209776, 67.9372197309417, 90.18789144050105, 92.21789883268482, 74.84599589322382, 51.0406342913776], [96.93877551020408, 97.79735682819383, 48.44961240310077, 89.9009900990099, 86.25254582484725, 83.85650224215247, 90.6054279749478, 90.36964980544747, 74.33264887063655, 79.58374628344896], [97.65306122448979, 97.5330396475771, 23.934108527131784, 90.4950495049505, 93.68635437881873, 83.29596412556054, 92.48434237995825, 91.73151750972762, 81.00616016427105, 76.61050545094153], [97.75510204081633, 97.18061674008811, 67.44186046511628, 90.5940594059406, 87.9837067209776, 84.4170403587444, 92.27557411273486, 91.43968871595331, 83.26488706365502, 86.81863230921705], [97.65306122448979, 97.18061674008811, 63.17829457364341, 90.0, 93.58452138492872, 86.65919282511211, 93.0062630480167, 90.36964980544747, 83.26488706365502, 85.33201189296334], [97.55102040816327, 97.5330396475771, 56.104651162790695, 88.61386138613861, 94.29735234215886, 90.80717488789237, 92.69311064718163, 92.50972762645914, 83.47022587268994, 85.0346878097126], [97.55102040816327, 97.5330396475771, 66.76356589147287, 90.89108910891089, 92.87169042769857, 88.45291479820628, 93.1106471816284, 90.85603112840467, 88.70636550308008, 89.79187314172448], [98.16326530612245, 98.06167400881057, 68.8953488372093, 93.86138613861387, 92.76985743380855, 86.65919282511211, 95.19832985386222, 93.09338521400778, 87.67967145790554, 89.09811694747275], [97.65306122448979, 98.32599118942731, 83.81782945736434, 92.27722772277228, 93.9918533604888, 89.34977578475336, 95.09394572025052, 93.48249027237354, 86.85831622176592, 89.99008919722498], [97.75510204081633, 97.79735682819383, 56.78294573643411, 91.48514851485149, 94.39918533604887, 92.9372197309417, 94.258872651357, 92.70428015564202, 89.01437371663245, 90.48562933597621], [98.16326530612245, 98.23788546255507, 63.275193798449614, 93.66336633663366, 94.29735234215886, 89.34977578475336, 95.72025052192066, 92.21789883268482, 90.55441478439425, 90.28741328047572], [98.46938775510205, 98.50220264317181, 73.44961240310077, 93.46534653465346, 95.010183299389, 93.49775784753363, 93.94572025052192, 92.50972762645914, 88.80903490759754, 89.69276511397423], [97.75510204081633, 98.32599118942731, 59.689922480620154, 93.46534653465346, 94.5010183299389, 91.70403587443946, 95.51148225469728, 91.82879377431907, 92.50513347022587, 92.26957383548067], [97.85714285714286, 98.23788546255507, 9.98062015503876, 94.95049504950495, 94.19551934826885, 91.03139013452915, 95.51148225469728, 93.57976653696498, 89.73305954825462, 91.2784935579782], [97.95918367346938, 98.50220264317181, 77.61627906976744, 93.26732673267327, 94.39918533604887, 93.38565022421524, 95.4070981210856, 93.3852140077821, 91.06776180698152, 92.56689791873141], [98.26530612244898, 98.6784140969163, 12.790697674418604, 95.94059405940594, 94.09368635437882, 89.12556053811659, 96.24217118997912, 93.77431906614785, 90.14373716632444, 93.26065411298315], [98.06122448979592, 98.50220264317181, 84.98062015503876, 93.26732673267327, 95.51934826883911, 91.92825112107623, 96.13778705636743, 94.74708171206225, 91.9917864476386, 91.77403369672943], [98.26530612244898, 98.50220264317181, 76.35658914728683, 93.86138613861387, 93.58452138492872, 91.14349775784753, 96.65970772442589, 93.19066147859922, 92.50513347022587, 94.15262636273538], [98.77551020408163, 98.59030837004406, 85.27131782945736, 94.35643564356435, 94.29735234215886, 92.04035874439462, 95.92901878914405, 94.74708171206225, 93.1211498973306, 92.36868186323092], [98.26530612244898, 98.6784140969163, 36.04651162790697, 94.75247524752476, 94.29735234215886, 92.48878923766816, 96.76409185803757, 93.77431906614785, 91.88911704312115, 93.75619425173439], [97.85714285714286, 98.76651982378854, 77.71317829457364, 95.34653465346534, 96.5376782077393, 93.16143497757848, 96.13778705636743, 93.57976653696498, 91.27310061601642, 90.98116947472745], [97.95918367346938, 98.50220264317181, 78.00387596899225, 94.15841584158416, 95.31568228105907, 93.49775784753363, 96.5553235908142, 94.64980544747081, 93.63449691991786, 93.06243805748265], [98.77551020408163, 98.59030837004406, 4.554263565891473, 96.43564356435644, 94.09368635437882, 91.14349775784753, 96.45093945720251, 94.3579766536965, 93.32648870636551, 93.55797819623389], [97.85714285714286, 98.6784140969163, 90.01937984496124, 95.14851485148515, 95.92668024439918, 92.37668161434978, 96.76409185803757, 94.26070038910505, 91.68377823408625, 92.26957383548067], [98.36734693877551, 98.32599118942731, 87.6937984496124, 95.44554455445545, 95.41751527494908, 93.27354260089686, 96.76409185803757, 94.06614785992218, 93.94250513347022, 93.75619425173439], [97.95918367346938, 98.59030837004406, 79.45736434108527, 95.74257425742574, 95.62118126272912, 93.49775784753363, 96.65970772442589, 93.48249027237354, 92.81314168377824, 93.3597621407334], [97.24489795918367, 98.59030837004406, 58.52713178294574, 94.85148514851485, 95.92668024439918, 93.04932735426009, 97.07724425887265, 96.01167315175097, 93.63449691991786, 93.26065411298315], [98.46938775510205, 98.59030837004406, 49.127906976744185, 96.13861386138613, 94.70468431771894, 93.16143497757848, 96.24217118997912, 95.3307392996109, 94.04517453798768, 94.44995044598612]],